dataset_name,model,target_class,pair_id,clean_count,adv_count,clean_path,adv_path
our_dataset,SegFormer-B5,person,10231074,0,0,/home/ace/Downloads/Dataset/Day/10231074_Day_EXTRASUNNY.png,/home/ace/Downloads/Dataset/Night/10231074_Night_EXTRASUNNY.png
our_dataset,SegFormer-B5,person,108359,40,1329,/home/ace/Downloads/Dataset/Day/108359_Day_EXTRASUNNY.png,/home/ace/Downloads/Dataset/Night/108359_Night_EXTRASUNNY.png
our_dataset,SegFormer-B5,person,10901081,0,0,/home/ace/Downloads/Dataset/Day/10901081_Day_EXTRASUNNY.png,/home/ace/Downloads/Dataset/Night/10901081_Night_EXTRASUNNY.png
our_dataset,SegFormer-B5,person,11101250,20807,22988,/home/ace/Downloads/Dataset/Day/11101250_Day_EXTRASUNNY.png,/home/ace/Downloads/Dataset/Night/11101250_Night_EXTRASUNNY.png
our_dataset,SegFormer-B5,person,11131433,0,0,/home/ace/Downloads/Dataset/Day/11131433_Day_EXTRASUNNY.png,/home/ace/Downloads/Dataset/Night/11131433_Night_EXTRASUNNY.png
our_dataset,SegFormer-B5,person,1119803,0,0,/home/ace/Downloads/Dataset/Day/1119803_Day_EXTRASUNNY.png,/home/ace/Downloads/Dataset/Night/1119803_Night_EXTRASUNNY.png
our_dataset,SegFormer-B5,person,112170,1072,1099,/home/ace/Downloads/Dataset/Day/112170_Day_EXTRASUNNY.png,/home/ace/Downloads/Dataset/Night/112170_Night_EXTRASUNNY.png
our_dataset,SegFormer-B5,person,1124819,217,615,/home/ace/Downloads/Dataset/Day/1124819_Day_EXTRASUNNY.png,/home/ace/Downloads/Dataset/Night/1124819_Night_EXTRASUNNY.png
our_dataset,SegFormer-B5,person,11281105,5249,5757,/home/ace/Downloads/Dataset/Day/11281105_Day_EXTRASUNNY.png,/home/ace/Downloads/Dataset/Night/11281105_Night_EXTRASUNNY.png
our_dataset,SegFormer-B5,person,1129575,41,0,/home/ace/Downloads/Dataset/Day/1129575_Day_EXTRASUNNY.png,/home/ace/Downloads/Dataset/Night/1129575_Night_EXTRASUNNY.png
our_dataset,SegFormer-B5,person,1161197,0,0,/home/ace/Downloads/Dataset/Day/1161197_Day_EXTRASUNNY.png,/home/ace/Downloads/Dataset/Night/1161197_Night_EXTRASUNNY.png
our_dataset,SegFormer-B5,person,1162709,0,0,/home/ace/Downloads/Dataset/Day/1162709_Day_EXTRASUNNY.png,/home/ace/Downloads/Dataset/Night/1162709_Night_EXTRASUNNY.png
our_dataset,SegFormer-B5,person,1163548,268,61,/home/ace/Downloads/Dataset/Day/1163548_Day_EXTRASUNNY.png,/home/ace/Downloads/Dataset/Night/1163548_Night_EXTRASUNNY.png
our_dataset,SegFormer-B5,person,11642190,0,0,/home/ace/Downloads/Dataset/Day/11642190_Day_EXTRASUNNY.png,/home/ace/Downloads/Dataset/Night/11642190_Night_EXTRASUNNY.png
our_dataset,SegFormer-B5,person,1169181,0,0,/home/ace/Downloads/Dataset/Day/1169181_Day_EXTRASUNNY.png,/home/ace/Downloads/Dataset/Night/1169181_Night_EXTRASUNNY.png
our_dataset,SegFormer-B5,person,11721222,0,0,/home/ace/Downloads/Dataset/Day/11721222_Day_EXTRASUNNY.png,/home/ace/Downloads/Dataset/Night/11721222_Night_EXTRASUNNY.png
our_dataset,SegFormer-B5,person,11802146,0,0,/home/ace/Downloads/Dataset/Day/11802146_Day_EXTRASUNNY.png,/home/ace/Downloads/Dataset/Night/11802146_Night_EXTRASUNNY.png
our_dataset,SegFormer-B5,person,1184775,33,0,/home/ace/Downloads/Dataset/Day/1184775_Day_EXTRASUNNY.png,/home/ace/Downloads/Dataset/Night/1184775_Night_EXTRASUNNY.png
our_dataset,SegFormer-B5,person,11921147,0,0,/home/ace/Downloads/Dataset/Day/11921147_Day_EXTRASUNNY.png,/home/ace/Downloads/Dataset/Night/11921147_Night_EXTRASUNNY.png
our_dataset,SegFormer-B5,person,119342,0,0,/home/ace/Downloads/Dataset/Day/119342_Day_EXTRASUNNY.png,/home/ace/Downloads/Dataset/Night/119342_Night_EXTRASUNNY.png
our_dataset,SegFormer-B5,person,1201777,0,237,/home/ace/Downloads/Dataset/Day/1201777_Day_EXTRASUNNY.png,/home/ace/Downloads/Dataset/Night/1201777_Night_EXTRASUNNY.png
our_dataset,SegFormer-B5,person,1297251,8307,8639,/home/ace/Downloads/Dataset/Day/1297251_Day_EXTRASUNNY.png,/home/ace/Downloads/Dataset/Night/1297251_Night_EXTRASUNNY.png
our_dataset,SegFormer-B5,person,1314425,0,0,/home/ace/Downloads/Dataset/Day/1314425_Day_EXTRASUNNY.png,/home/ace/Downloads/Dataset/Night/1314425_Night_EXTRASUNNY.png
our_dataset,SegFormer-B5,person,13331910,0,0,/home/ace/Downloads/Dataset/Day/13331910_Day_EXTRASUNNY.png,/home/ace/Downloads/Dataset/Night/13331910_Night_EXTRASUNNY.png
our_dataset,SegFormer-B5,person,13551916,1368,1080,/home/ace/Downloads/Dataset/Day/13551916_Day_EXTRASUNNY.png,/home/ace/Downloads/Dataset/Night/13551916_Night_EXTRASUNNY.png
our_dataset,SegFormer-B5,person,140120,1391,2603,/home/ace/Downloads/Dataset/Day/140120_Day_EXTRASUNNY.png,/home/ace/Downloads/Dataset/Night/140120_Night_EXTRASUNNY.png
our_dataset,SegFormer-B5,person,14450,0,5,/home/ace/Downloads/Dataset/Day/14450_Day_EXTRASUNNY.png,/home/ace/Downloads/Dataset/Night/14450_Night_EXTRASUNNY.png
our_dataset,SegFormer-B5,person,1481258,0,835,/home/ace/Downloads/Dataset/Day/1481258_Day_EXTRASUNNY.png,/home/ace/Downloads/Dataset/Night/1481258_Night_EXTRASUNNY.png
our_dataset,SegFormer-B5,person,153373,4701,3468,/home/ace/Downloads/Dataset/Day/153373_Day_EXTRASUNNY.png,/home/ace/Downloads/Dataset/Night/153373_Night_EXTRASUNNY.png
our_dataset,SegFormer-B5,person,1541895,0,0,/home/ace/Downloads/Dataset/Day/1541895_Day_EXTRASUNNY.png,/home/ace/Downloads/Dataset/Night/1541895_Night_EXTRASUNNY.png
our_dataset,SegFormer-B5,person,1581031,0,0,/home/ace/Downloads/Dataset/Day/1581031_Day_EXTRASUNNY.png,/home/ace/Downloads/Dataset/Night/1581031_Night_EXTRASUNNY.png
our_dataset,SegFormer-B5,person,159401,0,0,/home/ace/Downloads/Dataset/Day/159401_Day_EXTRASUNNY.png,/home/ace/Downloads/Dataset/Night/159401_Night_EXTRASUNNY.png
our_dataset,SegFormer-B5,person,182335,20,15,/home/ace/Downloads/Dataset/Day/182335_Day_EXTRASUNNY.png,/home/ace/Downloads/Dataset/Night/182335_Night_EXTRASUNNY.png
our_dataset,SegFormer-B5,person,187713,0,0,/home/ace/Downloads/Dataset/Day/187713_Day_EXTRASUNNY.png,/home/ace/Downloads/Dataset/Night/187713_Night_EXTRASUNNY.png
our_dataset,SegFormer-B5,person,19188,5087,6376,/home/ace/Downloads/Dataset/Day/19188_Day_EXTRASUNNY.png,/home/ace/Downloads/Dataset/Night/19188_Night_EXTRASUNNY.png
our_dataset,SegFormer-B5,person,196581,0,0,/home/ace/Downloads/Dataset/Day/196581_Day_EXTRASUNNY.png,/home/ace/Downloads/Dataset/Night/196581_Night_EXTRASUNNY.png
our_dataset,SegFormer-B5,person,2041817,6794,6084,/home/ace/Downloads/Dataset/Day/2041817_Day_EXTRASUNNY.png,/home/ace/Downloads/Dataset/Night/2041817_Night_EXTRASUNNY.png
our_dataset,SegFormer-B5,person,21692,0,0,/home/ace/Downloads/Dataset/Day/21692_Day_EXTRASUNNY.png,/home/ace/Downloads/Dataset/Night/21692_Night_EXTRASUNNY.png
our_dataset,SegFormer-B5,person,2231013,0,0,/home/ace/Downloads/Dataset/Day/2231013_Day_EXTRASUNNY.png,/home/ace/Downloads/Dataset/Night/2231013_Night_EXTRASUNNY.png
our_dataset,SegFormer-B5,person,223195,0,0,/home/ace/Downloads/Dataset/Day/223195_Day_EXTRASUNNY.png,/home/ace/Downloads/Dataset/Night/223195_Night_EXTRASUNNY.png
our_dataset,SegFormer-B5,person,231037,257,1339,/home/ace/Downloads/Dataset/Day/231037_Day_EXTRASUNNY.png,/home/ace/Downloads/Dataset/Night/231037_Night_EXTRASUNNY.png
our_dataset,SegFormer-B5,person,2461888,0,0,/home/ace/Downloads/Dataset/Day/2461888_Day_EXTRASUNNY.png,/home/ace/Downloads/Dataset/Night/2461888_Night_EXTRASUNNY.png
our_dataset,SegFormer-B5,person,2531844,0,357,/home/ace/Downloads/Dataset/Day/2531844_Day_EXTRASUNNY.png,/home/ace/Downloads/Dataset/Night/2531844_Night_EXTRASUNNY.png
our_dataset,SegFormer-B5,person,2711181,0,0,/home/ace/Downloads/Dataset/Day/2711181_Day_EXTRASUNNY.png,/home/ace/Downloads/Dataset/Night/2711181_Night_EXTRASUNNY.png
our_dataset,SegFormer-B5,person,288913,0,0,/home/ace/Downloads/Dataset/Day/288913_Day_EXTRASUNNY.png,/home/ace/Downloads/Dataset/Night/288913_Night_EXTRASUNNY.png
our_dataset,SegFormer-B5,person,302966,3963,2167,/home/ace/Downloads/Dataset/Day/302966_Day_EXTRASUNNY.png,/home/ace/Downloads/Dataset/Night/302966_Night_EXTRASUNNY.png
our_dataset,SegFormer-B5,person,320493,0,0,/home/ace/Downloads/Dataset/Day/320493_Day_EXTRASUNNY.png,/home/ace/Downloads/Dataset/Night/320493_Night_EXTRASUNNY.png
our_dataset,SegFormer-B5,person,365202,2801,4135,/home/ace/Downloads/Dataset/Day/365202_Day_EXTRASUNNY.png,/home/ace/Downloads/Dataset/Night/365202_Night_EXTRASUNNY.png
our_dataset,SegFormer-B5,person,37573,0,0,/home/ace/Downloads/Dataset/Day/37573_Day_EXTRASUNNY.png,/home/ace/Downloads/Dataset/Night/37573_Night_EXTRASUNNY.png
our_dataset,SegFormer-B5,person,3761910,0,0,/home/ace/Downloads/Dataset/Day/3761910_Day_EXTRASUNNY.png,/home/ace/Downloads/Dataset/Night/3761910_Night_EXTRASUNNY.png
our_dataset,SegFormer-B5,person,400776,0,0,/home/ace/Downloads/Dataset/Day/400776_Day_EXTRASUNNY.png,/home/ace/Downloads/Dataset/Night/400776_Night_EXTRASUNNY.png
our_dataset,SegFormer-B5,person,43427,410,102,/home/ace/Downloads/Dataset/Day/43427_Day_EXTRASUNNY.png,/home/ace/Downloads/Dataset/Night/43427_Night_EXTRASUNNY.png
our_dataset,SegFormer-B5,person,43428,0,0,/home/ace/Downloads/Dataset/Day/43428_Day_EXTRASUNNY.png,/home/ace/Downloads/Dataset/Night/43428_Night_EXTRASUNNY.png
our_dataset,SegFormer-B5,person,4361495,0,0,/home/ace/Downloads/Dataset/Day/4361495_Day_EXTRASUNNY.png,/home/ace/Downloads/Dataset/Night/4361495_Night_EXTRASUNNY.png
our_dataset,SegFormer-B5,person,450967,39,0,/home/ace/Downloads/Dataset/Day/450967_Day_EXTRASUNNY.png,/home/ace/Downloads/Dataset/Night/450967_Night_EXTRASUNNY.png
our_dataset,SegFormer-B5,person,4561149,0,0,/home/ace/Downloads/Dataset/Day/4561149_Day_EXTRASUNNY.png,/home/ace/Downloads/Dataset/Night/4561149_Night_EXTRASUNNY.png
our_dataset,SegFormer-B5,person,460731,415,912,/home/ace/Downloads/Dataset/Day/460731_Day_EXTRASUNNY.png,/home/ace/Downloads/Dataset/Night/460731_Night_EXTRASUNNY.png
our_dataset,SegFormer-B5,person,463639,0,0,/home/ace/Downloads/Dataset/Day/463639_Day_EXTRASUNNY.png,/home/ace/Downloads/Dataset/Night/463639_Night_EXTRASUNNY.png
our_dataset,SegFormer-B5,person,4641194,31,690,/home/ace/Downloads/Dataset/Day/4641194_Day_EXTRASUNNY.png,/home/ace/Downloads/Dataset/Night/4641194_Night_EXTRASUNNY.png
our_dataset,SegFormer-B5,person,471118,0,0,/home/ace/Downloads/Dataset/Day/471118_Day_EXTRASUNNY.png,/home/ace/Downloads/Dataset/Night/471118_Night_EXTRASUNNY.png
our_dataset,SegFormer-B5,person,4811864,0,0,/home/ace/Downloads/Dataset/Day/4811864_Day_EXTRASUNNY.png,/home/ace/Downloads/Dataset/Night/4811864_Night_EXTRASUNNY.png
our_dataset,SegFormer-B5,person,481618,10,0,/home/ace/Downloads/Dataset/Day/481618_Day_EXTRASUNNY.png,/home/ace/Downloads/Dataset/Night/481618_Night_EXTRASUNNY.png
our_dataset,SegFormer-B5,person,4911785,0,0,/home/ace/Downloads/Dataset/Day/4911785_Day_EXTRASUNNY.png,/home/ace/Downloads/Dataset/Night/4911785_Night_EXTRASUNNY.png
our_dataset,SegFormer-B5,person,5370,0,0,/home/ace/Downloads/Dataset/Day/5370_Day_EXTRASUNNY.png,/home/ace/Downloads/Dataset/Night/5370_Night_EXTRASUNNY.png
our_dataset,SegFormer-B5,person,550217,108,0,/home/ace/Downloads/Dataset/Day/550217_Day_EXTRASUNNY.png,/home/ace/Downloads/Dataset/Night/550217_Night_EXTRASUNNY.png
our_dataset,SegFormer-B5,person,564213,0,0,/home/ace/Downloads/Dataset/Day/564213_Day_EXTRASUNNY.png,/home/ace/Downloads/Dataset/Night/564213_Night_EXTRASUNNY.png
our_dataset,SegFormer-B5,person,568243,0,0,/home/ace/Downloads/Dataset/Day/568243_Day_EXTRASUNNY.png,/home/ace/Downloads/Dataset/Night/568243_Night_EXTRASUNNY.png
our_dataset,SegFormer-B5,person,5791659,0,1,/home/ace/Downloads/Dataset/Day/5791659_Day_EXTRASUNNY.png,/home/ace/Downloads/Dataset/Night/5791659_Night_EXTRASUNNY.png
our_dataset,SegFormer-B5,person,5951694,482,0,/home/ace/Downloads/Dataset/Day/5951694_Day_EXTRASUNNY.png,/home/ace/Downloads/Dataset/Night/5951694_Night_EXTRASUNNY.png
our_dataset,SegFormer-B5,person,596621,0,0,/home/ace/Downloads/Dataset/Day/596621_Day_EXTRASUNNY.png,/home/ace/Downloads/Dataset/Night/596621_Night_EXTRASUNNY.png
our_dataset,SegFormer-B5,person,60144,119,0,/home/ace/Downloads/Dataset/Day/60144_Day_EXTRASUNNY.png,/home/ace/Downloads/Dataset/Night/60144_Night_EXTRASUNNY.png
our_dataset,SegFormer-B5,person,602947,0,0,/home/ace/Downloads/Dataset/Day/602947_Day_EXTRASUNNY.png,/home/ace/Downloads/Dataset/Night/602947_Night_EXTRASUNNY.png
our_dataset,SegFormer-B5,person,611370,22756,20621,/home/ace/Downloads/Dataset/Day/611370_Day_EXTRASUNNY.png,/home/ace/Downloads/Dataset/Night/611370_Night_EXTRASUNNY.png
our_dataset,SegFormer-B5,person,6461059,0,0,/home/ace/Downloads/Dataset/Day/6461059_Day_EXTRASUNNY.png,/home/ace/Downloads/Dataset/Night/6461059_Night_EXTRASUNNY.png
our_dataset,SegFormer-B5,person,6521874,2,0,/home/ace/Downloads/Dataset/Day/6521874_Day_EXTRASUNNY.png,/home/ace/Downloads/Dataset/Night/6521874_Night_EXTRASUNNY.png
our_dataset,SegFormer-B5,person,6761290,0,0,/home/ace/Downloads/Dataset/Day/6761290_Day_EXTRASUNNY.png,/home/ace/Downloads/Dataset/Night/6761290_Night_EXTRASUNNY.png
our_dataset,SegFormer-B5,person,677878,0,144,/home/ace/Downloads/Dataset/Day/677878_Day_EXTRASUNNY.png,/home/ace/Downloads/Dataset/Night/677878_Night_EXTRASUNNY.png
our_dataset,SegFormer-B5,person,6942171,0,0,/home/ace/Downloads/Dataset/Day/6942171_Day_EXTRASUNNY.png,/home/ace/Downloads/Dataset/Night/6942171_Night_EXTRASUNNY.png
our_dataset,SegFormer-B5,person,706997,0,0,/home/ace/Downloads/Dataset/Day/706997_Day_EXTRASUNNY.png,/home/ace/Downloads/Dataset/Night/706997_Night_EXTRASUNNY.png
our_dataset,SegFormer-B5,person,709297,0,0,/home/ace/Downloads/Dataset/Day/709297_Day_EXTRASUNNY.png,/home/ace/Downloads/Dataset/Night/709297_Night_EXTRASUNNY.png
our_dataset,SegFormer-B5,person,721627,0,0,/home/ace/Downloads/Dataset/Day/721627_Day_EXTRASUNNY.png,/home/ace/Downloads/Dataset/Night/721627_Night_EXTRASUNNY.png
our_dataset,SegFormer-B5,person,730301,0,0,/home/ace/Downloads/Dataset/Day/730301_Day_EXTRASUNNY.png,/home/ace/Downloads/Dataset/Night/730301_Night_EXTRASUNNY.png
our_dataset,SegFormer-B5,person,7402052,11293,12191,/home/ace/Downloads/Dataset/Day/7402052_Day_EXTRASUNNY.png,/home/ace/Downloads/Dataset/Night/7402052_Night_EXTRASUNNY.png
our_dataset,SegFormer-B5,person,740535,0,0,/home/ace/Downloads/Dataset/Day/740535_Day_EXTRASUNNY.png,/home/ace/Downloads/Dataset/Night/740535_Night_EXTRASUNNY.png
our_dataset,SegFormer-B5,person,754244,0,0,/home/ace/Downloads/Dataset/Day/754244_Day_EXTRASUNNY.png,/home/ace/Downloads/Dataset/Night/754244_Night_EXTRASUNNY.png
our_dataset,SegFormer-B5,person,7601172,0,0,/home/ace/Downloads/Dataset/Day/7601172_Day_EXTRASUNNY.png,/home/ace/Downloads/Dataset/Night/7601172_Night_EXTRASUNNY.png
our_dataset,SegFormer-B5,person,764275,0,0,/home/ace/Downloads/Dataset/Day/764275_Day_EXTRASUNNY.png,/home/ace/Downloads/Dataset/Night/764275_Night_EXTRASUNNY.png
our_dataset,SegFormer-B5,person,80078,0,0,/home/ace/Downloads/Dataset/Day/80078_Day_EXTRASUNNY.png,/home/ace/Downloads/Dataset/Night/80078_Night_EXTRASUNNY.png
our_dataset,SegFormer-B5,person,802754,47,0,/home/ace/Downloads/Dataset/Day/802754_Day_EXTRASUNNY.png,/home/ace/Downloads/Dataset/Night/802754_Night_EXTRASUNNY.png
our_dataset,SegFormer-B5,person,807294,0,116,/home/ace/Downloads/Dataset/Day/807294_Day_EXTRASUNNY.png,/home/ace/Downloads/Dataset/Night/807294_Night_EXTRASUNNY.png
our_dataset,SegFormer-B5,person,8211195,0,0,/home/ace/Downloads/Dataset/Day/8211195_Day_EXTRASUNNY.png,/home/ace/Downloads/Dataset/Night/8211195_Night_EXTRASUNNY.png
our_dataset,SegFormer-B5,person,840214,0,0,/home/ace/Downloads/Dataset/Day/840214_Day_EXTRASUNNY.png,/home/ace/Downloads/Dataset/Night/840214_Night_EXTRASUNNY.png
our_dataset,SegFormer-B5,person,849953,56,679,/home/ace/Downloads/Dataset/Day/849953_Day_EXTRASUNNY.png,/home/ace/Downloads/Dataset/Night/849953_Night_EXTRASUNNY.png
our_dataset,SegFormer-B5,person,863810,1,0,/home/ace/Downloads/Dataset/Day/863810_Day_EXTRASUNNY.png,/home/ace/Downloads/Dataset/Night/863810_Night_EXTRASUNNY.png
our_dataset,SegFormer-B5,person,871354,19841,18479,/home/ace/Downloads/Dataset/Day/871354_Day_EXTRASUNNY.png,/home/ace/Downloads/Dataset/Night/871354_Night_EXTRASUNNY.png
our_dataset,SegFormer-B5,person,878,0,0,/home/ace/Downloads/Dataset/Day/878_Day_EXTRASUNNY.png,/home/ace/Downloads/Dataset/Night/878_Night_EXTRASUNNY.png
our_dataset,SegFormer-B5,person,8791456,0,0,/home/ace/Downloads/Dataset/Day/8791456_Day_EXTRASUNNY.png,/home/ace/Downloads/Dataset/Night/8791456_Night_EXTRASUNNY.png
our_dataset,SegFormer-B5,person,960645,0,0,/home/ace/Downloads/Dataset/Day/960645_Day_EXTRASUNNY.png,/home/ace/Downloads/Dataset/Night/960645_Night_EXTRASUNNY.png
our_dataset,SegFormer-B5,person,973598,283,1952,/home/ace/Downloads/Dataset/Day/973598_Day_EXTRASUNNY.png,/home/ace/Downloads/Dataset/Night/973598_Night_EXTRASUNNY.png
our_dataset,SegFormer-B5,person,988137,0,0,/home/ace/Downloads/Dataset/Day/988137_Day_EXTRASUNNY.png,/home/ace/Downloads/Dataset/Night/988137_Night_EXTRASUNNY.png
our_dataset,SegFormer-B5,person,9958,0,0,/home/ace/Downloads/Dataset/Day/9958_Day_EXTRASUNNY.png,/home/ace/Downloads/Dataset/Night/9958_Night_EXTRASUNNY.png
acdc,SegFormer-B5,person,GOPR0351/gopr0351_frame_000159.png,1408,136,/home/ace/Downloads/rgb_anon_trainvaltest/rgb_anon/night/train_ref/GOPR0351/GOPR0351_frame_000159_rgb_ref_anon.png,/home/ace/Downloads/rgb_anon_trainvaltest/rgb_anon/night/train/GOPR0351/GOPR0351_frame_000159_rgb_anon.png
acdc,SegFormer-B5,person,GOPR0351/gopr0351_frame_000161.png,130,18361,/home/ace/Downloads/rgb_anon_trainvaltest/rgb_anon/night/train_ref/GOPR0351/GOPR0351_frame_000161_rgb_ref_anon.png,/home/ace/Downloads/rgb_anon_trainvaltest/rgb_anon/night/train/GOPR0351/GOPR0351_frame_000161_rgb_anon.png
acdc,SegFormer-B5,person,GOPR0351/gopr0351_frame_000165.png,6687,1777,/home/ace/Downloads/rgb_anon_trainvaltest/rgb_anon/night/train_ref/GOPR0351/GOPR0351_frame_000165_rgb_ref_anon.png,/home/ace/Downloads/rgb_anon_trainvaltest/rgb_anon/night/train/GOPR0351/GOPR0351_frame_000165_rgb_anon.png
acdc,SegFormer-B5,person,GOPR0351/gopr0351_frame_000167.png,7573,3599,/home/ace/Downloads/rgb_anon_trainvaltest/rgb_anon/night/train_ref/GOPR0351/GOPR0351_frame_000167_rgb_ref_anon.png,/home/ace/Downloads/rgb_anon_trainvaltest/rgb_anon/night/train/GOPR0351/GOPR0351_frame_000167_rgb_anon.png
acdc,SegFormer-B5,person,GOPR0351/gopr0351_frame_000169.png,7957,0,/home/ace/Downloads/rgb_anon_trainvaltest/rgb_anon/night/train_ref/GOPR0351/GOPR0351_frame_000169_rgb_ref_anon.png,/home/ace/Downloads/rgb_anon_trainvaltest/rgb_anon/night/train/GOPR0351/GOPR0351_frame_000169_rgb_anon.png
acdc,SegFormer-B5,person,GOPR0351/gopr0351_frame_000173.png,290,1972,/home/ace/Downloads/rgb_anon_trainvaltest/rgb_anon/night/train_ref/GOPR0351/GOPR0351_frame_000173_rgb_ref_anon.png,/home/ace/Downloads/rgb_anon_trainvaltest/rgb_anon/night/train/GOPR0351/GOPR0351_frame_000173_rgb_anon.png
acdc,SegFormer-B5,person,GOPR0351/gopr0351_frame_000177.png,4618,207,/home/ace/Downloads/rgb_anon_trainvaltest/rgb_anon/night/train_ref/GOPR0351/GOPR0351_frame_000177_rgb_ref_anon.png,/home/ace/Downloads/rgb_anon_trainvaltest/rgb_anon/night/train/GOPR0351/GOPR0351_frame_000177_rgb_anon.png
acdc,SegFormer-B5,person,GOPR0351/gopr0351_frame_000179.png,4053,3402,/home/ace/Downloads/rgb_anon_trainvaltest/rgb_anon/night/train_ref/GOPR0351/GOPR0351_frame_000179_rgb_ref_anon.png,/home/ace/Downloads/rgb_anon_trainvaltest/rgb_anon/night/train/GOPR0351/GOPR0351_frame_000179_rgb_anon.png
acdc,SegFormer-B5,person,GOPR0351/gopr0351_frame_000181.png,2558,1452,/home/ace/Downloads/rgb_anon_trainvaltest/rgb_anon/night/train_ref/GOPR0351/GOPR0351_frame_000181_rgb_ref_anon.png,/home/ace/Downloads/rgb_anon_trainvaltest/rgb_anon/night/train/GOPR0351/GOPR0351_frame_000181_rgb_anon.png
acdc,SegFormer-B5,person,GOPR0351/gopr0351_frame_000183.png,16188,9522,/home/ace/Downloads/rgb_anon_trainvaltest/rgb_anon/night/train_ref/GOPR0351/GOPR0351_frame_000183_rgb_ref_anon.png,/home/ace/Downloads/rgb_anon_trainvaltest/rgb_anon/night/train/GOPR0351/GOPR0351_frame_000183_rgb_anon.png
acdc,SegFormer-B5,person,GOPR0351/gopr0351_frame_000185.png,19614,38860,/home/ace/Downloads/rgb_anon_trainvaltest/rgb_anon/night/train_ref/GOPR0351/GOPR0351_frame_000185_rgb_ref_anon.png,/home/ace/Downloads/rgb_anon_trainvaltest/rgb_anon/night/train/GOPR0351/GOPR0351_frame_000185_rgb_anon.png
acdc,SegFormer-B5,person,GOPR0351/gopr0351_frame_000187.png,23521,2,/home/ace/Downloads/rgb_anon_trainvaltest/rgb_anon/night/train_ref/GOPR0351/GOPR0351_frame_000187_rgb_ref_anon.png,/home/ace/Downloads/rgb_anon_trainvaltest/rgb_anon/night/train/GOPR0351/GOPR0351_frame_000187_rgb_anon.png
acdc,SegFormer-B5,person,GOPR0351/gopr0351_frame_000191.png,2782,856,/home/ace/Downloads/rgb_anon_trainvaltest/rgb_anon/night/train_ref/GOPR0351/GOPR0351_frame_000191_rgb_ref_anon.png,/home/ace/Downloads/rgb_anon_trainvaltest/rgb_anon/night/train/GOPR0351/GOPR0351_frame_000191_rgb_anon.png
acdc,SegFormer-B5,person,GOPR0351/gopr0351_frame_000195.png,27206,7135,/home/ace/Downloads/rgb_anon_trainvaltest/rgb_anon/night/train_ref/GOPR0351/GOPR0351_frame_000195_rgb_ref_anon.png,/home/ace/Downloads/rgb_anon_trainvaltest/rgb_anon/night/train/GOPR0351/GOPR0351_frame_000195_rgb_anon.png
acdc,SegFormer-B5,person,GOPR0351/gopr0351_frame_000198.png,37196,4109,/home/ace/Downloads/rgb_anon_trainvaltest/rgb_anon/night/train_ref/GOPR0351/GOPR0351_frame_000198_rgb_ref_anon.png,/home/ace/Downloads/rgb_anon_trainvaltest/rgb_anon/night/train/GOPR0351/GOPR0351_frame_000198_rgb_anon.png
acdc,SegFormer-B5,person,GOPR0351/gopr0351_frame_000200.png,32802,5,/home/ace/Downloads/rgb_anon_trainvaltest/rgb_anon/night/train_ref/GOPR0351/GOPR0351_frame_000200_rgb_ref_anon.png,/home/ace/Downloads/rgb_anon_trainvaltest/rgb_anon/night/train/GOPR0351/GOPR0351_frame_000200_rgb_anon.png
acdc,SegFormer-B5,person,GOPR0351/gopr0351_frame_000202.png,21659,3193,/home/ace/Downloads/rgb_anon_trainvaltest/rgb_anon/night/train_ref/GOPR0351/GOPR0351_frame_000202_rgb_ref_anon.png,/home/ace/Downloads/rgb_anon_trainvaltest/rgb_anon/night/train/GOPR0351/GOPR0351_frame_000202_rgb_anon.png
acdc,SegFormer-B5,person,GOPR0351/gopr0351_frame_000204.png,9453,3044,/home/ace/Downloads/rgb_anon_trainvaltest/rgb_anon/night/train_ref/GOPR0351/GOPR0351_frame_000204_rgb_ref_anon.png,/home/ace/Downloads/rgb_anon_trainvaltest/rgb_anon/night/train/GOPR0351/GOPR0351_frame_000204_rgb_anon.png
acdc,SegFormer-B5,person,GOPR0351/gopr0351_frame_000214.png,0,0,/home/ace/Downloads/rgb_anon_trainvaltest/rgb_anon/night/train_ref/GOPR0351/GOPR0351_frame_000214_rgb_ref_anon.png,/home/ace/Downloads/rgb_anon_trainvaltest/rgb_anon/night/train/GOPR0351/GOPR0351_frame_000214_rgb_anon.png
acdc,SegFormer-B5,person,GOPR0351/gopr0351_frame_000216.png,0,0,/home/ace/Downloads/rgb_anon_trainvaltest/rgb_anon/night/train_ref/GOPR0351/GOPR0351_frame_000216_rgb_ref_anon.png,/home/ace/Downloads/rgb_anon_trainvaltest/rgb_anon/night/train/GOPR0351/GOPR0351_frame_000216_rgb_anon.png
acdc,SegFormer-B5,person,GOPR0351/gopr0351_frame_000226.png,0,0,/home/ace/Downloads/rgb_anon_trainvaltest/rgb_anon/night/train_ref/GOPR0351/GOPR0351_frame_000226_rgb_ref_anon.png,/home/ace/Downloads/rgb_anon_trainvaltest/rgb_anon/night/train/GOPR0351/GOPR0351_frame_000226_rgb_anon.png
acdc,SegFormer-B5,person,GOPR0351/gopr0351_frame_000230.png,0,0,/home/ace/Downloads/rgb_anon_trainvaltest/rgb_anon/night/train_ref/GOPR0351/GOPR0351_frame_000230_rgb_ref_anon.png,/home/ace/Downloads/rgb_anon_trainvaltest/rgb_anon/night/train/GOPR0351/GOPR0351_frame_000230_rgb_anon.png
acdc,SegFormer-B5,person,GOPR0351/gopr0351_frame_000233.png,0,0,/home/ace/Downloads/rgb_anon_trainvaltest/rgb_anon/night/train_ref/GOPR0351/GOPR0351_frame_000233_rgb_ref_anon.png,/home/ace/Downloads/rgb_anon_trainvaltest/rgb_anon/night/train/GOPR0351/GOPR0351_frame_000233_rgb_anon.png
acdc,SegFormer-B5,person,GOPR0351/gopr0351_frame_000247.png,493,0,/home/ace/Downloads/rgb_anon_trainvaltest/rgb_anon/night/train_ref/GOPR0351/GOPR0351_frame_000247_rgb_ref_anon.png,/home/ace/Downloads/rgb_anon_trainvaltest/rgb_anon/night/train/GOPR0351/GOPR0351_frame_000247_rgb_anon.png
acdc,SegFormer-B5,person,GOPR0351/gopr0351_frame_000253.png,16052,483,/home/ace/Downloads/rgb_anon_trainvaltest/rgb_anon/night/train_ref/GOPR0351/GOPR0351_frame_000253_rgb_ref_anon.png,/home/ace/Downloads/rgb_anon_trainvaltest/rgb_anon/night/train/GOPR0351/GOPR0351_frame_000253_rgb_anon.png
acdc,SegFormer-B5,person,GOPR0351/gopr0351_frame_000257.png,0,0,/home/ace/Downloads/rgb_anon_trainvaltest/rgb_anon/night/train_ref/GOPR0351/GOPR0351_frame_000257_rgb_ref_anon.png,/home/ace/Downloads/rgb_anon_trainvaltest/rgb_anon/night/train/GOPR0351/GOPR0351_frame_000257_rgb_anon.png
acdc,SegFormer-B5,person,GOPR0351/gopr0351_frame_000260.png,0,4558,/home/ace/Downloads/rgb_anon_trainvaltest/rgb_anon/night/train_ref/GOPR0351/GOPR0351_frame_000260_rgb_ref_anon.png,/home/ace/Downloads/rgb_anon_trainvaltest/rgb_anon/night/train/GOPR0351/GOPR0351_frame_000260_rgb_anon.png
acdc,SegFormer-B5,person,GOPR0351/gopr0351_frame_000263.png,0,0,/home/ace/Downloads/rgb_anon_trainvaltest/rgb_anon/night/train_ref/GOPR0351/GOPR0351_frame_000263_rgb_ref_anon.png,/home/ace/Downloads/rgb_anon_trainvaltest/rgb_anon/night/train/GOPR0351/GOPR0351_frame_000263_rgb_anon.png
acdc,SegFormer-B5,person,GOPR0351/gopr0351_frame_000267.png,0,0,/home/ace/Downloads/rgb_anon_trainvaltest/rgb_anon/night/train_ref/GOPR0351/GOPR0351_frame_000267_rgb_ref_anon.png,/home/ace/Downloads/rgb_anon_trainvaltest/rgb_anon/night/train/GOPR0351/GOPR0351_frame_000267_rgb_anon.png
acdc,SegFormer-B5,person,GOPR0351/gopr0351_frame_000271.png,0,10069,/home/ace/Downloads/rgb_anon_trainvaltest/rgb_anon/night/train_ref/GOPR0351/GOPR0351_frame_000271_rgb_ref_anon.png,/home/ace/Downloads/rgb_anon_trainvaltest/rgb_anon/night/train/GOPR0351/GOPR0351_frame_000271_rgb_anon.png
acdc,SegFormer-B5,person,GOPR0351/gopr0351_frame_000276.png,0,0,/home/ace/Downloads/rgb_anon_trainvaltest/rgb_anon/night/train_ref/GOPR0351/GOPR0351_frame_000276_rgb_ref_anon.png,/home/ace/Downloads/rgb_anon_trainvaltest/rgb_anon/night/train/GOPR0351/GOPR0351_frame_000276_rgb_anon.png
acdc,SegFormer-B5,person,GOPR0351/gopr0351_frame_000279.png,1318,21,/home/ace/Downloads/rgb_anon_trainvaltest/rgb_anon/night/train_ref/GOPR0351/GOPR0351_frame_000279_rgb_ref_anon.png,/home/ace/Downloads/rgb_anon_trainvaltest/rgb_anon/night/train/GOPR0351/GOPR0351_frame_000279_rgb_anon.png
acdc,SegFormer-B5,person,GOPR0351/gopr0351_frame_000285.png,0,0,/home/ace/Downloads/rgb_anon_trainvaltest/rgb_anon/night/train_ref/GOPR0351/GOPR0351_frame_000285_rgb_ref_anon.png,/home/ace/Downloads/rgb_anon_trainvaltest/rgb_anon/night/train/GOPR0351/GOPR0351_frame_000285_rgb_anon.png
acdc,SegFormer-B5,person,GOPR0351/gopr0351_frame_000300.png,0,3650,/home/ace/Downloads/rgb_anon_trainvaltest/rgb_anon/night/train_ref/GOPR0351/GOPR0351_frame_000300_rgb_ref_anon.png,/home/ace/Downloads/rgb_anon_trainvaltest/rgb_anon/night/train/GOPR0351/GOPR0351_frame_000300_rgb_anon.png
acdc,SegFormer-B5,person,GOPR0351/gopr0351_frame_000304.png,0,0,/home/ace/Downloads/rgb_anon_trainvaltest/rgb_anon/night/train_ref/GOPR0351/GOPR0351_frame_000304_rgb_ref_anon.png,/home/ace/Downloads/rgb_anon_trainvaltest/rgb_anon/night/train/GOPR0351/GOPR0351_frame_000304_rgb_anon.png
acdc,SegFormer-B5,person,GOPR0351/gopr0351_frame_000307.png,0,1622,/home/ace/Downloads/rgb_anon_trainvaltest/rgb_anon/night/train_ref/GOPR0351/GOPR0351_frame_000307_rgb_ref_anon.png,/home/ace/Downloads/rgb_anon_trainvaltest/rgb_anon/night/train/GOPR0351/GOPR0351_frame_000307_rgb_anon.png
acdc,SegFormer-B5,person,GOPR0351/gopr0351_frame_000313.png,301,0,/home/ace/Downloads/rgb_anon_trainvaltest/rgb_anon/night/train_ref/GOPR0351/GOPR0351_frame_000313_rgb_ref_anon.png,/home/ace/Downloads/rgb_anon_trainvaltest/rgb_anon/night/train/GOPR0351/GOPR0351_frame_000313_rgb_anon.png
acdc,SegFormer-B5,person,GOPR0351/gopr0351_frame_000317.png,2513,329,/home/ace/Downloads/rgb_anon_trainvaltest/rgb_anon/night/train_ref/GOPR0351/GOPR0351_frame_000317_rgb_ref_anon.png,/home/ace/Downloads/rgb_anon_trainvaltest/rgb_anon/night/train/GOPR0351/GOPR0351_frame_000317_rgb_anon.png
acdc,SegFormer-B5,person,GOPR0351/gopr0351_frame_000319.png,0,1511,/home/ace/Downloads/rgb_anon_trainvaltest/rgb_anon/night/train_ref/GOPR0351/GOPR0351_frame_000319_rgb_ref_anon.png,/home/ace/Downloads/rgb_anon_trainvaltest/rgb_anon/night/train/GOPR0351/GOPR0351_frame_000319_rgb_anon.png
acdc,SegFormer-B5,person,GOPR0351/gopr0351_frame_000323.png,0,0,/home/ace/Downloads/rgb_anon_trainvaltest/rgb_anon/night/train_ref/GOPR0351/GOPR0351_frame_000323_rgb_ref_anon.png,/home/ace/Downloads/rgb_anon_trainvaltest/rgb_anon/night/train/GOPR0351/GOPR0351_frame_000323_rgb_anon.png
acdc,SegFormer-B5,person,GOPR0351/gopr0351_frame_000325.png,1922,632,/home/ace/Downloads/rgb_anon_trainvaltest/rgb_anon/night/train_ref/GOPR0351/GOPR0351_frame_000325_rgb_ref_anon.png,/home/ace/Downloads/rgb_anon_trainvaltest/rgb_anon/night/train/GOPR0351/GOPR0351_frame_000325_rgb_anon.png
acdc,SegFormer-B5,person,GOPR0351/gopr0351_frame_000327.png,7650,2569,/home/ace/Downloads/rgb_anon_trainvaltest/rgb_anon/night/train_ref/GOPR0351/GOPR0351_frame_000327_rgb_ref_anon.png,/home/ace/Downloads/rgb_anon_trainvaltest/rgb_anon/night/train/GOPR0351/GOPR0351_frame_000327_rgb_anon.png
acdc,SegFormer-B5,person,GOPR0351/gopr0351_frame_000329.png,0,1,/home/ace/Downloads/rgb_anon_trainvaltest/rgb_anon/night/train_ref/GOPR0351/GOPR0351_frame_000329_rgb_ref_anon.png,/home/ace/Downloads/rgb_anon_trainvaltest/rgb_anon/night/train/GOPR0351/GOPR0351_frame_000329_rgb_anon.png
acdc,SegFormer-B5,person,GOPR0351/gopr0351_frame_000331.png,0,12193,/home/ace/Downloads/rgb_anon_trainvaltest/rgb_anon/night/train_ref/GOPR0351/GOPR0351_frame_000331_rgb_ref_anon.png,/home/ace/Downloads/rgb_anon_trainvaltest/rgb_anon/night/train/GOPR0351/GOPR0351_frame_000331_rgb_anon.png
acdc,SegFormer-B5,person,GOPR0351/gopr0351_frame_000335.png,0,0,/home/ace/Downloads/rgb_anon_trainvaltest/rgb_anon/night/train_ref/GOPR0351/GOPR0351_frame_000335_rgb_ref_anon.png,/home/ace/Downloads/rgb_anon_trainvaltest/rgb_anon/night/train/GOPR0351/GOPR0351_frame_000335_rgb_anon.png
acdc,SegFormer-B5,person,GOPR0351/gopr0351_frame_000337.png,0,0,/home/ace/Downloads/rgb_anon_trainvaltest/rgb_anon/night/train_ref/GOPR0351/GOPR0351_frame_000337_rgb_ref_anon.png,/home/ace/Downloads/rgb_anon_trainvaltest/rgb_anon/night/train/GOPR0351/GOPR0351_frame_000337_rgb_anon.png
acdc,SegFormer-B5,person,GOPR0351/gopr0351_frame_000341.png,4577,0,/home/ace/Downloads/rgb_anon_trainvaltest/rgb_anon/night/train_ref/GOPR0351/GOPR0351_frame_000341_rgb_ref_anon.png,/home/ace/Downloads/rgb_anon_trainvaltest/rgb_anon/night/train/GOPR0351/GOPR0351_frame_000341_rgb_anon.png
acdc,SegFormer-B5,person,GOPR0351/gopr0351_frame_000347.png,0,0,/home/ace/Downloads/rgb_anon_trainvaltest/rgb_anon/night/train_ref/GOPR0351/GOPR0351_frame_000347_rgb_ref_anon.png,/home/ace/Downloads/rgb_anon_trainvaltest/rgb_anon/night/train/GOPR0351/GOPR0351_frame_000347_rgb_anon.png
acdc,SegFormer-B5,person,GOPR0351/gopr0351_frame_000354.png,7343,0,/home/ace/Downloads/rgb_anon_trainvaltest/rgb_anon/night/train_ref/GOPR0351/GOPR0351_frame_000354_rgb_ref_anon.png,/home/ace/Downloads/rgb_anon_trainvaltest/rgb_anon/night/train/GOPR0351/GOPR0351_frame_000354_rgb_anon.png
acdc,SegFormer-B5,person,GOPR0351/gopr0351_frame_000368.png,14124,890,/home/ace/Downloads/rgb_anon_trainvaltest/rgb_anon/night/train_ref/GOPR0351/GOPR0351_frame_000368_rgb_ref_anon.png,/home/ace/Downloads/rgb_anon_trainvaltest/rgb_anon/night/train/GOPR0351/GOPR0351_frame_000368_rgb_anon.png
acdc,SegFormer-B5,person,GOPR0351/gopr0351_frame_000376.png,11206,0,/home/ace/Downloads/rgb_anon_trainvaltest/rgb_anon/night/train_ref/GOPR0351/GOPR0351_frame_000376_rgb_ref_anon.png,/home/ace/Downloads/rgb_anon_trainvaltest/rgb_anon/night/train/GOPR0351/GOPR0351_frame_000376_rgb_anon.png
acdc,SegFormer-B5,person,GOPR0351/gopr0351_frame_000378.png,0,0,/home/ace/Downloads/rgb_anon_trainvaltest/rgb_anon/night/train_ref/GOPR0351/GOPR0351_frame_000378_rgb_ref_anon.png,/home/ace/Downloads/rgb_anon_trainvaltest/rgb_anon/night/train/GOPR0351/GOPR0351_frame_000378_rgb_anon.png
acdc,SegFormer-B5,person,GOPR0351/gopr0351_frame_000382.png,0,0,/home/ace/Downloads/rgb_anon_trainvaltest/rgb_anon/night/train_ref/GOPR0351/GOPR0351_frame_000382_rgb_ref_anon.png,/home/ace/Downloads/rgb_anon_trainvaltest/rgb_anon/night/train/GOPR0351/GOPR0351_frame_000382_rgb_anon.png
acdc,SegFormer-B5,person,GOPR0351/gopr0351_frame_000386.png,0,0,/home/ace/Downloads/rgb_anon_trainvaltest/rgb_anon/night/train_ref/GOPR0351/GOPR0351_frame_000386_rgb_ref_anon.png,/home/ace/Downloads/rgb_anon_trainvaltest/rgb_anon/night/train/GOPR0351/GOPR0351_frame_000386_rgb_anon.png
acdc,SegFormer-B5,person,GOPR0351/gopr0351_frame_000388.png,0,0,/home/ace/Downloads/rgb_anon_trainvaltest/rgb_anon/night/train_ref/GOPR0351/GOPR0351_frame_000388_rgb_ref_anon.png,/home/ace/Downloads/rgb_anon_trainvaltest/rgb_anon/night/train/GOPR0351/GOPR0351_frame_000388_rgb_anon.png
acdc,SegFormer-B5,person,GOPR0351/gopr0351_frame_000392.png,0,239,/home/ace/Downloads/rgb_anon_trainvaltest/rgb_anon/night/train_ref/GOPR0351/GOPR0351_frame_000392_rgb_ref_anon.png,/home/ace/Downloads/rgb_anon_trainvaltest/rgb_anon/night/train/GOPR0351/GOPR0351_frame_000392_rgb_anon.png
acdc,SegFormer-B5,person,GOPR0351/gopr0351_frame_000396.png,0,5,/home/ace/Downloads/rgb_anon_trainvaltest/rgb_anon/night/train_ref/GOPR0351/GOPR0351_frame_000396_rgb_ref_anon.png,/home/ace/Downloads/rgb_anon_trainvaltest/rgb_anon/night/train/GOPR0351/GOPR0351_frame_000396_rgb_anon.png
acdc,SegFormer-B5,person,GOPR0351/gopr0351_frame_000399.png,558,0,/home/ace/Downloads/rgb_anon_trainvaltest/rgb_anon/night/train_ref/GOPR0351/GOPR0351_frame_000399_rgb_ref_anon.png,/home/ace/Downloads/rgb_anon_trainvaltest/rgb_anon/night/train/GOPR0351/GOPR0351_frame_000399_rgb_anon.png
acdc,SegFormer-B5,person,GOPR0351/gopr0351_frame_000405.png,0,0,/home/ace/Downloads/rgb_anon_trainvaltest/rgb_anon/night/train_ref/GOPR0351/GOPR0351_frame_000405_rgb_ref_anon.png,/home/ace/Downloads/rgb_anon_trainvaltest/rgb_anon/night/train/GOPR0351/GOPR0351_frame_000405_rgb_anon.png
acdc,SegFormer-B5,person,GOPR0351/gopr0351_frame_000485.png,0,0,/home/ace/Downloads/rgb_anon_trainvaltest/rgb_anon/night/train_ref/GOPR0351/GOPR0351_frame_000485_rgb_ref_anon.png,/home/ace/Downloads/rgb_anon_trainvaltest/rgb_anon/night/train/GOPR0351/GOPR0351_frame_000485_rgb_anon.png
acdc,SegFormer-B5,person,GOPR0351/gopr0351_frame_000487.png,713,0,/home/ace/Downloads/rgb_anon_trainvaltest/rgb_anon/night/train_ref/GOPR0351/GOPR0351_frame_000487_rgb_ref_anon.png,/home/ace/Downloads/rgb_anon_trainvaltest/rgb_anon/night/train/GOPR0351/GOPR0351_frame_000487_rgb_anon.png
acdc,SegFormer-B5,person,GOPR0351/gopr0351_frame_000490.png,0,0,/home/ace/Downloads/rgb_anon_trainvaltest/rgb_anon/night/train_ref/GOPR0351/GOPR0351_frame_000490_rgb_ref_anon.png,/home/ace/Downloads/rgb_anon_trainvaltest/rgb_anon/night/train/GOPR0351/GOPR0351_frame_000490_rgb_anon.png
acdc,SegFormer-B5,person,GOPR0351/gopr0351_frame_000494.png,3247,0,/home/ace/Downloads/rgb_anon_trainvaltest/rgb_anon/night/train_ref/GOPR0351/GOPR0351_frame_000494_rgb_ref_anon.png,/home/ace/Downloads/rgb_anon_trainvaltest/rgb_anon/night/train/GOPR0351/GOPR0351_frame_000494_rgb_anon.png
acdc,SegFormer-B5,person,GOPR0351/gopr0351_frame_000498.png,15235,1853,/home/ace/Downloads/rgb_anon_trainvaltest/rgb_anon/night/train_ref/GOPR0351/GOPR0351_frame_000498_rgb_ref_anon.png,/home/ace/Downloads/rgb_anon_trainvaltest/rgb_anon/night/train/GOPR0351/GOPR0351_frame_000498_rgb_anon.png
acdc,SegFormer-B5,person,GOPR0351/gopr0351_frame_000500.png,10223,2925,/home/ace/Downloads/rgb_anon_trainvaltest/rgb_anon/night/train_ref/GOPR0351/GOPR0351_frame_000500_rgb_ref_anon.png,/home/ace/Downloads/rgb_anon_trainvaltest/rgb_anon/night/train/GOPR0351/GOPR0351_frame_000500_rgb_anon.png
acdc,SegFormer-B5,person,GOPR0351/gopr0351_frame_000502.png,2122,10191,/home/ace/Downloads/rgb_anon_trainvaltest/rgb_anon/night/train_ref/GOPR0351/GOPR0351_frame_000502_rgb_ref_anon.png,/home/ace/Downloads/rgb_anon_trainvaltest/rgb_anon/night/train/GOPR0351/GOPR0351_frame_000502_rgb_anon.png
acdc,SegFormer-B5,person,GOPR0351/gopr0351_frame_000504.png,5061,15021,/home/ace/Downloads/rgb_anon_trainvaltest/rgb_anon/night/train_ref/GOPR0351/GOPR0351_frame_000504_rgb_ref_anon.png,/home/ace/Downloads/rgb_anon_trainvaltest/rgb_anon/night/train/GOPR0351/GOPR0351_frame_000504_rgb_anon.png
acdc,SegFormer-B5,person,GOPR0351/gopr0351_frame_000507.png,417,14472,/home/ace/Downloads/rgb_anon_trainvaltest/rgb_anon/night/train_ref/GOPR0351/GOPR0351_frame_000507_rgb_ref_anon.png,/home/ace/Downloads/rgb_anon_trainvaltest/rgb_anon/night/train/GOPR0351/GOPR0351_frame_000507_rgb_anon.png
acdc,SegFormer-B5,person,GOPR0351/gopr0351_frame_000509.png,0,26799,/home/ace/Downloads/rgb_anon_trainvaltest/rgb_anon/night/train_ref/GOPR0351/GOPR0351_frame_000509_rgb_ref_anon.png,/home/ace/Downloads/rgb_anon_trainvaltest/rgb_anon/night/train/GOPR0351/GOPR0351_frame_000509_rgb_anon.png
acdc,SegFormer-B5,person,GOPR0351/gopr0351_frame_000513.png,19093,697,/home/ace/Downloads/rgb_anon_trainvaltest/rgb_anon/night/train_ref/GOPR0351/GOPR0351_frame_000513_rgb_ref_anon.png,/home/ace/Downloads/rgb_anon_trainvaltest/rgb_anon/night/train/GOPR0351/GOPR0351_frame_000513_rgb_anon.png
acdc,SegFormer-B5,person,GOPR0351/gopr0351_frame_000515.png,0,2077,/home/ace/Downloads/rgb_anon_trainvaltest/rgb_anon/night/train_ref/GOPR0351/GOPR0351_frame_000515_rgb_ref_anon.png,/home/ace/Downloads/rgb_anon_trainvaltest/rgb_anon/night/train/GOPR0351/GOPR0351_frame_000515_rgb_anon.png
acdc,SegFormer-B5,person,GOPR0351/gopr0351_frame_000519.png,280,617,/home/ace/Downloads/rgb_anon_trainvaltest/rgb_anon/night/train_ref/GOPR0351/GOPR0351_frame_000519_rgb_ref_anon.png,/home/ace/Downloads/rgb_anon_trainvaltest/rgb_anon/night/train/GOPR0351/GOPR0351_frame_000519_rgb_anon.png
acdc,SegFormer-B5,person,GOPR0351/gopr0351_frame_000534.png,492,0,/home/ace/Downloads/rgb_anon_trainvaltest/rgb_anon/night/train_ref/GOPR0351/GOPR0351_frame_000534_rgb_ref_anon.png,/home/ace/Downloads/rgb_anon_trainvaltest/rgb_anon/night/train/GOPR0351/GOPR0351_frame_000534_rgb_anon.png
acdc,SegFormer-B5,person,GOPR0351/gopr0351_frame_000540.png,3469,88,/home/ace/Downloads/rgb_anon_trainvaltest/rgb_anon/night/train_ref/GOPR0351/GOPR0351_frame_000540_rgb_ref_anon.png,/home/ace/Downloads/rgb_anon_trainvaltest/rgb_anon/night/train/GOPR0351/GOPR0351_frame_000540_rgb_anon.png
acdc,SegFormer-B5,person,GOPR0351/gopr0351_frame_000543.png,952,0,/home/ace/Downloads/rgb_anon_trainvaltest/rgb_anon/night/train_ref/GOPR0351/GOPR0351_frame_000543_rgb_ref_anon.png,/home/ace/Downloads/rgb_anon_trainvaltest/rgb_anon/night/train/GOPR0351/GOPR0351_frame_000543_rgb_anon.png
acdc,SegFormer-B5,person,GOPR0351/gopr0351_frame_000545.png,443,0,/home/ace/Downloads/rgb_anon_trainvaltest/rgb_anon/night/train_ref/GOPR0351/GOPR0351_frame_000545_rgb_ref_anon.png,/home/ace/Downloads/rgb_anon_trainvaltest/rgb_anon/night/train/GOPR0351/GOPR0351_frame_000545_rgb_anon.png
acdc,SegFormer-B5,person,GOPR0351/gopr0351_frame_000547.png,103,0,/home/ace/Downloads/rgb_anon_trainvaltest/rgb_anon/night/train_ref/GOPR0351/GOPR0351_frame_000547_rgb_ref_anon.png,/home/ace/Downloads/rgb_anon_trainvaltest/rgb_anon/night/train/GOPR0351/GOPR0351_frame_000547_rgb_anon.png
acdc,SegFormer-B5,person,GOPR0351/gopr0351_frame_000551.png,0,195,/home/ace/Downloads/rgb_anon_trainvaltest/rgb_anon/night/train_ref/GOPR0351/GOPR0351_frame_000551_rgb_ref_anon.png,/home/ace/Downloads/rgb_anon_trainvaltest/rgb_anon/night/train/GOPR0351/GOPR0351_frame_000551_rgb_anon.png
acdc,SegFormer-B5,person,GOPR0351/gopr0351_frame_000553.png,1109,82,/home/ace/Downloads/rgb_anon_trainvaltest/rgb_anon/night/train_ref/GOPR0351/GOPR0351_frame_000553_rgb_ref_anon.png,/home/ace/Downloads/rgb_anon_trainvaltest/rgb_anon/night/train/GOPR0351/GOPR0351_frame_000553_rgb_anon.png
acdc,SegFormer-B5,person,GOPR0351/gopr0351_frame_000555.png,6764,7441,/home/ace/Downloads/rgb_anon_trainvaltest/rgb_anon/night/train_ref/GOPR0351/GOPR0351_frame_000555_rgb_ref_anon.png,/home/ace/Downloads/rgb_anon_trainvaltest/rgb_anon/night/train/GOPR0351/GOPR0351_frame_000555_rgb_anon.png
acdc,SegFormer-B5,person,GOPR0351/gopr0351_frame_000557.png,5605,91,/home/ace/Downloads/rgb_anon_trainvaltest/rgb_anon/night/train_ref/GOPR0351/GOPR0351_frame_000557_rgb_ref_anon.png,/home/ace/Downloads/rgb_anon_trainvaltest/rgb_anon/night/train/GOPR0351/GOPR0351_frame_000557_rgb_anon.png
acdc,SegFormer-B5,person,GOPR0351/gopr0351_frame_000573.png,66,19356,/home/ace/Downloads/rgb_anon_trainvaltest/rgb_anon/night/train_ref/GOPR0351/GOPR0351_frame_000573_rgb_ref_anon.png,/home/ace/Downloads/rgb_anon_trainvaltest/rgb_anon/night/train/GOPR0351/GOPR0351_frame_000573_rgb_anon.png
acdc,SegFormer-B5,person,GOPR0351/gopr0351_frame_000581.png,0,423,/home/ace/Downloads/rgb_anon_trainvaltest/rgb_anon/night/train_ref/GOPR0351/GOPR0351_frame_000581_rgb_ref_anon.png,/home/ace/Downloads/rgb_anon_trainvaltest/rgb_anon/night/train/GOPR0351/GOPR0351_frame_000581_rgb_anon.png
acdc,SegFormer-B5,person,GOPR0351/gopr0351_frame_000595.png,0,0,/home/ace/Downloads/rgb_anon_trainvaltest/rgb_anon/night/train_ref/GOPR0351/GOPR0351_frame_000595_rgb_ref_anon.png,/home/ace/Downloads/rgb_anon_trainvaltest/rgb_anon/night/train/GOPR0351/GOPR0351_frame_000595_rgb_anon.png
acdc,SegFormer-B5,person,GOPR0351/gopr0351_frame_000599.png,0,0,/home/ace/Downloads/rgb_anon_trainvaltest/rgb_anon/night/train_ref/GOPR0351/GOPR0351_frame_000599_rgb_ref_anon.png,/home/ace/Downloads/rgb_anon_trainvaltest/rgb_anon/night/train/GOPR0351/GOPR0351_frame_000599_rgb_anon.png
acdc,SegFormer-B5,person,GOPR0351/gopr0351_frame_000603.png,0,0,/home/ace/Downloads/rgb_anon_trainvaltest/rgb_anon/night/train_ref/GOPR0351/GOPR0351_frame_000603_rgb_ref_anon.png,/home/ace/Downloads/rgb_anon_trainvaltest/rgb_anon/night/train/GOPR0351/GOPR0351_frame_000603_rgb_anon.png
acdc,SegFormer-B5,person,GOPR0351/gopr0351_frame_000607.png,1465,0,/home/ace/Downloads/rgb_anon_trainvaltest/rgb_anon/night/train_ref/GOPR0351/GOPR0351_frame_000607_rgb_ref_anon.png,/home/ace/Downloads/rgb_anon_trainvaltest/rgb_anon/night/train/GOPR0351/GOPR0351_frame_000607_rgb_anon.png
acdc,SegFormer-B5,person,GOPR0351/gopr0351_frame_000615.png,30,0,/home/ace/Downloads/rgb_anon_trainvaltest/rgb_anon/night/train_ref/GOPR0351/GOPR0351_frame_000615_rgb_ref_anon.png,/home/ace/Downloads/rgb_anon_trainvaltest/rgb_anon/night/train/GOPR0351/GOPR0351_frame_000615_rgb_anon.png
acdc,SegFormer-B5,person,GOPR0351/gopr0351_frame_000619.png,23620,0,/home/ace/Downloads/rgb_anon_trainvaltest/rgb_anon/night/train_ref/GOPR0351/GOPR0351_frame_000619_rgb_ref_anon.png,/home/ace/Downloads/rgb_anon_trainvaltest/rgb_anon/night/train/GOPR0351/GOPR0351_frame_000619_rgb_anon.png
acdc,SegFormer-B5,person,GOPR0351/gopr0351_frame_000623.png,0,0,/home/ace/Downloads/rgb_anon_trainvaltest/rgb_anon/night/train_ref/GOPR0351/GOPR0351_frame_000623_rgb_ref_anon.png,/home/ace/Downloads/rgb_anon_trainvaltest/rgb_anon/night/train/GOPR0351/GOPR0351_frame_000623_rgb_anon.png
acdc,SegFormer-B5,person,GOPR0351/gopr0351_frame_000627.png,0,0,/home/ace/Downloads/rgb_anon_trainvaltest/rgb_anon/night/train_ref/GOPR0351/GOPR0351_frame_000627_rgb_ref_anon.png,/home/ace/Downloads/rgb_anon_trainvaltest/rgb_anon/night/train/GOPR0351/GOPR0351_frame_000627_rgb_anon.png
acdc,SegFormer-B5,person,GOPR0351/gopr0351_frame_000633.png,451,0,/home/ace/Downloads/rgb_anon_trainvaltest/rgb_anon/night/train_ref/GOPR0351/GOPR0351_frame_000633_rgb_ref_anon.png,/home/ace/Downloads/rgb_anon_trainvaltest/rgb_anon/night/train/GOPR0351/GOPR0351_frame_000633_rgb_anon.png
acdc,SegFormer-B5,person,GOPR0351/gopr0351_frame_000639.png,2519,0,/home/ace/Downloads/rgb_anon_trainvaltest/rgb_anon/night/train_ref/GOPR0351/GOPR0351_frame_000639_rgb_ref_anon.png,/home/ace/Downloads/rgb_anon_trainvaltest/rgb_anon/night/train/GOPR0351/GOPR0351_frame_000639_rgb_anon.png
acdc,SegFormer-B5,person,GOPR0376/gopr0376_frame_000034.png,0,0,/home/ace/Downloads/rgb_anon_trainvaltest/rgb_anon/night/train_ref/GOPR0376/GOPR0376_frame_000034_rgb_ref_anon.png,/home/ace/Downloads/rgb_anon_trainvaltest/rgb_anon/night/train/GOPR0376/GOPR0376_frame_000034_rgb_anon.png
acdc,SegFormer-B5,person,GOPR0376/gopr0376_frame_000038.png,2325,0,/home/ace/Downloads/rgb_anon_trainvaltest/rgb_anon/night/train_ref/GOPR0376/GOPR0376_frame_000038_rgb_ref_anon.png,/home/ace/Downloads/rgb_anon_trainvaltest/rgb_anon/night/train/GOPR0376/GOPR0376_frame_000038_rgb_anon.png
acdc,SegFormer-B5,person,GOPR0376/gopr0376_frame_000042.png,252,3942,/home/ace/Downloads/rgb_anon_trainvaltest/rgb_anon/night/train_ref/GOPR0376/GOPR0376_frame_000042_rgb_ref_anon.png,/home/ace/Downloads/rgb_anon_trainvaltest/rgb_anon/night/train/GOPR0376/GOPR0376_frame_000042_rgb_anon.png
acdc,SegFormer-B5,person,GOPR0376/gopr0376_frame_000046.png,0,0,/home/ace/Downloads/rgb_anon_trainvaltest/rgb_anon/night/train_ref/GOPR0376/GOPR0376_frame_000046_rgb_ref_anon.png,/home/ace/Downloads/rgb_anon_trainvaltest/rgb_anon/night/train/GOPR0376/GOPR0376_frame_000046_rgb_anon.png
acdc,SegFormer-B5,person,GOPR0376/gopr0376_frame_000050.png,0,7,/home/ace/Downloads/rgb_anon_trainvaltest/rgb_anon/night/train_ref/GOPR0376/GOPR0376_frame_000050_rgb_ref_anon.png,/home/ace/Downloads/rgb_anon_trainvaltest/rgb_anon/night/train/GOPR0376/GOPR0376_frame_000050_rgb_anon.png
acdc,SegFormer-B5,person,GOPR0376/gopr0376_frame_000054.png,0,0,/home/ace/Downloads/rgb_anon_trainvaltest/rgb_anon/night/train_ref/GOPR0376/GOPR0376_frame_000054_rgb_ref_anon.png,/home/ace/Downloads/rgb_anon_trainvaltest/rgb_anon/night/train/GOPR0376/GOPR0376_frame_000054_rgb_anon.png
acdc,SegFormer-B5,person,GOPR0376/gopr0376_frame_000058.png,0,0,/home/ace/Downloads/rgb_anon_trainvaltest/rgb_anon/night/train_ref/GOPR0376/GOPR0376_frame_000058_rgb_ref_anon.png,/home/ace/Downloads/rgb_anon_trainvaltest/rgb_anon/night/train/GOPR0376/GOPR0376_frame_000058_rgb_anon.png
acdc,SegFormer-B5,person,GOPR0376/gopr0376_frame_000067.png,0,11842,/home/ace/Downloads/rgb_anon_trainvaltest/rgb_anon/night/train_ref/GOPR0376/GOPR0376_frame_000067_rgb_ref_anon.png,/home/ace/Downloads/rgb_anon_trainvaltest/rgb_anon/night/train/GOPR0376/GOPR0376_frame_000067_rgb_anon.png
acdc,SegFormer-B5,person,GOPR0376/gopr0376_frame_000089.png,0,0,/home/ace/Downloads/rgb_anon_trainvaltest/rgb_anon/night/train_ref/GOPR0376/GOPR0376_frame_000089_rgb_ref_anon.png,/home/ace/Downloads/rgb_anon_trainvaltest/rgb_anon/night/train/GOPR0376/GOPR0376_frame_000089_rgb_anon.png
acdc,SegFormer-B5,person,GOPR0376/gopr0376_frame_000097.png,0,0,/home/ace/Downloads/rgb_anon_trainvaltest/rgb_anon/night/train_ref/GOPR0376/GOPR0376_frame_000097_rgb_ref_anon.png,/home/ace/Downloads/rgb_anon_trainvaltest/rgb_anon/night/train/GOPR0376/GOPR0376_frame_000097_rgb_anon.png
acdc,SegFormer-B5,person,GOPR0376/gopr0376_frame_000101.png,0,0,/home/ace/Downloads/rgb_anon_trainvaltest/rgb_anon/night/train_ref/GOPR0376/GOPR0376_frame_000101_rgb_ref_anon.png,/home/ace/Downloads/rgb_anon_trainvaltest/rgb_anon/night/train/GOPR0376/GOPR0376_frame_000101_rgb_anon.png
acdc,SegFormer-B5,person,GOPR0376/gopr0376_frame_000105.png,0,38,/home/ace/Downloads/rgb_anon_trainvaltest/rgb_anon/night/train_ref/GOPR0376/GOPR0376_frame_000105_rgb_ref_anon.png,/home/ace/Downloads/rgb_anon_trainvaltest/rgb_anon/night/train/GOPR0376/GOPR0376_frame_000105_rgb_anon.png
acdc,SegFormer-B5,person,GOPR0376/gopr0376_frame_000109.png,0,1818,/home/ace/Downloads/rgb_anon_trainvaltest/rgb_anon/night/train_ref/GOPR0376/GOPR0376_frame_000109_rgb_ref_anon.png,/home/ace/Downloads/rgb_anon_trainvaltest/rgb_anon/night/train/GOPR0376/GOPR0376_frame_000109_rgb_anon.png
acdc,SegFormer-B5,person,GOPR0376/gopr0376_frame_000113.png,0,0,/home/ace/Downloads/rgb_anon_trainvaltest/rgb_anon/night/train_ref/GOPR0376/GOPR0376_frame_000113_rgb_ref_anon.png,/home/ace/Downloads/rgb_anon_trainvaltest/rgb_anon/night/train/GOPR0376/GOPR0376_frame_000113_rgb_anon.png
acdc,SegFormer-B5,person,GOPR0376/gopr0376_frame_000117.png,6507,10848,/home/ace/Downloads/rgb_anon_trainvaltest/rgb_anon/night/train_ref/GOPR0376/GOPR0376_frame_000117_rgb_ref_anon.png,/home/ace/Downloads/rgb_anon_trainvaltest/rgb_anon/night/train/GOPR0376/GOPR0376_frame_000117_rgb_anon.png
acdc,SegFormer-B5,person,GOPR0376/gopr0376_frame_000122.png,0,0,/home/ace/Downloads/rgb_anon_trainvaltest/rgb_anon/night/train_ref/GOPR0376/GOPR0376_frame_000122_rgb_ref_anon.png,/home/ace/Downloads/rgb_anon_trainvaltest/rgb_anon/night/train/GOPR0376/GOPR0376_frame_000122_rgb_anon.png
acdc,SegFormer-B5,person,GOPR0376/gopr0376_frame_000142.png,0,0,/home/ace/Downloads/rgb_anon_trainvaltest/rgb_anon/night/train_ref/GOPR0376/GOPR0376_frame_000142_rgb_ref_anon.png,/home/ace/Downloads/rgb_anon_trainvaltest/rgb_anon/night/train/GOPR0376/GOPR0376_frame_000142_rgb_anon.png
acdc,SegFormer-B5,person,GOPR0376/gopr0376_frame_000146.png,0,0,/home/ace/Downloads/rgb_anon_trainvaltest/rgb_anon/night/train_ref/GOPR0376/GOPR0376_frame_000146_rgb_ref_anon.png,/home/ace/Downloads/rgb_anon_trainvaltest/rgb_anon/night/train/GOPR0376/GOPR0376_frame_000146_rgb_anon.png
acdc,SegFormer-B5,person,GOPR0376/gopr0376_frame_000150.png,0,0,/home/ace/Downloads/rgb_anon_trainvaltest/rgb_anon/night/train_ref/GOPR0376/GOPR0376_frame_000150_rgb_ref_anon.png,/home/ace/Downloads/rgb_anon_trainvaltest/rgb_anon/night/train/GOPR0376/GOPR0376_frame_000150_rgb_anon.png
acdc,SegFormer-B5,person,GOPR0376/gopr0376_frame_000157.png,172,70,/home/ace/Downloads/rgb_anon_trainvaltest/rgb_anon/night/train_ref/GOPR0376/GOPR0376_frame_000157_rgb_ref_anon.png,/home/ace/Downloads/rgb_anon_trainvaltest/rgb_anon/night/train/GOPR0376/GOPR0376_frame_000157_rgb_anon.png
acdc,SegFormer-B5,person,GOPR0376/gopr0376_frame_000161.png,0,5,/home/ace/Downloads/rgb_anon_trainvaltest/rgb_anon/night/train_ref/GOPR0376/GOPR0376_frame_000161_rgb_ref_anon.png,/home/ace/Downloads/rgb_anon_trainvaltest/rgb_anon/night/train/GOPR0376/GOPR0376_frame_000161_rgb_anon.png
acdc,SegFormer-B5,person,GOPR0376/gopr0376_frame_000165.png,0,0,/home/ace/Downloads/rgb_anon_trainvaltest/rgb_anon/night/train_ref/GOPR0376/GOPR0376_frame_000165_rgb_ref_anon.png,/home/ace/Downloads/rgb_anon_trainvaltest/rgb_anon/night/train/GOPR0376/GOPR0376_frame_000165_rgb_anon.png
acdc,SegFormer-B5,person,GOPR0376/gopr0376_frame_000169.png,3620,0,/home/ace/Downloads/rgb_anon_trainvaltest/rgb_anon/night/train_ref/GOPR0376/GOPR0376_frame_000169_rgb_ref_anon.png,/home/ace/Downloads/rgb_anon_trainvaltest/rgb_anon/night/train/GOPR0376/GOPR0376_frame_000169_rgb_anon.png
acdc,SegFormer-B5,person,GOPR0376/gopr0376_frame_000173.png,436,0,/home/ace/Downloads/rgb_anon_trainvaltest/rgb_anon/night/train_ref/GOPR0376/GOPR0376_frame_000173_rgb_ref_anon.png,/home/ace/Downloads/rgb_anon_trainvaltest/rgb_anon/night/train/GOPR0376/GOPR0376_frame_000173_rgb_anon.png
acdc,SegFormer-B5,person,GOPR0376/gopr0376_frame_000177.png,2725,3404,/home/ace/Downloads/rgb_anon_trainvaltest/rgb_anon/night/train_ref/GOPR0376/GOPR0376_frame_000177_rgb_ref_anon.png,/home/ace/Downloads/rgb_anon_trainvaltest/rgb_anon/night/train/GOPR0376/GOPR0376_frame_000177_rgb_anon.png
acdc,SegFormer-B5,person,GOPR0376/gopr0376_frame_000181.png,15,0,/home/ace/Downloads/rgb_anon_trainvaltest/rgb_anon/night/train_ref/GOPR0376/GOPR0376_frame_000181_rgb_ref_anon.png,/home/ace/Downloads/rgb_anon_trainvaltest/rgb_anon/night/train/GOPR0376/GOPR0376_frame_000181_rgb_anon.png
acdc,SegFormer-B5,person,GOPR0376/gopr0376_frame_000185.png,0,0,/home/ace/Downloads/rgb_anon_trainvaltest/rgb_anon/night/train_ref/GOPR0376/GOPR0376_frame_000185_rgb_ref_anon.png,/home/ace/Downloads/rgb_anon_trainvaltest/rgb_anon/night/train/GOPR0376/GOPR0376_frame_000185_rgb_anon.png
acdc,SegFormer-B5,person,GOPR0376/gopr0376_frame_000189.png,19727,0,/home/ace/Downloads/rgb_anon_trainvaltest/rgb_anon/night/train_ref/GOPR0376/GOPR0376_frame_000189_rgb_ref_anon.png,/home/ace/Downloads/rgb_anon_trainvaltest/rgb_anon/night/train/GOPR0376/GOPR0376_frame_000189_rgb_anon.png
acdc,SegFormer-B5,person,GOPR0376/gopr0376_frame_000193.png,1734,0,/home/ace/Downloads/rgb_anon_trainvaltest/rgb_anon/night/train_ref/GOPR0376/GOPR0376_frame_000193_rgb_ref_anon.png,/home/ace/Downloads/rgb_anon_trainvaltest/rgb_anon/night/train/GOPR0376/GOPR0376_frame_000193_rgb_anon.png
acdc,SegFormer-B5,person,GOPR0376/gopr0376_frame_000198.png,5621,0,/home/ace/Downloads/rgb_anon_trainvaltest/rgb_anon/night/train_ref/GOPR0376/GOPR0376_frame_000198_rgb_ref_anon.png,/home/ace/Downloads/rgb_anon_trainvaltest/rgb_anon/night/train/GOPR0376/GOPR0376_frame_000198_rgb_anon.png
acdc,SegFormer-B5,person,GOPR0376/gopr0376_frame_000214.png,679,0,/home/ace/Downloads/rgb_anon_trainvaltest/rgb_anon/night/train_ref/GOPR0376/GOPR0376_frame_000214_rgb_ref_anon.png,/home/ace/Downloads/rgb_anon_trainvaltest/rgb_anon/night/train/GOPR0376/GOPR0376_frame_000214_rgb_anon.png
acdc,SegFormer-B5,person,GOPR0376/gopr0376_frame_000229.png,0,1555,/home/ace/Downloads/rgb_anon_trainvaltest/rgb_anon/night/train_ref/GOPR0376/GOPR0376_frame_000229_rgb_ref_anon.png,/home/ace/Downloads/rgb_anon_trainvaltest/rgb_anon/night/train/GOPR0376/GOPR0376_frame_000229_rgb_anon.png
acdc,SegFormer-B5,person,GOPR0376/gopr0376_frame_000257.png,2630,0,/home/ace/Downloads/rgb_anon_trainvaltest/rgb_anon/night/train_ref/GOPR0376/GOPR0376_frame_000257_rgb_ref_anon.png,/home/ace/Downloads/rgb_anon_trainvaltest/rgb_anon/night/train/GOPR0376/GOPR0376_frame_000257_rgb_anon.png
acdc,SegFormer-B5,person,GOPR0376/gopr0376_frame_000268.png,0,0,/home/ace/Downloads/rgb_anon_trainvaltest/rgb_anon/night/train_ref/GOPR0376/GOPR0376_frame_000268_rgb_ref_anon.png,/home/ace/Downloads/rgb_anon_trainvaltest/rgb_anon/night/train/GOPR0376/GOPR0376_frame_000268_rgb_anon.png
acdc,SegFormer-B5,person,GOPR0376/gopr0376_frame_000272.png,0,0,/home/ace/Downloads/rgb_anon_trainvaltest/rgb_anon/night/train_ref/GOPR0376/GOPR0376_frame_000272_rgb_ref_anon.png,/home/ace/Downloads/rgb_anon_trainvaltest/rgb_anon/night/train/GOPR0376/GOPR0376_frame_000272_rgb_anon.png
acdc,SegFormer-B5,person,GOPR0376/gopr0376_frame_000276.png,1154,0,/home/ace/Downloads/rgb_anon_trainvaltest/rgb_anon/night/train_ref/GOPR0376/GOPR0376_frame_000276_rgb_ref_anon.png,/home/ace/Downloads/rgb_anon_trainvaltest/rgb_anon/night/train/GOPR0376/GOPR0376_frame_000276_rgb_anon.png
acdc,SegFormer-B5,person,GOPR0376/gopr0376_frame_000280.png,0,0,/home/ace/Downloads/rgb_anon_trainvaltest/rgb_anon/night/train_ref/GOPR0376/GOPR0376_frame_000280_rgb_ref_anon.png,/home/ace/Downloads/rgb_anon_trainvaltest/rgb_anon/night/train/GOPR0376/GOPR0376_frame_000280_rgb_anon.png
acdc,SegFormer-B5,person,GOPR0376/gopr0376_frame_000284.png,0,0,/home/ace/Downloads/rgb_anon_trainvaltest/rgb_anon/night/train_ref/GOPR0376/GOPR0376_frame_000284_rgb_ref_anon.png,/home/ace/Downloads/rgb_anon_trainvaltest/rgb_anon/night/train/GOPR0376/GOPR0376_frame_000284_rgb_anon.png
acdc,SegFormer-B5,person,GOPR0376/gopr0376_frame_000288.png,0,0,/home/ace/Downloads/rgb_anon_trainvaltest/rgb_anon/night/train_ref/GOPR0376/GOPR0376_frame_000288_rgb_ref_anon.png,/home/ace/Downloads/rgb_anon_trainvaltest/rgb_anon/night/train/GOPR0376/GOPR0376_frame_000288_rgb_anon.png
acdc,SegFormer-B5,person,GOPR0376/gopr0376_frame_000292.png,0,13,/home/ace/Downloads/rgb_anon_trainvaltest/rgb_anon/night/train_ref/GOPR0376/GOPR0376_frame_000292_rgb_ref_anon.png,/home/ace/Downloads/rgb_anon_trainvaltest/rgb_anon/night/train/GOPR0376/GOPR0376_frame_000292_rgb_anon.png
acdc,SegFormer-B5,person,GOPR0376/gopr0376_frame_000298.png,0,0,/home/ace/Downloads/rgb_anon_trainvaltest/rgb_anon/night/train_ref/GOPR0376/GOPR0376_frame_000298_rgb_ref_anon.png,/home/ace/Downloads/rgb_anon_trainvaltest/rgb_anon/night/train/GOPR0376/GOPR0376_frame_000298_rgb_anon.png
acdc,SegFormer-B5,person,GOPR0376/gopr0376_frame_000302.png,351,0,/home/ace/Downloads/rgb_anon_trainvaltest/rgb_anon/night/train_ref/GOPR0376/GOPR0376_frame_000302_rgb_ref_anon.png,/home/ace/Downloads/rgb_anon_trainvaltest/rgb_anon/night/train/GOPR0376/GOPR0376_frame_000302_rgb_anon.png
acdc,SegFormer-B5,person,GOPR0376/gopr0376_frame_000306.png,625,0,/home/ace/Downloads/rgb_anon_trainvaltest/rgb_anon/night/train_ref/GOPR0376/GOPR0376_frame_000306_rgb_ref_anon.png,/home/ace/Downloads/rgb_anon_trainvaltest/rgb_anon/night/train/GOPR0376/GOPR0376_frame_000306_rgb_anon.png
acdc,SegFormer-B5,person,GOPR0376/gopr0376_frame_000310.png,0,212,/home/ace/Downloads/rgb_anon_trainvaltest/rgb_anon/night/train_ref/GOPR0376/GOPR0376_frame_000310_rgb_ref_anon.png,/home/ace/Downloads/rgb_anon_trainvaltest/rgb_anon/night/train/GOPR0376/GOPR0376_frame_000310_rgb_anon.png
acdc,SegFormer-B5,person,GOPR0376/gopr0376_frame_000315.png,3947,2697,/home/ace/Downloads/rgb_anon_trainvaltest/rgb_anon/night/train_ref/GOPR0376/GOPR0376_frame_000315_rgb_ref_anon.png,/home/ace/Downloads/rgb_anon_trainvaltest/rgb_anon/night/train/GOPR0376/GOPR0376_frame_000315_rgb_anon.png
acdc,SegFormer-B5,person,GOPR0376/gopr0376_frame_000324.png,2954,1466,/home/ace/Downloads/rgb_anon_trainvaltest/rgb_anon/night/train_ref/GOPR0376/GOPR0376_frame_000324_rgb_ref_anon.png,/home/ace/Downloads/rgb_anon_trainvaltest/rgb_anon/night/train/GOPR0376/GOPR0376_frame_000324_rgb_anon.png
acdc,SegFormer-B5,person,GOPR0376/gopr0376_frame_000328.png,0,855,/home/ace/Downloads/rgb_anon_trainvaltest/rgb_anon/night/train_ref/GOPR0376/GOPR0376_frame_000328_rgb_ref_anon.png,/home/ace/Downloads/rgb_anon_trainvaltest/rgb_anon/night/train/GOPR0376/GOPR0376_frame_000328_rgb_anon.png
acdc,SegFormer-B5,person,GOPR0376/gopr0376_frame_000332.png,863,0,/home/ace/Downloads/rgb_anon_trainvaltest/rgb_anon/night/train_ref/GOPR0376/GOPR0376_frame_000332_rgb_ref_anon.png,/home/ace/Downloads/rgb_anon_trainvaltest/rgb_anon/night/train/GOPR0376/GOPR0376_frame_000332_rgb_anon.png
acdc,SegFormer-B5,person,GOPR0376/gopr0376_frame_000336.png,1292,0,/home/ace/Downloads/rgb_anon_trainvaltest/rgb_anon/night/train_ref/GOPR0376/GOPR0376_frame_000336_rgb_ref_anon.png,/home/ace/Downloads/rgb_anon_trainvaltest/rgb_anon/night/train/GOPR0376/GOPR0376_frame_000336_rgb_anon.png
acdc,SegFormer-B5,person,GOPR0376/gopr0376_frame_000340.png,6998,0,/home/ace/Downloads/rgb_anon_trainvaltest/rgb_anon/night/train_ref/GOPR0376/GOPR0376_frame_000340_rgb_ref_anon.png,/home/ace/Downloads/rgb_anon_trainvaltest/rgb_anon/night/train/GOPR0376/GOPR0376_frame_000340_rgb_anon.png
acdc,SegFormer-B5,person,GOPR0376/gopr0376_frame_000344.png,0,365,/home/ace/Downloads/rgb_anon_trainvaltest/rgb_anon/night/train_ref/GOPR0376/GOPR0376_frame_000344_rgb_ref_anon.png,/home/ace/Downloads/rgb_anon_trainvaltest/rgb_anon/night/train/GOPR0376/GOPR0376_frame_000344_rgb_anon.png
acdc,SegFormer-B5,person,GOPR0376/gopr0376_frame_000349.png,46483,850,/home/ace/Downloads/rgb_anon_trainvaltest/rgb_anon/night/train_ref/GOPR0376/GOPR0376_frame_000349_rgb_ref_anon.png,/home/ace/Downloads/rgb_anon_trainvaltest/rgb_anon/night/train/GOPR0376/GOPR0376_frame_000349_rgb_anon.png
acdc,SegFormer-B5,person,GOPR0376/gopr0376_frame_000363.png,16032,1666,/home/ace/Downloads/rgb_anon_trainvaltest/rgb_anon/night/train_ref/GOPR0376/GOPR0376_frame_000363_rgb_ref_anon.png,/home/ace/Downloads/rgb_anon_trainvaltest/rgb_anon/night/train/GOPR0376/GOPR0376_frame_000363_rgb_anon.png
acdc,SegFormer-B5,person,GOPR0376/gopr0376_frame_000369.png,0,5781,/home/ace/Downloads/rgb_anon_trainvaltest/rgb_anon/night/train_ref/GOPR0376/GOPR0376_frame_000369_rgb_ref_anon.png,/home/ace/Downloads/rgb_anon_trainvaltest/rgb_anon/night/train/GOPR0376/GOPR0376_frame_000369_rgb_anon.png
acdc,SegFormer-B5,person,GOPR0376/gopr0376_frame_000374.png,3716,920,/home/ace/Downloads/rgb_anon_trainvaltest/rgb_anon/night/train_ref/GOPR0376/GOPR0376_frame_000374_rgb_ref_anon.png,/home/ace/Downloads/rgb_anon_trainvaltest/rgb_anon/night/train/GOPR0376/GOPR0376_frame_000374_rgb_anon.png
acdc,SegFormer-B5,person,GOPR0376/gopr0376_frame_000382.png,24,855,/home/ace/Downloads/rgb_anon_trainvaltest/rgb_anon/night/train_ref/GOPR0376/GOPR0376_frame_000382_rgb_ref_anon.png,/home/ace/Downloads/rgb_anon_trainvaltest/rgb_anon/night/train/GOPR0376/GOPR0376_frame_000382_rgb_anon.png
acdc,SegFormer-B5,person,GOPR0376/gopr0376_frame_000391.png,10051,2294,/home/ace/Downloads/rgb_anon_trainvaltest/rgb_anon/night/train_ref/GOPR0376/GOPR0376_frame_000391_rgb_ref_anon.png,/home/ace/Downloads/rgb_anon_trainvaltest/rgb_anon/night/train/GOPR0376/GOPR0376_frame_000391_rgb_anon.png
acdc,SegFormer-B5,person,GOPR0376/gopr0376_frame_000418.png,10928,0,/home/ace/Downloads/rgb_anon_trainvaltest/rgb_anon/night/train_ref/GOPR0376/GOPR0376_frame_000418_rgb_ref_anon.png,/home/ace/Downloads/rgb_anon_trainvaltest/rgb_anon/night/train/GOPR0376/GOPR0376_frame_000418_rgb_anon.png
acdc,SegFormer-B5,person,GOPR0376/gopr0376_frame_000428.png,9759,3676,/home/ace/Downloads/rgb_anon_trainvaltest/rgb_anon/night/train_ref/GOPR0376/GOPR0376_frame_000428_rgb_ref_anon.png,/home/ace/Downloads/rgb_anon_trainvaltest/rgb_anon/night/train/GOPR0376/GOPR0376_frame_000428_rgb_anon.png
acdc,SegFormer-B5,person,GOPR0376/gopr0376_frame_000435.png,211,0,/home/ace/Downloads/rgb_anon_trainvaltest/rgb_anon/night/train_ref/GOPR0376/GOPR0376_frame_000435_rgb_ref_anon.png,/home/ace/Downloads/rgb_anon_trainvaltest/rgb_anon/night/train/GOPR0376/GOPR0376_frame_000435_rgb_anon.png
acdc,SegFormer-B5,person,GOPR0376/gopr0376_frame_000441.png,1049,0,/home/ace/Downloads/rgb_anon_trainvaltest/rgb_anon/night/train_ref/GOPR0376/GOPR0376_frame_000441_rgb_ref_anon.png,/home/ace/Downloads/rgb_anon_trainvaltest/rgb_anon/night/train/GOPR0376/GOPR0376_frame_000441_rgb_anon.png
acdc,SegFormer-B5,person,GOPR0376/gopr0376_frame_000466.png,11663,0,/home/ace/Downloads/rgb_anon_trainvaltest/rgb_anon/night/train_ref/GOPR0376/GOPR0376_frame_000466_rgb_ref_anon.png,/home/ace/Downloads/rgb_anon_trainvaltest/rgb_anon/night/train/GOPR0376/GOPR0376_frame_000466_rgb_anon.png
acdc,SegFormer-B5,person,GOPR0376/gopr0376_frame_000472.png,4408,0,/home/ace/Downloads/rgb_anon_trainvaltest/rgb_anon/night/train_ref/GOPR0376/GOPR0376_frame_000472_rgb_ref_anon.png,/home/ace/Downloads/rgb_anon_trainvaltest/rgb_anon/night/train/GOPR0376/GOPR0376_frame_000472_rgb_anon.png
acdc,SegFormer-B5,person,GOPR0376/gopr0376_frame_000478.png,9899,9250,/home/ace/Downloads/rgb_anon_trainvaltest/rgb_anon/night/train_ref/GOPR0376/GOPR0376_frame_000478_rgb_ref_anon.png,/home/ace/Downloads/rgb_anon_trainvaltest/rgb_anon/night/train/GOPR0376/GOPR0376_frame_000478_rgb_anon.png
acdc,SegFormer-B5,person,GOPR0376/gopr0376_frame_000482.png,10426,3566,/home/ace/Downloads/rgb_anon_trainvaltest/rgb_anon/night/train_ref/GOPR0376/GOPR0376_frame_000482_rgb_ref_anon.png,/home/ace/Downloads/rgb_anon_trainvaltest/rgb_anon/night/train/GOPR0376/GOPR0376_frame_000482_rgb_anon.png
acdc,SegFormer-B5,person,GOPR0376/gopr0376_frame_000486.png,0,0,/home/ace/Downloads/rgb_anon_trainvaltest/rgb_anon/night/train_ref/GOPR0376/GOPR0376_frame_000486_rgb_ref_anon.png,/home/ace/Downloads/rgb_anon_trainvaltest/rgb_anon/night/train/GOPR0376/GOPR0376_frame_000486_rgb_anon.png
acdc,SegFormer-B5,person,GOPR0376/gopr0376_frame_000491.png,373,0,/home/ace/Downloads/rgb_anon_trainvaltest/rgb_anon/night/train_ref/GOPR0376/GOPR0376_frame_000491_rgb_ref_anon.png,/home/ace/Downloads/rgb_anon_trainvaltest/rgb_anon/night/train/GOPR0376/GOPR0376_frame_000491_rgb_anon.png
acdc,SegFormer-B5,person,GOPR0376/gopr0376_frame_000496.png,4287,153,/home/ace/Downloads/rgb_anon_trainvaltest/rgb_anon/night/train_ref/GOPR0376/GOPR0376_frame_000496_rgb_ref_anon.png,/home/ace/Downloads/rgb_anon_trainvaltest/rgb_anon/night/train/GOPR0376/GOPR0376_frame_000496_rgb_anon.png
acdc,SegFormer-B5,person,GOPR0376/gopr0376_frame_000507.png,447,12256,/home/ace/Downloads/rgb_anon_trainvaltest/rgb_anon/night/train_ref/GOPR0376/GOPR0376_frame_000507_rgb_ref_anon.png,/home/ace/Downloads/rgb_anon_trainvaltest/rgb_anon/night/train/GOPR0376/GOPR0376_frame_000507_rgb_anon.png
acdc,SegFormer-B5,person,GOPR0376/gopr0376_frame_000511.png,5834,41228,/home/ace/Downloads/rgb_anon_trainvaltest/rgb_anon/night/train_ref/GOPR0376/GOPR0376_frame_000511_rgb_ref_anon.png,/home/ace/Downloads/rgb_anon_trainvaltest/rgb_anon/night/train/GOPR0376/GOPR0376_frame_000511_rgb_anon.png
acdc,SegFormer-B5,person,GOPR0376/gopr0376_frame_000516.png,2048,0,/home/ace/Downloads/rgb_anon_trainvaltest/rgb_anon/night/train_ref/GOPR0376/GOPR0376_frame_000516_rgb_ref_anon.png,/home/ace/Downloads/rgb_anon_trainvaltest/rgb_anon/night/train/GOPR0376/GOPR0376_frame_000516_rgb_anon.png
acdc,SegFormer-B5,person,GOPR0376/gopr0376_frame_000533.png,0,28251,/home/ace/Downloads/rgb_anon_trainvaltest/rgb_anon/night/train_ref/GOPR0376/GOPR0376_frame_000533_rgb_ref_anon.png,/home/ace/Downloads/rgb_anon_trainvaltest/rgb_anon/night/train/GOPR0376/GOPR0376_frame_000533_rgb_anon.png
acdc,SegFormer-B5,person,GOPR0376/gopr0376_frame_000542.png,5210,5630,/home/ace/Downloads/rgb_anon_trainvaltest/rgb_anon/night/train_ref/GOPR0376/GOPR0376_frame_000542_rgb_ref_anon.png,/home/ace/Downloads/rgb_anon_trainvaltest/rgb_anon/night/train/GOPR0376/GOPR0376_frame_000542_rgb_anon.png
acdc,SegFormer-B5,person,GOPR0376/gopr0376_frame_000548.png,19894,2255,/home/ace/Downloads/rgb_anon_trainvaltest/rgb_anon/night/train_ref/GOPR0376/GOPR0376_frame_000548_rgb_ref_anon.png,/home/ace/Downloads/rgb_anon_trainvaltest/rgb_anon/night/train/GOPR0376/GOPR0376_frame_000548_rgb_anon.png
acdc,SegFormer-B5,person,GOPR0376/gopr0376_frame_000557.png,12123,4227,/home/ace/Downloads/rgb_anon_trainvaltest/rgb_anon/night/train_ref/GOPR0376/GOPR0376_frame_000557_rgb_ref_anon.png,/home/ace/Downloads/rgb_anon_trainvaltest/rgb_anon/night/train/GOPR0376/GOPR0376_frame_000557_rgb_anon.png
acdc,SegFormer-B5,person,GOPR0376/gopr0376_frame_000565.png,1623,0,/home/ace/Downloads/rgb_anon_trainvaltest/rgb_anon/night/train_ref/GOPR0376/GOPR0376_frame_000565_rgb_ref_anon.png,/home/ace/Downloads/rgb_anon_trainvaltest/rgb_anon/night/train/GOPR0376/GOPR0376_frame_000565_rgb_anon.png
acdc,SegFormer-B5,person,GOPR0376/gopr0376_frame_000570.png,40863,0,/home/ace/Downloads/rgb_anon_trainvaltest/rgb_anon/night/train_ref/GOPR0376/GOPR0376_frame_000570_rgb_ref_anon.png,/home/ace/Downloads/rgb_anon_trainvaltest/rgb_anon/night/train/GOPR0376/GOPR0376_frame_000570_rgb_anon.png
acdc,SegFormer-B5,person,GOPR0376/gopr0376_frame_000576.png,60366,11979,/home/ace/Downloads/rgb_anon_trainvaltest/rgb_anon/night/train_ref/GOPR0376/GOPR0376_frame_000576_rgb_ref_anon.png,/home/ace/Downloads/rgb_anon_trainvaltest/rgb_anon/night/train/GOPR0376/GOPR0376_frame_000576_rgb_anon.png
acdc,SegFormer-B5,person,GOPR0376/gopr0376_frame_000584.png,16333,8380,/home/ace/Downloads/rgb_anon_trainvaltest/rgb_anon/night/train_ref/GOPR0376/GOPR0376_frame_000584_rgb_ref_anon.png,/home/ace/Downloads/rgb_anon_trainvaltest/rgb_anon/night/train/GOPR0376/GOPR0376_frame_000584_rgb_anon.png
acdc,SegFormer-B5,person,GOPR0376/gopr0376_frame_000590.png,25573,9503,/home/ace/Downloads/rgb_anon_trainvaltest/rgb_anon/night/train_ref/GOPR0376/GOPR0376_frame_000590_rgb_ref_anon.png,/home/ace/Downloads/rgb_anon_trainvaltest/rgb_anon/night/train/GOPR0376/GOPR0376_frame_000590_rgb_anon.png
acdc,SegFormer-B5,person,GOPR0376/gopr0376_frame_000598.png,63484,17930,/home/ace/Downloads/rgb_anon_trainvaltest/rgb_anon/night/train_ref/GOPR0376/GOPR0376_frame_000598_rgb_ref_anon.png,/home/ace/Downloads/rgb_anon_trainvaltest/rgb_anon/night/train/GOPR0376/GOPR0376_frame_000598_rgb_anon.png
acdc,SegFormer-B5,person,GOPR0376/gopr0376_frame_000608.png,39191,14111,/home/ace/Downloads/rgb_anon_trainvaltest/rgb_anon/night/train_ref/GOPR0376/GOPR0376_frame_000608_rgb_ref_anon.png,/home/ace/Downloads/rgb_anon_trainvaltest/rgb_anon/night/train/GOPR0376/GOPR0376_frame_000608_rgb_anon.png
acdc,SegFormer-B5,person,GOPR0376/gopr0376_frame_000615.png,51028,16745,/home/ace/Downloads/rgb_anon_trainvaltest/rgb_anon/night/train_ref/GOPR0376/GOPR0376_frame_000615_rgb_ref_anon.png,/home/ace/Downloads/rgb_anon_trainvaltest/rgb_anon/night/train/GOPR0376/GOPR0376_frame_000615_rgb_anon.png
acdc,SegFormer-B5,person,GOPR0376/gopr0376_frame_000621.png,13738,1483,/home/ace/Downloads/rgb_anon_trainvaltest/rgb_anon/night/train_ref/GOPR0376/GOPR0376_frame_000621_rgb_ref_anon.png,/home/ace/Downloads/rgb_anon_trainvaltest/rgb_anon/night/train/GOPR0376/GOPR0376_frame_000621_rgb_anon.png
acdc,SegFormer-B5,person,GOPR0376/gopr0376_frame_000627.png,12928,1305,/home/ace/Downloads/rgb_anon_trainvaltest/rgb_anon/night/train_ref/GOPR0376/GOPR0376_frame_000627_rgb_ref_anon.png,/home/ace/Downloads/rgb_anon_trainvaltest/rgb_anon/night/train/GOPR0376/GOPR0376_frame_000627_rgb_anon.png
acdc,SegFormer-B5,person,GOPR0376/gopr0376_frame_000633.png,10903,30218,/home/ace/Downloads/rgb_anon_trainvaltest/rgb_anon/night/train_ref/GOPR0376/GOPR0376_frame_000633_rgb_ref_anon.png,/home/ace/Downloads/rgb_anon_trainvaltest/rgb_anon/night/train/GOPR0376/GOPR0376_frame_000633_rgb_anon.png
acdc,SegFormer-B5,person,GOPR0376/gopr0376_frame_000639.png,5811,4120,/home/ace/Downloads/rgb_anon_trainvaltest/rgb_anon/night/train_ref/GOPR0376/GOPR0376_frame_000639_rgb_ref_anon.png,/home/ace/Downloads/rgb_anon_trainvaltest/rgb_anon/night/train/GOPR0376/GOPR0376_frame_000639_rgb_anon.png
acdc,SegFormer-B5,person,GOPR0376/gopr0376_frame_000650.png,0,54748,/home/ace/Downloads/rgb_anon_trainvaltest/rgb_anon/night/train_ref/GOPR0376/GOPR0376_frame_000650_rgb_ref_anon.png,/home/ace/Downloads/rgb_anon_trainvaltest/rgb_anon/night/train/GOPR0376/GOPR0376_frame_000650_rgb_anon.png
acdc,SegFormer-B5,person,GOPR0376/gopr0376_frame_000657.png,294,0,/home/ace/Downloads/rgb_anon_trainvaltest/rgb_anon/night/train_ref/GOPR0376/GOPR0376_frame_000657_rgb_ref_anon.png,/home/ace/Downloads/rgb_anon_trainvaltest/rgb_anon/night/train/GOPR0376/GOPR0376_frame_000657_rgb_anon.png
acdc,SegFormer-B5,person,GOPR0376/gopr0376_frame_000663.png,0,0,/home/ace/Downloads/rgb_anon_trainvaltest/rgb_anon/night/train_ref/GOPR0376/GOPR0376_frame_000663_rgb_ref_anon.png,/home/ace/Downloads/rgb_anon_trainvaltest/rgb_anon/night/train/GOPR0376/GOPR0376_frame_000663_rgb_anon.png
acdc,SegFormer-B5,person,GOPR0376/gopr0376_frame_000678.png,60,1534,/home/ace/Downloads/rgb_anon_trainvaltest/rgb_anon/night/train_ref/GOPR0376/GOPR0376_frame_000678_rgb_ref_anon.png,/home/ace/Downloads/rgb_anon_trainvaltest/rgb_anon/night/train/GOPR0376/GOPR0376_frame_000678_rgb_anon.png
acdc,SegFormer-B5,person,GOPR0376/gopr0376_frame_000690.png,0,4042,/home/ace/Downloads/rgb_anon_trainvaltest/rgb_anon/night/train_ref/GOPR0376/GOPR0376_frame_000690_rgb_ref_anon.png,/home/ace/Downloads/rgb_anon_trainvaltest/rgb_anon/night/train/GOPR0376/GOPR0376_frame_000690_rgb_anon.png
acdc,SegFormer-B5,person,GOPR0376/gopr0376_frame_000695.png,78,0,/home/ace/Downloads/rgb_anon_trainvaltest/rgb_anon/night/train_ref/GOPR0376/GOPR0376_frame_000695_rgb_ref_anon.png,/home/ace/Downloads/rgb_anon_trainvaltest/rgb_anon/night/train/GOPR0376/GOPR0376_frame_000695_rgb_anon.png
acdc,SegFormer-B5,person,GOPR0376/gopr0376_frame_000699.png,41212,2687,/home/ace/Downloads/rgb_anon_trainvaltest/rgb_anon/night/train_ref/GOPR0376/GOPR0376_frame_000699_rgb_ref_anon.png,/home/ace/Downloads/rgb_anon_trainvaltest/rgb_anon/night/train/GOPR0376/GOPR0376_frame_000699_rgb_anon.png
acdc,SegFormer-B5,person,GOPR0376/gopr0376_frame_000703.png,7814,14012,/home/ace/Downloads/rgb_anon_trainvaltest/rgb_anon/night/train_ref/GOPR0376/GOPR0376_frame_000703_rgb_ref_anon.png,/home/ace/Downloads/rgb_anon_trainvaltest/rgb_anon/night/train/GOPR0376/GOPR0376_frame_000703_rgb_anon.png
acdc,SegFormer-B5,person,GOPR0376/gopr0376_frame_000709.png,8819,15957,/home/ace/Downloads/rgb_anon_trainvaltest/rgb_anon/night/train_ref/GOPR0376/GOPR0376_frame_000709_rgb_ref_anon.png,/home/ace/Downloads/rgb_anon_trainvaltest/rgb_anon/night/train/GOPR0376/GOPR0376_frame_000709_rgb_anon.png
acdc,SegFormer-B5,person,GOPR0376/gopr0376_frame_000715.png,3288,1026,/home/ace/Downloads/rgb_anon_trainvaltest/rgb_anon/night/train_ref/GOPR0376/GOPR0376_frame_000715_rgb_ref_anon.png,/home/ace/Downloads/rgb_anon_trainvaltest/rgb_anon/night/train/GOPR0376/GOPR0376_frame_000715_rgb_anon.png
acdc,SegFormer-B5,person,GOPR0376/gopr0376_frame_000721.png,22400,1940,/home/ace/Downloads/rgb_anon_trainvaltest/rgb_anon/night/train_ref/GOPR0376/GOPR0376_frame_000721_rgb_ref_anon.png,/home/ace/Downloads/rgb_anon_trainvaltest/rgb_anon/night/train/GOPR0376/GOPR0376_frame_000721_rgb_anon.png
acdc,SegFormer-B5,person,GOPR0376/gopr0376_frame_000727.png,1353,128,/home/ace/Downloads/rgb_anon_trainvaltest/rgb_anon/night/train_ref/GOPR0376/GOPR0376_frame_000727_rgb_ref_anon.png,/home/ace/Downloads/rgb_anon_trainvaltest/rgb_anon/night/train/GOPR0376/GOPR0376_frame_000727_rgb_anon.png
acdc,SegFormer-B5,person,GOPR0376/gopr0376_frame_000733.png,0,7854,/home/ace/Downloads/rgb_anon_trainvaltest/rgb_anon/night/train_ref/GOPR0376/GOPR0376_frame_000733_rgb_ref_anon.png,/home/ace/Downloads/rgb_anon_trainvaltest/rgb_anon/night/train/GOPR0376/GOPR0376_frame_000733_rgb_anon.png
acdc,SegFormer-B5,person,GOPR0376/gopr0376_frame_000744.png,0,0,/home/ace/Downloads/rgb_anon_trainvaltest/rgb_anon/night/train_ref/GOPR0376/GOPR0376_frame_000744_rgb_ref_anon.png,/home/ace/Downloads/rgb_anon_trainvaltest/rgb_anon/night/train/GOPR0376/GOPR0376_frame_000744_rgb_anon.png
acdc,SegFormer-B5,person,GOPR0376/gopr0376_frame_000749.png,1510,7365,/home/ace/Downloads/rgb_anon_trainvaltest/rgb_anon/night/train_ref/GOPR0376/GOPR0376_frame_000749_rgb_ref_anon.png,/home/ace/Downloads/rgb_anon_trainvaltest/rgb_anon/night/train/GOPR0376/GOPR0376_frame_000749_rgb_anon.png
acdc,SegFormer-B5,person,GOPR0376/gopr0376_frame_000759.png,0,238,/home/ace/Downloads/rgb_anon_trainvaltest/rgb_anon/night/train_ref/GOPR0376/GOPR0376_frame_000759_rgb_ref_anon.png,/home/ace/Downloads/rgb_anon_trainvaltest/rgb_anon/night/train/GOPR0376/GOPR0376_frame_000759_rgb_anon.png
acdc,SegFormer-B5,person,GOPR0376/gopr0376_frame_000764.png,0,0,/home/ace/Downloads/rgb_anon_trainvaltest/rgb_anon/night/train_ref/GOPR0376/GOPR0376_frame_000764_rgb_ref_anon.png,/home/ace/Downloads/rgb_anon_trainvaltest/rgb_anon/night/train/GOPR0376/GOPR0376_frame_000764_rgb_anon.png
acdc,SegFormer-B5,person,GOPR0376/gopr0376_frame_000769.png,3232,0,/home/ace/Downloads/rgb_anon_trainvaltest/rgb_anon/night/train_ref/GOPR0376/GOPR0376_frame_000769_rgb_ref_anon.png,/home/ace/Downloads/rgb_anon_trainvaltest/rgb_anon/night/train/GOPR0376/GOPR0376_frame_000769_rgb_anon.png
acdc,SegFormer-B5,person,GOPR0376/gopr0376_frame_000788.png,351,0,/home/ace/Downloads/rgb_anon_trainvaltest/rgb_anon/night/train_ref/GOPR0376/GOPR0376_frame_000788_rgb_ref_anon.png,/home/ace/Downloads/rgb_anon_trainvaltest/rgb_anon/night/train/GOPR0376/GOPR0376_frame_000788_rgb_anon.png
acdc,SegFormer-B5,person,GOPR0376/gopr0376_frame_000807.png,1142,6184,/home/ace/Downloads/rgb_anon_trainvaltest/rgb_anon/night/train_ref/GOPR0376/GOPR0376_frame_000807_rgb_ref_anon.png,/home/ace/Downloads/rgb_anon_trainvaltest/rgb_anon/night/train/GOPR0376/GOPR0376_frame_000807_rgb_anon.png
acdc,SegFormer-B5,person,GOPR0376/gopr0376_frame_000818.png,18905,1015,/home/ace/Downloads/rgb_anon_trainvaltest/rgb_anon/night/train_ref/GOPR0376/GOPR0376_frame_000818_rgb_ref_anon.png,/home/ace/Downloads/rgb_anon_trainvaltest/rgb_anon/night/train/GOPR0376/GOPR0376_frame_000818_rgb_anon.png
acdc,SegFormer-B5,person,GOPR0376/gopr0376_frame_000822.png,0,1146,/home/ace/Downloads/rgb_anon_trainvaltest/rgb_anon/night/train_ref/GOPR0376/GOPR0376_frame_000822_rgb_ref_anon.png,/home/ace/Downloads/rgb_anon_trainvaltest/rgb_anon/night/train/GOPR0376/GOPR0376_frame_000822_rgb_anon.png
acdc,SegFormer-B5,person,GOPR0376/gopr0376_frame_000826.png,2,7200,/home/ace/Downloads/rgb_anon_trainvaltest/rgb_anon/night/train_ref/GOPR0376/GOPR0376_frame_000826_rgb_ref_anon.png,/home/ace/Downloads/rgb_anon_trainvaltest/rgb_anon/night/train/GOPR0376/GOPR0376_frame_000826_rgb_anon.png
acdc,SegFormer-B5,person,GOPR0376/gopr0376_frame_000835.png,3879,0,/home/ace/Downloads/rgb_anon_trainvaltest/rgb_anon/night/train_ref/GOPR0376/GOPR0376_frame_000835_rgb_ref_anon.png,/home/ace/Downloads/rgb_anon_trainvaltest/rgb_anon/night/train/GOPR0376/GOPR0376_frame_000835_rgb_anon.png
acdc,SegFormer-B5,person,GOPR0376/gopr0376_frame_000843.png,0,242,/home/ace/Downloads/rgb_anon_trainvaltest/rgb_anon/night/train_ref/GOPR0376/GOPR0376_frame_000843_rgb_ref_anon.png,/home/ace/Downloads/rgb_anon_trainvaltest/rgb_anon/night/train/GOPR0376/GOPR0376_frame_000843_rgb_anon.png
acdc,SegFormer-B5,person,GOPR0376/gopr0376_frame_000847.png,0,0,/home/ace/Downloads/rgb_anon_trainvaltest/rgb_anon/night/train_ref/GOPR0376/GOPR0376_frame_000847_rgb_ref_anon.png,/home/ace/Downloads/rgb_anon_trainvaltest/rgb_anon/night/train/GOPR0376/GOPR0376_frame_000847_rgb_anon.png
acdc,SegFormer-B5,person,GOPR0376/gopr0376_frame_000851.png,456,0,/home/ace/Downloads/rgb_anon_trainvaltest/rgb_anon/night/train_ref/GOPR0376/GOPR0376_frame_000851_rgb_ref_anon.png,/home/ace/Downloads/rgb_anon_trainvaltest/rgb_anon/night/train/GOPR0376/GOPR0376_frame_000851_rgb_anon.png
acdc,SegFormer-B5,person,GOPR0376/gopr0376_frame_000857.png,587,0,/home/ace/Downloads/rgb_anon_trainvaltest/rgb_anon/night/train_ref/GOPR0376/GOPR0376_frame_000857_rgb_ref_anon.png,/home/ace/Downloads/rgb_anon_trainvaltest/rgb_anon/night/train/GOPR0376/GOPR0376_frame_000857_rgb_anon.png
acdc,SegFormer-B5,person,GOPR0376/gopr0376_frame_000862.png,405,5821,/home/ace/Downloads/rgb_anon_trainvaltest/rgb_anon/night/train_ref/GOPR0376/GOPR0376_frame_000862_rgb_ref_anon.png,/home/ace/Downloads/rgb_anon_trainvaltest/rgb_anon/night/train/GOPR0376/GOPR0376_frame_000862_rgb_anon.png
acdc,SegFormer-B5,person,GOPR0376/gopr0376_frame_000866.png,0,0,/home/ace/Downloads/rgb_anon_trainvaltest/rgb_anon/night/train_ref/GOPR0376/GOPR0376_frame_000866_rgb_ref_anon.png,/home/ace/Downloads/rgb_anon_trainvaltest/rgb_anon/night/train/GOPR0376/GOPR0376_frame_000866_rgb_anon.png
acdc,SegFormer-B5,person,GOPR0376/gopr0376_frame_000870.png,3708,0,/home/ace/Downloads/rgb_anon_trainvaltest/rgb_anon/night/train_ref/GOPR0376/GOPR0376_frame_000870_rgb_ref_anon.png,/home/ace/Downloads/rgb_anon_trainvaltest/rgb_anon/night/train/GOPR0376/GOPR0376_frame_000870_rgb_anon.png
acdc,SegFormer-B5,person,GOPR0376/gopr0376_frame_000874.png,201,0,/home/ace/Downloads/rgb_anon_trainvaltest/rgb_anon/night/train_ref/GOPR0376/GOPR0376_frame_000874_rgb_ref_anon.png,/home/ace/Downloads/rgb_anon_trainvaltest/rgb_anon/night/train/GOPR0376/GOPR0376_frame_000874_rgb_anon.png
acdc,SegFormer-B5,person,GOPR0376/gopr0376_frame_000878.png,1595,0,/home/ace/Downloads/rgb_anon_trainvaltest/rgb_anon/night/train_ref/GOPR0376/GOPR0376_frame_000878_rgb_ref_anon.png,/home/ace/Downloads/rgb_anon_trainvaltest/rgb_anon/night/train/GOPR0376/GOPR0376_frame_000878_rgb_anon.png
acdc,SegFormer-B5,person,GOPR0376/gopr0376_frame_000882.png,1621,0,/home/ace/Downloads/rgb_anon_trainvaltest/rgb_anon/night/train_ref/GOPR0376/GOPR0376_frame_000882_rgb_ref_anon.png,/home/ace/Downloads/rgb_anon_trainvaltest/rgb_anon/night/train/GOPR0376/GOPR0376_frame_000882_rgb_anon.png
acdc,SegFormer-B5,person,GOPR0376/gopr0376_frame_000887.png,4839,3165,/home/ace/Downloads/rgb_anon_trainvaltest/rgb_anon/night/train_ref/GOPR0376/GOPR0376_frame_000887_rgb_ref_anon.png,/home/ace/Downloads/rgb_anon_trainvaltest/rgb_anon/night/train/GOPR0376/GOPR0376_frame_000887_rgb_anon.png
acdc,SegFormer-B5,person,GOPR0376/gopr0376_frame_000909.png,7520,8386,/home/ace/Downloads/rgb_anon_trainvaltest/rgb_anon/night/train_ref/GOPR0376/GOPR0376_frame_000909_rgb_ref_anon.png,/home/ace/Downloads/rgb_anon_trainvaltest/rgb_anon/night/train/GOPR0376/GOPR0376_frame_000909_rgb_anon.png
acdc,SegFormer-B5,person,GOPR0376/gopr0376_frame_000916.png,28556,6289,/home/ace/Downloads/rgb_anon_trainvaltest/rgb_anon/night/train_ref/GOPR0376/GOPR0376_frame_000916_rgb_ref_anon.png,/home/ace/Downloads/rgb_anon_trainvaltest/rgb_anon/night/train/GOPR0376/GOPR0376_frame_000916_rgb_anon.png
acdc,SegFormer-B5,person,GOPR0376/gopr0376_frame_000922.png,0,0,/home/ace/Downloads/rgb_anon_trainvaltest/rgb_anon/night/train_ref/GOPR0376/GOPR0376_frame_000922_rgb_ref_anon.png,/home/ace/Downloads/rgb_anon_trainvaltest/rgb_anon/night/train/GOPR0376/GOPR0376_frame_000922_rgb_anon.png
acdc,SegFormer-B5,person,GOPR0376/gopr0376_frame_000927.png,0,516,/home/ace/Downloads/rgb_anon_trainvaltest/rgb_anon/night/train_ref/GOPR0376/GOPR0376_frame_000927_rgb_ref_anon.png,/home/ace/Downloads/rgb_anon_trainvaltest/rgb_anon/night/train/GOPR0376/GOPR0376_frame_000927_rgb_anon.png
acdc,SegFormer-B5,person,GOPR0376/gopr0376_frame_000936.png,1289,0,/home/ace/Downloads/rgb_anon_trainvaltest/rgb_anon/night/train_ref/GOPR0376/GOPR0376_frame_000936_rgb_ref_anon.png,/home/ace/Downloads/rgb_anon_trainvaltest/rgb_anon/night/train/GOPR0376/GOPR0376_frame_000936_rgb_anon.png
acdc,SegFormer-B5,person,GOPR0376/gopr0376_frame_000954.png,1296,225,/home/ace/Downloads/rgb_anon_trainvaltest/rgb_anon/night/train_ref/GOPR0376/GOPR0376_frame_000954_rgb_ref_anon.png,/home/ace/Downloads/rgb_anon_trainvaltest/rgb_anon/night/train/GOPR0376/GOPR0376_frame_000954_rgb_anon.png
acdc,SegFormer-B5,person,GOPR0376/gopr0376_frame_000959.png,0,0,/home/ace/Downloads/rgb_anon_trainvaltest/rgb_anon/night/train_ref/GOPR0376/GOPR0376_frame_000959_rgb_ref_anon.png,/home/ace/Downloads/rgb_anon_trainvaltest/rgb_anon/night/train/GOPR0376/GOPR0376_frame_000959_rgb_anon.png
acdc,SegFormer-B5,person,GOPR0376/gopr0376_frame_000963.png,0,1377,/home/ace/Downloads/rgb_anon_trainvaltest/rgb_anon/night/train_ref/GOPR0376/GOPR0376_frame_000963_rgb_ref_anon.png,/home/ace/Downloads/rgb_anon_trainvaltest/rgb_anon/night/train/GOPR0376/GOPR0376_frame_000963_rgb_anon.png
acdc,SegFormer-B5,person,GOPR0376/gopr0376_frame_000967.png,1493,524,/home/ace/Downloads/rgb_anon_trainvaltest/rgb_anon/night/train_ref/GOPR0376/GOPR0376_frame_000967_rgb_ref_anon.png,/home/ace/Downloads/rgb_anon_trainvaltest/rgb_anon/night/train/GOPR0376/GOPR0376_frame_000967_rgb_anon.png
acdc,SegFormer-B5,person,GOPR0376/gopr0376_frame_000971.png,0,0,/home/ace/Downloads/rgb_anon_trainvaltest/rgb_anon/night/train_ref/GOPR0376/GOPR0376_frame_000971_rgb_ref_anon.png,/home/ace/Downloads/rgb_anon_trainvaltest/rgb_anon/night/train/GOPR0376/GOPR0376_frame_000971_rgb_anon.png
acdc,SegFormer-B5,person,GOPR0376/gopr0376_frame_000975.png,0,0,/home/ace/Downloads/rgb_anon_trainvaltest/rgb_anon/night/train_ref/GOPR0376/GOPR0376_frame_000975_rgb_ref_anon.png,/home/ace/Downloads/rgb_anon_trainvaltest/rgb_anon/night/train/GOPR0376/GOPR0376_frame_000975_rgb_anon.png
acdc,SegFormer-B5,person,GOPR0376/gopr0376_frame_000979.png,7598,876,/home/ace/Downloads/rgb_anon_trainvaltest/rgb_anon/night/train_ref/GOPR0376/GOPR0376_frame_000979_rgb_ref_anon.png,/home/ace/Downloads/rgb_anon_trainvaltest/rgb_anon/night/train/GOPR0376/GOPR0376_frame_000979_rgb_anon.png
acdc,SegFormer-B5,person,GOPR0376/gopr0376_frame_000983.png,23,0,/home/ace/Downloads/rgb_anon_trainvaltest/rgb_anon/night/train_ref/GOPR0376/GOPR0376_frame_000983_rgb_ref_anon.png,/home/ace/Downloads/rgb_anon_trainvaltest/rgb_anon/night/train/GOPR0376/GOPR0376_frame_000983_rgb_anon.png
acdc,SegFormer-B5,person,GOPR0376/gopr0376_frame_000991.png,3696,0,/home/ace/Downloads/rgb_anon_trainvaltest/rgb_anon/night/train_ref/GOPR0376/GOPR0376_frame_000991_rgb_ref_anon.png,/home/ace/Downloads/rgb_anon_trainvaltest/rgb_anon/night/train/GOPR0376/GOPR0376_frame_000991_rgb_anon.png
acdc,SegFormer-B5,person,GOPR0376/gopr0376_frame_001001.png,0,0,/home/ace/Downloads/rgb_anon_trainvaltest/rgb_anon/night/train_ref/GOPR0376/GOPR0376_frame_001001_rgb_ref_anon.png,/home/ace/Downloads/rgb_anon_trainvaltest/rgb_anon/night/train/GOPR0376/GOPR0376_frame_001001_rgb_anon.png
acdc,SegFormer-B5,person,GOPR0376/gopr0376_frame_001005.png,0,421,/home/ace/Downloads/rgb_anon_trainvaltest/rgb_anon/night/train_ref/GOPR0376/GOPR0376_frame_001005_rgb_ref_anon.png,/home/ace/Downloads/rgb_anon_trainvaltest/rgb_anon/night/train/GOPR0376/GOPR0376_frame_001005_rgb_anon.png
acdc,SegFormer-B5,person,GOPR0376/gopr0376_frame_001009.png,1887,10447,/home/ace/Downloads/rgb_anon_trainvaltest/rgb_anon/night/train_ref/GOPR0376/GOPR0376_frame_001009_rgb_ref_anon.png,/home/ace/Downloads/rgb_anon_trainvaltest/rgb_anon/night/train/GOPR0376/GOPR0376_frame_001009_rgb_anon.png
acdc,SegFormer-B5,person,GOPR0376/gopr0376_frame_001013.png,0,165,/home/ace/Downloads/rgb_anon_trainvaltest/rgb_anon/night/train_ref/GOPR0376/GOPR0376_frame_001013_rgb_ref_anon.png,/home/ace/Downloads/rgb_anon_trainvaltest/rgb_anon/night/train/GOPR0376/GOPR0376_frame_001013_rgb_anon.png
acdc,SegFormer-B5,person,GOPR0376/gopr0376_frame_001017.png,45,7379,/home/ace/Downloads/rgb_anon_trainvaltest/rgb_anon/night/train_ref/GOPR0376/GOPR0376_frame_001017_rgb_ref_anon.png,/home/ace/Downloads/rgb_anon_trainvaltest/rgb_anon/night/train/GOPR0376/GOPR0376_frame_001017_rgb_anon.png
acdc,SegFormer-B5,person,GOPR0376/gopr0376_frame_001021.png,2859,523,/home/ace/Downloads/rgb_anon_trainvaltest/rgb_anon/night/train_ref/GOPR0376/GOPR0376_frame_001021_rgb_ref_anon.png,/home/ace/Downloads/rgb_anon_trainvaltest/rgb_anon/night/train/GOPR0376/GOPR0376_frame_001021_rgb_anon.png
acdc,SegFormer-B5,person,GOPR0376/gopr0376_frame_001025.png,2509,0,/home/ace/Downloads/rgb_anon_trainvaltest/rgb_anon/night/train_ref/GOPR0376/GOPR0376_frame_001025_rgb_ref_anon.png,/home/ace/Downloads/rgb_anon_trainvaltest/rgb_anon/night/train/GOPR0376/GOPR0376_frame_001025_rgb_anon.png
acdc,SegFormer-B5,person,GOPR0376/gopr0376_frame_001032.png,45723,4408,/home/ace/Downloads/rgb_anon_trainvaltest/rgb_anon/night/train_ref/GOPR0376/GOPR0376_frame_001032_rgb_ref_anon.png,/home/ace/Downloads/rgb_anon_trainvaltest/rgb_anon/night/train/GOPR0376/GOPR0376_frame_001032_rgb_anon.png
acdc,SegFormer-B5,person,GOPR0376/gopr0376_frame_001050.png,0,22730,/home/ace/Downloads/rgb_anon_trainvaltest/rgb_anon/night/train_ref/GOPR0376/GOPR0376_frame_001050_rgb_ref_anon.png,/home/ace/Downloads/rgb_anon_trainvaltest/rgb_anon/night/train/GOPR0376/GOPR0376_frame_001050_rgb_anon.png
acdc,SegFormer-B5,person,GOPR0376/gopr0376_frame_001054.png,0,0,/home/ace/Downloads/rgb_anon_trainvaltest/rgb_anon/night/train_ref/GOPR0376/GOPR0376_frame_001054_rgb_ref_anon.png,/home/ace/Downloads/rgb_anon_trainvaltest/rgb_anon/night/train/GOPR0376/GOPR0376_frame_001054_rgb_anon.png
acdc,SegFormer-B5,person,GOPR0376/gopr0376_frame_001058.png,314,0,/home/ace/Downloads/rgb_anon_trainvaltest/rgb_anon/night/train_ref/GOPR0376/GOPR0376_frame_001058_rgb_ref_anon.png,/home/ace/Downloads/rgb_anon_trainvaltest/rgb_anon/night/train/GOPR0376/GOPR0376_frame_001058_rgb_anon.png
acdc,SegFormer-B5,person,GP010376/gp010376_frame_000001.png,0,0,/home/ace/Downloads/rgb_anon_trainvaltest/rgb_anon/night/train_ref/GP010376/GP010376_frame_000001_rgb_ref_anon.png,/home/ace/Downloads/rgb_anon_trainvaltest/rgb_anon/night/train/GP010376/GP010376_frame_000001_rgb_anon.png
acdc,SegFormer-B5,person,GP010376/gp010376_frame_000005.png,0,1189,/home/ace/Downloads/rgb_anon_trainvaltest/rgb_anon/night/train_ref/GP010376/GP010376_frame_000005_rgb_ref_anon.png,/home/ace/Downloads/rgb_anon_trainvaltest/rgb_anon/night/train/GP010376/GP010376_frame_000005_rgb_anon.png
acdc,SegFormer-B5,person,GP010376/gp010376_frame_000009.png,0,54,/home/ace/Downloads/rgb_anon_trainvaltest/rgb_anon/night/train_ref/GP010376/GP010376_frame_000009_rgb_ref_anon.png,/home/ace/Downloads/rgb_anon_trainvaltest/rgb_anon/night/train/GP010376/GP010376_frame_000009_rgb_anon.png
acdc,SegFormer-B5,person,GP010376/gp010376_frame_000013.png,295,59,/home/ace/Downloads/rgb_anon_trainvaltest/rgb_anon/night/train_ref/GP010376/GP010376_frame_000013_rgb_ref_anon.png,/home/ace/Downloads/rgb_anon_trainvaltest/rgb_anon/night/train/GP010376/GP010376_frame_000013_rgb_anon.png
acdc,SegFormer-B5,person,GP010376/gp010376_frame_000020.png,0,132,/home/ace/Downloads/rgb_anon_trainvaltest/rgb_anon/night/train_ref/GP010376/GP010376_frame_000020_rgb_ref_anon.png,/home/ace/Downloads/rgb_anon_trainvaltest/rgb_anon/night/train/GP010376/GP010376_frame_000020_rgb_anon.png
acdc,SegFormer-B5,person,GP010376/gp010376_frame_000024.png,0,0,/home/ace/Downloads/rgb_anon_trainvaltest/rgb_anon/night/train_ref/GP010376/GP010376_frame_000024_rgb_ref_anon.png,/home/ace/Downloads/rgb_anon_trainvaltest/rgb_anon/night/train/GP010376/GP010376_frame_000024_rgb_anon.png
acdc,SegFormer-B5,person,GP010376/gp010376_frame_000028.png,0,0,/home/ace/Downloads/rgb_anon_trainvaltest/rgb_anon/night/train_ref/GP010376/GP010376_frame_000028_rgb_ref_anon.png,/home/ace/Downloads/rgb_anon_trainvaltest/rgb_anon/night/train/GP010376/GP010376_frame_000028_rgb_anon.png
acdc,SegFormer-B5,person,GP010376/gp010376_frame_000032.png,138,5208,/home/ace/Downloads/rgb_anon_trainvaltest/rgb_anon/night/train_ref/GP010376/GP010376_frame_000032_rgb_ref_anon.png,/home/ace/Downloads/rgb_anon_trainvaltest/rgb_anon/night/train/GP010376/GP010376_frame_000032_rgb_anon.png
acdc,SegFormer-B5,person,GP010376/gp010376_frame_000036.png,0,0,/home/ace/Downloads/rgb_anon_trainvaltest/rgb_anon/night/train_ref/GP010376/GP010376_frame_000036_rgb_ref_anon.png,/home/ace/Downloads/rgb_anon_trainvaltest/rgb_anon/night/train/GP010376/GP010376_frame_000036_rgb_anon.png
acdc,SegFormer-B5,person,GP010376/gp010376_frame_000040.png,196,0,/home/ace/Downloads/rgb_anon_trainvaltest/rgb_anon/night/train_ref/GP010376/GP010376_frame_000040_rgb_ref_anon.png,/home/ace/Downloads/rgb_anon_trainvaltest/rgb_anon/night/train/GP010376/GP010376_frame_000040_rgb_anon.png
acdc,SegFormer-B5,person,GP010376/gp010376_frame_000044.png,225,102,/home/ace/Downloads/rgb_anon_trainvaltest/rgb_anon/night/train_ref/GP010376/GP010376_frame_000044_rgb_ref_anon.png,/home/ace/Downloads/rgb_anon_trainvaltest/rgb_anon/night/train/GP010376/GP010376_frame_000044_rgb_anon.png
acdc,SegFormer-B5,person,GP010376/gp010376_frame_000049.png,1160,563,/home/ace/Downloads/rgb_anon_trainvaltest/rgb_anon/night/train_ref/GP010376/GP010376_frame_000049_rgb_ref_anon.png,/home/ace/Downloads/rgb_anon_trainvaltest/rgb_anon/night/train/GP010376/GP010376_frame_000049_rgb_anon.png
acdc,SegFormer-B5,person,GP010376/gp010376_frame_000084.png,125,1107,/home/ace/Downloads/rgb_anon_trainvaltest/rgb_anon/night/train_ref/GP010376/GP010376_frame_000084_rgb_ref_anon.png,/home/ace/Downloads/rgb_anon_trainvaltest/rgb_anon/night/train/GP010376/GP010376_frame_000084_rgb_anon.png
acdc,SegFormer-B5,person,GP010376/gp010376_frame_000124.png,0,70,/home/ace/Downloads/rgb_anon_trainvaltest/rgb_anon/night/train_ref/GP010376/GP010376_frame_000124_rgb_ref_anon.png,/home/ace/Downloads/rgb_anon_trainvaltest/rgb_anon/night/train/GP010376/GP010376_frame_000124_rgb_anon.png
acdc,SegFormer-B5,person,GP010376/gp010376_frame_000129.png,0,0,/home/ace/Downloads/rgb_anon_trainvaltest/rgb_anon/night/train_ref/GP010376/GP010376_frame_000129_rgb_ref_anon.png,/home/ace/Downloads/rgb_anon_trainvaltest/rgb_anon/night/train/GP010376/GP010376_frame_000129_rgb_anon.png
acdc,SegFormer-B5,person,GP010376/gp010376_frame_000133.png,350,1184,/home/ace/Downloads/rgb_anon_trainvaltest/rgb_anon/night/train_ref/GP010376/GP010376_frame_000133_rgb_ref_anon.png,/home/ace/Downloads/rgb_anon_trainvaltest/rgb_anon/night/train/GP010376/GP010376_frame_000133_rgb_anon.png
acdc,SegFormer-B5,person,GP010376/gp010376_frame_000137.png,0,1472,/home/ace/Downloads/rgb_anon_trainvaltest/rgb_anon/night/train_ref/GP010376/GP010376_frame_000137_rgb_ref_anon.png,/home/ace/Downloads/rgb_anon_trainvaltest/rgb_anon/night/train/GP010376/GP010376_frame_000137_rgb_anon.png
acdc,SegFormer-B5,person,GP010376/gp010376_frame_000141.png,935,0,/home/ace/Downloads/rgb_anon_trainvaltest/rgb_anon/night/train_ref/GP010376/GP010376_frame_000141_rgb_ref_anon.png,/home/ace/Downloads/rgb_anon_trainvaltest/rgb_anon/night/train/GP010376/GP010376_frame_000141_rgb_anon.png
acdc,SegFormer-B5,person,GP010376/gp010376_frame_000145.png,2800,335,/home/ace/Downloads/rgb_anon_trainvaltest/rgb_anon/night/train_ref/GP010376/GP010376_frame_000145_rgb_ref_anon.png,/home/ace/Downloads/rgb_anon_trainvaltest/rgb_anon/night/train/GP010376/GP010376_frame_000145_rgb_anon.png
acdc,SegFormer-B5,person,GP010376/gp010376_frame_000149.png,0,0,/home/ace/Downloads/rgb_anon_trainvaltest/rgb_anon/night/train_ref/GP010376/GP010376_frame_000149_rgb_ref_anon.png,/home/ace/Downloads/rgb_anon_trainvaltest/rgb_anon/night/train/GP010376/GP010376_frame_000149_rgb_anon.png
acdc,SegFormer-B5,person,GP010376/gp010376_frame_000153.png,0,6126,/home/ace/Downloads/rgb_anon_trainvaltest/rgb_anon/night/train_ref/GP010376/GP010376_frame_000153_rgb_ref_anon.png,/home/ace/Downloads/rgb_anon_trainvaltest/rgb_anon/night/train/GP010376/GP010376_frame_000153_rgb_anon.png
acdc,SegFormer-B5,person,GP010376/gp010376_frame_000171.png,0,3017,/home/ace/Downloads/rgb_anon_trainvaltest/rgb_anon/night/train_ref/GP010376/GP010376_frame_000171_rgb_ref_anon.png,/home/ace/Downloads/rgb_anon_trainvaltest/rgb_anon/night/train/GP010376/GP010376_frame_000171_rgb_anon.png
acdc,SegFormer-B5,person,GP010376/gp010376_frame_000177.png,11738,0,/home/ace/Downloads/rgb_anon_trainvaltest/rgb_anon/night/train_ref/GP010376/GP010376_frame_000177_rgb_ref_anon.png,/home/ace/Downloads/rgb_anon_trainvaltest/rgb_anon/night/train/GP010376/GP010376_frame_000177_rgb_anon.png
acdc,SegFormer-B5,person,GP010376/gp010376_frame_000181.png,0,0,/home/ace/Downloads/rgb_anon_trainvaltest/rgb_anon/night/train_ref/GP010376/GP010376_frame_000181_rgb_ref_anon.png,/home/ace/Downloads/rgb_anon_trainvaltest/rgb_anon/night/train/GP010376/GP010376_frame_000181_rgb_anon.png
acdc,SegFormer-B5,person,GP010376/gp010376_frame_000185.png,0,0,/home/ace/Downloads/rgb_anon_trainvaltest/rgb_anon/night/train_ref/GP010376/GP010376_frame_000185_rgb_ref_anon.png,/home/ace/Downloads/rgb_anon_trainvaltest/rgb_anon/night/train/GP010376/GP010376_frame_000185_rgb_anon.png
acdc,SegFormer-B5,person,GP010376/gp010376_frame_000189.png,10925,408,/home/ace/Downloads/rgb_anon_trainvaltest/rgb_anon/night/train_ref/GP010376/GP010376_frame_000189_rgb_ref_anon.png,/home/ace/Downloads/rgb_anon_trainvaltest/rgb_anon/night/train/GP010376/GP010376_frame_000189_rgb_anon.png
acdc,SegFormer-B5,person,GP010376/gp010376_frame_000193.png,0,0,/home/ace/Downloads/rgb_anon_trainvaltest/rgb_anon/night/train_ref/GP010376/GP010376_frame_000193_rgb_ref_anon.png,/home/ace/Downloads/rgb_anon_trainvaltest/rgb_anon/night/train/GP010376/GP010376_frame_000193_rgb_anon.png
acdc,SegFormer-B5,person,GP010376/gp010376_frame_000197.png,0,0,/home/ace/Downloads/rgb_anon_trainvaltest/rgb_anon/night/train_ref/GP010376/GP010376_frame_000197_rgb_ref_anon.png,/home/ace/Downloads/rgb_anon_trainvaltest/rgb_anon/night/train/GP010376/GP010376_frame_000197_rgb_anon.png
acdc,SegFormer-B5,person,GP010376/gp010376_frame_000201.png,503,2483,/home/ace/Downloads/rgb_anon_trainvaltest/rgb_anon/night/train_ref/GP010376/GP010376_frame_000201_rgb_ref_anon.png,/home/ace/Downloads/rgb_anon_trainvaltest/rgb_anon/night/train/GP010376/GP010376_frame_000201_rgb_anon.png
acdc,SegFormer-B5,person,GP010376/gp010376_frame_000206.png,0,13234,/home/ace/Downloads/rgb_anon_trainvaltest/rgb_anon/night/train_ref/GP010376/GP010376_frame_000206_rgb_ref_anon.png,/home/ace/Downloads/rgb_anon_trainvaltest/rgb_anon/night/train/GP010376/GP010376_frame_000206_rgb_anon.png
acdc,SegFormer-B5,person,GP010376/gp010376_frame_000213.png,1474,0,/home/ace/Downloads/rgb_anon_trainvaltest/rgb_anon/night/train_ref/GP010376/GP010376_frame_000213_rgb_ref_anon.png,/home/ace/Downloads/rgb_anon_trainvaltest/rgb_anon/night/train/GP010376/GP010376_frame_000213_rgb_anon.png
acdc,SegFormer-B5,person,GP010376/gp010376_frame_000219.png,0,0,/home/ace/Downloads/rgb_anon_trainvaltest/rgb_anon/night/train_ref/GP010376/GP010376_frame_000219_rgb_ref_anon.png,/home/ace/Downloads/rgb_anon_trainvaltest/rgb_anon/night/train/GP010376/GP010376_frame_000219_rgb_anon.png
acdc,SegFormer-B5,person,GP010376/gp010376_frame_000223.png,0,0,/home/ace/Downloads/rgb_anon_trainvaltest/rgb_anon/night/train_ref/GP010376/GP010376_frame_000223_rgb_ref_anon.png,/home/ace/Downloads/rgb_anon_trainvaltest/rgb_anon/night/train/GP010376/GP010376_frame_000223_rgb_anon.png
acdc,SegFormer-B5,person,GP010376/gp010376_frame_000227.png,0,0,/home/ace/Downloads/rgb_anon_trainvaltest/rgb_anon/night/train_ref/GP010376/GP010376_frame_000227_rgb_ref_anon.png,/home/ace/Downloads/rgb_anon_trainvaltest/rgb_anon/night/train/GP010376/GP010376_frame_000227_rgb_anon.png
acdc,SegFormer-B5,person,GP010376/gp010376_frame_000231.png,0,0,/home/ace/Downloads/rgb_anon_trainvaltest/rgb_anon/night/train_ref/GP010376/GP010376_frame_000231_rgb_ref_anon.png,/home/ace/Downloads/rgb_anon_trainvaltest/rgb_anon/night/train/GP010376/GP010376_frame_000231_rgb_anon.png
acdc,SegFormer-B5,person,GP010376/gp010376_frame_000235.png,0,0,/home/ace/Downloads/rgb_anon_trainvaltest/rgb_anon/night/train_ref/GP010376/GP010376_frame_000235_rgb_ref_anon.png,/home/ace/Downloads/rgb_anon_trainvaltest/rgb_anon/night/train/GP010376/GP010376_frame_000235_rgb_anon.png
acdc,SegFormer-B5,person,GP010376/gp010376_frame_000239.png,0,0,/home/ace/Downloads/rgb_anon_trainvaltest/rgb_anon/night/train_ref/GP010376/GP010376_frame_000239_rgb_ref_anon.png,/home/ace/Downloads/rgb_anon_trainvaltest/rgb_anon/night/train/GP010376/GP010376_frame_000239_rgb_anon.png
acdc,SegFormer-B5,person,GP010376/gp010376_frame_000243.png,0,0,/home/ace/Downloads/rgb_anon_trainvaltest/rgb_anon/night/train_ref/GP010376/GP010376_frame_000243_rgb_ref_anon.png,/home/ace/Downloads/rgb_anon_trainvaltest/rgb_anon/night/train/GP010376/GP010376_frame_000243_rgb_anon.png
acdc,SegFormer-B5,person,GP010376/gp010376_frame_000247.png,0,0,/home/ace/Downloads/rgb_anon_trainvaltest/rgb_anon/night/train_ref/GP010376/GP010376_frame_000247_rgb_ref_anon.png,/home/ace/Downloads/rgb_anon_trainvaltest/rgb_anon/night/train/GP010376/GP010376_frame_000247_rgb_anon.png
acdc,SegFormer-B5,person,GP010376/gp010376_frame_000251.png,0,0,/home/ace/Downloads/rgb_anon_trainvaltest/rgb_anon/night/train_ref/GP010376/GP010376_frame_000251_rgb_ref_anon.png,/home/ace/Downloads/rgb_anon_trainvaltest/rgb_anon/night/train/GP010376/GP010376_frame_000251_rgb_anon.png
acdc,SegFormer-B5,person,GP010376/gp010376_frame_000255.png,297,0,/home/ace/Downloads/rgb_anon_trainvaltest/rgb_anon/night/train_ref/GP010376/GP010376_frame_000255_rgb_ref_anon.png,/home/ace/Downloads/rgb_anon_trainvaltest/rgb_anon/night/train/GP010376/GP010376_frame_000255_rgb_anon.png
acdc,SegFormer-B5,person,GP010376/gp010376_frame_000259.png,0,0,/home/ace/Downloads/rgb_anon_trainvaltest/rgb_anon/night/train_ref/GP010376/GP010376_frame_000259_rgb_ref_anon.png,/home/ace/Downloads/rgb_anon_trainvaltest/rgb_anon/night/train/GP010376/GP010376_frame_000259_rgb_anon.png
acdc,SegFormer-B5,person,GP010376/gp010376_frame_000263.png,3,5984,/home/ace/Downloads/rgb_anon_trainvaltest/rgb_anon/night/train_ref/GP010376/GP010376_frame_000263_rgb_ref_anon.png,/home/ace/Downloads/rgb_anon_trainvaltest/rgb_anon/night/train/GP010376/GP010376_frame_000263_rgb_anon.png
acdc,SegFormer-B5,person,GP010376/gp010376_frame_000267.png,0,5331,/home/ace/Downloads/rgb_anon_trainvaltest/rgb_anon/night/train_ref/GP010376/GP010376_frame_000267_rgb_ref_anon.png,/home/ace/Downloads/rgb_anon_trainvaltest/rgb_anon/night/train/GP010376/GP010376_frame_000267_rgb_anon.png
acdc,SegFormer-B5,person,GP010376/gp010376_frame_000271.png,0,162,/home/ace/Downloads/rgb_anon_trainvaltest/rgb_anon/night/train_ref/GP010376/GP010376_frame_000271_rgb_ref_anon.png,/home/ace/Downloads/rgb_anon_trainvaltest/rgb_anon/night/train/GP010376/GP010376_frame_000271_rgb_anon.png
acdc,SegFormer-B5,person,GP010376/gp010376_frame_000275.png,0,0,/home/ace/Downloads/rgb_anon_trainvaltest/rgb_anon/night/train_ref/GP010376/GP010376_frame_000275_rgb_ref_anon.png,/home/ace/Downloads/rgb_anon_trainvaltest/rgb_anon/night/train/GP010376/GP010376_frame_000275_rgb_anon.png
acdc,SegFormer-B5,person,GP010376/gp010376_frame_000279.png,0,0,/home/ace/Downloads/rgb_anon_trainvaltest/rgb_anon/night/train_ref/GP010376/GP010376_frame_000279_rgb_ref_anon.png,/home/ace/Downloads/rgb_anon_trainvaltest/rgb_anon/night/train/GP010376/GP010376_frame_000279_rgb_anon.png
acdc,SegFormer-B5,person,GP010376/gp010376_frame_000283.png,364,0,/home/ace/Downloads/rgb_anon_trainvaltest/rgb_anon/night/train_ref/GP010376/GP010376_frame_000283_rgb_ref_anon.png,/home/ace/Downloads/rgb_anon_trainvaltest/rgb_anon/night/train/GP010376/GP010376_frame_000283_rgb_anon.png
acdc,SegFormer-B5,person,GP010376/gp010376_frame_000287.png,30,0,/home/ace/Downloads/rgb_anon_trainvaltest/rgb_anon/night/train_ref/GP010376/GP010376_frame_000287_rgb_ref_anon.png,/home/ace/Downloads/rgb_anon_trainvaltest/rgb_anon/night/train/GP010376/GP010376_frame_000287_rgb_anon.png
acdc,SegFormer-B5,person,GP010376/gp010376_frame_000291.png,0,0,/home/ace/Downloads/rgb_anon_trainvaltest/rgb_anon/night/train_ref/GP010376/GP010376_frame_000291_rgb_ref_anon.png,/home/ace/Downloads/rgb_anon_trainvaltest/rgb_anon/night/train/GP010376/GP010376_frame_000291_rgb_anon.png
acdc,SegFormer-B5,person,GP010376/gp010376_frame_000295.png,0,0,/home/ace/Downloads/rgb_anon_trainvaltest/rgb_anon/night/train_ref/GP010376/GP010376_frame_000295_rgb_ref_anon.png,/home/ace/Downloads/rgb_anon_trainvaltest/rgb_anon/night/train/GP010376/GP010376_frame_000295_rgb_anon.png
acdc,SegFormer-B5,person,GP010376/gp010376_frame_000299.png,0,0,/home/ace/Downloads/rgb_anon_trainvaltest/rgb_anon/night/train_ref/GP010376/GP010376_frame_000299_rgb_ref_anon.png,/home/ace/Downloads/rgb_anon_trainvaltest/rgb_anon/night/train/GP010376/GP010376_frame_000299_rgb_anon.png
acdc,SegFormer-B5,person,GP010376/gp010376_frame_000303.png,0,0,/home/ace/Downloads/rgb_anon_trainvaltest/rgb_anon/night/train_ref/GP010376/GP010376_frame_000303_rgb_ref_anon.png,/home/ace/Downloads/rgb_anon_trainvaltest/rgb_anon/night/train/GP010376/GP010376_frame_000303_rgb_anon.png
acdc,SegFormer-B5,person,GP010376/gp010376_frame_000307.png,0,0,/home/ace/Downloads/rgb_anon_trainvaltest/rgb_anon/night/train_ref/GP010376/GP010376_frame_000307_rgb_ref_anon.png,/home/ace/Downloads/rgb_anon_trainvaltest/rgb_anon/night/train/GP010376/GP010376_frame_000307_rgb_anon.png
acdc,SegFormer-B5,person,GP010376/gp010376_frame_000311.png,0,0,/home/ace/Downloads/rgb_anon_trainvaltest/rgb_anon/night/train_ref/GP010376/GP010376_frame_000311_rgb_ref_anon.png,/home/ace/Downloads/rgb_anon_trainvaltest/rgb_anon/night/train/GP010376/GP010376_frame_000311_rgb_anon.png
acdc,SegFormer-B5,person,GP010376/gp010376_frame_000319.png,0,0,/home/ace/Downloads/rgb_anon_trainvaltest/rgb_anon/night/train_ref/GP010376/GP010376_frame_000319_rgb_ref_anon.png,/home/ace/Downloads/rgb_anon_trainvaltest/rgb_anon/night/train/GP010376/GP010376_frame_000319_rgb_anon.png
acdc,SegFormer-B5,person,GP010397/gp010397_frame_000037.png,4193,13075,/home/ace/Downloads/rgb_anon_trainvaltest/rgb_anon/night/train_ref/GP010397/GP010397_frame_000037_rgb_ref_anon.png,/home/ace/Downloads/rgb_anon_trainvaltest/rgb_anon/night/train/GP010397/GP010397_frame_000037_rgb_anon.png
acdc,SegFormer-B5,person,GP010397/gp010397_frame_000056.png,5814,9343,/home/ace/Downloads/rgb_anon_trainvaltest/rgb_anon/night/train_ref/GP010397/GP010397_frame_000056_rgb_ref_anon.png,/home/ace/Downloads/rgb_anon_trainvaltest/rgb_anon/night/train/GP010397/GP010397_frame_000056_rgb_anon.png
acdc,SegFormer-B5,person,GP010397/gp010397_frame_000063.png,843,155,/home/ace/Downloads/rgb_anon_trainvaltest/rgb_anon/night/train_ref/GP010397/GP010397_frame_000063_rgb_ref_anon.png,/home/ace/Downloads/rgb_anon_trainvaltest/rgb_anon/night/train/GP010397/GP010397_frame_000063_rgb_anon.png
acdc,SegFormer-B5,person,GP010397/gp010397_frame_000074.png,0,0,/home/ace/Downloads/rgb_anon_trainvaltest/rgb_anon/night/train_ref/GP010397/GP010397_frame_000074_rgb_ref_anon.png,/home/ace/Downloads/rgb_anon_trainvaltest/rgb_anon/night/train/GP010397/GP010397_frame_000074_rgb_anon.png
acdc,SegFormer-B5,person,GP010397/gp010397_frame_000080.png,1579,3485,/home/ace/Downloads/rgb_anon_trainvaltest/rgb_anon/night/train_ref/GP010397/GP010397_frame_000080_rgb_ref_anon.png,/home/ace/Downloads/rgb_anon_trainvaltest/rgb_anon/night/train/GP010397/GP010397_frame_000080_rgb_anon.png
acdc,SegFormer-B5,person,GP010397/gp010397_frame_000096.png,0,0,/home/ace/Downloads/rgb_anon_trainvaltest/rgb_anon/night/train_ref/GP010397/GP010397_frame_000096_rgb_ref_anon.png,/home/ace/Downloads/rgb_anon_trainvaltest/rgb_anon/night/train/GP010397/GP010397_frame_000096_rgb_anon.png
acdc,SegFormer-B5,person,GP010397/gp010397_frame_000102.png,0,0,/home/ace/Downloads/rgb_anon_trainvaltest/rgb_anon/night/train_ref/GP010397/GP010397_frame_000102_rgb_ref_anon.png,/home/ace/Downloads/rgb_anon_trainvaltest/rgb_anon/night/train/GP010397/GP010397_frame_000102_rgb_anon.png
acdc,SegFormer-B5,person,GP010397/gp010397_frame_000127.png,443,7947,/home/ace/Downloads/rgb_anon_trainvaltest/rgb_anon/night/train_ref/GP010397/GP010397_frame_000127_rgb_ref_anon.png,/home/ace/Downloads/rgb_anon_trainvaltest/rgb_anon/night/train/GP010397/GP010397_frame_000127_rgb_anon.png
acdc,SegFormer-B5,person,GP010397/gp010397_frame_000166.png,0,0,/home/ace/Downloads/rgb_anon_trainvaltest/rgb_anon/night/train_ref/GP010397/GP010397_frame_000166_rgb_ref_anon.png,/home/ace/Downloads/rgb_anon_trainvaltest/rgb_anon/night/train/GP010397/GP010397_frame_000166_rgb_anon.png
acdc,SegFormer-B5,person,GP010397/gp010397_frame_000171.png,0,1907,/home/ace/Downloads/rgb_anon_trainvaltest/rgb_anon/night/train_ref/GP010397/GP010397_frame_000171_rgb_ref_anon.png,/home/ace/Downloads/rgb_anon_trainvaltest/rgb_anon/night/train/GP010397/GP010397_frame_000171_rgb_anon.png
acdc,SegFormer-B5,person,GP010397/gp010397_frame_000176.png,0,264,/home/ace/Downloads/rgb_anon_trainvaltest/rgb_anon/night/train_ref/GP010397/GP010397_frame_000176_rgb_ref_anon.png,/home/ace/Downloads/rgb_anon_trainvaltest/rgb_anon/night/train/GP010397/GP010397_frame_000176_rgb_anon.png
acdc,SegFormer-B5,person,GP010397/gp010397_frame_000182.png,0,0,/home/ace/Downloads/rgb_anon_trainvaltest/rgb_anon/night/train_ref/GP010397/GP010397_frame_000182_rgb_ref_anon.png,/home/ace/Downloads/rgb_anon_trainvaltest/rgb_anon/night/train/GP010397/GP010397_frame_000182_rgb_anon.png
acdc,SegFormer-B5,person,GP010397/gp010397_frame_000193.png,10901,0,/home/ace/Downloads/rgb_anon_trainvaltest/rgb_anon/night/train_ref/GP010397/GP010397_frame_000193_rgb_ref_anon.png,/home/ace/Downloads/rgb_anon_trainvaltest/rgb_anon/night/train/GP010397/GP010397_frame_000193_rgb_anon.png
acdc,SegFormer-B5,person,GP010397/gp010397_frame_000198.png,111,0,/home/ace/Downloads/rgb_anon_trainvaltest/rgb_anon/night/train_ref/GP010397/GP010397_frame_000198_rgb_ref_anon.png,/home/ace/Downloads/rgb_anon_trainvaltest/rgb_anon/night/train/GP010397/GP010397_frame_000198_rgb_anon.png
acdc,SegFormer-B5,person,GP010397/gp010397_frame_000211.png,0,385,/home/ace/Downloads/rgb_anon_trainvaltest/rgb_anon/night/train_ref/GP010397/GP010397_frame_000211_rgb_ref_anon.png,/home/ace/Downloads/rgb_anon_trainvaltest/rgb_anon/night/train/GP010397/GP010397_frame_000211_rgb_anon.png
acdc,SegFormer-B5,person,GP010397/gp010397_frame_000216.png,0,0,/home/ace/Downloads/rgb_anon_trainvaltest/rgb_anon/night/train_ref/GP010397/GP010397_frame_000216_rgb_ref_anon.png,/home/ace/Downloads/rgb_anon_trainvaltest/rgb_anon/night/train/GP010397/GP010397_frame_000216_rgb_anon.png
acdc,SegFormer-B5,person,GP010397/gp010397_frame_000222.png,0,187,/home/ace/Downloads/rgb_anon_trainvaltest/rgb_anon/night/train_ref/GP010397/GP010397_frame_000222_rgb_ref_anon.png,/home/ace/Downloads/rgb_anon_trainvaltest/rgb_anon/night/train/GP010397/GP010397_frame_000222_rgb_anon.png
acdc,SegFormer-B5,person,GP010397/gp010397_frame_000276.png,66839,1490,/home/ace/Downloads/rgb_anon_trainvaltest/rgb_anon/night/train_ref/GP010397/GP010397_frame_000276_rgb_ref_anon.png,/home/ace/Downloads/rgb_anon_trainvaltest/rgb_anon/night/train/GP010397/GP010397_frame_000276_rgb_anon.png
acdc,SegFormer-B5,person,GP010397/gp010397_frame_000337.png,133426,6004,/home/ace/Downloads/rgb_anon_trainvaltest/rgb_anon/night/train_ref/GP010397/GP010397_frame_000337_rgb_ref_anon.png,/home/ace/Downloads/rgb_anon_trainvaltest/rgb_anon/night/train/GP010397/GP010397_frame_000337_rgb_anon.png
acdc,SegFormer-B5,person,GP010397/gp010397_frame_000401.png,2079,7478,/home/ace/Downloads/rgb_anon_trainvaltest/rgb_anon/night/train_ref/GP010397/GP010397_frame_000401_rgb_ref_anon.png,/home/ace/Downloads/rgb_anon_trainvaltest/rgb_anon/night/train/GP010397/GP010397_frame_000401_rgb_anon.png
acdc,SegFormer-B5,person,GP010397/gp010397_frame_000411.png,24680,1196,/home/ace/Downloads/rgb_anon_trainvaltest/rgb_anon/night/train_ref/GP010397/GP010397_frame_000411_rgb_ref_anon.png,/home/ace/Downloads/rgb_anon_trainvaltest/rgb_anon/night/train/GP010397/GP010397_frame_000411_rgb_anon.png
acdc,SegFormer-B5,person,GP010397/gp010397_frame_000444.png,11399,3692,/home/ace/Downloads/rgb_anon_trainvaltest/rgb_anon/night/train_ref/GP010397/GP010397_frame_000444_rgb_ref_anon.png,/home/ace/Downloads/rgb_anon_trainvaltest/rgb_anon/night/train/GP010397/GP010397_frame_000444_rgb_anon.png
acdc,SegFormer-B5,person,GP010397/gp010397_frame_000464.png,0,0,/home/ace/Downloads/rgb_anon_trainvaltest/rgb_anon/night/train_ref/GP010397/GP010397_frame_000464_rgb_ref_anon.png,/home/ace/Downloads/rgb_anon_trainvaltest/rgb_anon/night/train/GP010397/GP010397_frame_000464_rgb_anon.png
acdc,SegFormer-B5,person,GP010397/gp010397_frame_000498.png,1,0,/home/ace/Downloads/rgb_anon_trainvaltest/rgb_anon/night/train_ref/GP010397/GP010397_frame_000498_rgb_ref_anon.png,/home/ace/Downloads/rgb_anon_trainvaltest/rgb_anon/night/train/GP010397/GP010397_frame_000498_rgb_anon.png
acdc,SegFormer-B5,person,GP010397/gp010397_frame_000558.png,0,0,/home/ace/Downloads/rgb_anon_trainvaltest/rgb_anon/night/train_ref/GP010397/GP010397_frame_000558_rgb_ref_anon.png,/home/ace/Downloads/rgb_anon_trainvaltest/rgb_anon/night/train/GP010397/GP010397_frame_000558_rgb_anon.png
acdc,SegFormer-B5,person,GP010397/gp010397_frame_000565.png,20,1552,/home/ace/Downloads/rgb_anon_trainvaltest/rgb_anon/night/train_ref/GP010397/GP010397_frame_000565_rgb_ref_anon.png,/home/ace/Downloads/rgb_anon_trainvaltest/rgb_anon/night/train/GP010397/GP010397_frame_000565_rgb_anon.png
acdc,SegFormer-B5,person,GP010397/gp010397_frame_000577.png,8075,1773,/home/ace/Downloads/rgb_anon_trainvaltest/rgb_anon/night/train_ref/GP010397/GP010397_frame_000577_rgb_ref_anon.png,/home/ace/Downloads/rgb_anon_trainvaltest/rgb_anon/night/train/GP010397/GP010397_frame_000577_rgb_anon.png
acdc,SegFormer-B5,person,GP010397/gp010397_frame_000597.png,419,0,/home/ace/Downloads/rgb_anon_trainvaltest/rgb_anon/night/train_ref/GP010397/GP010397_frame_000597_rgb_ref_anon.png,/home/ace/Downloads/rgb_anon_trainvaltest/rgb_anon/night/train/GP010397/GP010397_frame_000597_rgb_anon.png
acdc,SegFormer-B5,person,GP010397/gp010397_frame_000630.png,1109,90,/home/ace/Downloads/rgb_anon_trainvaltest/rgb_anon/night/train_ref/GP010397/GP010397_frame_000630_rgb_ref_anon.png,/home/ace/Downloads/rgb_anon_trainvaltest/rgb_anon/night/train/GP010397/GP010397_frame_000630_rgb_anon.png
acdc,SegFormer-B5,person,GP010397/gp010397_frame_000636.png,0,0,/home/ace/Downloads/rgb_anon_trainvaltest/rgb_anon/night/train_ref/GP010397/GP010397_frame_000636_rgb_ref_anon.png,/home/ace/Downloads/rgb_anon_trainvaltest/rgb_anon/night/train/GP010397/GP010397_frame_000636_rgb_anon.png
acdc,SegFormer-B5,person,GP010397/gp010397_frame_000663.png,0,0,/home/ace/Downloads/rgb_anon_trainvaltest/rgb_anon/night/train_ref/GP010397/GP010397_frame_000663_rgb_ref_anon.png,/home/ace/Downloads/rgb_anon_trainvaltest/rgb_anon/night/train/GP010397/GP010397_frame_000663_rgb_anon.png
acdc,SegFormer-B5,person,GP010397/gp010397_frame_000685.png,0,5387,/home/ace/Downloads/rgb_anon_trainvaltest/rgb_anon/night/train_ref/GP010397/GP010397_frame_000685_rgb_ref_anon.png,/home/ace/Downloads/rgb_anon_trainvaltest/rgb_anon/night/train/GP010397/GP010397_frame_000685_rgb_anon.png
acdc,SegFormer-B5,person,GP010397/gp010397_frame_000697.png,6279,35313,/home/ace/Downloads/rgb_anon_trainvaltest/rgb_anon/night/train_ref/GP010397/GP010397_frame_000697_rgb_ref_anon.png,/home/ace/Downloads/rgb_anon_trainvaltest/rgb_anon/night/train/GP010397/GP010397_frame_000697_rgb_anon.png
acdc,SegFormer-B5,person,GP010397/gp010397_frame_000717.png,8220,0,/home/ace/Downloads/rgb_anon_trainvaltest/rgb_anon/night/train_ref/GP010397/GP010397_frame_000717_rgb_ref_anon.png,/home/ace/Downloads/rgb_anon_trainvaltest/rgb_anon/night/train/GP010397/GP010397_frame_000717_rgb_anon.png
acdc,SegFormer-B5,person,GP010397/gp010397_frame_000728.png,0,0,/home/ace/Downloads/rgb_anon_trainvaltest/rgb_anon/night/train_ref/GP010397/GP010397_frame_000728_rgb_ref_anon.png,/home/ace/Downloads/rgb_anon_trainvaltest/rgb_anon/night/train/GP010397/GP010397_frame_000728_rgb_anon.png
acdc,SegFormer-B5,person,GP010397/gp010397_frame_000735.png,1727,0,/home/ace/Downloads/rgb_anon_trainvaltest/rgb_anon/night/train_ref/GP010397/GP010397_frame_000735_rgb_ref_anon.png,/home/ace/Downloads/rgb_anon_trainvaltest/rgb_anon/night/train/GP010397/GP010397_frame_000735_rgb_anon.png
acdc,SegFormer-B5,person,GP010397/gp010397_frame_000775.png,6529,0,/home/ace/Downloads/rgb_anon_trainvaltest/rgb_anon/night/train_ref/GP010397/GP010397_frame_000775_rgb_ref_anon.png,/home/ace/Downloads/rgb_anon_trainvaltest/rgb_anon/night/train/GP010397/GP010397_frame_000775_rgb_anon.png
acdc,SegFormer-B5,person,GP010397/gp010397_frame_000796.png,389,50,/home/ace/Downloads/rgb_anon_trainvaltest/rgb_anon/night/train_ref/GP010397/GP010397_frame_000796_rgb_ref_anon.png,/home/ace/Downloads/rgb_anon_trainvaltest/rgb_anon/night/train/GP010397/GP010397_frame_000796_rgb_anon.png
acdc,SegFormer-B5,person,GP010397/gp010397_frame_000800.png,248,2826,/home/ace/Downloads/rgb_anon_trainvaltest/rgb_anon/night/train_ref/GP010397/GP010397_frame_000800_rgb_ref_anon.png,/home/ace/Downloads/rgb_anon_trainvaltest/rgb_anon/night/train/GP010397/GP010397_frame_000800_rgb_anon.png
acdc,SegFormer-B5,person,GP010397/gp010397_frame_000810.png,54060,310,/home/ace/Downloads/rgb_anon_trainvaltest/rgb_anon/night/train_ref/GP010397/GP010397_frame_000810_rgb_ref_anon.png,/home/ace/Downloads/rgb_anon_trainvaltest/rgb_anon/night/train/GP010397/GP010397_frame_000810_rgb_anon.png
acdc,SegFormer-B5,person,GP010397/gp010397_frame_000835.png,0,0,/home/ace/Downloads/rgb_anon_trainvaltest/rgb_anon/night/train_ref/GP010397/GP010397_frame_000835_rgb_ref_anon.png,/home/ace/Downloads/rgb_anon_trainvaltest/rgb_anon/night/train/GP010397/GP010397_frame_000835_rgb_anon.png
acdc,SegFormer-B5,person,GP010397/gp010397_frame_000849.png,0,0,/home/ace/Downloads/rgb_anon_trainvaltest/rgb_anon/night/train_ref/GP010397/GP010397_frame_000849_rgb_ref_anon.png,/home/ace/Downloads/rgb_anon_trainvaltest/rgb_anon/night/train/GP010397/GP010397_frame_000849_rgb_anon.png
acdc,SegFormer-B5,person,GP010397/gp010397_frame_000864.png,0,511,/home/ace/Downloads/rgb_anon_trainvaltest/rgb_anon/night/train_ref/GP010397/GP010397_frame_000864_rgb_ref_anon.png,/home/ace/Downloads/rgb_anon_trainvaltest/rgb_anon/night/train/GP010397/GP010397_frame_000864_rgb_anon.png
acdc,SegFormer-B5,person,GP010397/gp010397_frame_000869.png,0,0,/home/ace/Downloads/rgb_anon_trainvaltest/rgb_anon/night/train_ref/GP010397/GP010397_frame_000869_rgb_ref_anon.png,/home/ace/Downloads/rgb_anon_trainvaltest/rgb_anon/night/train/GP010397/GP010397_frame_000869_rgb_anon.png
acdc,SegFormer-B5,person,GP010397/gp010397_frame_000902.png,4,0,/home/ace/Downloads/rgb_anon_trainvaltest/rgb_anon/night/train_ref/GP010397/GP010397_frame_000902_rgb_ref_anon.png,/home/ace/Downloads/rgb_anon_trainvaltest/rgb_anon/night/train/GP010397/GP010397_frame_000902_rgb_anon.png
acdc,SegFormer-B5,person,GP010397/gp010397_frame_000906.png,3640,1778,/home/ace/Downloads/rgb_anon_trainvaltest/rgb_anon/night/train_ref/GP010397/GP010397_frame_000906_rgb_ref_anon.png,/home/ace/Downloads/rgb_anon_trainvaltest/rgb_anon/night/train/GP010397/GP010397_frame_000906_rgb_anon.png
acdc,SegFormer-B5,person,GP010397/gp010397_frame_000910.png,430,6076,/home/ace/Downloads/rgb_anon_trainvaltest/rgb_anon/night/train_ref/GP010397/GP010397_frame_000910_rgb_ref_anon.png,/home/ace/Downloads/rgb_anon_trainvaltest/rgb_anon/night/train/GP010397/GP010397_frame_000910_rgb_anon.png
acdc,SegFormer-B5,person,GP010397/gp010397_frame_000922.png,0,0,/home/ace/Downloads/rgb_anon_trainvaltest/rgb_anon/night/train_ref/GP010397/GP010397_frame_000922_rgb_ref_anon.png,/home/ace/Downloads/rgb_anon_trainvaltest/rgb_anon/night/train/GP010397/GP010397_frame_000922_rgb_anon.png
acdc,SegFormer-B5,person,GP010397/gp010397_frame_000938.png,1687,2425,/home/ace/Downloads/rgb_anon_trainvaltest/rgb_anon/night/train_ref/GP010397/GP010397_frame_000938_rgb_ref_anon.png,/home/ace/Downloads/rgb_anon_trainvaltest/rgb_anon/night/train/GP010397/GP010397_frame_000938_rgb_anon.png
acdc,SegFormer-B5,person,GP010397/gp010397_frame_000946.png,0,0,/home/ace/Downloads/rgb_anon_trainvaltest/rgb_anon/night/train_ref/GP010397/GP010397_frame_000946_rgb_ref_anon.png,/home/ace/Downloads/rgb_anon_trainvaltest/rgb_anon/night/train/GP010397/GP010397_frame_000946_rgb_anon.png
acdc,SegFormer-B5,person,GP010397/gp010397_frame_000950.png,47,55,/home/ace/Downloads/rgb_anon_trainvaltest/rgb_anon/night/train_ref/GP010397/GP010397_frame_000950_rgb_ref_anon.png,/home/ace/Downloads/rgb_anon_trainvaltest/rgb_anon/night/train/GP010397/GP010397_frame_000950_rgb_anon.png
acdc,SegFormer-B5,person,GP010397/gp010397_frame_000962.png,2111,2854,/home/ace/Downloads/rgb_anon_trainvaltest/rgb_anon/night/train_ref/GP010397/GP010397_frame_000962_rgb_ref_anon.png,/home/ace/Downloads/rgb_anon_trainvaltest/rgb_anon/night/train/GP010397/GP010397_frame_000962_rgb_anon.png
acdc,SegFormer-B5,person,GP010397/gp010397_frame_000970.png,0,182,/home/ace/Downloads/rgb_anon_trainvaltest/rgb_anon/night/train_ref/GP010397/GP010397_frame_000970_rgb_ref_anon.png,/home/ace/Downloads/rgb_anon_trainvaltest/rgb_anon/night/train/GP010397/GP010397_frame_000970_rgb_anon.png
acdc,SegFormer-B5,person,GP010397/gp010397_frame_000999.png,0,0,/home/ace/Downloads/rgb_anon_trainvaltest/rgb_anon/night/train_ref/GP010397/GP010397_frame_000999_rgb_ref_anon.png,/home/ace/Downloads/rgb_anon_trainvaltest/rgb_anon/night/train/GP010397/GP010397_frame_000999_rgb_anon.png
acdc,SegFormer-B5,person,GP010397/gp010397_frame_001006.png,728,2287,/home/ace/Downloads/rgb_anon_trainvaltest/rgb_anon/night/train_ref/GP010397/GP010397_frame_001006_rgb_ref_anon.png,/home/ace/Downloads/rgb_anon_trainvaltest/rgb_anon/night/train/GP010397/GP010397_frame_001006_rgb_anon.png
acdc,SegFormer-B5,person,GP010397/gp010397_frame_001011.png,1381,7580,/home/ace/Downloads/rgb_anon_trainvaltest/rgb_anon/night/train_ref/GP010397/GP010397_frame_001011_rgb_ref_anon.png,/home/ace/Downloads/rgb_anon_trainvaltest/rgb_anon/night/train/GP010397/GP010397_frame_001011_rgb_anon.png
acdc,SegFormer-B5,person,GP010397/gp010397_frame_001019.png,0,5390,/home/ace/Downloads/rgb_anon_trainvaltest/rgb_anon/night/train_ref/GP010397/GP010397_frame_001019_rgb_ref_anon.png,/home/ace/Downloads/rgb_anon_trainvaltest/rgb_anon/night/train/GP010397/GP010397_frame_001019_rgb_anon.png
acdc,SegFormer-B5,person,GP010397/gp010397_frame_001028.png,0,1663,/home/ace/Downloads/rgb_anon_trainvaltest/rgb_anon/night/train_ref/GP010397/GP010397_frame_001028_rgb_ref_anon.png,/home/ace/Downloads/rgb_anon_trainvaltest/rgb_anon/night/train/GP010397/GP010397_frame_001028_rgb_anon.png
acdc,SegFormer-B5,person,GP010397/gp010397_frame_001042.png,0,0,/home/ace/Downloads/rgb_anon_trainvaltest/rgb_anon/night/train_ref/GP010397/GP010397_frame_001042_rgb_ref_anon.png,/home/ace/Downloads/rgb_anon_trainvaltest/rgb_anon/night/train/GP010397/GP010397_frame_001042_rgb_anon.png
acdc,SegFormer-B5,person,GP010397/gp010397_frame_001047.png,0,215,/home/ace/Downloads/rgb_anon_trainvaltest/rgb_anon/night/train_ref/GP010397/GP010397_frame_001047_rgb_ref_anon.png,/home/ace/Downloads/rgb_anon_trainvaltest/rgb_anon/night/train/GP010397/GP010397_frame_001047_rgb_anon.png
acdc,SegFormer-B5,person,GP020397/gp020397_frame_000001.png,0,6017,/home/ace/Downloads/rgb_anon_trainvaltest/rgb_anon/night/train_ref/GP020397/GP020397_frame_000001_rgb_ref_anon.png,/home/ace/Downloads/rgb_anon_trainvaltest/rgb_anon/night/train/GP020397/GP020397_frame_000001_rgb_anon.png
acdc,SegFormer-B5,person,GP020397/gp020397_frame_000030.png,0,0,/home/ace/Downloads/rgb_anon_trainvaltest/rgb_anon/night/train_ref/GP020397/GP020397_frame_000030_rgb_ref_anon.png,/home/ace/Downloads/rgb_anon_trainvaltest/rgb_anon/night/train/GP020397/GP020397_frame_000030_rgb_anon.png
acdc,SegFormer-B5,person,GP020397/gp020397_frame_000042.png,8641,1518,/home/ace/Downloads/rgb_anon_trainvaltest/rgb_anon/night/train_ref/GP020397/GP020397_frame_000042_rgb_ref_anon.png,/home/ace/Downloads/rgb_anon_trainvaltest/rgb_anon/night/train/GP020397/GP020397_frame_000042_rgb_anon.png
acdc,SegFormer-B5,person,GP020397/gp020397_frame_000069.png,13195,2638,/home/ace/Downloads/rgb_anon_trainvaltest/rgb_anon/night/train_ref/GP020397/GP020397_frame_000069_rgb_ref_anon.png,/home/ace/Downloads/rgb_anon_trainvaltest/rgb_anon/night/train/GP020397/GP020397_frame_000069_rgb_anon.png
acdc,SegFormer-B5,person,GP020397/gp020397_frame_000079.png,0,198,/home/ace/Downloads/rgb_anon_trainvaltest/rgb_anon/night/train_ref/GP020397/GP020397_frame_000079_rgb_ref_anon.png,/home/ace/Downloads/rgb_anon_trainvaltest/rgb_anon/night/train/GP020397/GP020397_frame_000079_rgb_anon.png
acdc,SegFormer-B5,person,GP020397/gp020397_frame_000087.png,0,0,/home/ace/Downloads/rgb_anon_trainvaltest/rgb_anon/night/train_ref/GP020397/GP020397_frame_000087_rgb_ref_anon.png,/home/ace/Downloads/rgb_anon_trainvaltest/rgb_anon/night/train/GP020397/GP020397_frame_000087_rgb_anon.png
acdc,SegFormer-B5,person,GP020397/gp020397_frame_000111.png,2,92,/home/ace/Downloads/rgb_anon_trainvaltest/rgb_anon/night/train_ref/GP020397/GP020397_frame_000111_rgb_ref_anon.png,/home/ace/Downloads/rgb_anon_trainvaltest/rgb_anon/night/train/GP020397/GP020397_frame_000111_rgb_anon.png
acdc,SegFormer-B5,person,GP020397/gp020397_frame_000116.png,0,708,/home/ace/Downloads/rgb_anon_trainvaltest/rgb_anon/night/train_ref/GP020397/GP020397_frame_000116_rgb_ref_anon.png,/home/ace/Downloads/rgb_anon_trainvaltest/rgb_anon/night/train/GP020397/GP020397_frame_000116_rgb_anon.png
acdc,SegFormer-B5,person,GP020397/gp020397_frame_000121.png,211,0,/home/ace/Downloads/rgb_anon_trainvaltest/rgb_anon/night/train_ref/GP020397/GP020397_frame_000121_rgb_ref_anon.png,/home/ace/Downloads/rgb_anon_trainvaltest/rgb_anon/night/train/GP020397/GP020397_frame_000121_rgb_anon.png
acdc,SegFormer-B5,person,GP020397/gp020397_frame_000147.png,0,117889,/home/ace/Downloads/rgb_anon_trainvaltest/rgb_anon/night/train_ref/GP020397/GP020397_frame_000147_rgb_ref_anon.png,/home/ace/Downloads/rgb_anon_trainvaltest/rgb_anon/night/train/GP020397/GP020397_frame_000147_rgb_anon.png
acdc,SegFormer-B5,person,GP020397/gp020397_frame_000167.png,0,0,/home/ace/Downloads/rgb_anon_trainvaltest/rgb_anon/night/train_ref/GP020397/GP020397_frame_000167_rgb_ref_anon.png,/home/ace/Downloads/rgb_anon_trainvaltest/rgb_anon/night/train/GP020397/GP020397_frame_000167_rgb_anon.png
acdc,SegFormer-B5,person,GP020397/gp020397_frame_000177.png,4234,116,/home/ace/Downloads/rgb_anon_trainvaltest/rgb_anon/night/train_ref/GP020397/GP020397_frame_000177_rgb_ref_anon.png,/home/ace/Downloads/rgb_anon_trainvaltest/rgb_anon/night/train/GP020397/GP020397_frame_000177_rgb_anon.png
acdc,SegFormer-B5,person,GP020397/gp020397_frame_000191.png,0,0,/home/ace/Downloads/rgb_anon_trainvaltest/rgb_anon/night/train_ref/GP020397/GP020397_frame_000191_rgb_ref_anon.png,/home/ace/Downloads/rgb_anon_trainvaltest/rgb_anon/night/train/GP020397/GP020397_frame_000191_rgb_anon.png
acdc,SegFormer-B5,person,GP020397/gp020397_frame_000202.png,0,0,/home/ace/Downloads/rgb_anon_trainvaltest/rgb_anon/night/train_ref/GP020397/GP020397_frame_000202_rgb_ref_anon.png,/home/ace/Downloads/rgb_anon_trainvaltest/rgb_anon/night/train/GP020397/GP020397_frame_000202_rgb_anon.png
acdc,SegFormer-B5,person,GP020397/gp020397_frame_000236.png,0,512,/home/ace/Downloads/rgb_anon_trainvaltest/rgb_anon/night/train_ref/GP020397/GP020397_frame_000236_rgb_ref_anon.png,/home/ace/Downloads/rgb_anon_trainvaltest/rgb_anon/night/train/GP020397/GP020397_frame_000236_rgb_anon.png
acdc,SegFormer-B5,person,GP020397/gp020397_frame_000241.png,0,11311,/home/ace/Downloads/rgb_anon_trainvaltest/rgb_anon/night/train_ref/GP020397/GP020397_frame_000241_rgb_ref_anon.png,/home/ace/Downloads/rgb_anon_trainvaltest/rgb_anon/night/train/GP020397/GP020397_frame_000241_rgb_anon.png
acdc,SegFormer-B5,person,GP020397/gp020397_frame_000256.png,0,568,/home/ace/Downloads/rgb_anon_trainvaltest/rgb_anon/night/train_ref/GP020397/GP020397_frame_000256_rgb_ref_anon.png,/home/ace/Downloads/rgb_anon_trainvaltest/rgb_anon/night/train/GP020397/GP020397_frame_000256_rgb_anon.png
acdc,SegFormer-B5,person,GP020397/gp020397_frame_000261.png,0,0,/home/ace/Downloads/rgb_anon_trainvaltest/rgb_anon/night/train_ref/GP020397/GP020397_frame_000261_rgb_ref_anon.png,/home/ace/Downloads/rgb_anon_trainvaltest/rgb_anon/night/train/GP020397/GP020397_frame_000261_rgb_anon.png
acdc,SegFormer-B5,person,GP020397/gp020397_frame_000266.png,0,0,/home/ace/Downloads/rgb_anon_trainvaltest/rgb_anon/night/train_ref/GP020397/GP020397_frame_000266_rgb_ref_anon.png,/home/ace/Downloads/rgb_anon_trainvaltest/rgb_anon/night/train/GP020397/GP020397_frame_000266_rgb_anon.png
acdc,SegFormer-B5,person,GP020397/gp020397_frame_000281.png,2079,0,/home/ace/Downloads/rgb_anon_trainvaltest/rgb_anon/night/train_ref/GP020397/GP020397_frame_000281_rgb_ref_anon.png,/home/ace/Downloads/rgb_anon_trainvaltest/rgb_anon/night/train/GP020397/GP020397_frame_000281_rgb_anon.png
acdc,SegFormer-B5,person,GP020397/gp020397_frame_000286.png,0,4736,/home/ace/Downloads/rgb_anon_trainvaltest/rgb_anon/night/train_ref/GP020397/GP020397_frame_000286_rgb_ref_anon.png,/home/ace/Downloads/rgb_anon_trainvaltest/rgb_anon/night/train/GP020397/GP020397_frame_000286_rgb_anon.png
acdc,SegFormer-B5,person,GP020397/gp020397_frame_000291.png,0,32,/home/ace/Downloads/rgb_anon_trainvaltest/rgb_anon/night/train_ref/GP020397/GP020397_frame_000291_rgb_ref_anon.png,/home/ace/Downloads/rgb_anon_trainvaltest/rgb_anon/night/train/GP020397/GP020397_frame_000291_rgb_anon.png
acdc,SegFormer-B5,person,GP020397/gp020397_frame_000322.png,0,0,/home/ace/Downloads/rgb_anon_trainvaltest/rgb_anon/night/train_ref/GP020397/GP020397_frame_000322_rgb_ref_anon.png,/home/ace/Downloads/rgb_anon_trainvaltest/rgb_anon/night/train/GP020397/GP020397_frame_000322_rgb_anon.png
acdc,SegFormer-B5,person,GP020397/gp020397_frame_000326.png,0,0,/home/ace/Downloads/rgb_anon_trainvaltest/rgb_anon/night/train_ref/GP020397/GP020397_frame_000326_rgb_ref_anon.png,/home/ace/Downloads/rgb_anon_trainvaltest/rgb_anon/night/train/GP020397/GP020397_frame_000326_rgb_anon.png
acdc,SegFormer-B5,person,GP020397/gp020397_frame_000330.png,6878,0,/home/ace/Downloads/rgb_anon_trainvaltest/rgb_anon/night/train_ref/GP020397/GP020397_frame_000330_rgb_ref_anon.png,/home/ace/Downloads/rgb_anon_trainvaltest/rgb_anon/night/train/GP020397/GP020397_frame_000330_rgb_anon.png
acdc,SegFormer-B5,person,GP020397/gp020397_frame_000335.png,0,159,/home/ace/Downloads/rgb_anon_trainvaltest/rgb_anon/night/train_ref/GP020397/GP020397_frame_000335_rgb_ref_anon.png,/home/ace/Downloads/rgb_anon_trainvaltest/rgb_anon/night/train/GP020397/GP020397_frame_000335_rgb_anon.png
acdc,SegFormer-B5,person,GP020397/gp020397_frame_000345.png,7668,2441,/home/ace/Downloads/rgb_anon_trainvaltest/rgb_anon/night/train_ref/GP020397/GP020397_frame_000345_rgb_ref_anon.png,/home/ace/Downloads/rgb_anon_trainvaltest/rgb_anon/night/train/GP020397/GP020397_frame_000345_rgb_anon.png
acdc,SegFormer-B5,person,GP020397/gp020397_frame_000379.png,220,150,/home/ace/Downloads/rgb_anon_trainvaltest/rgb_anon/night/train_ref/GP020397/GP020397_frame_000379_rgb_ref_anon.png,/home/ace/Downloads/rgb_anon_trainvaltest/rgb_anon/night/train/GP020397/GP020397_frame_000379_rgb_anon.png
acdc,SegFormer-B5,person,GP020397/gp020397_frame_000385.png,0,0,/home/ace/Downloads/rgb_anon_trainvaltest/rgb_anon/night/train_ref/GP020397/GP020397_frame_000385_rgb_ref_anon.png,/home/ace/Downloads/rgb_anon_trainvaltest/rgb_anon/night/train/GP020397/GP020397_frame_000385_rgb_anon.png
acdc,SegFormer-B5,person,GP020397/gp020397_frame_000400.png,0,0,/home/ace/Downloads/rgb_anon_trainvaltest/rgb_anon/night/train_ref/GP020397/GP020397_frame_000400_rgb_ref_anon.png,/home/ace/Downloads/rgb_anon_trainvaltest/rgb_anon/night/train/GP020397/GP020397_frame_000400_rgb_anon.png
acdc,SegFormer-B5,person,GP020397/gp020397_frame_000410.png,0,0,/home/ace/Downloads/rgb_anon_trainvaltest/rgb_anon/night/train_ref/GP020397/GP020397_frame_000410_rgb_ref_anon.png,/home/ace/Downloads/rgb_anon_trainvaltest/rgb_anon/night/train/GP020397/GP020397_frame_000410_rgb_anon.png
acdc,SegFormer-B5,person,GP020397/gp020397_frame_000420.png,0,0,/home/ace/Downloads/rgb_anon_trainvaltest/rgb_anon/night/train_ref/GP020397/GP020397_frame_000420_rgb_ref_anon.png,/home/ace/Downloads/rgb_anon_trainvaltest/rgb_anon/night/train/GP020397/GP020397_frame_000420_rgb_anon.png
acdc,SegFormer-B5,person,GP020397/gp020397_frame_000425.png,1551,0,/home/ace/Downloads/rgb_anon_trainvaltest/rgb_anon/night/train_ref/GP020397/GP020397_frame_000425_rgb_ref_anon.png,/home/ace/Downloads/rgb_anon_trainvaltest/rgb_anon/night/train/GP020397/GP020397_frame_000425_rgb_anon.png
acdc,SegFormer-B5,person,GP020397/gp020397_frame_000443.png,0,0,/home/ace/Downloads/rgb_anon_trainvaltest/rgb_anon/night/train_ref/GP020397/GP020397_frame_000443_rgb_ref_anon.png,/home/ace/Downloads/rgb_anon_trainvaltest/rgb_anon/night/train/GP020397/GP020397_frame_000443_rgb_anon.png
acdc,SegFormer-B5,person,GP020397/gp020397_frame_000448.png,0,0,/home/ace/Downloads/rgb_anon_trainvaltest/rgb_anon/night/train_ref/GP020397/GP020397_frame_000448_rgb_ref_anon.png,/home/ace/Downloads/rgb_anon_trainvaltest/rgb_anon/night/train/GP020397/GP020397_frame_000448_rgb_anon.png
acdc,SegFormer-B5,person,GP020397/gp020397_frame_000459.png,335,102,/home/ace/Downloads/rgb_anon_trainvaltest/rgb_anon/night/train_ref/GP020397/GP020397_frame_000459_rgb_ref_anon.png,/home/ace/Downloads/rgb_anon_trainvaltest/rgb_anon/night/train/GP020397/GP020397_frame_000459_rgb_anon.png
acdc,SegFormer-B5,person,GP020397/gp020397_frame_000479.png,133,0,/home/ace/Downloads/rgb_anon_trainvaltest/rgb_anon/night/train_ref/GP020397/GP020397_frame_000479_rgb_ref_anon.png,/home/ace/Downloads/rgb_anon_trainvaltest/rgb_anon/night/train/GP020397/GP020397_frame_000479_rgb_anon.png
acdc,SegFormer-B5,person,GP020397/gp020397_frame_000499.png,0,3355,/home/ace/Downloads/rgb_anon_trainvaltest/rgb_anon/night/train_ref/GP020397/GP020397_frame_000499_rgb_ref_anon.png,/home/ace/Downloads/rgb_anon_trainvaltest/rgb_anon/night/train/GP020397/GP020397_frame_000499_rgb_anon.png
acdc,SegFormer-B5,person,GP020397/gp020397_frame_000531.png,0,0,/home/ace/Downloads/rgb_anon_trainvaltest/rgb_anon/night/train_ref/GP020397/GP020397_frame_000531_rgb_ref_anon.png,/home/ace/Downloads/rgb_anon_trainvaltest/rgb_anon/night/train/GP020397/GP020397_frame_000531_rgb_anon.png
acdc,SegFormer-B5,person,GP020397/gp020397_frame_000551.png,0,0,/home/ace/Downloads/rgb_anon_trainvaltest/rgb_anon/night/train_ref/GP020397/GP020397_frame_000551_rgb_ref_anon.png,/home/ace/Downloads/rgb_anon_trainvaltest/rgb_anon/night/train/GP020397/GP020397_frame_000551_rgb_anon.png
acdc,SegFormer-B5,person,GP020397/gp020397_frame_000611.png,0,0,/home/ace/Downloads/rgb_anon_trainvaltest/rgb_anon/night/train_ref/GP020397/GP020397_frame_000611_rgb_ref_anon.png,/home/ace/Downloads/rgb_anon_trainvaltest/rgb_anon/night/train/GP020397/GP020397_frame_000611_rgb_anon.png
acdc,SegFormer-B5,person,GP020397/gp020397_frame_000631.png,432,83,/home/ace/Downloads/rgb_anon_trainvaltest/rgb_anon/night/train_ref/GP020397/GP020397_frame_000631_rgb_ref_anon.png,/home/ace/Downloads/rgb_anon_trainvaltest/rgb_anon/night/train/GP020397/GP020397_frame_000631_rgb_anon.png
acdc,SegFormer-B5,person,GP020397/gp020397_frame_000643.png,0,15648,/home/ace/Downloads/rgb_anon_trainvaltest/rgb_anon/night/train_ref/GP020397/GP020397_frame_000643_rgb_ref_anon.png,/home/ace/Downloads/rgb_anon_trainvaltest/rgb_anon/night/train/GP020397/GP020397_frame_000643_rgb_anon.png
acdc,SegFormer-B5,person,GP020397/gp020397_frame_000723.png,0,0,/home/ace/Downloads/rgb_anon_trainvaltest/rgb_anon/night/train_ref/GP020397/GP020397_frame_000723_rgb_ref_anon.png,/home/ace/Downloads/rgb_anon_trainvaltest/rgb_anon/night/train/GP020397/GP020397_frame_000723_rgb_anon.png
acdc,SegFormer-B5,person,GOPR0351/gopr0351_frame_000033.png,311,0,/home/ace/Downloads/rgb_anon_trainvaltest/rgb_anon/night/val_ref/GOPR0351/GOPR0351_frame_000033_rgb_ref_anon.png,/home/ace/Downloads/rgb_anon_trainvaltest/rgb_anon/night/val/GOPR0351/GOPR0351_frame_000033_rgb_anon.png
acdc,SegFormer-B5,person,GOPR0351/gopr0351_frame_000039.png,0,0,/home/ace/Downloads/rgb_anon_trainvaltest/rgb_anon/night/val_ref/GOPR0351/GOPR0351_frame_000039_rgb_ref_anon.png,/home/ace/Downloads/rgb_anon_trainvaltest/rgb_anon/night/val/GOPR0351/GOPR0351_frame_000039_rgb_anon.png
acdc,SegFormer-B5,person,GOPR0351/gopr0351_frame_000043.png,11726,0,/home/ace/Downloads/rgb_anon_trainvaltest/rgb_anon/night/val_ref/GOPR0351/GOPR0351_frame_000043_rgb_ref_anon.png,/home/ace/Downloads/rgb_anon_trainvaltest/rgb_anon/night/val/GOPR0351/GOPR0351_frame_000043_rgb_anon.png
acdc,SegFormer-B5,person,GOPR0351/gopr0351_frame_000047.png,379,0,/home/ace/Downloads/rgb_anon_trainvaltest/rgb_anon/night/val_ref/GOPR0351/GOPR0351_frame_000047_rgb_ref_anon.png,/home/ace/Downloads/rgb_anon_trainvaltest/rgb_anon/night/val/GOPR0351/GOPR0351_frame_000047_rgb_anon.png
acdc,SegFormer-B5,person,GOPR0351/gopr0351_frame_000049.png,161,0,/home/ace/Downloads/rgb_anon_trainvaltest/rgb_anon/night/val_ref/GOPR0351/GOPR0351_frame_000049_rgb_ref_anon.png,/home/ace/Downloads/rgb_anon_trainvaltest/rgb_anon/night/val/GOPR0351/GOPR0351_frame_000049_rgb_anon.png
acdc,SegFormer-B5,person,GOPR0351/gopr0351_frame_000053.png,1431,414,/home/ace/Downloads/rgb_anon_trainvaltest/rgb_anon/night/val_ref/GOPR0351/GOPR0351_frame_000053_rgb_ref_anon.png,/home/ace/Downloads/rgb_anon_trainvaltest/rgb_anon/night/val/GOPR0351/GOPR0351_frame_000053_rgb_anon.png
acdc,SegFormer-B5,person,GOPR0351/gopr0351_frame_000055.png,18975,1516,/home/ace/Downloads/rgb_anon_trainvaltest/rgb_anon/night/val_ref/GOPR0351/GOPR0351_frame_000055_rgb_ref_anon.png,/home/ace/Downloads/rgb_anon_trainvaltest/rgb_anon/night/val/GOPR0351/GOPR0351_frame_000055_rgb_anon.png
acdc,SegFormer-B5,person,GOPR0351/gopr0351_frame_000057.png,9192,392,/home/ace/Downloads/rgb_anon_trainvaltest/rgb_anon/night/val_ref/GOPR0351/GOPR0351_frame_000057_rgb_ref_anon.png,/home/ace/Downloads/rgb_anon_trainvaltest/rgb_anon/night/val/GOPR0351/GOPR0351_frame_000057_rgb_anon.png
acdc,SegFormer-B5,person,GOPR0351/gopr0351_frame_000059.png,16952,6511,/home/ace/Downloads/rgb_anon_trainvaltest/rgb_anon/night/val_ref/GOPR0351/GOPR0351_frame_000059_rgb_ref_anon.png,/home/ace/Downloads/rgb_anon_trainvaltest/rgb_anon/night/val/GOPR0351/GOPR0351_frame_000059_rgb_anon.png
acdc,SegFormer-B5,person,GOPR0351/gopr0351_frame_000061.png,9453,0,/home/ace/Downloads/rgb_anon_trainvaltest/rgb_anon/night/val_ref/GOPR0351/GOPR0351_frame_000061_rgb_ref_anon.png,/home/ace/Downloads/rgb_anon_trainvaltest/rgb_anon/night/val/GOPR0351/GOPR0351_frame_000061_rgb_anon.png
acdc,SegFormer-B5,person,GOPR0351/gopr0351_frame_000063.png,0,0,/home/ace/Downloads/rgb_anon_trainvaltest/rgb_anon/night/val_ref/GOPR0351/GOPR0351_frame_000063_rgb_ref_anon.png,/home/ace/Downloads/rgb_anon_trainvaltest/rgb_anon/night/val/GOPR0351/GOPR0351_frame_000063_rgb_anon.png
acdc,SegFormer-B5,person,GOPR0351/gopr0351_frame_000065.png,0,0,/home/ace/Downloads/rgb_anon_trainvaltest/rgb_anon/night/val_ref/GOPR0351/GOPR0351_frame_000065_rgb_ref_anon.png,/home/ace/Downloads/rgb_anon_trainvaltest/rgb_anon/night/val/GOPR0351/GOPR0351_frame_000065_rgb_anon.png
acdc,SegFormer-B5,person,GOPR0351/gopr0351_frame_000067.png,1562,0,/home/ace/Downloads/rgb_anon_trainvaltest/rgb_anon/night/val_ref/GOPR0351/GOPR0351_frame_000067_rgb_ref_anon.png,/home/ace/Downloads/rgb_anon_trainvaltest/rgb_anon/night/val/GOPR0351/GOPR0351_frame_000067_rgb_anon.png
acdc,SegFormer-B5,person,GOPR0351/gopr0351_frame_000069.png,0,0,/home/ace/Downloads/rgb_anon_trainvaltest/rgb_anon/night/val_ref/GOPR0351/GOPR0351_frame_000069_rgb_ref_anon.png,/home/ace/Downloads/rgb_anon_trainvaltest/rgb_anon/night/val/GOPR0351/GOPR0351_frame_000069_rgb_anon.png
acdc,SegFormer-B5,person,GOPR0351/gopr0351_frame_000071.png,0,0,/home/ace/Downloads/rgb_anon_trainvaltest/rgb_anon/night/val_ref/GOPR0351/GOPR0351_frame_000071_rgb_ref_anon.png,/home/ace/Downloads/rgb_anon_trainvaltest/rgb_anon/night/val/GOPR0351/GOPR0351_frame_000071_rgb_anon.png
acdc,SegFormer-B5,person,GOPR0351/gopr0351_frame_000079.png,0,807,/home/ace/Downloads/rgb_anon_trainvaltest/rgb_anon/night/val_ref/GOPR0351/GOPR0351_frame_000079_rgb_ref_anon.png,/home/ace/Downloads/rgb_anon_trainvaltest/rgb_anon/night/val/GOPR0351/GOPR0351_frame_000079_rgb_anon.png
acdc,SegFormer-B5,person,GOPR0351/gopr0351_frame_000081.png,0,0,/home/ace/Downloads/rgb_anon_trainvaltest/rgb_anon/night/val_ref/GOPR0351/GOPR0351_frame_000081_rgb_ref_anon.png,/home/ace/Downloads/rgb_anon_trainvaltest/rgb_anon/night/val/GOPR0351/GOPR0351_frame_000081_rgb_anon.png
acdc,SegFormer-B5,person,GOPR0351/gopr0351_frame_000083.png,0,0,/home/ace/Downloads/rgb_anon_trainvaltest/rgb_anon/night/val_ref/GOPR0351/GOPR0351_frame_000083_rgb_ref_anon.png,/home/ace/Downloads/rgb_anon_trainvaltest/rgb_anon/night/val/GOPR0351/GOPR0351_frame_000083_rgb_anon.png
acdc,SegFormer-B5,person,GOPR0351/gopr0351_frame_000085.png,0,994,/home/ace/Downloads/rgb_anon_trainvaltest/rgb_anon/night/val_ref/GOPR0351/GOPR0351_frame_000085_rgb_ref_anon.png,/home/ace/Downloads/rgb_anon_trainvaltest/rgb_anon/night/val/GOPR0351/GOPR0351_frame_000085_rgb_anon.png
acdc,SegFormer-B5,person,GOPR0351/gopr0351_frame_000087.png,8949,0,/home/ace/Downloads/rgb_anon_trainvaltest/rgb_anon/night/val_ref/GOPR0351/GOPR0351_frame_000087_rgb_ref_anon.png,/home/ace/Downloads/rgb_anon_trainvaltest/rgb_anon/night/val/GOPR0351/GOPR0351_frame_000087_rgb_anon.png
acdc,SegFormer-B5,person,GOPR0351/gopr0351_frame_000089.png,0,0,/home/ace/Downloads/rgb_anon_trainvaltest/rgb_anon/night/val_ref/GOPR0351/GOPR0351_frame_000089_rgb_ref_anon.png,/home/ace/Downloads/rgb_anon_trainvaltest/rgb_anon/night/val/GOPR0351/GOPR0351_frame_000089_rgb_anon.png
acdc,SegFormer-B5,person,GOPR0351/gopr0351_frame_000091.png,0,0,/home/ace/Downloads/rgb_anon_trainvaltest/rgb_anon/night/val_ref/GOPR0351/GOPR0351_frame_000091_rgb_ref_anon.png,/home/ace/Downloads/rgb_anon_trainvaltest/rgb_anon/night/val/GOPR0351/GOPR0351_frame_000091_rgb_anon.png
acdc,SegFormer-B5,person,GOPR0351/gopr0351_frame_000093.png,116,5413,/home/ace/Downloads/rgb_anon_trainvaltest/rgb_anon/night/val_ref/GOPR0351/GOPR0351_frame_000093_rgb_ref_anon.png,/home/ace/Downloads/rgb_anon_trainvaltest/rgb_anon/night/val/GOPR0351/GOPR0351_frame_000093_rgb_anon.png
acdc,SegFormer-B5,person,GOPR0351/gopr0351_frame_000095.png,2511,0,/home/ace/Downloads/rgb_anon_trainvaltest/rgb_anon/night/val_ref/GOPR0351/GOPR0351_frame_000095_rgb_ref_anon.png,/home/ace/Downloads/rgb_anon_trainvaltest/rgb_anon/night/val/GOPR0351/GOPR0351_frame_000095_rgb_anon.png
acdc,SegFormer-B5,person,GOPR0351/gopr0351_frame_000099.png,1688,10655,/home/ace/Downloads/rgb_anon_trainvaltest/rgb_anon/night/val_ref/GOPR0351/GOPR0351_frame_000099_rgb_ref_anon.png,/home/ace/Downloads/rgb_anon_trainvaltest/rgb_anon/night/val/GOPR0351/GOPR0351_frame_000099_rgb_anon.png
acdc,SegFormer-B5,person,GOPR0351/gopr0351_frame_000101.png,32,1464,/home/ace/Downloads/rgb_anon_trainvaltest/rgb_anon/night/val_ref/GOPR0351/GOPR0351_frame_000101_rgb_ref_anon.png,/home/ace/Downloads/rgb_anon_trainvaltest/rgb_anon/night/val/GOPR0351/GOPR0351_frame_000101_rgb_anon.png
acdc,SegFormer-B5,person,GOPR0351/gopr0351_frame_000105.png,274,1623,/home/ace/Downloads/rgb_anon_trainvaltest/rgb_anon/night/val_ref/GOPR0351/GOPR0351_frame_000105_rgb_ref_anon.png,/home/ace/Downloads/rgb_anon_trainvaltest/rgb_anon/night/val/GOPR0351/GOPR0351_frame_000105_rgb_anon.png
acdc,SegFormer-B5,person,GOPR0351/gopr0351_frame_000111.png,25510,6530,/home/ace/Downloads/rgb_anon_trainvaltest/rgb_anon/night/val_ref/GOPR0351/GOPR0351_frame_000111_rgb_ref_anon.png,/home/ace/Downloads/rgb_anon_trainvaltest/rgb_anon/night/val/GOPR0351/GOPR0351_frame_000111_rgb_anon.png
acdc,SegFormer-B5,person,GOPR0351/gopr0351_frame_000113.png,11619,58,/home/ace/Downloads/rgb_anon_trainvaltest/rgb_anon/night/val_ref/GOPR0351/GOPR0351_frame_000113_rgb_ref_anon.png,/home/ace/Downloads/rgb_anon_trainvaltest/rgb_anon/night/val/GOPR0351/GOPR0351_frame_000113_rgb_anon.png
acdc,SegFormer-B5,person,GOPR0351/gopr0351_frame_000115.png,8504,25481,/home/ace/Downloads/rgb_anon_trainvaltest/rgb_anon/night/val_ref/GOPR0351/GOPR0351_frame_000115_rgb_ref_anon.png,/home/ace/Downloads/rgb_anon_trainvaltest/rgb_anon/night/val/GOPR0351/GOPR0351_frame_000115_rgb_anon.png
acdc,SegFormer-B5,person,GOPR0351/gopr0351_frame_000121.png,3272,764,/home/ace/Downloads/rgb_anon_trainvaltest/rgb_anon/night/val_ref/GOPR0351/GOPR0351_frame_000121_rgb_ref_anon.png,/home/ace/Downloads/rgb_anon_trainvaltest/rgb_anon/night/val/GOPR0351/GOPR0351_frame_000121_rgb_anon.png
acdc,SegFormer-B5,person,GOPR0351/gopr0351_frame_000124.png,11644,8603,/home/ace/Downloads/rgb_anon_trainvaltest/rgb_anon/night/val_ref/GOPR0351/GOPR0351_frame_000124_rgb_ref_anon.png,/home/ace/Downloads/rgb_anon_trainvaltest/rgb_anon/night/val/GOPR0351/GOPR0351_frame_000124_rgb_anon.png
acdc,SegFormer-B5,person,GOPR0351/gopr0351_frame_000128.png,22476,3861,/home/ace/Downloads/rgb_anon_trainvaltest/rgb_anon/night/val_ref/GOPR0351/GOPR0351_frame_000128_rgb_ref_anon.png,/home/ace/Downloads/rgb_anon_trainvaltest/rgb_anon/night/val/GOPR0351/GOPR0351_frame_000128_rgb_anon.png
acdc,SegFormer-B5,person,GOPR0351/gopr0351_frame_000132.png,10187,27781,/home/ace/Downloads/rgb_anon_trainvaltest/rgb_anon/night/val_ref/GOPR0351/GOPR0351_frame_000132_rgb_ref_anon.png,/home/ace/Downloads/rgb_anon_trainvaltest/rgb_anon/night/val/GOPR0351/GOPR0351_frame_000132_rgb_anon.png
acdc,SegFormer-B5,person,GOPR0351/gopr0351_frame_000141.png,1756,3679,/home/ace/Downloads/rgb_anon_trainvaltest/rgb_anon/night/val_ref/GOPR0351/GOPR0351_frame_000141_rgb_ref_anon.png,/home/ace/Downloads/rgb_anon_trainvaltest/rgb_anon/night/val/GOPR0351/GOPR0351_frame_000141_rgb_anon.png
acdc,SegFormer-B5,person,GOPR0351/gopr0351_frame_000143.png,13992,0,/home/ace/Downloads/rgb_anon_trainvaltest/rgb_anon/night/val_ref/GOPR0351/GOPR0351_frame_000143_rgb_ref_anon.png,/home/ace/Downloads/rgb_anon_trainvaltest/rgb_anon/night/val/GOPR0351/GOPR0351_frame_000143_rgb_anon.png
acdc,SegFormer-B5,person,GOPR0351/gopr0351_frame_000651.png,0,0,/home/ace/Downloads/rgb_anon_trainvaltest/rgb_anon/night/val_ref/GOPR0351/GOPR0351_frame_000651_rgb_ref_anon.png,/home/ace/Downloads/rgb_anon_trainvaltest/rgb_anon/night/val/GOPR0351/GOPR0351_frame_000651_rgb_anon.png
acdc,SegFormer-B5,person,GOPR0351/gopr0351_frame_000654.png,509,2164,/home/ace/Downloads/rgb_anon_trainvaltest/rgb_anon/night/val_ref/GOPR0351/GOPR0351_frame_000654_rgb_ref_anon.png,/home/ace/Downloads/rgb_anon_trainvaltest/rgb_anon/night/val/GOPR0351/GOPR0351_frame_000654_rgb_anon.png
acdc,SegFormer-B5,person,GOPR0351/gopr0351_frame_000706.png,14085,22382,/home/ace/Downloads/rgb_anon_trainvaltest/rgb_anon/night/val_ref/GOPR0351/GOPR0351_frame_000706_rgb_ref_anon.png,/home/ace/Downloads/rgb_anon_trainvaltest/rgb_anon/night/val/GOPR0351/GOPR0351_frame_000706_rgb_anon.png
acdc,SegFormer-B5,person,GOPR0351/gopr0351_frame_000709.png,2391,346,/home/ace/Downloads/rgb_anon_trainvaltest/rgb_anon/night/val_ref/GOPR0351/GOPR0351_frame_000709_rgb_ref_anon.png,/home/ace/Downloads/rgb_anon_trainvaltest/rgb_anon/night/val/GOPR0351/GOPR0351_frame_000709_rgb_anon.png
acdc,SegFormer-B5,person,GOPR0351/gopr0351_frame_000712.png,0,1972,/home/ace/Downloads/rgb_anon_trainvaltest/rgb_anon/night/val_ref/GOPR0351/GOPR0351_frame_000712_rgb_ref_anon.png,/home/ace/Downloads/rgb_anon_trainvaltest/rgb_anon/night/val/GOPR0351/GOPR0351_frame_000712_rgb_anon.png
acdc,SegFormer-B5,person,GOPR0351/gopr0351_frame_000718.png,0,0,/home/ace/Downloads/rgb_anon_trainvaltest/rgb_anon/night/val_ref/GOPR0351/GOPR0351_frame_000718_rgb_ref_anon.png,/home/ace/Downloads/rgb_anon_trainvaltest/rgb_anon/night/val/GOPR0351/GOPR0351_frame_000718_rgb_anon.png
acdc,SegFormer-B5,person,GOPR0351/gopr0351_frame_000724.png,0,30,/home/ace/Downloads/rgb_anon_trainvaltest/rgb_anon/night/val_ref/GOPR0351/GOPR0351_frame_000724_rgb_ref_anon.png,/home/ace/Downloads/rgb_anon_trainvaltest/rgb_anon/night/val/GOPR0351/GOPR0351_frame_000724_rgb_anon.png
acdc,SegFormer-B5,person,GOPR0351/gopr0351_frame_000727.png,0,1947,/home/ace/Downloads/rgb_anon_trainvaltest/rgb_anon/night/val_ref/GOPR0351/GOPR0351_frame_000727_rgb_ref_anon.png,/home/ace/Downloads/rgb_anon_trainvaltest/rgb_anon/night/val/GOPR0351/GOPR0351_frame_000727_rgb_anon.png
acdc,SegFormer-B5,person,GOPR0351/gopr0351_frame_000742.png,0,375,/home/ace/Downloads/rgb_anon_trainvaltest/rgb_anon/night/val_ref/GOPR0351/GOPR0351_frame_000742_rgb_ref_anon.png,/home/ace/Downloads/rgb_anon_trainvaltest/rgb_anon/night/val/GOPR0351/GOPR0351_frame_000742_rgb_anon.png
acdc,SegFormer-B5,person,GOPR0351/gopr0351_frame_000745.png,86,0,/home/ace/Downloads/rgb_anon_trainvaltest/rgb_anon/night/val_ref/GOPR0351/GOPR0351_frame_000745_rgb_ref_anon.png,/home/ace/Downloads/rgb_anon_trainvaltest/rgb_anon/night/val/GOPR0351/GOPR0351_frame_000745_rgb_anon.png
acdc,SegFormer-B5,person,GOPR0351/gopr0351_frame_000748.png,3269,0,/home/ace/Downloads/rgb_anon_trainvaltest/rgb_anon/night/val_ref/GOPR0351/GOPR0351_frame_000748_rgb_ref_anon.png,/home/ace/Downloads/rgb_anon_trainvaltest/rgb_anon/night/val/GOPR0351/GOPR0351_frame_000748_rgb_anon.png
acdc,SegFormer-B5,person,GOPR0351/gopr0351_frame_000754.png,0,0,/home/ace/Downloads/rgb_anon_trainvaltest/rgb_anon/night/val_ref/GOPR0351/GOPR0351_frame_000754_rgb_ref_anon.png,/home/ace/Downloads/rgb_anon_trainvaltest/rgb_anon/night/val/GOPR0351/GOPR0351_frame_000754_rgb_anon.png
acdc,SegFormer-B5,person,GOPR0351/gopr0351_frame_000761.png,3716,2676,/home/ace/Downloads/rgb_anon_trainvaltest/rgb_anon/night/val_ref/GOPR0351/GOPR0351_frame_000761_rgb_ref_anon.png,/home/ace/Downloads/rgb_anon_trainvaltest/rgb_anon/night/val/GOPR0351/GOPR0351_frame_000761_rgb_anon.png
acdc,SegFormer-B5,person,GOPR0351/gopr0351_frame_000770.png,0,0,/home/ace/Downloads/rgb_anon_trainvaltest/rgb_anon/night/val_ref/GOPR0351/GOPR0351_frame_000770_rgb_ref_anon.png,/home/ace/Downloads/rgb_anon_trainvaltest/rgb_anon/night/val/GOPR0351/GOPR0351_frame_000770_rgb_anon.png
acdc,SegFormer-B5,person,GOPR0351/gopr0351_frame_000774.png,0,0,/home/ace/Downloads/rgb_anon_trainvaltest/rgb_anon/night/val_ref/GOPR0351/GOPR0351_frame_000774_rgb_ref_anon.png,/home/ace/Downloads/rgb_anon_trainvaltest/rgb_anon/night/val/GOPR0351/GOPR0351_frame_000774_rgb_anon.png
acdc,SegFormer-B5,person,GOPR0351/gopr0351_frame_000809.png,0,0,/home/ace/Downloads/rgb_anon_trainvaltest/rgb_anon/night/val_ref/GOPR0351/GOPR0351_frame_000809_rgb_ref_anon.png,/home/ace/Downloads/rgb_anon_trainvaltest/rgb_anon/night/val/GOPR0351/GOPR0351_frame_000809_rgb_anon.png
acdc,SegFormer-B5,person,GOPR0351/gopr0351_frame_000814.png,0,253,/home/ace/Downloads/rgb_anon_trainvaltest/rgb_anon/night/val_ref/GOPR0351/GOPR0351_frame_000814_rgb_ref_anon.png,/home/ace/Downloads/rgb_anon_trainvaltest/rgb_anon/night/val/GOPR0351/GOPR0351_frame_000814_rgb_anon.png
acdc,SegFormer-B5,person,GOPR0351/gopr0351_frame_000818.png,0,0,/home/ace/Downloads/rgb_anon_trainvaltest/rgb_anon/night/val_ref/GOPR0351/GOPR0351_frame_000818_rgb_ref_anon.png,/home/ace/Downloads/rgb_anon_trainvaltest/rgb_anon/night/val/GOPR0351/GOPR0351_frame_000818_rgb_anon.png
acdc,SegFormer-B5,person,GOPR0351/gopr0351_frame_000822.png,0,0,/home/ace/Downloads/rgb_anon_trainvaltest/rgb_anon/night/val_ref/GOPR0351/GOPR0351_frame_000822_rgb_ref_anon.png,/home/ace/Downloads/rgb_anon_trainvaltest/rgb_anon/night/val/GOPR0351/GOPR0351_frame_000822_rgb_anon.png
acdc,SegFormer-B5,person,GOPR0351/gopr0351_frame_000825.png,0,196,/home/ace/Downloads/rgb_anon_trainvaltest/rgb_anon/night/val_ref/GOPR0351/GOPR0351_frame_000825_rgb_ref_anon.png,/home/ace/Downloads/rgb_anon_trainvaltest/rgb_anon/night/val/GOPR0351/GOPR0351_frame_000825_rgb_anon.png
acdc,SegFormer-B5,person,GOPR0356/gopr0356_frame_000321.png,0,0,/home/ace/Downloads/rgb_anon_trainvaltest/rgb_anon/night/val_ref/GOPR0356/GOPR0356_frame_000321_rgb_ref_anon.png,/home/ace/Downloads/rgb_anon_trainvaltest/rgb_anon/night/val/GOPR0356/GOPR0356_frame_000321_rgb_anon.png
acdc,SegFormer-B5,person,GOPR0356/gopr0356_frame_000324.png,0,0,/home/ace/Downloads/rgb_anon_trainvaltest/rgb_anon/night/val_ref/GOPR0356/GOPR0356_frame_000324_rgb_ref_anon.png,/home/ace/Downloads/rgb_anon_trainvaltest/rgb_anon/night/val/GOPR0356/GOPR0356_frame_000324_rgb_anon.png
acdc,SegFormer-B5,person,GOPR0356/gopr0356_frame_000327.png,0,0,/home/ace/Downloads/rgb_anon_trainvaltest/rgb_anon/night/val_ref/GOPR0356/GOPR0356_frame_000327_rgb_ref_anon.png,/home/ace/Downloads/rgb_anon_trainvaltest/rgb_anon/night/val/GOPR0356/GOPR0356_frame_000327_rgb_anon.png
acdc,SegFormer-B5,person,GOPR0356/gopr0356_frame_000330.png,0,27,/home/ace/Downloads/rgb_anon_trainvaltest/rgb_anon/night/val_ref/GOPR0356/GOPR0356_frame_000330_rgb_ref_anon.png,/home/ace/Downloads/rgb_anon_trainvaltest/rgb_anon/night/val/GOPR0356/GOPR0356_frame_000330_rgb_anon.png
acdc,SegFormer-B5,person,GOPR0356/gopr0356_frame_000333.png,20,2885,/home/ace/Downloads/rgb_anon_trainvaltest/rgb_anon/night/val_ref/GOPR0356/GOPR0356_frame_000333_rgb_ref_anon.png,/home/ace/Downloads/rgb_anon_trainvaltest/rgb_anon/night/val/GOPR0356/GOPR0356_frame_000333_rgb_anon.png
acdc,SegFormer-B5,person,GOPR0356/gopr0356_frame_000336.png,0,4462,/home/ace/Downloads/rgb_anon_trainvaltest/rgb_anon/night/val_ref/GOPR0356/GOPR0356_frame_000336_rgb_ref_anon.png,/home/ace/Downloads/rgb_anon_trainvaltest/rgb_anon/night/val/GOPR0356/GOPR0356_frame_000336_rgb_anon.png
acdc,SegFormer-B5,person,GOPR0356/gopr0356_frame_000339.png,5483,2234,/home/ace/Downloads/rgb_anon_trainvaltest/rgb_anon/night/val_ref/GOPR0356/GOPR0356_frame_000339_rgb_ref_anon.png,/home/ace/Downloads/rgb_anon_trainvaltest/rgb_anon/night/val/GOPR0356/GOPR0356_frame_000339_rgb_anon.png
acdc,SegFormer-B5,person,GOPR0356/gopr0356_frame_000342.png,0,49,/home/ace/Downloads/rgb_anon_trainvaltest/rgb_anon/night/val_ref/GOPR0356/GOPR0356_frame_000342_rgb_ref_anon.png,/home/ace/Downloads/rgb_anon_trainvaltest/rgb_anon/night/val/GOPR0356/GOPR0356_frame_000342_rgb_anon.png
acdc,SegFormer-B5,person,GOPR0356/gopr0356_frame_000345.png,0,116,/home/ace/Downloads/rgb_anon_trainvaltest/rgb_anon/night/val_ref/GOPR0356/GOPR0356_frame_000345_rgb_ref_anon.png,/home/ace/Downloads/rgb_anon_trainvaltest/rgb_anon/night/val/GOPR0356/GOPR0356_frame_000345_rgb_anon.png
acdc,SegFormer-B5,person,GOPR0356/gopr0356_frame_000348.png,0,0,/home/ace/Downloads/rgb_anon_trainvaltest/rgb_anon/night/val_ref/GOPR0356/GOPR0356_frame_000348_rgb_ref_anon.png,/home/ace/Downloads/rgb_anon_trainvaltest/rgb_anon/night/val/GOPR0356/GOPR0356_frame_000348_rgb_anon.png
acdc,SegFormer-B5,person,GOPR0356/gopr0356_frame_000351.png,0,0,/home/ace/Downloads/rgb_anon_trainvaltest/rgb_anon/night/val_ref/GOPR0356/GOPR0356_frame_000351_rgb_ref_anon.png,/home/ace/Downloads/rgb_anon_trainvaltest/rgb_anon/night/val/GOPR0356/GOPR0356_frame_000351_rgb_anon.png
acdc,SegFormer-B5,person,GOPR0356/gopr0356_frame_000354.png,477,44,/home/ace/Downloads/rgb_anon_trainvaltest/rgb_anon/night/val_ref/GOPR0356/GOPR0356_frame_000354_rgb_ref_anon.png,/home/ace/Downloads/rgb_anon_trainvaltest/rgb_anon/night/val/GOPR0356/GOPR0356_frame_000354_rgb_anon.png
acdc,SegFormer-B5,person,GOPR0356/gopr0356_frame_000357.png,0,0,/home/ace/Downloads/rgb_anon_trainvaltest/rgb_anon/night/val_ref/GOPR0356/GOPR0356_frame_000357_rgb_ref_anon.png,/home/ace/Downloads/rgb_anon_trainvaltest/rgb_anon/night/val/GOPR0356/GOPR0356_frame_000357_rgb_anon.png
acdc,SegFormer-B5,person,GOPR0356/gopr0356_frame_000360.png,0,0,/home/ace/Downloads/rgb_anon_trainvaltest/rgb_anon/night/val_ref/GOPR0356/GOPR0356_frame_000360_rgb_ref_anon.png,/home/ace/Downloads/rgb_anon_trainvaltest/rgb_anon/night/val/GOPR0356/GOPR0356_frame_000360_rgb_anon.png
acdc,SegFormer-B5,person,GOPR0356/gopr0356_frame_000363.png,0,0,/home/ace/Downloads/rgb_anon_trainvaltest/rgb_anon/night/val_ref/GOPR0356/GOPR0356_frame_000363_rgb_ref_anon.png,/home/ace/Downloads/rgb_anon_trainvaltest/rgb_anon/night/val/GOPR0356/GOPR0356_frame_000363_rgb_anon.png
acdc,SegFormer-B5,person,GOPR0356/gopr0356_frame_000366.png,0,16,/home/ace/Downloads/rgb_anon_trainvaltest/rgb_anon/night/val_ref/GOPR0356/GOPR0356_frame_000366_rgb_ref_anon.png,/home/ace/Downloads/rgb_anon_trainvaltest/rgb_anon/night/val/GOPR0356/GOPR0356_frame_000366_rgb_anon.png
acdc,SegFormer-B5,person,GOPR0356/gopr0356_frame_000369.png,0,0,/home/ace/Downloads/rgb_anon_trainvaltest/rgb_anon/night/val_ref/GOPR0356/GOPR0356_frame_000369_rgb_ref_anon.png,/home/ace/Downloads/rgb_anon_trainvaltest/rgb_anon/night/val/GOPR0356/GOPR0356_frame_000369_rgb_anon.png
acdc,SegFormer-B5,person,GOPR0356/gopr0356_frame_000372.png,0,0,/home/ace/Downloads/rgb_anon_trainvaltest/rgb_anon/night/val_ref/GOPR0356/GOPR0356_frame_000372_rgb_ref_anon.png,/home/ace/Downloads/rgb_anon_trainvaltest/rgb_anon/night/val/GOPR0356/GOPR0356_frame_000372_rgb_anon.png
acdc,SegFormer-B5,person,GOPR0356/gopr0356_frame_000375.png,0,0,/home/ace/Downloads/rgb_anon_trainvaltest/rgb_anon/night/val_ref/GOPR0356/GOPR0356_frame_000375_rgb_ref_anon.png,/home/ace/Downloads/rgb_anon_trainvaltest/rgb_anon/night/val/GOPR0356/GOPR0356_frame_000375_rgb_anon.png
acdc,SegFormer-B5,person,GOPR0356/gopr0356_frame_000378.png,0,0,/home/ace/Downloads/rgb_anon_trainvaltest/rgb_anon/night/val_ref/GOPR0356/GOPR0356_frame_000378_rgb_ref_anon.png,/home/ace/Downloads/rgb_anon_trainvaltest/rgb_anon/night/val/GOPR0356/GOPR0356_frame_000378_rgb_anon.png
acdc,SegFormer-B5,person,GOPR0356/gopr0356_frame_000382.png,0,0,/home/ace/Downloads/rgb_anon_trainvaltest/rgb_anon/night/val_ref/GOPR0356/GOPR0356_frame_000382_rgb_ref_anon.png,/home/ace/Downloads/rgb_anon_trainvaltest/rgb_anon/night/val/GOPR0356/GOPR0356_frame_000382_rgb_anon.png
acdc,SegFormer-B5,person,GOPR0356/gopr0356_frame_000386.png,618,0,/home/ace/Downloads/rgb_anon_trainvaltest/rgb_anon/night/val_ref/GOPR0356/GOPR0356_frame_000386_rgb_ref_anon.png,/home/ace/Downloads/rgb_anon_trainvaltest/rgb_anon/night/val/GOPR0356/GOPR0356_frame_000386_rgb_anon.png
acdc,SegFormer-B5,person,GOPR0356/gopr0356_frame_000391.png,1134,0,/home/ace/Downloads/rgb_anon_trainvaltest/rgb_anon/night/val_ref/GOPR0356/GOPR0356_frame_000391_rgb_ref_anon.png,/home/ace/Downloads/rgb_anon_trainvaltest/rgb_anon/night/val/GOPR0356/GOPR0356_frame_000391_rgb_anon.png
acdc,SegFormer-B5,person,GOPR0356/gopr0356_frame_000395.png,0,0,/home/ace/Downloads/rgb_anon_trainvaltest/rgb_anon/night/val_ref/GOPR0356/GOPR0356_frame_000395_rgb_ref_anon.png,/home/ace/Downloads/rgb_anon_trainvaltest/rgb_anon/night/val/GOPR0356/GOPR0356_frame_000395_rgb_anon.png
acdc,SegFormer-B5,person,GOPR0356/gopr0356_frame_000398.png,1001,0,/home/ace/Downloads/rgb_anon_trainvaltest/rgb_anon/night/val_ref/GOPR0356/GOPR0356_frame_000398_rgb_ref_anon.png,/home/ace/Downloads/rgb_anon_trainvaltest/rgb_anon/night/val/GOPR0356/GOPR0356_frame_000398_rgb_anon.png
acdc,SegFormer-B5,person,GOPR0356/gopr0356_frame_000401.png,0,0,/home/ace/Downloads/rgb_anon_trainvaltest/rgb_anon/night/val_ref/GOPR0356/GOPR0356_frame_000401_rgb_ref_anon.png,/home/ace/Downloads/rgb_anon_trainvaltest/rgb_anon/night/val/GOPR0356/GOPR0356_frame_000401_rgb_anon.png
acdc,SegFormer-B5,person,GOPR0356/gopr0356_frame_000404.png,84,489,/home/ace/Downloads/rgb_anon_trainvaltest/rgb_anon/night/val_ref/GOPR0356/GOPR0356_frame_000404_rgb_ref_anon.png,/home/ace/Downloads/rgb_anon_trainvaltest/rgb_anon/night/val/GOPR0356/GOPR0356_frame_000404_rgb_anon.png
acdc,SegFormer-B5,person,GOPR0356/gopr0356_frame_000408.png,11103,2623,/home/ace/Downloads/rgb_anon_trainvaltest/rgb_anon/night/val_ref/GOPR0356/GOPR0356_frame_000408_rgb_ref_anon.png,/home/ace/Downloads/rgb_anon_trainvaltest/rgb_anon/night/val/GOPR0356/GOPR0356_frame_000408_rgb_anon.png
acdc,SegFormer-B5,person,GOPR0356/gopr0356_frame_000414.png,1042,122,/home/ace/Downloads/rgb_anon_trainvaltest/rgb_anon/night/val_ref/GOPR0356/GOPR0356_frame_000414_rgb_ref_anon.png,/home/ace/Downloads/rgb_anon_trainvaltest/rgb_anon/night/val/GOPR0356/GOPR0356_frame_000414_rgb_anon.png
acdc,SegFormer-B5,person,GOPR0356/gopr0356_frame_000418.png,0,0,/home/ace/Downloads/rgb_anon_trainvaltest/rgb_anon/night/val_ref/GOPR0356/GOPR0356_frame_000418_rgb_ref_anon.png,/home/ace/Downloads/rgb_anon_trainvaltest/rgb_anon/night/val/GOPR0356/GOPR0356_frame_000418_rgb_anon.png
acdc,SegFormer-B5,person,GOPR0356/gopr0356_frame_000421.png,1684,0,/home/ace/Downloads/rgb_anon_trainvaltest/rgb_anon/night/val_ref/GOPR0356/GOPR0356_frame_000421_rgb_ref_anon.png,/home/ace/Downloads/rgb_anon_trainvaltest/rgb_anon/night/val/GOPR0356/GOPR0356_frame_000421_rgb_anon.png
acdc,SegFormer-B5,person,GOPR0356/gopr0356_frame_000424.png,0,619,/home/ace/Downloads/rgb_anon_trainvaltest/rgb_anon/night/val_ref/GOPR0356/GOPR0356_frame_000424_rgb_ref_anon.png,/home/ace/Downloads/rgb_anon_trainvaltest/rgb_anon/night/val/GOPR0356/GOPR0356_frame_000424_rgb_anon.png
acdc,SegFormer-B5,person,GOPR0356/gopr0356_frame_000427.png,0,5044,/home/ace/Downloads/rgb_anon_trainvaltest/rgb_anon/night/val_ref/GOPR0356/GOPR0356_frame_000427_rgb_ref_anon.png,/home/ace/Downloads/rgb_anon_trainvaltest/rgb_anon/night/val/GOPR0356/GOPR0356_frame_000427_rgb_anon.png
acdc,SegFormer-B5,person,GOPR0356/gopr0356_frame_000430.png,646,0,/home/ace/Downloads/rgb_anon_trainvaltest/rgb_anon/night/val_ref/GOPR0356/GOPR0356_frame_000430_rgb_ref_anon.png,/home/ace/Downloads/rgb_anon_trainvaltest/rgb_anon/night/val/GOPR0356/GOPR0356_frame_000430_rgb_anon.png
acdc,SegFormer-B5,person,GOPR0356/gopr0356_frame_000433.png,1285,877,/home/ace/Downloads/rgb_anon_trainvaltest/rgb_anon/night/val_ref/GOPR0356/GOPR0356_frame_000433_rgb_ref_anon.png,/home/ace/Downloads/rgb_anon_trainvaltest/rgb_anon/night/val/GOPR0356/GOPR0356_frame_000433_rgb_anon.png
acdc,SegFormer-B5,person,GOPR0356/gopr0356_frame_000437.png,16,18198,/home/ace/Downloads/rgb_anon_trainvaltest/rgb_anon/night/val_ref/GOPR0356/GOPR0356_frame_000437_rgb_ref_anon.png,/home/ace/Downloads/rgb_anon_trainvaltest/rgb_anon/night/val/GOPR0356/GOPR0356_frame_000437_rgb_anon.png
acdc,SegFormer-B5,person,GOPR0356/gopr0356_frame_000448.png,0,312,/home/ace/Downloads/rgb_anon_trainvaltest/rgb_anon/night/val_ref/GOPR0356/GOPR0356_frame_000448_rgb_ref_anon.png,/home/ace/Downloads/rgb_anon_trainvaltest/rgb_anon/night/val/GOPR0356/GOPR0356_frame_000448_rgb_anon.png
acdc,SegFormer-B5,person,GOPR0356/gopr0356_frame_000452.png,26,2390,/home/ace/Downloads/rgb_anon_trainvaltest/rgb_anon/night/val_ref/GOPR0356/GOPR0356_frame_000452_rgb_ref_anon.png,/home/ace/Downloads/rgb_anon_trainvaltest/rgb_anon/night/val/GOPR0356/GOPR0356_frame_000452_rgb_anon.png
acdc,SegFormer-B5,person,GOPR0356/gopr0356_frame_000455.png,75557,112,/home/ace/Downloads/rgb_anon_trainvaltest/rgb_anon/night/val_ref/GOPR0356/GOPR0356_frame_000455_rgb_ref_anon.png,/home/ace/Downloads/rgb_anon_trainvaltest/rgb_anon/night/val/GOPR0356/GOPR0356_frame_000455_rgb_anon.png
acdc,SegFormer-B5,person,GOPR0356/gopr0356_frame_000458.png,3112,515,/home/ace/Downloads/rgb_anon_trainvaltest/rgb_anon/night/val_ref/GOPR0356/GOPR0356_frame_000458_rgb_ref_anon.png,/home/ace/Downloads/rgb_anon_trainvaltest/rgb_anon/night/val/GOPR0356/GOPR0356_frame_000458_rgb_anon.png
acdc,SegFormer-B5,person,GOPR0356/gopr0356_frame_000461.png,5126,5,/home/ace/Downloads/rgb_anon_trainvaltest/rgb_anon/night/val_ref/GOPR0356/GOPR0356_frame_000461_rgb_ref_anon.png,/home/ace/Downloads/rgb_anon_trainvaltest/rgb_anon/night/val/GOPR0356/GOPR0356_frame_000461_rgb_anon.png
acdc,SegFormer-B5,person,GOPR0356/gopr0356_frame_000464.png,3567,4284,/home/ace/Downloads/rgb_anon_trainvaltest/rgb_anon/night/val_ref/GOPR0356/GOPR0356_frame_000464_rgb_ref_anon.png,/home/ace/Downloads/rgb_anon_trainvaltest/rgb_anon/night/val/GOPR0356/GOPR0356_frame_000464_rgb_anon.png
acdc,SegFormer-B5,person,GOPR0356/gopr0356_frame_000467.png,0,9,/home/ace/Downloads/rgb_anon_trainvaltest/rgb_anon/night/val_ref/GOPR0356/GOPR0356_frame_000467_rgb_ref_anon.png,/home/ace/Downloads/rgb_anon_trainvaltest/rgb_anon/night/val/GOPR0356/GOPR0356_frame_000467_rgb_anon.png
acdc,SegFormer-B5,person,GOPR0356/gopr0356_frame_000470.png,0,0,/home/ace/Downloads/rgb_anon_trainvaltest/rgb_anon/night/val_ref/GOPR0356/GOPR0356_frame_000470_rgb_ref_anon.png,/home/ace/Downloads/rgb_anon_trainvaltest/rgb_anon/night/val/GOPR0356/GOPR0356_frame_000470_rgb_anon.png
acdc,SegFormer-B5,person,GOPR0356/gopr0356_frame_000473.png,0,1613,/home/ace/Downloads/rgb_anon_trainvaltest/rgb_anon/night/val_ref/GOPR0356/GOPR0356_frame_000473_rgb_ref_anon.png,/home/ace/Downloads/rgb_anon_trainvaltest/rgb_anon/night/val/GOPR0356/GOPR0356_frame_000473_rgb_anon.png
acdc,SegFormer-B5,person,GOPR0356/gopr0356_frame_000476.png,8,39,/home/ace/Downloads/rgb_anon_trainvaltest/rgb_anon/night/val_ref/GOPR0356/GOPR0356_frame_000476_rgb_ref_anon.png,/home/ace/Downloads/rgb_anon_trainvaltest/rgb_anon/night/val/GOPR0356/GOPR0356_frame_000476_rgb_anon.png
acdc,SegFormer-B5,person,GOPR0356/gopr0356_frame_000479.png,47,0,/home/ace/Downloads/rgb_anon_trainvaltest/rgb_anon/night/val_ref/GOPR0356/GOPR0356_frame_000479_rgb_ref_anon.png,/home/ace/Downloads/rgb_anon_trainvaltest/rgb_anon/night/val/GOPR0356/GOPR0356_frame_000479_rgb_anon.png
acdc,SegFormer-B5,person,GOPR0356/gopr0356_frame_000482.png,0,4,/home/ace/Downloads/rgb_anon_trainvaltest/rgb_anon/night/val_ref/GOPR0356/GOPR0356_frame_000482_rgb_ref_anon.png,/home/ace/Downloads/rgb_anon_trainvaltest/rgb_anon/night/val/GOPR0356/GOPR0356_frame_000482_rgb_anon.png
acdc,SegFormer-B5,person,GOPR0356/gopr0356_frame_000485.png,0,198,/home/ace/Downloads/rgb_anon_trainvaltest/rgb_anon/night/val_ref/GOPR0356/GOPR0356_frame_000485_rgb_ref_anon.png,/home/ace/Downloads/rgb_anon_trainvaltest/rgb_anon/night/val/GOPR0356/GOPR0356_frame_000485_rgb_anon.png
acdc,SegFormer-B5,person,GOPR0356/gopr0356_frame_000488.png,0,21,/home/ace/Downloads/rgb_anon_trainvaltest/rgb_anon/night/val_ref/GOPR0356/GOPR0356_frame_000488_rgb_ref_anon.png,/home/ace/Downloads/rgb_anon_trainvaltest/rgb_anon/night/val/GOPR0356/GOPR0356_frame_000488_rgb_anon.png
our_dataset,SegFormer-B5,car,10231074,0,0,/home/ace/Downloads/Dataset/Day/10231074_Day_EXTRASUNNY.png,/home/ace/Downloads/Dataset/Night/10231074_Night_EXTRASUNNY.png
our_dataset,SegFormer-B5,car,108359,25405,15654,/home/ace/Downloads/Dataset/Day/108359_Day_EXTRASUNNY.png,/home/ace/Downloads/Dataset/Night/108359_Night_EXTRASUNNY.png
our_dataset,SegFormer-B5,car,10901081,0,0,/home/ace/Downloads/Dataset/Day/10901081_Day_EXTRASUNNY.png,/home/ace/Downloads/Dataset/Night/10901081_Night_EXTRASUNNY.png
our_dataset,SegFormer-B5,car,11101250,2419,12108,/home/ace/Downloads/Dataset/Day/11101250_Day_EXTRASUNNY.png,/home/ace/Downloads/Dataset/Night/11101250_Night_EXTRASUNNY.png
our_dataset,SegFormer-B5,car,11131433,51,0,/home/ace/Downloads/Dataset/Day/11131433_Day_EXTRASUNNY.png,/home/ace/Downloads/Dataset/Night/11131433_Night_EXTRASUNNY.png
our_dataset,SegFormer-B5,car,1119803,35522,34148,/home/ace/Downloads/Dataset/Day/1119803_Day_EXTRASUNNY.png,/home/ace/Downloads/Dataset/Night/1119803_Night_EXTRASUNNY.png
our_dataset,SegFormer-B5,car,112170,0,0,/home/ace/Downloads/Dataset/Day/112170_Day_EXTRASUNNY.png,/home/ace/Downloads/Dataset/Night/112170_Night_EXTRASUNNY.png
our_dataset,SegFormer-B5,car,1124819,118958,115910,/home/ace/Downloads/Dataset/Day/1124819_Day_EXTRASUNNY.png,/home/ace/Downloads/Dataset/Night/1124819_Night_EXTRASUNNY.png
our_dataset,SegFormer-B5,car,11281105,135097,133027,/home/ace/Downloads/Dataset/Day/11281105_Day_EXTRASUNNY.png,/home/ace/Downloads/Dataset/Night/11281105_Night_EXTRASUNNY.png
our_dataset,SegFormer-B5,car,1129575,44101,42921,/home/ace/Downloads/Dataset/Day/1129575_Day_EXTRASUNNY.png,/home/ace/Downloads/Dataset/Night/1129575_Night_EXTRASUNNY.png
our_dataset,SegFormer-B5,car,1161197,116615,116148,/home/ace/Downloads/Dataset/Day/1161197_Day_EXTRASUNNY.png,/home/ace/Downloads/Dataset/Night/1161197_Night_EXTRASUNNY.png
our_dataset,SegFormer-B5,car,1162709,171579,155804,/home/ace/Downloads/Dataset/Day/1162709_Day_EXTRASUNNY.png,/home/ace/Downloads/Dataset/Night/1162709_Night_EXTRASUNNY.png
our_dataset,SegFormer-B5,car,1163548,0,0,/home/ace/Downloads/Dataset/Day/1163548_Day_EXTRASUNNY.png,/home/ace/Downloads/Dataset/Night/1163548_Night_EXTRASUNNY.png
our_dataset,SegFormer-B5,car,11642190,0,0,/home/ace/Downloads/Dataset/Day/11642190_Day_EXTRASUNNY.png,/home/ace/Downloads/Dataset/Night/11642190_Night_EXTRASUNNY.png
our_dataset,SegFormer-B5,car,1169181,69396,63660,/home/ace/Downloads/Dataset/Day/1169181_Day_EXTRASUNNY.png,/home/ace/Downloads/Dataset/Night/1169181_Night_EXTRASUNNY.png
our_dataset,SegFormer-B5,car,11721222,9038,8928,/home/ace/Downloads/Dataset/Day/11721222_Day_EXTRASUNNY.png,/home/ace/Downloads/Dataset/Night/11721222_Night_EXTRASUNNY.png
our_dataset,SegFormer-B5,car,11802146,8280,7064,/home/ace/Downloads/Dataset/Day/11802146_Day_EXTRASUNNY.png,/home/ace/Downloads/Dataset/Night/11802146_Night_EXTRASUNNY.png
our_dataset,SegFormer-B5,car,1184775,108338,107029,/home/ace/Downloads/Dataset/Day/1184775_Day_EXTRASUNNY.png,/home/ace/Downloads/Dataset/Night/1184775_Night_EXTRASUNNY.png
our_dataset,SegFormer-B5,car,11921147,5044,1343,/home/ace/Downloads/Dataset/Day/11921147_Day_EXTRASUNNY.png,/home/ace/Downloads/Dataset/Night/11921147_Night_EXTRASUNNY.png
our_dataset,SegFormer-B5,car,119342,0,0,/home/ace/Downloads/Dataset/Day/119342_Day_EXTRASUNNY.png,/home/ace/Downloads/Dataset/Night/119342_Night_EXTRASUNNY.png
our_dataset,SegFormer-B5,car,1201777,0,0,/home/ace/Downloads/Dataset/Day/1201777_Day_EXTRASUNNY.png,/home/ace/Downloads/Dataset/Night/1201777_Night_EXTRASUNNY.png
our_dataset,SegFormer-B5,car,1297251,4492,0,/home/ace/Downloads/Dataset/Day/1297251_Day_EXTRASUNNY.png,/home/ace/Downloads/Dataset/Night/1297251_Night_EXTRASUNNY.png
our_dataset,SegFormer-B5,car,1314425,0,0,/home/ace/Downloads/Dataset/Day/1314425_Day_EXTRASUNNY.png,/home/ace/Downloads/Dataset/Night/1314425_Night_EXTRASUNNY.png
our_dataset,SegFormer-B5,car,13331910,103858,106082,/home/ace/Downloads/Dataset/Day/13331910_Day_EXTRASUNNY.png,/home/ace/Downloads/Dataset/Night/13331910_Night_EXTRASUNNY.png
our_dataset,SegFormer-B5,car,13551916,6221,4297,/home/ace/Downloads/Dataset/Day/13551916_Day_EXTRASUNNY.png,/home/ace/Downloads/Dataset/Night/13551916_Night_EXTRASUNNY.png
our_dataset,SegFormer-B5,car,140120,13472,13522,/home/ace/Downloads/Dataset/Day/140120_Day_EXTRASUNNY.png,/home/ace/Downloads/Dataset/Night/140120_Night_EXTRASUNNY.png
our_dataset,SegFormer-B5,car,14450,16004,15157,/home/ace/Downloads/Dataset/Day/14450_Day_EXTRASUNNY.png,/home/ace/Downloads/Dataset/Night/14450_Night_EXTRASUNNY.png
our_dataset,SegFormer-B5,car,1481258,16438,14283,/home/ace/Downloads/Dataset/Day/1481258_Day_EXTRASUNNY.png,/home/ace/Downloads/Dataset/Night/1481258_Night_EXTRASUNNY.png
our_dataset,SegFormer-B5,car,153373,52153,52563,/home/ace/Downloads/Dataset/Day/153373_Day_EXTRASUNNY.png,/home/ace/Downloads/Dataset/Night/153373_Night_EXTRASUNNY.png
our_dataset,SegFormer-B5,car,1541895,131776,126034,/home/ace/Downloads/Dataset/Day/1541895_Day_EXTRASUNNY.png,/home/ace/Downloads/Dataset/Night/1541895_Night_EXTRASUNNY.png
our_dataset,SegFormer-B5,car,1581031,53,0,/home/ace/Downloads/Dataset/Day/1581031_Day_EXTRASUNNY.png,/home/ace/Downloads/Dataset/Night/1581031_Night_EXTRASUNNY.png
our_dataset,SegFormer-B5,car,159401,0,0,/home/ace/Downloads/Dataset/Day/159401_Day_EXTRASUNNY.png,/home/ace/Downloads/Dataset/Night/159401_Night_EXTRASUNNY.png
our_dataset,SegFormer-B5,car,182335,8645,1456,/home/ace/Downloads/Dataset/Day/182335_Day_EXTRASUNNY.png,/home/ace/Downloads/Dataset/Night/182335_Night_EXTRASUNNY.png
our_dataset,SegFormer-B5,car,187713,23460,21000,/home/ace/Downloads/Dataset/Day/187713_Day_EXTRASUNNY.png,/home/ace/Downloads/Dataset/Night/187713_Night_EXTRASUNNY.png
our_dataset,SegFormer-B5,car,19188,63830,62205,/home/ace/Downloads/Dataset/Day/19188_Day_EXTRASUNNY.png,/home/ace/Downloads/Dataset/Night/19188_Night_EXTRASUNNY.png
our_dataset,SegFormer-B5,car,196581,0,0,/home/ace/Downloads/Dataset/Day/196581_Day_EXTRASUNNY.png,/home/ace/Downloads/Dataset/Night/196581_Night_EXTRASUNNY.png
our_dataset,SegFormer-B5,car,2041817,428,0,/home/ace/Downloads/Dataset/Day/2041817_Day_EXTRASUNNY.png,/home/ace/Downloads/Dataset/Night/2041817_Night_EXTRASUNNY.png
our_dataset,SegFormer-B5,car,21692,682,0,/home/ace/Downloads/Dataset/Day/21692_Day_EXTRASUNNY.png,/home/ace/Downloads/Dataset/Night/21692_Night_EXTRASUNNY.png
our_dataset,SegFormer-B5,car,2231013,0,0,/home/ace/Downloads/Dataset/Day/2231013_Day_EXTRASUNNY.png,/home/ace/Downloads/Dataset/Night/2231013_Night_EXTRASUNNY.png
our_dataset,SegFormer-B5,car,223195,7358,5557,/home/ace/Downloads/Dataset/Day/223195_Day_EXTRASUNNY.png,/home/ace/Downloads/Dataset/Night/223195_Night_EXTRASUNNY.png
our_dataset,SegFormer-B5,car,231037,68284,65260,/home/ace/Downloads/Dataset/Day/231037_Day_EXTRASUNNY.png,/home/ace/Downloads/Dataset/Night/231037_Night_EXTRASUNNY.png
our_dataset,SegFormer-B5,car,2461888,37293,35055,/home/ace/Downloads/Dataset/Day/2461888_Day_EXTRASUNNY.png,/home/ace/Downloads/Dataset/Night/2461888_Night_EXTRASUNNY.png
our_dataset,SegFormer-B5,car,2531844,41574,40306,/home/ace/Downloads/Dataset/Day/2531844_Day_EXTRASUNNY.png,/home/ace/Downloads/Dataset/Night/2531844_Night_EXTRASUNNY.png
our_dataset,SegFormer-B5,car,2711181,18377,17923,/home/ace/Downloads/Dataset/Day/2711181_Day_EXTRASUNNY.png,/home/ace/Downloads/Dataset/Night/2711181_Night_EXTRASUNNY.png
our_dataset,SegFormer-B5,car,288913,0,0,/home/ace/Downloads/Dataset/Day/288913_Day_EXTRASUNNY.png,/home/ace/Downloads/Dataset/Night/288913_Night_EXTRASUNNY.png
our_dataset,SegFormer-B5,car,302966,11360,6106,/home/ace/Downloads/Dataset/Day/302966_Day_EXTRASUNNY.png,/home/ace/Downloads/Dataset/Night/302966_Night_EXTRASUNNY.png
our_dataset,SegFormer-B5,car,320493,170005,226564,/home/ace/Downloads/Dataset/Day/320493_Day_EXTRASUNNY.png,/home/ace/Downloads/Dataset/Night/320493_Night_EXTRASUNNY.png
our_dataset,SegFormer-B5,car,365202,76586,75990,/home/ace/Downloads/Dataset/Day/365202_Day_EXTRASUNNY.png,/home/ace/Downloads/Dataset/Night/365202_Night_EXTRASUNNY.png
our_dataset,SegFormer-B5,car,37573,0,0,/home/ace/Downloads/Dataset/Day/37573_Day_EXTRASUNNY.png,/home/ace/Downloads/Dataset/Night/37573_Night_EXTRASUNNY.png
our_dataset,SegFormer-B5,car,3761910,37997,35259,/home/ace/Downloads/Dataset/Day/3761910_Day_EXTRASUNNY.png,/home/ace/Downloads/Dataset/Night/3761910_Night_EXTRASUNNY.png
our_dataset,SegFormer-B5,car,400776,125,0,/home/ace/Downloads/Dataset/Day/400776_Day_EXTRASUNNY.png,/home/ace/Downloads/Dataset/Night/400776_Night_EXTRASUNNY.png
our_dataset,SegFormer-B5,car,43427,16473,15921,/home/ace/Downloads/Dataset/Day/43427_Day_EXTRASUNNY.png,/home/ace/Downloads/Dataset/Night/43427_Night_EXTRASUNNY.png
our_dataset,SegFormer-B5,car,43428,25696,28464,/home/ace/Downloads/Dataset/Day/43428_Day_EXTRASUNNY.png,/home/ace/Downloads/Dataset/Night/43428_Night_EXTRASUNNY.png
our_dataset,SegFormer-B5,car,4361495,18660,17969,/home/ace/Downloads/Dataset/Day/4361495_Day_EXTRASUNNY.png,/home/ace/Downloads/Dataset/Night/4361495_Night_EXTRASUNNY.png
our_dataset,SegFormer-B5,car,450967,0,0,/home/ace/Downloads/Dataset/Day/450967_Day_EXTRASUNNY.png,/home/ace/Downloads/Dataset/Night/450967_Night_EXTRASUNNY.png
our_dataset,SegFormer-B5,car,4561149,0,11,/home/ace/Downloads/Dataset/Day/4561149_Day_EXTRASUNNY.png,/home/ace/Downloads/Dataset/Night/4561149_Night_EXTRASUNNY.png
our_dataset,SegFormer-B5,car,460731,0,0,/home/ace/Downloads/Dataset/Day/460731_Day_EXTRASUNNY.png,/home/ace/Downloads/Dataset/Night/460731_Night_EXTRASUNNY.png
our_dataset,SegFormer-B5,car,463639,114524,111255,/home/ace/Downloads/Dataset/Day/463639_Day_EXTRASUNNY.png,/home/ace/Downloads/Dataset/Night/463639_Night_EXTRASUNNY.png
our_dataset,SegFormer-B5,car,4641194,968,67,/home/ace/Downloads/Dataset/Day/4641194_Day_EXTRASUNNY.png,/home/ace/Downloads/Dataset/Night/4641194_Night_EXTRASUNNY.png
our_dataset,SegFormer-B5,car,471118,533905,434606,/home/ace/Downloads/Dataset/Day/471118_Day_EXTRASUNNY.png,/home/ace/Downloads/Dataset/Night/471118_Night_EXTRASUNNY.png
our_dataset,SegFormer-B5,car,4811864,0,0,/home/ace/Downloads/Dataset/Day/4811864_Day_EXTRASUNNY.png,/home/ace/Downloads/Dataset/Night/4811864_Night_EXTRASUNNY.png
our_dataset,SegFormer-B5,car,481618,80753,79653,/home/ace/Downloads/Dataset/Day/481618_Day_EXTRASUNNY.png,/home/ace/Downloads/Dataset/Night/481618_Night_EXTRASUNNY.png
our_dataset,SegFormer-B5,car,4911785,0,193,/home/ace/Downloads/Dataset/Day/4911785_Day_EXTRASUNNY.png,/home/ace/Downloads/Dataset/Night/4911785_Night_EXTRASUNNY.png
our_dataset,SegFormer-B5,car,5370,50656,49459,/home/ace/Downloads/Dataset/Day/5370_Day_EXTRASUNNY.png,/home/ace/Downloads/Dataset/Night/5370_Night_EXTRASUNNY.png
our_dataset,SegFormer-B5,car,550217,36,0,/home/ace/Downloads/Dataset/Day/550217_Day_EXTRASUNNY.png,/home/ace/Downloads/Dataset/Night/550217_Night_EXTRASUNNY.png
our_dataset,SegFormer-B5,car,564213,24195,25075,/home/ace/Downloads/Dataset/Day/564213_Day_EXTRASUNNY.png,/home/ace/Downloads/Dataset/Night/564213_Night_EXTRASUNNY.png
our_dataset,SegFormer-B5,car,568243,40649,38927,/home/ace/Downloads/Dataset/Day/568243_Day_EXTRASUNNY.png,/home/ace/Downloads/Dataset/Night/568243_Night_EXTRASUNNY.png
our_dataset,SegFormer-B5,car,5791659,55560,55367,/home/ace/Downloads/Dataset/Day/5791659_Day_EXTRASUNNY.png,/home/ace/Downloads/Dataset/Night/5791659_Night_EXTRASUNNY.png
our_dataset,SegFormer-B5,car,5951694,46887,47133,/home/ace/Downloads/Dataset/Day/5951694_Day_EXTRASUNNY.png,/home/ace/Downloads/Dataset/Night/5951694_Night_EXTRASUNNY.png
our_dataset,SegFormer-B5,car,596621,22430,20090,/home/ace/Downloads/Dataset/Day/596621_Day_EXTRASUNNY.png,/home/ace/Downloads/Dataset/Night/596621_Night_EXTRASUNNY.png
our_dataset,SegFormer-B5,car,60144,100822,97675,/home/ace/Downloads/Dataset/Day/60144_Day_EXTRASUNNY.png,/home/ace/Downloads/Dataset/Night/60144_Night_EXTRASUNNY.png
our_dataset,SegFormer-B5,car,602947,0,0,/home/ace/Downloads/Dataset/Day/602947_Day_EXTRASUNNY.png,/home/ace/Downloads/Dataset/Night/602947_Night_EXTRASUNNY.png
our_dataset,SegFormer-B5,car,611370,190062,186296,/home/ace/Downloads/Dataset/Day/611370_Day_EXTRASUNNY.png,/home/ace/Downloads/Dataset/Night/611370_Night_EXTRASUNNY.png
our_dataset,SegFormer-B5,car,6461059,8324,4659,/home/ace/Downloads/Dataset/Day/6461059_Day_EXTRASUNNY.png,/home/ace/Downloads/Dataset/Night/6461059_Night_EXTRASUNNY.png
our_dataset,SegFormer-B5,car,6521874,24049,24087,/home/ace/Downloads/Dataset/Day/6521874_Day_EXTRASUNNY.png,/home/ace/Downloads/Dataset/Night/6521874_Night_EXTRASUNNY.png
our_dataset,SegFormer-B5,car,6761290,15848,15728,/home/ace/Downloads/Dataset/Day/6761290_Day_EXTRASUNNY.png,/home/ace/Downloads/Dataset/Night/6761290_Night_EXTRASUNNY.png
our_dataset,SegFormer-B5,car,677878,1972,5,/home/ace/Downloads/Dataset/Day/677878_Day_EXTRASUNNY.png,/home/ace/Downloads/Dataset/Night/677878_Night_EXTRASUNNY.png
our_dataset,SegFormer-B5,car,6942171,16085,19550,/home/ace/Downloads/Dataset/Day/6942171_Day_EXTRASUNNY.png,/home/ace/Downloads/Dataset/Night/6942171_Night_EXTRASUNNY.png
our_dataset,SegFormer-B5,car,706997,27763,26080,/home/ace/Downloads/Dataset/Day/706997_Day_EXTRASUNNY.png,/home/ace/Downloads/Dataset/Night/706997_Night_EXTRASUNNY.png
our_dataset,SegFormer-B5,car,709297,151109,206028,/home/ace/Downloads/Dataset/Day/709297_Day_EXTRASUNNY.png,/home/ace/Downloads/Dataset/Night/709297_Night_EXTRASUNNY.png
our_dataset,SegFormer-B5,car,721627,0,0,/home/ace/Downloads/Dataset/Day/721627_Day_EXTRASUNNY.png,/home/ace/Downloads/Dataset/Night/721627_Night_EXTRASUNNY.png
our_dataset,SegFormer-B5,car,730301,0,4,/home/ace/Downloads/Dataset/Day/730301_Day_EXTRASUNNY.png,/home/ace/Downloads/Dataset/Night/730301_Night_EXTRASUNNY.png
our_dataset,SegFormer-B5,car,7402052,12643,12514,/home/ace/Downloads/Dataset/Day/7402052_Day_EXTRASUNNY.png,/home/ace/Downloads/Dataset/Night/7402052_Night_EXTRASUNNY.png
our_dataset,SegFormer-B5,car,740535,0,0,/home/ace/Downloads/Dataset/Day/740535_Day_EXTRASUNNY.png,/home/ace/Downloads/Dataset/Night/740535_Night_EXTRASUNNY.png
our_dataset,SegFormer-B5,car,754244,0,0,/home/ace/Downloads/Dataset/Day/754244_Day_EXTRASUNNY.png,/home/ace/Downloads/Dataset/Night/754244_Night_EXTRASUNNY.png
our_dataset,SegFormer-B5,car,7601172,287,0,/home/ace/Downloads/Dataset/Day/7601172_Day_EXTRASUNNY.png,/home/ace/Downloads/Dataset/Night/7601172_Night_EXTRASUNNY.png
our_dataset,SegFormer-B5,car,764275,1262,0,/home/ace/Downloads/Dataset/Day/764275_Day_EXTRASUNNY.png,/home/ace/Downloads/Dataset/Night/764275_Night_EXTRASUNNY.png
our_dataset,SegFormer-B5,car,80078,0,0,/home/ace/Downloads/Dataset/Day/80078_Day_EXTRASUNNY.png,/home/ace/Downloads/Dataset/Night/80078_Night_EXTRASUNNY.png
our_dataset,SegFormer-B5,car,802754,0,0,/home/ace/Downloads/Dataset/Day/802754_Day_EXTRASUNNY.png,/home/ace/Downloads/Dataset/Night/802754_Night_EXTRASUNNY.png
our_dataset,SegFormer-B5,car,807294,140087,142047,/home/ace/Downloads/Dataset/Day/807294_Day_EXTRASUNNY.png,/home/ace/Downloads/Dataset/Night/807294_Night_EXTRASUNNY.png
our_dataset,SegFormer-B5,car,8211195,97,0,/home/ace/Downloads/Dataset/Day/8211195_Day_EXTRASUNNY.png,/home/ace/Downloads/Dataset/Night/8211195_Night_EXTRASUNNY.png
our_dataset,SegFormer-B5,car,840214,27406,27039,/home/ace/Downloads/Dataset/Day/840214_Day_EXTRASUNNY.png,/home/ace/Downloads/Dataset/Night/840214_Night_EXTRASUNNY.png
our_dataset,SegFormer-B5,car,849953,0,0,/home/ace/Downloads/Dataset/Day/849953_Day_EXTRASUNNY.png,/home/ace/Downloads/Dataset/Night/849953_Night_EXTRASUNNY.png
our_dataset,SegFormer-B5,car,863810,180906,168881,/home/ace/Downloads/Dataset/Day/863810_Day_EXTRASUNNY.png,/home/ace/Downloads/Dataset/Night/863810_Night_EXTRASUNNY.png
our_dataset,SegFormer-B5,car,871354,42774,40899,/home/ace/Downloads/Dataset/Day/871354_Day_EXTRASUNNY.png,/home/ace/Downloads/Dataset/Night/871354_Night_EXTRASUNNY.png
our_dataset,SegFormer-B5,car,878,21141,20386,/home/ace/Downloads/Dataset/Day/878_Day_EXTRASUNNY.png,/home/ace/Downloads/Dataset/Night/878_Night_EXTRASUNNY.png
our_dataset,SegFormer-B5,car,8791456,19337,18281,/home/ace/Downloads/Dataset/Day/8791456_Day_EXTRASUNNY.png,/home/ace/Downloads/Dataset/Night/8791456_Night_EXTRASUNNY.png
our_dataset,SegFormer-B5,car,960645,8338,8591,/home/ace/Downloads/Dataset/Day/960645_Day_EXTRASUNNY.png,/home/ace/Downloads/Dataset/Night/960645_Night_EXTRASUNNY.png
our_dataset,SegFormer-B5,car,973598,18411,18010,/home/ace/Downloads/Dataset/Day/973598_Day_EXTRASUNNY.png,/home/ace/Downloads/Dataset/Night/973598_Night_EXTRASUNNY.png
our_dataset,SegFormer-B5,car,988137,8720,7075,/home/ace/Downloads/Dataset/Day/988137_Day_EXTRASUNNY.png,/home/ace/Downloads/Dataset/Night/988137_Night_EXTRASUNNY.png
our_dataset,SegFormer-B5,car,9958,460,0,/home/ace/Downloads/Dataset/Day/9958_Day_EXTRASUNNY.png,/home/ace/Downloads/Dataset/Night/9958_Night_EXTRASUNNY.png
acdc,SegFormer-B5,car,GOPR0351/gopr0351_frame_000159.png,33202,12702,/home/ace/Downloads/rgb_anon_trainvaltest/rgb_anon/night/train_ref/GOPR0351/GOPR0351_frame_000159_rgb_ref_anon.png,/home/ace/Downloads/rgb_anon_trainvaltest/rgb_anon/night/train/GOPR0351/GOPR0351_frame_000159_rgb_anon.png
acdc,SegFormer-B5,car,GOPR0351/gopr0351_frame_000161.png,31639,3599,/home/ace/Downloads/rgb_anon_trainvaltest/rgb_anon/night/train_ref/GOPR0351/GOPR0351_frame_000161_rgb_ref_anon.png,/home/ace/Downloads/rgb_anon_trainvaltest/rgb_anon/night/train/GOPR0351/GOPR0351_frame_000161_rgb_anon.png
acdc,SegFormer-B5,car,GOPR0351/gopr0351_frame_000165.png,89052,44363,/home/ace/Downloads/rgb_anon_trainvaltest/rgb_anon/night/train_ref/GOPR0351/GOPR0351_frame_000165_rgb_ref_anon.png,/home/ace/Downloads/rgb_anon_trainvaltest/rgb_anon/night/train/GOPR0351/GOPR0351_frame_000165_rgb_anon.png
acdc,SegFormer-B5,car,GOPR0351/gopr0351_frame_000167.png,3049,0,/home/ace/Downloads/rgb_anon_trainvaltest/rgb_anon/night/train_ref/GOPR0351/GOPR0351_frame_000167_rgb_ref_anon.png,/home/ace/Downloads/rgb_anon_trainvaltest/rgb_anon/night/train/GOPR0351/GOPR0351_frame_000167_rgb_anon.png
acdc,SegFormer-B5,car,GOPR0351/gopr0351_frame_000169.png,18190,2040,/home/ace/Downloads/rgb_anon_trainvaltest/rgb_anon/night/train_ref/GOPR0351/GOPR0351_frame_000169_rgb_ref_anon.png,/home/ace/Downloads/rgb_anon_trainvaltest/rgb_anon/night/train/GOPR0351/GOPR0351_frame_000169_rgb_anon.png
acdc,SegFormer-B5,car,GOPR0351/gopr0351_frame_000173.png,0,1507,/home/ace/Downloads/rgb_anon_trainvaltest/rgb_anon/night/train_ref/GOPR0351/GOPR0351_frame_000173_rgb_ref_anon.png,/home/ace/Downloads/rgb_anon_trainvaltest/rgb_anon/night/train/GOPR0351/GOPR0351_frame_000173_rgb_anon.png
acdc,SegFormer-B5,car,GOPR0351/gopr0351_frame_000177.png,98688,58687,/home/ace/Downloads/rgb_anon_trainvaltest/rgb_anon/night/train_ref/GOPR0351/GOPR0351_frame_000177_rgb_ref_anon.png,/home/ace/Downloads/rgb_anon_trainvaltest/rgb_anon/night/train/GOPR0351/GOPR0351_frame_000177_rgb_anon.png
acdc,SegFormer-B5,car,GOPR0351/gopr0351_frame_000179.png,674,53344,/home/ace/Downloads/rgb_anon_trainvaltest/rgb_anon/night/train_ref/GOPR0351/GOPR0351_frame_000179_rgb_ref_anon.png,/home/ace/Downloads/rgb_anon_trainvaltest/rgb_anon/night/train/GOPR0351/GOPR0351_frame_000179_rgb_anon.png
acdc,SegFormer-B5,car,GOPR0351/gopr0351_frame_000181.png,1365,0,/home/ace/Downloads/rgb_anon_trainvaltest/rgb_anon/night/train_ref/GOPR0351/GOPR0351_frame_000181_rgb_ref_anon.png,/home/ace/Downloads/rgb_anon_trainvaltest/rgb_anon/night/train/GOPR0351/GOPR0351_frame_000181_rgb_anon.png
acdc,SegFormer-B5,car,GOPR0351/gopr0351_frame_000183.png,2197,0,/home/ace/Downloads/rgb_anon_trainvaltest/rgb_anon/night/train_ref/GOPR0351/GOPR0351_frame_000183_rgb_ref_anon.png,/home/ace/Downloads/rgb_anon_trainvaltest/rgb_anon/night/train/GOPR0351/GOPR0351_frame_000183_rgb_anon.png
acdc,SegFormer-B5,car,GOPR0351/gopr0351_frame_000185.png,2191,0,/home/ace/Downloads/rgb_anon_trainvaltest/rgb_anon/night/train_ref/GOPR0351/GOPR0351_frame_000185_rgb_ref_anon.png,/home/ace/Downloads/rgb_anon_trainvaltest/rgb_anon/night/train/GOPR0351/GOPR0351_frame_000185_rgb_anon.png
acdc,SegFormer-B5,car,GOPR0351/gopr0351_frame_000187.png,1752,20,/home/ace/Downloads/rgb_anon_trainvaltest/rgb_anon/night/train_ref/GOPR0351/GOPR0351_frame_000187_rgb_ref_anon.png,/home/ace/Downloads/rgb_anon_trainvaltest/rgb_anon/night/train/GOPR0351/GOPR0351_frame_000187_rgb_anon.png
acdc,SegFormer-B5,car,GOPR0351/gopr0351_frame_000191.png,3579,930,/home/ace/Downloads/rgb_anon_trainvaltest/rgb_anon/night/train_ref/GOPR0351/GOPR0351_frame_000191_rgb_ref_anon.png,/home/ace/Downloads/rgb_anon_trainvaltest/rgb_anon/night/train/GOPR0351/GOPR0351_frame_000191_rgb_anon.png
acdc,SegFormer-B5,car,GOPR0351/gopr0351_frame_000195.png,17575,26219,/home/ace/Downloads/rgb_anon_trainvaltest/rgb_anon/night/train_ref/GOPR0351/GOPR0351_frame_000195_rgb_ref_anon.png,/home/ace/Downloads/rgb_anon_trainvaltest/rgb_anon/night/train/GOPR0351/GOPR0351_frame_000195_rgb_anon.png
acdc,SegFormer-B5,car,GOPR0351/gopr0351_frame_000198.png,33991,6284,/home/ace/Downloads/rgb_anon_trainvaltest/rgb_anon/night/train_ref/GOPR0351/GOPR0351_frame_000198_rgb_ref_anon.png,/home/ace/Downloads/rgb_anon_trainvaltest/rgb_anon/night/train/GOPR0351/GOPR0351_frame_000198_rgb_anon.png
acdc,SegFormer-B5,car,GOPR0351/gopr0351_frame_000200.png,121087,23175,/home/ace/Downloads/rgb_anon_trainvaltest/rgb_anon/night/train_ref/GOPR0351/GOPR0351_frame_000200_rgb_ref_anon.png,/home/ace/Downloads/rgb_anon_trainvaltest/rgb_anon/night/train/GOPR0351/GOPR0351_frame_000200_rgb_anon.png
acdc,SegFormer-B5,car,GOPR0351/gopr0351_frame_000202.png,25034,0,/home/ace/Downloads/rgb_anon_trainvaltest/rgb_anon/night/train_ref/GOPR0351/GOPR0351_frame_000202_rgb_ref_anon.png,/home/ace/Downloads/rgb_anon_trainvaltest/rgb_anon/night/train/GOPR0351/GOPR0351_frame_000202_rgb_anon.png
acdc,SegFormer-B5,car,GOPR0351/gopr0351_frame_000204.png,112844,0,/home/ace/Downloads/rgb_anon_trainvaltest/rgb_anon/night/train_ref/GOPR0351/GOPR0351_frame_000204_rgb_ref_anon.png,/home/ace/Downloads/rgb_anon_trainvaltest/rgb_anon/night/train/GOPR0351/GOPR0351_frame_000204_rgb_anon.png
acdc,SegFormer-B5,car,GOPR0351/gopr0351_frame_000214.png,228,0,/home/ace/Downloads/rgb_anon_trainvaltest/rgb_anon/night/train_ref/GOPR0351/GOPR0351_frame_000214_rgb_ref_anon.png,/home/ace/Downloads/rgb_anon_trainvaltest/rgb_anon/night/train/GOPR0351/GOPR0351_frame_000214_rgb_anon.png
acdc,SegFormer-B5,car,GOPR0351/gopr0351_frame_000216.png,4806,0,/home/ace/Downloads/rgb_anon_trainvaltest/rgb_anon/night/train_ref/GOPR0351/GOPR0351_frame_000216_rgb_ref_anon.png,/home/ace/Downloads/rgb_anon_trainvaltest/rgb_anon/night/train/GOPR0351/GOPR0351_frame_000216_rgb_anon.png
acdc,SegFormer-B5,car,GOPR0351/gopr0351_frame_000226.png,193906,237,/home/ace/Downloads/rgb_anon_trainvaltest/rgb_anon/night/train_ref/GOPR0351/GOPR0351_frame_000226_rgb_ref_anon.png,/home/ace/Downloads/rgb_anon_trainvaltest/rgb_anon/night/train/GOPR0351/GOPR0351_frame_000226_rgb_anon.png
acdc,SegFormer-B5,car,GOPR0351/gopr0351_frame_000230.png,30509,32354,/home/ace/Downloads/rgb_anon_trainvaltest/rgb_anon/night/train_ref/GOPR0351/GOPR0351_frame_000230_rgb_ref_anon.png,/home/ace/Downloads/rgb_anon_trainvaltest/rgb_anon/night/train/GOPR0351/GOPR0351_frame_000230_rgb_anon.png
acdc,SegFormer-B5,car,GOPR0351/gopr0351_frame_000233.png,12660,92106,/home/ace/Downloads/rgb_anon_trainvaltest/rgb_anon/night/train_ref/GOPR0351/GOPR0351_frame_000233_rgb_ref_anon.png,/home/ace/Downloads/rgb_anon_trainvaltest/rgb_anon/night/train/GOPR0351/GOPR0351_frame_000233_rgb_anon.png
acdc,SegFormer-B5,car,GOPR0351/gopr0351_frame_000247.png,61149,121396,/home/ace/Downloads/rgb_anon_trainvaltest/rgb_anon/night/train_ref/GOPR0351/GOPR0351_frame_000247_rgb_ref_anon.png,/home/ace/Downloads/rgb_anon_trainvaltest/rgb_anon/night/train/GOPR0351/GOPR0351_frame_000247_rgb_anon.png
acdc,SegFormer-B5,car,GOPR0351/gopr0351_frame_000253.png,3639,3506,/home/ace/Downloads/rgb_anon_trainvaltest/rgb_anon/night/train_ref/GOPR0351/GOPR0351_frame_000253_rgb_ref_anon.png,/home/ace/Downloads/rgb_anon_trainvaltest/rgb_anon/night/train/GOPR0351/GOPR0351_frame_000253_rgb_anon.png
acdc,SegFormer-B5,car,GOPR0351/gopr0351_frame_000257.png,0,3175,/home/ace/Downloads/rgb_anon_trainvaltest/rgb_anon/night/train_ref/GOPR0351/GOPR0351_frame_000257_rgb_ref_anon.png,/home/ace/Downloads/rgb_anon_trainvaltest/rgb_anon/night/train/GOPR0351/GOPR0351_frame_000257_rgb_anon.png
acdc,SegFormer-B5,car,GOPR0351/gopr0351_frame_000260.png,0,482,/home/ace/Downloads/rgb_anon_trainvaltest/rgb_anon/night/train_ref/GOPR0351/GOPR0351_frame_000260_rgb_ref_anon.png,/home/ace/Downloads/rgb_anon_trainvaltest/rgb_anon/night/train/GOPR0351/GOPR0351_frame_000260_rgb_anon.png
acdc,SegFormer-B5,car,GOPR0351/gopr0351_frame_000263.png,0,283,/home/ace/Downloads/rgb_anon_trainvaltest/rgb_anon/night/train_ref/GOPR0351/GOPR0351_frame_000263_rgb_ref_anon.png,/home/ace/Downloads/rgb_anon_trainvaltest/rgb_anon/night/train/GOPR0351/GOPR0351_frame_000263_rgb_anon.png
acdc,SegFormer-B5,car,GOPR0351/gopr0351_frame_000267.png,20,326,/home/ace/Downloads/rgb_anon_trainvaltest/rgb_anon/night/train_ref/GOPR0351/GOPR0351_frame_000267_rgb_ref_anon.png,/home/ace/Downloads/rgb_anon_trainvaltest/rgb_anon/night/train/GOPR0351/GOPR0351_frame_000267_rgb_anon.png
acdc,SegFormer-B5,car,GOPR0351/gopr0351_frame_000271.png,5419,103,/home/ace/Downloads/rgb_anon_trainvaltest/rgb_anon/night/train_ref/GOPR0351/GOPR0351_frame_000271_rgb_ref_anon.png,/home/ace/Downloads/rgb_anon_trainvaltest/rgb_anon/night/train/GOPR0351/GOPR0351_frame_000271_rgb_anon.png
acdc,SegFormer-B5,car,GOPR0351/gopr0351_frame_000276.png,27330,6213,/home/ace/Downloads/rgb_anon_trainvaltest/rgb_anon/night/train_ref/GOPR0351/GOPR0351_frame_000276_rgb_ref_anon.png,/home/ace/Downloads/rgb_anon_trainvaltest/rgb_anon/night/train/GOPR0351/GOPR0351_frame_000276_rgb_anon.png
acdc,SegFormer-B5,car,GOPR0351/gopr0351_frame_000279.png,33005,6571,/home/ace/Downloads/rgb_anon_trainvaltest/rgb_anon/night/train_ref/GOPR0351/GOPR0351_frame_000279_rgb_ref_anon.png,/home/ace/Downloads/rgb_anon_trainvaltest/rgb_anon/night/train/GOPR0351/GOPR0351_frame_000279_rgb_anon.png
acdc,SegFormer-B5,car,GOPR0351/gopr0351_frame_000285.png,9054,10372,/home/ace/Downloads/rgb_anon_trainvaltest/rgb_anon/night/train_ref/GOPR0351/GOPR0351_frame_000285_rgb_ref_anon.png,/home/ace/Downloads/rgb_anon_trainvaltest/rgb_anon/night/train/GOPR0351/GOPR0351_frame_000285_rgb_anon.png
acdc,SegFormer-B5,car,GOPR0351/gopr0351_frame_000300.png,48949,8417,/home/ace/Downloads/rgb_anon_trainvaltest/rgb_anon/night/train_ref/GOPR0351/GOPR0351_frame_000300_rgb_ref_anon.png,/home/ace/Downloads/rgb_anon_trainvaltest/rgb_anon/night/train/GOPR0351/GOPR0351_frame_000300_rgb_anon.png
acdc,SegFormer-B5,car,GOPR0351/gopr0351_frame_000304.png,2175,117252,/home/ace/Downloads/rgb_anon_trainvaltest/rgb_anon/night/train_ref/GOPR0351/GOPR0351_frame_000304_rgb_ref_anon.png,/home/ace/Downloads/rgb_anon_trainvaltest/rgb_anon/night/train/GOPR0351/GOPR0351_frame_000304_rgb_anon.png
acdc,SegFormer-B5,car,GOPR0351/gopr0351_frame_000307.png,5052,0,/home/ace/Downloads/rgb_anon_trainvaltest/rgb_anon/night/train_ref/GOPR0351/GOPR0351_frame_000307_rgb_ref_anon.png,/home/ace/Downloads/rgb_anon_trainvaltest/rgb_anon/night/train/GOPR0351/GOPR0351_frame_000307_rgb_anon.png
acdc,SegFormer-B5,car,GOPR0351/gopr0351_frame_000313.png,6443,8744,/home/ace/Downloads/rgb_anon_trainvaltest/rgb_anon/night/train_ref/GOPR0351/GOPR0351_frame_000313_rgb_ref_anon.png,/home/ace/Downloads/rgb_anon_trainvaltest/rgb_anon/night/train/GOPR0351/GOPR0351_frame_000313_rgb_anon.png
acdc,SegFormer-B5,car,GOPR0351/gopr0351_frame_000317.png,30432,15,/home/ace/Downloads/rgb_anon_trainvaltest/rgb_anon/night/train_ref/GOPR0351/GOPR0351_frame_000317_rgb_ref_anon.png,/home/ace/Downloads/rgb_anon_trainvaltest/rgb_anon/night/train/GOPR0351/GOPR0351_frame_000317_rgb_anon.png
acdc,SegFormer-B5,car,GOPR0351/gopr0351_frame_000319.png,251671,330,/home/ace/Downloads/rgb_anon_trainvaltest/rgb_anon/night/train_ref/GOPR0351/GOPR0351_frame_000319_rgb_ref_anon.png,/home/ace/Downloads/rgb_anon_trainvaltest/rgb_anon/night/train/GOPR0351/GOPR0351_frame_000319_rgb_anon.png
acdc,SegFormer-B5,car,GOPR0351/gopr0351_frame_000323.png,87398,12807,/home/ace/Downloads/rgb_anon_trainvaltest/rgb_anon/night/train_ref/GOPR0351/GOPR0351_frame_000323_rgb_ref_anon.png,/home/ace/Downloads/rgb_anon_trainvaltest/rgb_anon/night/train/GOPR0351/GOPR0351_frame_000323_rgb_anon.png
acdc,SegFormer-B5,car,GOPR0351/gopr0351_frame_000325.png,101444,144477,/home/ace/Downloads/rgb_anon_trainvaltest/rgb_anon/night/train_ref/GOPR0351/GOPR0351_frame_000325_rgb_ref_anon.png,/home/ace/Downloads/rgb_anon_trainvaltest/rgb_anon/night/train/GOPR0351/GOPR0351_frame_000325_rgb_anon.png
acdc,SegFormer-B5,car,GOPR0351/gopr0351_frame_000327.png,70089,45053,/home/ace/Downloads/rgb_anon_trainvaltest/rgb_anon/night/train_ref/GOPR0351/GOPR0351_frame_000327_rgb_ref_anon.png,/home/ace/Downloads/rgb_anon_trainvaltest/rgb_anon/night/train/GOPR0351/GOPR0351_frame_000327_rgb_anon.png
acdc,SegFormer-B5,car,GOPR0351/gopr0351_frame_000329.png,7768,1941,/home/ace/Downloads/rgb_anon_trainvaltest/rgb_anon/night/train_ref/GOPR0351/GOPR0351_frame_000329_rgb_ref_anon.png,/home/ace/Downloads/rgb_anon_trainvaltest/rgb_anon/night/train/GOPR0351/GOPR0351_frame_000329_rgb_anon.png
acdc,SegFormer-B5,car,GOPR0351/gopr0351_frame_000331.png,3581,335,/home/ace/Downloads/rgb_anon_trainvaltest/rgb_anon/night/train_ref/GOPR0351/GOPR0351_frame_000331_rgb_ref_anon.png,/home/ace/Downloads/rgb_anon_trainvaltest/rgb_anon/night/train/GOPR0351/GOPR0351_frame_000331_rgb_anon.png
acdc,SegFormer-B5,car,GOPR0351/gopr0351_frame_000335.png,24579,644,/home/ace/Downloads/rgb_anon_trainvaltest/rgb_anon/night/train_ref/GOPR0351/GOPR0351_frame_000335_rgb_ref_anon.png,/home/ace/Downloads/rgb_anon_trainvaltest/rgb_anon/night/train/GOPR0351/GOPR0351_frame_000335_rgb_anon.png
acdc,SegFormer-B5,car,GOPR0351/gopr0351_frame_000337.png,1367,0,/home/ace/Downloads/rgb_anon_trainvaltest/rgb_anon/night/train_ref/GOPR0351/GOPR0351_frame_000337_rgb_ref_anon.png,/home/ace/Downloads/rgb_anon_trainvaltest/rgb_anon/night/train/GOPR0351/GOPR0351_frame_000337_rgb_anon.png
acdc,SegFormer-B5,car,GOPR0351/gopr0351_frame_000341.png,119,2656,/home/ace/Downloads/rgb_anon_trainvaltest/rgb_anon/night/train_ref/GOPR0351/GOPR0351_frame_000341_rgb_ref_anon.png,/home/ace/Downloads/rgb_anon_trainvaltest/rgb_anon/night/train/GOPR0351/GOPR0351_frame_000341_rgb_anon.png
acdc,SegFormer-B5,car,GOPR0351/gopr0351_frame_000347.png,7032,2545,/home/ace/Downloads/rgb_anon_trainvaltest/rgb_anon/night/train_ref/GOPR0351/GOPR0351_frame_000347_rgb_ref_anon.png,/home/ace/Downloads/rgb_anon_trainvaltest/rgb_anon/night/train/GOPR0351/GOPR0351_frame_000347_rgb_anon.png
acdc,SegFormer-B5,car,GOPR0351/gopr0351_frame_000354.png,707,27053,/home/ace/Downloads/rgb_anon_trainvaltest/rgb_anon/night/train_ref/GOPR0351/GOPR0351_frame_000354_rgb_ref_anon.png,/home/ace/Downloads/rgb_anon_trainvaltest/rgb_anon/night/train/GOPR0351/GOPR0351_frame_000354_rgb_anon.png
acdc,SegFormer-B5,car,GOPR0351/gopr0351_frame_000368.png,1655,7999,/home/ace/Downloads/rgb_anon_trainvaltest/rgb_anon/night/train_ref/GOPR0351/GOPR0351_frame_000368_rgb_ref_anon.png,/home/ace/Downloads/rgb_anon_trainvaltest/rgb_anon/night/train/GOPR0351/GOPR0351_frame_000368_rgb_anon.png
acdc,SegFormer-B5,car,GOPR0351/gopr0351_frame_000376.png,688,800,/home/ace/Downloads/rgb_anon_trainvaltest/rgb_anon/night/train_ref/GOPR0351/GOPR0351_frame_000376_rgb_ref_anon.png,/home/ace/Downloads/rgb_anon_trainvaltest/rgb_anon/night/train/GOPR0351/GOPR0351_frame_000376_rgb_anon.png
acdc,SegFormer-B5,car,GOPR0351/gopr0351_frame_000378.png,5557,612,/home/ace/Downloads/rgb_anon_trainvaltest/rgb_anon/night/train_ref/GOPR0351/GOPR0351_frame_000378_rgb_ref_anon.png,/home/ace/Downloads/rgb_anon_trainvaltest/rgb_anon/night/train/GOPR0351/GOPR0351_frame_000378_rgb_anon.png
acdc,SegFormer-B5,car,GOPR0351/gopr0351_frame_000382.png,9762,6,/home/ace/Downloads/rgb_anon_trainvaltest/rgb_anon/night/train_ref/GOPR0351/GOPR0351_frame_000382_rgb_ref_anon.png,/home/ace/Downloads/rgb_anon_trainvaltest/rgb_anon/night/train/GOPR0351/GOPR0351_frame_000382_rgb_anon.png
acdc,SegFormer-B5,car,GOPR0351/gopr0351_frame_000386.png,7771,6454,/home/ace/Downloads/rgb_anon_trainvaltest/rgb_anon/night/train_ref/GOPR0351/GOPR0351_frame_000386_rgb_ref_anon.png,/home/ace/Downloads/rgb_anon_trainvaltest/rgb_anon/night/train/GOPR0351/GOPR0351_frame_000386_rgb_anon.png
acdc,SegFormer-B5,car,GOPR0351/gopr0351_frame_000388.png,37301,28364,/home/ace/Downloads/rgb_anon_trainvaltest/rgb_anon/night/train_ref/GOPR0351/GOPR0351_frame_000388_rgb_ref_anon.png,/home/ace/Downloads/rgb_anon_trainvaltest/rgb_anon/night/train/GOPR0351/GOPR0351_frame_000388_rgb_anon.png
acdc,SegFormer-B5,car,GOPR0351/gopr0351_frame_000392.png,0,0,/home/ace/Downloads/rgb_anon_trainvaltest/rgb_anon/night/train_ref/GOPR0351/GOPR0351_frame_000392_rgb_ref_anon.png,/home/ace/Downloads/rgb_anon_trainvaltest/rgb_anon/night/train/GOPR0351/GOPR0351_frame_000392_rgb_anon.png
acdc,SegFormer-B5,car,GOPR0351/gopr0351_frame_000396.png,0,9175,/home/ace/Downloads/rgb_anon_trainvaltest/rgb_anon/night/train_ref/GOPR0351/GOPR0351_frame_000396_rgb_ref_anon.png,/home/ace/Downloads/rgb_anon_trainvaltest/rgb_anon/night/train/GOPR0351/GOPR0351_frame_000396_rgb_anon.png
acdc,SegFormer-B5,car,GOPR0351/gopr0351_frame_000399.png,9030,24931,/home/ace/Downloads/rgb_anon_trainvaltest/rgb_anon/night/train_ref/GOPR0351/GOPR0351_frame_000399_rgb_ref_anon.png,/home/ace/Downloads/rgb_anon_trainvaltest/rgb_anon/night/train/GOPR0351/GOPR0351_frame_000399_rgb_anon.png
acdc,SegFormer-B5,car,GOPR0351/gopr0351_frame_000405.png,24651,3429,/home/ace/Downloads/rgb_anon_trainvaltest/rgb_anon/night/train_ref/GOPR0351/GOPR0351_frame_000405_rgb_ref_anon.png,/home/ace/Downloads/rgb_anon_trainvaltest/rgb_anon/night/train/GOPR0351/GOPR0351_frame_000405_rgb_anon.png
acdc,SegFormer-B5,car,GOPR0351/gopr0351_frame_000485.png,6336,1122,/home/ace/Downloads/rgb_anon_trainvaltest/rgb_anon/night/train_ref/GOPR0351/GOPR0351_frame_000485_rgb_ref_anon.png,/home/ace/Downloads/rgb_anon_trainvaltest/rgb_anon/night/train/GOPR0351/GOPR0351_frame_000485_rgb_anon.png
acdc,SegFormer-B5,car,GOPR0351/gopr0351_frame_000487.png,13858,38905,/home/ace/Downloads/rgb_anon_trainvaltest/rgb_anon/night/train_ref/GOPR0351/GOPR0351_frame_000487_rgb_ref_anon.png,/home/ace/Downloads/rgb_anon_trainvaltest/rgb_anon/night/train/GOPR0351/GOPR0351_frame_000487_rgb_anon.png
acdc,SegFormer-B5,car,GOPR0351/gopr0351_frame_000490.png,8654,34742,/home/ace/Downloads/rgb_anon_trainvaltest/rgb_anon/night/train_ref/GOPR0351/GOPR0351_frame_000490_rgb_ref_anon.png,/home/ace/Downloads/rgb_anon_trainvaltest/rgb_anon/night/train/GOPR0351/GOPR0351_frame_000490_rgb_anon.png
acdc,SegFormer-B5,car,GOPR0351/gopr0351_frame_000494.png,11005,4158,/home/ace/Downloads/rgb_anon_trainvaltest/rgb_anon/night/train_ref/GOPR0351/GOPR0351_frame_000494_rgb_ref_anon.png,/home/ace/Downloads/rgb_anon_trainvaltest/rgb_anon/night/train/GOPR0351/GOPR0351_frame_000494_rgb_anon.png
acdc,SegFormer-B5,car,GOPR0351/gopr0351_frame_000498.png,5911,1343,/home/ace/Downloads/rgb_anon_trainvaltest/rgb_anon/night/train_ref/GOPR0351/GOPR0351_frame_000498_rgb_ref_anon.png,/home/ace/Downloads/rgb_anon_trainvaltest/rgb_anon/night/train/GOPR0351/GOPR0351_frame_000498_rgb_anon.png
acdc,SegFormer-B5,car,GOPR0351/gopr0351_frame_000500.png,48642,34669,/home/ace/Downloads/rgb_anon_trainvaltest/rgb_anon/night/train_ref/GOPR0351/GOPR0351_frame_000500_rgb_ref_anon.png,/home/ace/Downloads/rgb_anon_trainvaltest/rgb_anon/night/train/GOPR0351/GOPR0351_frame_000500_rgb_anon.png
acdc,SegFormer-B5,car,GOPR0351/gopr0351_frame_000502.png,5442,0,/home/ace/Downloads/rgb_anon_trainvaltest/rgb_anon/night/train_ref/GOPR0351/GOPR0351_frame_000502_rgb_ref_anon.png,/home/ace/Downloads/rgb_anon_trainvaltest/rgb_anon/night/train/GOPR0351/GOPR0351_frame_000502_rgb_anon.png
acdc,SegFormer-B5,car,GOPR0351/gopr0351_frame_000504.png,23252,5,/home/ace/Downloads/rgb_anon_trainvaltest/rgb_anon/night/train_ref/GOPR0351/GOPR0351_frame_000504_rgb_ref_anon.png,/home/ace/Downloads/rgb_anon_trainvaltest/rgb_anon/night/train/GOPR0351/GOPR0351_frame_000504_rgb_anon.png
acdc,SegFormer-B5,car,GOPR0351/gopr0351_frame_000507.png,68704,17081,/home/ace/Downloads/rgb_anon_trainvaltest/rgb_anon/night/train_ref/GOPR0351/GOPR0351_frame_000507_rgb_ref_anon.png,/home/ace/Downloads/rgb_anon_trainvaltest/rgb_anon/night/train/GOPR0351/GOPR0351_frame_000507_rgb_anon.png
acdc,SegFormer-B5,car,GOPR0351/gopr0351_frame_000509.png,36231,14718,/home/ace/Downloads/rgb_anon_trainvaltest/rgb_anon/night/train_ref/GOPR0351/GOPR0351_frame_000509_rgb_ref_anon.png,/home/ace/Downloads/rgb_anon_trainvaltest/rgb_anon/night/train/GOPR0351/GOPR0351_frame_000509_rgb_anon.png
acdc,SegFormer-B5,car,GOPR0351/gopr0351_frame_000513.png,63295,20485,/home/ace/Downloads/rgb_anon_trainvaltest/rgb_anon/night/train_ref/GOPR0351/GOPR0351_frame_000513_rgb_ref_anon.png,/home/ace/Downloads/rgb_anon_trainvaltest/rgb_anon/night/train/GOPR0351/GOPR0351_frame_000513_rgb_anon.png
acdc,SegFormer-B5,car,GOPR0351/gopr0351_frame_000515.png,49424,3391,/home/ace/Downloads/rgb_anon_trainvaltest/rgb_anon/night/train_ref/GOPR0351/GOPR0351_frame_000515_rgb_ref_anon.png,/home/ace/Downloads/rgb_anon_trainvaltest/rgb_anon/night/train/GOPR0351/GOPR0351_frame_000515_rgb_anon.png
acdc,SegFormer-B5,car,GOPR0351/gopr0351_frame_000519.png,17210,26418,/home/ace/Downloads/rgb_anon_trainvaltest/rgb_anon/night/train_ref/GOPR0351/GOPR0351_frame_000519_rgb_ref_anon.png,/home/ace/Downloads/rgb_anon_trainvaltest/rgb_anon/night/train/GOPR0351/GOPR0351_frame_000519_rgb_anon.png
acdc,SegFormer-B5,car,GOPR0351/gopr0351_frame_000534.png,10491,50991,/home/ace/Downloads/rgb_anon_trainvaltest/rgb_anon/night/train_ref/GOPR0351/GOPR0351_frame_000534_rgb_ref_anon.png,/home/ace/Downloads/rgb_anon_trainvaltest/rgb_anon/night/train/GOPR0351/GOPR0351_frame_000534_rgb_anon.png
acdc,SegFormer-B5,car,GOPR0351/gopr0351_frame_000540.png,22783,0,/home/ace/Downloads/rgb_anon_trainvaltest/rgb_anon/night/train_ref/GOPR0351/GOPR0351_frame_000540_rgb_ref_anon.png,/home/ace/Downloads/rgb_anon_trainvaltest/rgb_anon/night/train/GOPR0351/GOPR0351_frame_000540_rgb_anon.png
acdc,SegFormer-B5,car,GOPR0351/gopr0351_frame_000543.png,1852,0,/home/ace/Downloads/rgb_anon_trainvaltest/rgb_anon/night/train_ref/GOPR0351/GOPR0351_frame_000543_rgb_ref_anon.png,/home/ace/Downloads/rgb_anon_trainvaltest/rgb_anon/night/train/GOPR0351/GOPR0351_frame_000543_rgb_anon.png
acdc,SegFormer-B5,car,GOPR0351/gopr0351_frame_000545.png,1880,0,/home/ace/Downloads/rgb_anon_trainvaltest/rgb_anon/night/train_ref/GOPR0351/GOPR0351_frame_000545_rgb_ref_anon.png,/home/ace/Downloads/rgb_anon_trainvaltest/rgb_anon/night/train/GOPR0351/GOPR0351_frame_000545_rgb_anon.png
acdc,SegFormer-B5,car,GOPR0351/gopr0351_frame_000547.png,65888,19829,/home/ace/Downloads/rgb_anon_trainvaltest/rgb_anon/night/train_ref/GOPR0351/GOPR0351_frame_000547_rgb_ref_anon.png,/home/ace/Downloads/rgb_anon_trainvaltest/rgb_anon/night/train/GOPR0351/GOPR0351_frame_000547_rgb_anon.png
acdc,SegFormer-B5,car,GOPR0351/gopr0351_frame_000551.png,104,0,/home/ace/Downloads/rgb_anon_trainvaltest/rgb_anon/night/train_ref/GOPR0351/GOPR0351_frame_000551_rgb_ref_anon.png,/home/ace/Downloads/rgb_anon_trainvaltest/rgb_anon/night/train/GOPR0351/GOPR0351_frame_000551_rgb_anon.png
acdc,SegFormer-B5,car,GOPR0351/gopr0351_frame_000553.png,0,37,/home/ace/Downloads/rgb_anon_trainvaltest/rgb_anon/night/train_ref/GOPR0351/GOPR0351_frame_000553_rgb_ref_anon.png,/home/ace/Downloads/rgb_anon_trainvaltest/rgb_anon/night/train/GOPR0351/GOPR0351_frame_000553_rgb_anon.png
acdc,SegFormer-B5,car,GOPR0351/gopr0351_frame_000555.png,2278,6511,/home/ace/Downloads/rgb_anon_trainvaltest/rgb_anon/night/train_ref/GOPR0351/GOPR0351_frame_000555_rgb_ref_anon.png,/home/ace/Downloads/rgb_anon_trainvaltest/rgb_anon/night/train/GOPR0351/GOPR0351_frame_000555_rgb_anon.png
acdc,SegFormer-B5,car,GOPR0351/gopr0351_frame_000557.png,113,113196,/home/ace/Downloads/rgb_anon_trainvaltest/rgb_anon/night/train_ref/GOPR0351/GOPR0351_frame_000557_rgb_ref_anon.png,/home/ace/Downloads/rgb_anon_trainvaltest/rgb_anon/night/train/GOPR0351/GOPR0351_frame_000557_rgb_anon.png
acdc,SegFormer-B5,car,GOPR0351/gopr0351_frame_000573.png,277,0,/home/ace/Downloads/rgb_anon_trainvaltest/rgb_anon/night/train_ref/GOPR0351/GOPR0351_frame_000573_rgb_ref_anon.png,/home/ace/Downloads/rgb_anon_trainvaltest/rgb_anon/night/train/GOPR0351/GOPR0351_frame_000573_rgb_anon.png
acdc,SegFormer-B5,car,GOPR0351/gopr0351_frame_000581.png,196306,14563,/home/ace/Downloads/rgb_anon_trainvaltest/rgb_anon/night/train_ref/GOPR0351/GOPR0351_frame_000581_rgb_ref_anon.png,/home/ace/Downloads/rgb_anon_trainvaltest/rgb_anon/night/train/GOPR0351/GOPR0351_frame_000581_rgb_anon.png
acdc,SegFormer-B5,car,GOPR0351/gopr0351_frame_000595.png,9738,0,/home/ace/Downloads/rgb_anon_trainvaltest/rgb_anon/night/train_ref/GOPR0351/GOPR0351_frame_000595_rgb_ref_anon.png,/home/ace/Downloads/rgb_anon_trainvaltest/rgb_anon/night/train/GOPR0351/GOPR0351_frame_000595_rgb_anon.png
acdc,SegFormer-B5,car,GOPR0351/gopr0351_frame_000599.png,2139,0,/home/ace/Downloads/rgb_anon_trainvaltest/rgb_anon/night/train_ref/GOPR0351/GOPR0351_frame_000599_rgb_ref_anon.png,/home/ace/Downloads/rgb_anon_trainvaltest/rgb_anon/night/train/GOPR0351/GOPR0351_frame_000599_rgb_anon.png
acdc,SegFormer-B5,car,GOPR0351/gopr0351_frame_000603.png,2372,0,/home/ace/Downloads/rgb_anon_trainvaltest/rgb_anon/night/train_ref/GOPR0351/GOPR0351_frame_000603_rgb_ref_anon.png,/home/ace/Downloads/rgb_anon_trainvaltest/rgb_anon/night/train/GOPR0351/GOPR0351_frame_000603_rgb_anon.png
acdc,SegFormer-B5,car,GOPR0351/gopr0351_frame_000607.png,2810,0,/home/ace/Downloads/rgb_anon_trainvaltest/rgb_anon/night/train_ref/GOPR0351/GOPR0351_frame_000607_rgb_ref_anon.png,/home/ace/Downloads/rgb_anon_trainvaltest/rgb_anon/night/train/GOPR0351/GOPR0351_frame_000607_rgb_anon.png
acdc,SegFormer-B5,car,GOPR0351/gopr0351_frame_000615.png,8581,0,/home/ace/Downloads/rgb_anon_trainvaltest/rgb_anon/night/train_ref/GOPR0351/GOPR0351_frame_000615_rgb_ref_anon.png,/home/ace/Downloads/rgb_anon_trainvaltest/rgb_anon/night/train/GOPR0351/GOPR0351_frame_000615_rgb_anon.png
acdc,SegFormer-B5,car,GOPR0351/gopr0351_frame_000619.png,10637,2953,/home/ace/Downloads/rgb_anon_trainvaltest/rgb_anon/night/train_ref/GOPR0351/GOPR0351_frame_000619_rgb_ref_anon.png,/home/ace/Downloads/rgb_anon_trainvaltest/rgb_anon/night/train/GOPR0351/GOPR0351_frame_000619_rgb_anon.png
acdc,SegFormer-B5,car,GOPR0351/gopr0351_frame_000623.png,336036,400535,/home/ace/Downloads/rgb_anon_trainvaltest/rgb_anon/night/train_ref/GOPR0351/GOPR0351_frame_000623_rgb_ref_anon.png,/home/ace/Downloads/rgb_anon_trainvaltest/rgb_anon/night/train/GOPR0351/GOPR0351_frame_000623_rgb_anon.png
acdc,SegFormer-B5,car,GOPR0351/gopr0351_frame_000627.png,197924,83746,/home/ace/Downloads/rgb_anon_trainvaltest/rgb_anon/night/train_ref/GOPR0351/GOPR0351_frame_000627_rgb_ref_anon.png,/home/ace/Downloads/rgb_anon_trainvaltest/rgb_anon/night/train/GOPR0351/GOPR0351_frame_000627_rgb_anon.png
acdc,SegFormer-B5,car,GOPR0351/gopr0351_frame_000633.png,11391,789,/home/ace/Downloads/rgb_anon_trainvaltest/rgb_anon/night/train_ref/GOPR0351/GOPR0351_frame_000633_rgb_ref_anon.png,/home/ace/Downloads/rgb_anon_trainvaltest/rgb_anon/night/train/GOPR0351/GOPR0351_frame_000633_rgb_anon.png
acdc,SegFormer-B5,car,GOPR0351/gopr0351_frame_000639.png,391903,134361,/home/ace/Downloads/rgb_anon_trainvaltest/rgb_anon/night/train_ref/GOPR0351/GOPR0351_frame_000639_rgb_ref_anon.png,/home/ace/Downloads/rgb_anon_trainvaltest/rgb_anon/night/train/GOPR0351/GOPR0351_frame_000639_rgb_anon.png
acdc,SegFormer-B5,car,GOPR0376/gopr0376_frame_000034.png,0,0,/home/ace/Downloads/rgb_anon_trainvaltest/rgb_anon/night/train_ref/GOPR0376/GOPR0376_frame_000034_rgb_ref_anon.png,/home/ace/Downloads/rgb_anon_trainvaltest/rgb_anon/night/train/GOPR0376/GOPR0376_frame_000034_rgb_anon.png
acdc,SegFormer-B5,car,GOPR0376/gopr0376_frame_000038.png,387,0,/home/ace/Downloads/rgb_anon_trainvaltest/rgb_anon/night/train_ref/GOPR0376/GOPR0376_frame_000038_rgb_ref_anon.png,/home/ace/Downloads/rgb_anon_trainvaltest/rgb_anon/night/train/GOPR0376/GOPR0376_frame_000038_rgb_anon.png
acdc,SegFormer-B5,car,GOPR0376/gopr0376_frame_000042.png,0,0,/home/ace/Downloads/rgb_anon_trainvaltest/rgb_anon/night/train_ref/GOPR0376/GOPR0376_frame_000042_rgb_ref_anon.png,/home/ace/Downloads/rgb_anon_trainvaltest/rgb_anon/night/train/GOPR0376/GOPR0376_frame_000042_rgb_anon.png
acdc,SegFormer-B5,car,GOPR0376/gopr0376_frame_000046.png,229,0,/home/ace/Downloads/rgb_anon_trainvaltest/rgb_anon/night/train_ref/GOPR0376/GOPR0376_frame_000046_rgb_ref_anon.png,/home/ace/Downloads/rgb_anon_trainvaltest/rgb_anon/night/train/GOPR0376/GOPR0376_frame_000046_rgb_anon.png
acdc,SegFormer-B5,car,GOPR0376/gopr0376_frame_000050.png,6791,778,/home/ace/Downloads/rgb_anon_trainvaltest/rgb_anon/night/train_ref/GOPR0376/GOPR0376_frame_000050_rgb_ref_anon.png,/home/ace/Downloads/rgb_anon_trainvaltest/rgb_anon/night/train/GOPR0376/GOPR0376_frame_000050_rgb_anon.png
acdc,SegFormer-B5,car,GOPR0376/gopr0376_frame_000054.png,202,440,/home/ace/Downloads/rgb_anon_trainvaltest/rgb_anon/night/train_ref/GOPR0376/GOPR0376_frame_000054_rgb_ref_anon.png,/home/ace/Downloads/rgb_anon_trainvaltest/rgb_anon/night/train/GOPR0376/GOPR0376_frame_000054_rgb_anon.png
acdc,SegFormer-B5,car,GOPR0376/gopr0376_frame_000058.png,4328,13005,/home/ace/Downloads/rgb_anon_trainvaltest/rgb_anon/night/train_ref/GOPR0376/GOPR0376_frame_000058_rgb_ref_anon.png,/home/ace/Downloads/rgb_anon_trainvaltest/rgb_anon/night/train/GOPR0376/GOPR0376_frame_000058_rgb_anon.png
acdc,SegFormer-B5,car,GOPR0376/gopr0376_frame_000067.png,14827,1847,/home/ace/Downloads/rgb_anon_trainvaltest/rgb_anon/night/train_ref/GOPR0376/GOPR0376_frame_000067_rgb_ref_anon.png,/home/ace/Downloads/rgb_anon_trainvaltest/rgb_anon/night/train/GOPR0376/GOPR0376_frame_000067_rgb_anon.png
acdc,SegFormer-B5,car,GOPR0376/gopr0376_frame_000089.png,2399,0,/home/ace/Downloads/rgb_anon_trainvaltest/rgb_anon/night/train_ref/GOPR0376/GOPR0376_frame_000089_rgb_ref_anon.png,/home/ace/Downloads/rgb_anon_trainvaltest/rgb_anon/night/train/GOPR0376/GOPR0376_frame_000089_rgb_anon.png
acdc,SegFormer-B5,car,GOPR0376/gopr0376_frame_000097.png,2149,3544,/home/ace/Downloads/rgb_anon_trainvaltest/rgb_anon/night/train_ref/GOPR0376/GOPR0376_frame_000097_rgb_ref_anon.png,/home/ace/Downloads/rgb_anon_trainvaltest/rgb_anon/night/train/GOPR0376/GOPR0376_frame_000097_rgb_anon.png
acdc,SegFormer-B5,car,GOPR0376/gopr0376_frame_000101.png,2031,2316,/home/ace/Downloads/rgb_anon_trainvaltest/rgb_anon/night/train_ref/GOPR0376/GOPR0376_frame_000101_rgb_ref_anon.png,/home/ace/Downloads/rgb_anon_trainvaltest/rgb_anon/night/train/GOPR0376/GOPR0376_frame_000101_rgb_anon.png
acdc,SegFormer-B5,car,GOPR0376/gopr0376_frame_000105.png,5026,5,/home/ace/Downloads/rgb_anon_trainvaltest/rgb_anon/night/train_ref/GOPR0376/GOPR0376_frame_000105_rgb_ref_anon.png,/home/ace/Downloads/rgb_anon_trainvaltest/rgb_anon/night/train/GOPR0376/GOPR0376_frame_000105_rgb_anon.png
acdc,SegFormer-B5,car,GOPR0376/gopr0376_frame_000109.png,1031,0,/home/ace/Downloads/rgb_anon_trainvaltest/rgb_anon/night/train_ref/GOPR0376/GOPR0376_frame_000109_rgb_ref_anon.png,/home/ace/Downloads/rgb_anon_trainvaltest/rgb_anon/night/train/GOPR0376/GOPR0376_frame_000109_rgb_anon.png
acdc,SegFormer-B5,car,GOPR0376/gopr0376_frame_000113.png,3249,899,/home/ace/Downloads/rgb_anon_trainvaltest/rgb_anon/night/train_ref/GOPR0376/GOPR0376_frame_000113_rgb_ref_anon.png,/home/ace/Downloads/rgb_anon_trainvaltest/rgb_anon/night/train/GOPR0376/GOPR0376_frame_000113_rgb_anon.png
acdc,SegFormer-B5,car,GOPR0376/gopr0376_frame_000117.png,6664,0,/home/ace/Downloads/rgb_anon_trainvaltest/rgb_anon/night/train_ref/GOPR0376/GOPR0376_frame_000117_rgb_ref_anon.png,/home/ace/Downloads/rgb_anon_trainvaltest/rgb_anon/night/train/GOPR0376/GOPR0376_frame_000117_rgb_anon.png
acdc,SegFormer-B5,car,GOPR0376/gopr0376_frame_000122.png,26529,13195,/home/ace/Downloads/rgb_anon_trainvaltest/rgb_anon/night/train_ref/GOPR0376/GOPR0376_frame_000122_rgb_ref_anon.png,/home/ace/Downloads/rgb_anon_trainvaltest/rgb_anon/night/train/GOPR0376/GOPR0376_frame_000122_rgb_anon.png
acdc,SegFormer-B5,car,GOPR0376/gopr0376_frame_000142.png,36900,9069,/home/ace/Downloads/rgb_anon_trainvaltest/rgb_anon/night/train_ref/GOPR0376/GOPR0376_frame_000142_rgb_ref_anon.png,/home/ace/Downloads/rgb_anon_trainvaltest/rgb_anon/night/train/GOPR0376/GOPR0376_frame_000142_rgb_anon.png
acdc,SegFormer-B5,car,GOPR0376/gopr0376_frame_000146.png,12101,2036,/home/ace/Downloads/rgb_anon_trainvaltest/rgb_anon/night/train_ref/GOPR0376/GOPR0376_frame_000146_rgb_ref_anon.png,/home/ace/Downloads/rgb_anon_trainvaltest/rgb_anon/night/train/GOPR0376/GOPR0376_frame_000146_rgb_anon.png
acdc,SegFormer-B5,car,GOPR0376/gopr0376_frame_000150.png,50336,56725,/home/ace/Downloads/rgb_anon_trainvaltest/rgb_anon/night/train_ref/GOPR0376/GOPR0376_frame_000150_rgb_ref_anon.png,/home/ace/Downloads/rgb_anon_trainvaltest/rgb_anon/night/train/GOPR0376/GOPR0376_frame_000150_rgb_anon.png
acdc,SegFormer-B5,car,GOPR0376/gopr0376_frame_000157.png,19220,19798,/home/ace/Downloads/rgb_anon_trainvaltest/rgb_anon/night/train_ref/GOPR0376/GOPR0376_frame_000157_rgb_ref_anon.png,/home/ace/Downloads/rgb_anon_trainvaltest/rgb_anon/night/train/GOPR0376/GOPR0376_frame_000157_rgb_anon.png
acdc,SegFormer-B5,car,GOPR0376/gopr0376_frame_000161.png,14722,14734,/home/ace/Downloads/rgb_anon_trainvaltest/rgb_anon/night/train_ref/GOPR0376/GOPR0376_frame_000161_rgb_ref_anon.png,/home/ace/Downloads/rgb_anon_trainvaltest/rgb_anon/night/train/GOPR0376/GOPR0376_frame_000161_rgb_anon.png
acdc,SegFormer-B5,car,GOPR0376/gopr0376_frame_000165.png,7496,0,/home/ace/Downloads/rgb_anon_trainvaltest/rgb_anon/night/train_ref/GOPR0376/GOPR0376_frame_000165_rgb_ref_anon.png,/home/ace/Downloads/rgb_anon_trainvaltest/rgb_anon/night/train/GOPR0376/GOPR0376_frame_000165_rgb_anon.png
acdc,SegFormer-B5,car,GOPR0376/gopr0376_frame_000169.png,5270,0,/home/ace/Downloads/rgb_anon_trainvaltest/rgb_anon/night/train_ref/GOPR0376/GOPR0376_frame_000169_rgb_ref_anon.png,/home/ace/Downloads/rgb_anon_trainvaltest/rgb_anon/night/train/GOPR0376/GOPR0376_frame_000169_rgb_anon.png
acdc,SegFormer-B5,car,GOPR0376/gopr0376_frame_000173.png,8807,6651,/home/ace/Downloads/rgb_anon_trainvaltest/rgb_anon/night/train_ref/GOPR0376/GOPR0376_frame_000173_rgb_ref_anon.png,/home/ace/Downloads/rgb_anon_trainvaltest/rgb_anon/night/train/GOPR0376/GOPR0376_frame_000173_rgb_anon.png
acdc,SegFormer-B5,car,GOPR0376/gopr0376_frame_000177.png,0,0,/home/ace/Downloads/rgb_anon_trainvaltest/rgb_anon/night/train_ref/GOPR0376/GOPR0376_frame_000177_rgb_ref_anon.png,/home/ace/Downloads/rgb_anon_trainvaltest/rgb_anon/night/train/GOPR0376/GOPR0376_frame_000177_rgb_anon.png
acdc,SegFormer-B5,car,GOPR0376/gopr0376_frame_000181.png,53,41,/home/ace/Downloads/rgb_anon_trainvaltest/rgb_anon/night/train_ref/GOPR0376/GOPR0376_frame_000181_rgb_ref_anon.png,/home/ace/Downloads/rgb_anon_trainvaltest/rgb_anon/night/train/GOPR0376/GOPR0376_frame_000181_rgb_anon.png
acdc,SegFormer-B5,car,GOPR0376/gopr0376_frame_000185.png,27528,8689,/home/ace/Downloads/rgb_anon_trainvaltest/rgb_anon/night/train_ref/GOPR0376/GOPR0376_frame_000185_rgb_ref_anon.png,/home/ace/Downloads/rgb_anon_trainvaltest/rgb_anon/night/train/GOPR0376/GOPR0376_frame_000185_rgb_anon.png
acdc,SegFormer-B5,car,GOPR0376/gopr0376_frame_000189.png,4718,0,/home/ace/Downloads/rgb_anon_trainvaltest/rgb_anon/night/train_ref/GOPR0376/GOPR0376_frame_000189_rgb_ref_anon.png,/home/ace/Downloads/rgb_anon_trainvaltest/rgb_anon/night/train/GOPR0376/GOPR0376_frame_000189_rgb_anon.png
acdc,SegFormer-B5,car,GOPR0376/gopr0376_frame_000193.png,15740,9067,/home/ace/Downloads/rgb_anon_trainvaltest/rgb_anon/night/train_ref/GOPR0376/GOPR0376_frame_000193_rgb_ref_anon.png,/home/ace/Downloads/rgb_anon_trainvaltest/rgb_anon/night/train/GOPR0376/GOPR0376_frame_000193_rgb_anon.png
acdc,SegFormer-B5,car,GOPR0376/gopr0376_frame_000198.png,92229,89211,/home/ace/Downloads/rgb_anon_trainvaltest/rgb_anon/night/train_ref/GOPR0376/GOPR0376_frame_000198_rgb_ref_anon.png,/home/ace/Downloads/rgb_anon_trainvaltest/rgb_anon/night/train/GOPR0376/GOPR0376_frame_000198_rgb_anon.png
acdc,SegFormer-B5,car,GOPR0376/gopr0376_frame_000214.png,112895,52545,/home/ace/Downloads/rgb_anon_trainvaltest/rgb_anon/night/train_ref/GOPR0376/GOPR0376_frame_000214_rgb_ref_anon.png,/home/ace/Downloads/rgb_anon_trainvaltest/rgb_anon/night/train/GOPR0376/GOPR0376_frame_000214_rgb_anon.png
acdc,SegFormer-B5,car,GOPR0376/gopr0376_frame_000229.png,32258,1469,/home/ace/Downloads/rgb_anon_trainvaltest/rgb_anon/night/train_ref/GOPR0376/GOPR0376_frame_000229_rgb_ref_anon.png,/home/ace/Downloads/rgb_anon_trainvaltest/rgb_anon/night/train/GOPR0376/GOPR0376_frame_000229_rgb_anon.png
acdc,SegFormer-B5,car,GOPR0376/gopr0376_frame_000257.png,10665,2392,/home/ace/Downloads/rgb_anon_trainvaltest/rgb_anon/night/train_ref/GOPR0376/GOPR0376_frame_000257_rgb_ref_anon.png,/home/ace/Downloads/rgb_anon_trainvaltest/rgb_anon/night/train/GOPR0376/GOPR0376_frame_000257_rgb_anon.png
acdc,SegFormer-B5,car,GOPR0376/gopr0376_frame_000268.png,1869,30655,/home/ace/Downloads/rgb_anon_trainvaltest/rgb_anon/night/train_ref/GOPR0376/GOPR0376_frame_000268_rgb_ref_anon.png,/home/ace/Downloads/rgb_anon_trainvaltest/rgb_anon/night/train/GOPR0376/GOPR0376_frame_000268_rgb_anon.png
acdc,SegFormer-B5,car,GOPR0376/gopr0376_frame_000272.png,1771,18959,/home/ace/Downloads/rgb_anon_trainvaltest/rgb_anon/night/train_ref/GOPR0376/GOPR0376_frame_000272_rgb_ref_anon.png,/home/ace/Downloads/rgb_anon_trainvaltest/rgb_anon/night/train/GOPR0376/GOPR0376_frame_000272_rgb_anon.png
acdc,SegFormer-B5,car,GOPR0376/gopr0376_frame_000276.png,4711,5334,/home/ace/Downloads/rgb_anon_trainvaltest/rgb_anon/night/train_ref/GOPR0376/GOPR0376_frame_000276_rgb_ref_anon.png,/home/ace/Downloads/rgb_anon_trainvaltest/rgb_anon/night/train/GOPR0376/GOPR0376_frame_000276_rgb_anon.png
acdc,SegFormer-B5,car,GOPR0376/gopr0376_frame_000280.png,63772,0,/home/ace/Downloads/rgb_anon_trainvaltest/rgb_anon/night/train_ref/GOPR0376/GOPR0376_frame_000280_rgb_ref_anon.png,/home/ace/Downloads/rgb_anon_trainvaltest/rgb_anon/night/train/GOPR0376/GOPR0376_frame_000280_rgb_anon.png
acdc,SegFormer-B5,car,GOPR0376/gopr0376_frame_000284.png,8266,0,/home/ace/Downloads/rgb_anon_trainvaltest/rgb_anon/night/train_ref/GOPR0376/GOPR0376_frame_000284_rgb_ref_anon.png,/home/ace/Downloads/rgb_anon_trainvaltest/rgb_anon/night/train/GOPR0376/GOPR0376_frame_000284_rgb_anon.png
acdc,SegFormer-B5,car,GOPR0376/gopr0376_frame_000288.png,87255,45603,/home/ace/Downloads/rgb_anon_trainvaltest/rgb_anon/night/train_ref/GOPR0376/GOPR0376_frame_000288_rgb_ref_anon.png,/home/ace/Downloads/rgb_anon_trainvaltest/rgb_anon/night/train/GOPR0376/GOPR0376_frame_000288_rgb_anon.png
acdc,SegFormer-B5,car,GOPR0376/gopr0376_frame_000292.png,53356,29865,/home/ace/Downloads/rgb_anon_trainvaltest/rgb_anon/night/train_ref/GOPR0376/GOPR0376_frame_000292_rgb_ref_anon.png,/home/ace/Downloads/rgb_anon_trainvaltest/rgb_anon/night/train/GOPR0376/GOPR0376_frame_000292_rgb_anon.png
acdc,SegFormer-B5,car,GOPR0376/gopr0376_frame_000298.png,99199,6,/home/ace/Downloads/rgb_anon_trainvaltest/rgb_anon/night/train_ref/GOPR0376/GOPR0376_frame_000298_rgb_ref_anon.png,/home/ace/Downloads/rgb_anon_trainvaltest/rgb_anon/night/train/GOPR0376/GOPR0376_frame_000298_rgb_anon.png
acdc,SegFormer-B5,car,GOPR0376/gopr0376_frame_000302.png,16440,21695,/home/ace/Downloads/rgb_anon_trainvaltest/rgb_anon/night/train_ref/GOPR0376/GOPR0376_frame_000302_rgb_ref_anon.png,/home/ace/Downloads/rgb_anon_trainvaltest/rgb_anon/night/train/GOPR0376/GOPR0376_frame_000302_rgb_anon.png
acdc,SegFormer-B5,car,GOPR0376/gopr0376_frame_000306.png,10696,16441,/home/ace/Downloads/rgb_anon_trainvaltest/rgb_anon/night/train_ref/GOPR0376/GOPR0376_frame_000306_rgb_ref_anon.png,/home/ace/Downloads/rgb_anon_trainvaltest/rgb_anon/night/train/GOPR0376/GOPR0376_frame_000306_rgb_anon.png
acdc,SegFormer-B5,car,GOPR0376/gopr0376_frame_000310.png,4180,33916,/home/ace/Downloads/rgb_anon_trainvaltest/rgb_anon/night/train_ref/GOPR0376/GOPR0376_frame_000310_rgb_ref_anon.png,/home/ace/Downloads/rgb_anon_trainvaltest/rgb_anon/night/train/GOPR0376/GOPR0376_frame_000310_rgb_anon.png
acdc,SegFormer-B5,car,GOPR0376/gopr0376_frame_000315.png,5149,302,/home/ace/Downloads/rgb_anon_trainvaltest/rgb_anon/night/train_ref/GOPR0376/GOPR0376_frame_000315_rgb_ref_anon.png,/home/ace/Downloads/rgb_anon_trainvaltest/rgb_anon/night/train/GOPR0376/GOPR0376_frame_000315_rgb_anon.png
acdc,SegFormer-B5,car,GOPR0376/gopr0376_frame_000324.png,18907,3427,/home/ace/Downloads/rgb_anon_trainvaltest/rgb_anon/night/train_ref/GOPR0376/GOPR0376_frame_000324_rgb_ref_anon.png,/home/ace/Downloads/rgb_anon_trainvaltest/rgb_anon/night/train/GOPR0376/GOPR0376_frame_000324_rgb_anon.png
acdc,SegFormer-B5,car,GOPR0376/gopr0376_frame_000328.png,1616,34734,/home/ace/Downloads/rgb_anon_trainvaltest/rgb_anon/night/train_ref/GOPR0376/GOPR0376_frame_000328_rgb_ref_anon.png,/home/ace/Downloads/rgb_anon_trainvaltest/rgb_anon/night/train/GOPR0376/GOPR0376_frame_000328_rgb_anon.png
acdc,SegFormer-B5,car,GOPR0376/gopr0376_frame_000332.png,54778,28111,/home/ace/Downloads/rgb_anon_trainvaltest/rgb_anon/night/train_ref/GOPR0376/GOPR0376_frame_000332_rgb_ref_anon.png,/home/ace/Downloads/rgb_anon_trainvaltest/rgb_anon/night/train/GOPR0376/GOPR0376_frame_000332_rgb_anon.png
acdc,SegFormer-B5,car,GOPR0376/gopr0376_frame_000336.png,12628,8781,/home/ace/Downloads/rgb_anon_trainvaltest/rgb_anon/night/train_ref/GOPR0376/GOPR0376_frame_000336_rgb_ref_anon.png,/home/ace/Downloads/rgb_anon_trainvaltest/rgb_anon/night/train/GOPR0376/GOPR0376_frame_000336_rgb_anon.png
acdc,SegFormer-B5,car,GOPR0376/gopr0376_frame_000340.png,22437,1352,/home/ace/Downloads/rgb_anon_trainvaltest/rgb_anon/night/train_ref/GOPR0376/GOPR0376_frame_000340_rgb_ref_anon.png,/home/ace/Downloads/rgb_anon_trainvaltest/rgb_anon/night/train/GOPR0376/GOPR0376_frame_000340_rgb_anon.png
acdc,SegFormer-B5,car,GOPR0376/gopr0376_frame_000344.png,8160,16154,/home/ace/Downloads/rgb_anon_trainvaltest/rgb_anon/night/train_ref/GOPR0376/GOPR0376_frame_000344_rgb_ref_anon.png,/home/ace/Downloads/rgb_anon_trainvaltest/rgb_anon/night/train/GOPR0376/GOPR0376_frame_000344_rgb_anon.png
acdc,SegFormer-B5,car,GOPR0376/gopr0376_frame_000349.png,55497,32157,/home/ace/Downloads/rgb_anon_trainvaltest/rgb_anon/night/train_ref/GOPR0376/GOPR0376_frame_000349_rgb_ref_anon.png,/home/ace/Downloads/rgb_anon_trainvaltest/rgb_anon/night/train/GOPR0376/GOPR0376_frame_000349_rgb_anon.png
acdc,SegFormer-B5,car,GOPR0376/gopr0376_frame_000363.png,1315,48884,/home/ace/Downloads/rgb_anon_trainvaltest/rgb_anon/night/train_ref/GOPR0376/GOPR0376_frame_000363_rgb_ref_anon.png,/home/ace/Downloads/rgb_anon_trainvaltest/rgb_anon/night/train/GOPR0376/GOPR0376_frame_000363_rgb_anon.png
acdc,SegFormer-B5,car,GOPR0376/gopr0376_frame_000369.png,10574,3291,/home/ace/Downloads/rgb_anon_trainvaltest/rgb_anon/night/train_ref/GOPR0376/GOPR0376_frame_000369_rgb_ref_anon.png,/home/ace/Downloads/rgb_anon_trainvaltest/rgb_anon/night/train/GOPR0376/GOPR0376_frame_000369_rgb_anon.png
acdc,SegFormer-B5,car,GOPR0376/gopr0376_frame_000374.png,124981,132799,/home/ace/Downloads/rgb_anon_trainvaltest/rgb_anon/night/train_ref/GOPR0376/GOPR0376_frame_000374_rgb_ref_anon.png,/home/ace/Downloads/rgb_anon_trainvaltest/rgb_anon/night/train/GOPR0376/GOPR0376_frame_000374_rgb_anon.png
acdc,SegFormer-B5,car,GOPR0376/gopr0376_frame_000382.png,12839,13853,/home/ace/Downloads/rgb_anon_trainvaltest/rgb_anon/night/train_ref/GOPR0376/GOPR0376_frame_000382_rgb_ref_anon.png,/home/ace/Downloads/rgb_anon_trainvaltest/rgb_anon/night/train/GOPR0376/GOPR0376_frame_000382_rgb_anon.png
acdc,SegFormer-B5,car,GOPR0376/gopr0376_frame_000391.png,29915,184316,/home/ace/Downloads/rgb_anon_trainvaltest/rgb_anon/night/train_ref/GOPR0376/GOPR0376_frame_000391_rgb_ref_anon.png,/home/ace/Downloads/rgb_anon_trainvaltest/rgb_anon/night/train/GOPR0376/GOPR0376_frame_000391_rgb_anon.png
acdc,SegFormer-B5,car,GOPR0376/gopr0376_frame_000418.png,35011,198863,/home/ace/Downloads/rgb_anon_trainvaltest/rgb_anon/night/train_ref/GOPR0376/GOPR0376_frame_000418_rgb_ref_anon.png,/home/ace/Downloads/rgb_anon_trainvaltest/rgb_anon/night/train/GOPR0376/GOPR0376_frame_000418_rgb_anon.png
acdc,SegFormer-B5,car,GOPR0376/gopr0376_frame_000428.png,16804,37481,/home/ace/Downloads/rgb_anon_trainvaltest/rgb_anon/night/train_ref/GOPR0376/GOPR0376_frame_000428_rgb_ref_anon.png,/home/ace/Downloads/rgb_anon_trainvaltest/rgb_anon/night/train/GOPR0376/GOPR0376_frame_000428_rgb_anon.png
acdc,SegFormer-B5,car,GOPR0376/gopr0376_frame_000435.png,56275,219513,/home/ace/Downloads/rgb_anon_trainvaltest/rgb_anon/night/train_ref/GOPR0376/GOPR0376_frame_000435_rgb_ref_anon.png,/home/ace/Downloads/rgb_anon_trainvaltest/rgb_anon/night/train/GOPR0376/GOPR0376_frame_000435_rgb_anon.png
acdc,SegFormer-B5,car,GOPR0376/gopr0376_frame_000441.png,59338,287904,/home/ace/Downloads/rgb_anon_trainvaltest/rgb_anon/night/train_ref/GOPR0376/GOPR0376_frame_000441_rgb_ref_anon.png,/home/ace/Downloads/rgb_anon_trainvaltest/rgb_anon/night/train/GOPR0376/GOPR0376_frame_000441_rgb_anon.png
acdc,SegFormer-B5,car,GOPR0376/gopr0376_frame_000466.png,52975,76608,/home/ace/Downloads/rgb_anon_trainvaltest/rgb_anon/night/train_ref/GOPR0376/GOPR0376_frame_000466_rgb_ref_anon.png,/home/ace/Downloads/rgb_anon_trainvaltest/rgb_anon/night/train/GOPR0376/GOPR0376_frame_000466_rgb_anon.png
acdc,SegFormer-B5,car,GOPR0376/gopr0376_frame_000472.png,98372,66963,/home/ace/Downloads/rgb_anon_trainvaltest/rgb_anon/night/train_ref/GOPR0376/GOPR0376_frame_000472_rgb_ref_anon.png,/home/ace/Downloads/rgb_anon_trainvaltest/rgb_anon/night/train/GOPR0376/GOPR0376_frame_000472_rgb_anon.png
acdc,SegFormer-B5,car,GOPR0376/gopr0376_frame_000478.png,2376,2845,/home/ace/Downloads/rgb_anon_trainvaltest/rgb_anon/night/train_ref/GOPR0376/GOPR0376_frame_000478_rgb_ref_anon.png,/home/ace/Downloads/rgb_anon_trainvaltest/rgb_anon/night/train/GOPR0376/GOPR0376_frame_000478_rgb_anon.png
acdc,SegFormer-B5,car,GOPR0376/gopr0376_frame_000482.png,46613,0,/home/ace/Downloads/rgb_anon_trainvaltest/rgb_anon/night/train_ref/GOPR0376/GOPR0376_frame_000482_rgb_ref_anon.png,/home/ace/Downloads/rgb_anon_trainvaltest/rgb_anon/night/train/GOPR0376/GOPR0376_frame_000482_rgb_anon.png
acdc,SegFormer-B5,car,GOPR0376/gopr0376_frame_000486.png,8713,6312,/home/ace/Downloads/rgb_anon_trainvaltest/rgb_anon/night/train_ref/GOPR0376/GOPR0376_frame_000486_rgb_ref_anon.png,/home/ace/Downloads/rgb_anon_trainvaltest/rgb_anon/night/train/GOPR0376/GOPR0376_frame_000486_rgb_anon.png
acdc,SegFormer-B5,car,GOPR0376/gopr0376_frame_000491.png,3489,27451,/home/ace/Downloads/rgb_anon_trainvaltest/rgb_anon/night/train_ref/GOPR0376/GOPR0376_frame_000491_rgb_ref_anon.png,/home/ace/Downloads/rgb_anon_trainvaltest/rgb_anon/night/train/GOPR0376/GOPR0376_frame_000491_rgb_anon.png
acdc,SegFormer-B5,car,GOPR0376/gopr0376_frame_000496.png,24860,9628,/home/ace/Downloads/rgb_anon_trainvaltest/rgb_anon/night/train_ref/GOPR0376/GOPR0376_frame_000496_rgb_ref_anon.png,/home/ace/Downloads/rgb_anon_trainvaltest/rgb_anon/night/train/GOPR0376/GOPR0376_frame_000496_rgb_anon.png
acdc,SegFormer-B5,car,GOPR0376/gopr0376_frame_000507.png,73720,0,/home/ace/Downloads/rgb_anon_trainvaltest/rgb_anon/night/train_ref/GOPR0376/GOPR0376_frame_000507_rgb_ref_anon.png,/home/ace/Downloads/rgb_anon_trainvaltest/rgb_anon/night/train/GOPR0376/GOPR0376_frame_000507_rgb_anon.png
acdc,SegFormer-B5,car,GOPR0376/gopr0376_frame_000511.png,38341,0,/home/ace/Downloads/rgb_anon_trainvaltest/rgb_anon/night/train_ref/GOPR0376/GOPR0376_frame_000511_rgb_ref_anon.png,/home/ace/Downloads/rgb_anon_trainvaltest/rgb_anon/night/train/GOPR0376/GOPR0376_frame_000511_rgb_anon.png
acdc,SegFormer-B5,car,GOPR0376/gopr0376_frame_000516.png,111837,75453,/home/ace/Downloads/rgb_anon_trainvaltest/rgb_anon/night/train_ref/GOPR0376/GOPR0376_frame_000516_rgb_ref_anon.png,/home/ace/Downloads/rgb_anon_trainvaltest/rgb_anon/night/train/GOPR0376/GOPR0376_frame_000516_rgb_anon.png
acdc,SegFormer-B5,car,GOPR0376/gopr0376_frame_000533.png,36505,36082,/home/ace/Downloads/rgb_anon_trainvaltest/rgb_anon/night/train_ref/GOPR0376/GOPR0376_frame_000533_rgb_ref_anon.png,/home/ace/Downloads/rgb_anon_trainvaltest/rgb_anon/night/train/GOPR0376/GOPR0376_frame_000533_rgb_anon.png
acdc,SegFormer-B5,car,GOPR0376/gopr0376_frame_000542.png,56114,970,/home/ace/Downloads/rgb_anon_trainvaltest/rgb_anon/night/train_ref/GOPR0376/GOPR0376_frame_000542_rgb_ref_anon.png,/home/ace/Downloads/rgb_anon_trainvaltest/rgb_anon/night/train/GOPR0376/GOPR0376_frame_000542_rgb_anon.png
acdc,SegFormer-B5,car,GOPR0376/gopr0376_frame_000548.png,0,36904,/home/ace/Downloads/rgb_anon_trainvaltest/rgb_anon/night/train_ref/GOPR0376/GOPR0376_frame_000548_rgb_ref_anon.png,/home/ace/Downloads/rgb_anon_trainvaltest/rgb_anon/night/train/GOPR0376/GOPR0376_frame_000548_rgb_anon.png
acdc,SegFormer-B5,car,GOPR0376/gopr0376_frame_000557.png,6762,4389,/home/ace/Downloads/rgb_anon_trainvaltest/rgb_anon/night/train_ref/GOPR0376/GOPR0376_frame_000557_rgb_ref_anon.png,/home/ace/Downloads/rgb_anon_trainvaltest/rgb_anon/night/train/GOPR0376/GOPR0376_frame_000557_rgb_anon.png
acdc,SegFormer-B5,car,GOPR0376/gopr0376_frame_000565.png,93082,14989,/home/ace/Downloads/rgb_anon_trainvaltest/rgb_anon/night/train_ref/GOPR0376/GOPR0376_frame_000565_rgb_ref_anon.png,/home/ace/Downloads/rgb_anon_trainvaltest/rgb_anon/night/train/GOPR0376/GOPR0376_frame_000565_rgb_anon.png
acdc,SegFormer-B5,car,GOPR0376/gopr0376_frame_000570.png,129,508,/home/ace/Downloads/rgb_anon_trainvaltest/rgb_anon/night/train_ref/GOPR0376/GOPR0376_frame_000570_rgb_ref_anon.png,/home/ace/Downloads/rgb_anon_trainvaltest/rgb_anon/night/train/GOPR0376/GOPR0376_frame_000570_rgb_anon.png
acdc,SegFormer-B5,car,GOPR0376/gopr0376_frame_000576.png,0,0,/home/ace/Downloads/rgb_anon_trainvaltest/rgb_anon/night/train_ref/GOPR0376/GOPR0376_frame_000576_rgb_ref_anon.png,/home/ace/Downloads/rgb_anon_trainvaltest/rgb_anon/night/train/GOPR0376/GOPR0376_frame_000576_rgb_anon.png
acdc,SegFormer-B5,car,GOPR0376/gopr0376_frame_000584.png,0,0,/home/ace/Downloads/rgb_anon_trainvaltest/rgb_anon/night/train_ref/GOPR0376/GOPR0376_frame_000584_rgb_ref_anon.png,/home/ace/Downloads/rgb_anon_trainvaltest/rgb_anon/night/train/GOPR0376/GOPR0376_frame_000584_rgb_anon.png
acdc,SegFormer-B5,car,GOPR0376/gopr0376_frame_000590.png,0,0,/home/ace/Downloads/rgb_anon_trainvaltest/rgb_anon/night/train_ref/GOPR0376/GOPR0376_frame_000590_rgb_ref_anon.png,/home/ace/Downloads/rgb_anon_trainvaltest/rgb_anon/night/train/GOPR0376/GOPR0376_frame_000590_rgb_anon.png
acdc,SegFormer-B5,car,GOPR0376/gopr0376_frame_000598.png,0,0,/home/ace/Downloads/rgb_anon_trainvaltest/rgb_anon/night/train_ref/GOPR0376/GOPR0376_frame_000598_rgb_ref_anon.png,/home/ace/Downloads/rgb_anon_trainvaltest/rgb_anon/night/train/GOPR0376/GOPR0376_frame_000598_rgb_anon.png
acdc,SegFormer-B5,car,GOPR0376/gopr0376_frame_000608.png,0,131,/home/ace/Downloads/rgb_anon_trainvaltest/rgb_anon/night/train_ref/GOPR0376/GOPR0376_frame_000608_rgb_ref_anon.png,/home/ace/Downloads/rgb_anon_trainvaltest/rgb_anon/night/train/GOPR0376/GOPR0376_frame_000608_rgb_anon.png
acdc,SegFormer-B5,car,GOPR0376/gopr0376_frame_000615.png,9356,2162,/home/ace/Downloads/rgb_anon_trainvaltest/rgb_anon/night/train_ref/GOPR0376/GOPR0376_frame_000615_rgb_ref_anon.png,/home/ace/Downloads/rgb_anon_trainvaltest/rgb_anon/night/train/GOPR0376/GOPR0376_frame_000615_rgb_anon.png
acdc,SegFormer-B5,car,GOPR0376/gopr0376_frame_000621.png,59852,910,/home/ace/Downloads/rgb_anon_trainvaltest/rgb_anon/night/train_ref/GOPR0376/GOPR0376_frame_000621_rgb_ref_anon.png,/home/ace/Downloads/rgb_anon_trainvaltest/rgb_anon/night/train/GOPR0376/GOPR0376_frame_000621_rgb_anon.png
acdc,SegFormer-B5,car,GOPR0376/gopr0376_frame_000627.png,13894,2565,/home/ace/Downloads/rgb_anon_trainvaltest/rgb_anon/night/train_ref/GOPR0376/GOPR0376_frame_000627_rgb_ref_anon.png,/home/ace/Downloads/rgb_anon_trainvaltest/rgb_anon/night/train/GOPR0376/GOPR0376_frame_000627_rgb_anon.png
acdc,SegFormer-B5,car,GOPR0376/gopr0376_frame_000633.png,9224,156937,/home/ace/Downloads/rgb_anon_trainvaltest/rgb_anon/night/train_ref/GOPR0376/GOPR0376_frame_000633_rgb_ref_anon.png,/home/ace/Downloads/rgb_anon_trainvaltest/rgb_anon/night/train/GOPR0376/GOPR0376_frame_000633_rgb_anon.png
acdc,SegFormer-B5,car,GOPR0376/gopr0376_frame_000639.png,15455,0,/home/ace/Downloads/rgb_anon_trainvaltest/rgb_anon/night/train_ref/GOPR0376/GOPR0376_frame_000639_rgb_ref_anon.png,/home/ace/Downloads/rgb_anon_trainvaltest/rgb_anon/night/train/GOPR0376/GOPR0376_frame_000639_rgb_anon.png
acdc,SegFormer-B5,car,GOPR0376/gopr0376_frame_000650.png,0,7527,/home/ace/Downloads/rgb_anon_trainvaltest/rgb_anon/night/train_ref/GOPR0376/GOPR0376_frame_000650_rgb_ref_anon.png,/home/ace/Downloads/rgb_anon_trainvaltest/rgb_anon/night/train/GOPR0376/GOPR0376_frame_000650_rgb_anon.png
acdc,SegFormer-B5,car,GOPR0376/gopr0376_frame_000657.png,151842,157535,/home/ace/Downloads/rgb_anon_trainvaltest/rgb_anon/night/train_ref/GOPR0376/GOPR0376_frame_000657_rgb_ref_anon.png,/home/ace/Downloads/rgb_anon_trainvaltest/rgb_anon/night/train/GOPR0376/GOPR0376_frame_000657_rgb_anon.png
acdc,SegFormer-B5,car,GOPR0376/gopr0376_frame_000663.png,115575,138339,/home/ace/Downloads/rgb_anon_trainvaltest/rgb_anon/night/train_ref/GOPR0376/GOPR0376_frame_000663_rgb_ref_anon.png,/home/ace/Downloads/rgb_anon_trainvaltest/rgb_anon/night/train/GOPR0376/GOPR0376_frame_000663_rgb_anon.png
acdc,SegFormer-B5,car,GOPR0376/gopr0376_frame_000678.png,81202,103931,/home/ace/Downloads/rgb_anon_trainvaltest/rgb_anon/night/train_ref/GOPR0376/GOPR0376_frame_000678_rgb_ref_anon.png,/home/ace/Downloads/rgb_anon_trainvaltest/rgb_anon/night/train/GOPR0376/GOPR0376_frame_000678_rgb_anon.png
acdc,SegFormer-B5,car,GOPR0376/gopr0376_frame_000690.png,16109,6418,/home/ace/Downloads/rgb_anon_trainvaltest/rgb_anon/night/train_ref/GOPR0376/GOPR0376_frame_000690_rgb_ref_anon.png,/home/ace/Downloads/rgb_anon_trainvaltest/rgb_anon/night/train/GOPR0376/GOPR0376_frame_000690_rgb_anon.png
acdc,SegFormer-B5,car,GOPR0376/gopr0376_frame_000695.png,4772,387145,/home/ace/Downloads/rgb_anon_trainvaltest/rgb_anon/night/train_ref/GOPR0376/GOPR0376_frame_000695_rgb_ref_anon.png,/home/ace/Downloads/rgb_anon_trainvaltest/rgb_anon/night/train/GOPR0376/GOPR0376_frame_000695_rgb_anon.png
acdc,SegFormer-B5,car,GOPR0376/gopr0376_frame_000699.png,227,0,/home/ace/Downloads/rgb_anon_trainvaltest/rgb_anon/night/train_ref/GOPR0376/GOPR0376_frame_000699_rgb_ref_anon.png,/home/ace/Downloads/rgb_anon_trainvaltest/rgb_anon/night/train/GOPR0376/GOPR0376_frame_000699_rgb_anon.png
acdc,SegFormer-B5,car,GOPR0376/gopr0376_frame_000703.png,0,0,/home/ace/Downloads/rgb_anon_trainvaltest/rgb_anon/night/train_ref/GOPR0376/GOPR0376_frame_000703_rgb_ref_anon.png,/home/ace/Downloads/rgb_anon_trainvaltest/rgb_anon/night/train/GOPR0376/GOPR0376_frame_000703_rgb_anon.png
acdc,SegFormer-B5,car,GOPR0376/gopr0376_frame_000709.png,71,20,/home/ace/Downloads/rgb_anon_trainvaltest/rgb_anon/night/train_ref/GOPR0376/GOPR0376_frame_000709_rgb_ref_anon.png,/home/ace/Downloads/rgb_anon_trainvaltest/rgb_anon/night/train/GOPR0376/GOPR0376_frame_000709_rgb_anon.png
acdc,SegFormer-B5,car,GOPR0376/gopr0376_frame_000715.png,294,1231,/home/ace/Downloads/rgb_anon_trainvaltest/rgb_anon/night/train_ref/GOPR0376/GOPR0376_frame_000715_rgb_ref_anon.png,/home/ace/Downloads/rgb_anon_trainvaltest/rgb_anon/night/train/GOPR0376/GOPR0376_frame_000715_rgb_anon.png
acdc,SegFormer-B5,car,GOPR0376/gopr0376_frame_000721.png,24448,20852,/home/ace/Downloads/rgb_anon_trainvaltest/rgb_anon/night/train_ref/GOPR0376/GOPR0376_frame_000721_rgb_ref_anon.png,/home/ace/Downloads/rgb_anon_trainvaltest/rgb_anon/night/train/GOPR0376/GOPR0376_frame_000721_rgb_anon.png
acdc,SegFormer-B5,car,GOPR0376/gopr0376_frame_000727.png,194659,125723,/home/ace/Downloads/rgb_anon_trainvaltest/rgb_anon/night/train_ref/GOPR0376/GOPR0376_frame_000727_rgb_ref_anon.png,/home/ace/Downloads/rgb_anon_trainvaltest/rgb_anon/night/train/GOPR0376/GOPR0376_frame_000727_rgb_anon.png
acdc,SegFormer-B5,car,GOPR0376/gopr0376_frame_000733.png,189901,194767,/home/ace/Downloads/rgb_anon_trainvaltest/rgb_anon/night/train_ref/GOPR0376/GOPR0376_frame_000733_rgb_ref_anon.png,/home/ace/Downloads/rgb_anon_trainvaltest/rgb_anon/night/train/GOPR0376/GOPR0376_frame_000733_rgb_anon.png
acdc,SegFormer-B5,car,GOPR0376/gopr0376_frame_000744.png,275823,168055,/home/ace/Downloads/rgb_anon_trainvaltest/rgb_anon/night/train_ref/GOPR0376/GOPR0376_frame_000744_rgb_ref_anon.png,/home/ace/Downloads/rgb_anon_trainvaltest/rgb_anon/night/train/GOPR0376/GOPR0376_frame_000744_rgb_anon.png
acdc,SegFormer-B5,car,GOPR0376/gopr0376_frame_000749.png,15793,6444,/home/ace/Downloads/rgb_anon_trainvaltest/rgb_anon/night/train_ref/GOPR0376/GOPR0376_frame_000749_rgb_ref_anon.png,/home/ace/Downloads/rgb_anon_trainvaltest/rgb_anon/night/train/GOPR0376/GOPR0376_frame_000749_rgb_anon.png
acdc,SegFormer-B5,car,GOPR0376/gopr0376_frame_000759.png,14547,9561,/home/ace/Downloads/rgb_anon_trainvaltest/rgb_anon/night/train_ref/GOPR0376/GOPR0376_frame_000759_rgb_ref_anon.png,/home/ace/Downloads/rgb_anon_trainvaltest/rgb_anon/night/train/GOPR0376/GOPR0376_frame_000759_rgb_anon.png
acdc,SegFormer-B5,car,GOPR0376/gopr0376_frame_000764.png,19495,321,/home/ace/Downloads/rgb_anon_trainvaltest/rgb_anon/night/train_ref/GOPR0376/GOPR0376_frame_000764_rgb_ref_anon.png,/home/ace/Downloads/rgb_anon_trainvaltest/rgb_anon/night/train/GOPR0376/GOPR0376_frame_000764_rgb_anon.png
acdc,SegFormer-B5,car,GOPR0376/gopr0376_frame_000769.png,38949,33883,/home/ace/Downloads/rgb_anon_trainvaltest/rgb_anon/night/train_ref/GOPR0376/GOPR0376_frame_000769_rgb_ref_anon.png,/home/ace/Downloads/rgb_anon_trainvaltest/rgb_anon/night/train/GOPR0376/GOPR0376_frame_000769_rgb_anon.png
acdc,SegFormer-B5,car,GOPR0376/gopr0376_frame_000788.png,106007,139505,/home/ace/Downloads/rgb_anon_trainvaltest/rgb_anon/night/train_ref/GOPR0376/GOPR0376_frame_000788_rgb_ref_anon.png,/home/ace/Downloads/rgb_anon_trainvaltest/rgb_anon/night/train/GOPR0376/GOPR0376_frame_000788_rgb_anon.png
acdc,SegFormer-B5,car,GOPR0376/gopr0376_frame_000807.png,23733,8271,/home/ace/Downloads/rgb_anon_trainvaltest/rgb_anon/night/train_ref/GOPR0376/GOPR0376_frame_000807_rgb_ref_anon.png,/home/ace/Downloads/rgb_anon_trainvaltest/rgb_anon/night/train/GOPR0376/GOPR0376_frame_000807_rgb_anon.png
acdc,SegFormer-B5,car,GOPR0376/gopr0376_frame_000818.png,6421,70,/home/ace/Downloads/rgb_anon_trainvaltest/rgb_anon/night/train_ref/GOPR0376/GOPR0376_frame_000818_rgb_ref_anon.png,/home/ace/Downloads/rgb_anon_trainvaltest/rgb_anon/night/train/GOPR0376/GOPR0376_frame_000818_rgb_anon.png
acdc,SegFormer-B5,car,GOPR0376/gopr0376_frame_000822.png,68974,55672,/home/ace/Downloads/rgb_anon_trainvaltest/rgb_anon/night/train_ref/GOPR0376/GOPR0376_frame_000822_rgb_ref_anon.png,/home/ace/Downloads/rgb_anon_trainvaltest/rgb_anon/night/train/GOPR0376/GOPR0376_frame_000822_rgb_anon.png
acdc,SegFormer-B5,car,GOPR0376/gopr0376_frame_000826.png,168043,4251,/home/ace/Downloads/rgb_anon_trainvaltest/rgb_anon/night/train_ref/GOPR0376/GOPR0376_frame_000826_rgb_ref_anon.png,/home/ace/Downloads/rgb_anon_trainvaltest/rgb_anon/night/train/GOPR0376/GOPR0376_frame_000826_rgb_anon.png
acdc,SegFormer-B5,car,GOPR0376/gopr0376_frame_000835.png,141643,224726,/home/ace/Downloads/rgb_anon_trainvaltest/rgb_anon/night/train_ref/GOPR0376/GOPR0376_frame_000835_rgb_ref_anon.png,/home/ace/Downloads/rgb_anon_trainvaltest/rgb_anon/night/train/GOPR0376/GOPR0376_frame_000835_rgb_anon.png
acdc,SegFormer-B5,car,GOPR0376/gopr0376_frame_000843.png,239996,17407,/home/ace/Downloads/rgb_anon_trainvaltest/rgb_anon/night/train_ref/GOPR0376/GOPR0376_frame_000843_rgb_ref_anon.png,/home/ace/Downloads/rgb_anon_trainvaltest/rgb_anon/night/train/GOPR0376/GOPR0376_frame_000843_rgb_anon.png
acdc,SegFormer-B5,car,GOPR0376/gopr0376_frame_000847.png,792298,123503,/home/ace/Downloads/rgb_anon_trainvaltest/rgb_anon/night/train_ref/GOPR0376/GOPR0376_frame_000847_rgb_ref_anon.png,/home/ace/Downloads/rgb_anon_trainvaltest/rgb_anon/night/train/GOPR0376/GOPR0376_frame_000847_rgb_anon.png
acdc,SegFormer-B5,car,GOPR0376/gopr0376_frame_000851.png,155206,5863,/home/ace/Downloads/rgb_anon_trainvaltest/rgb_anon/night/train_ref/GOPR0376/GOPR0376_frame_000851_rgb_ref_anon.png,/home/ace/Downloads/rgb_anon_trainvaltest/rgb_anon/night/train/GOPR0376/GOPR0376_frame_000851_rgb_anon.png
acdc,SegFormer-B5,car,GOPR0376/gopr0376_frame_000857.png,44219,0,/home/ace/Downloads/rgb_anon_trainvaltest/rgb_anon/night/train_ref/GOPR0376/GOPR0376_frame_000857_rgb_ref_anon.png,/home/ace/Downloads/rgb_anon_trainvaltest/rgb_anon/night/train/GOPR0376/GOPR0376_frame_000857_rgb_anon.png
acdc,SegFormer-B5,car,GOPR0376/gopr0376_frame_000862.png,23959,3,/home/ace/Downloads/rgb_anon_trainvaltest/rgb_anon/night/train_ref/GOPR0376/GOPR0376_frame_000862_rgb_ref_anon.png,/home/ace/Downloads/rgb_anon_trainvaltest/rgb_anon/night/train/GOPR0376/GOPR0376_frame_000862_rgb_anon.png
acdc,SegFormer-B5,car,GOPR0376/gopr0376_frame_000866.png,8281,1244,/home/ace/Downloads/rgb_anon_trainvaltest/rgb_anon/night/train_ref/GOPR0376/GOPR0376_frame_000866_rgb_ref_anon.png,/home/ace/Downloads/rgb_anon_trainvaltest/rgb_anon/night/train/GOPR0376/GOPR0376_frame_000866_rgb_anon.png
acdc,SegFormer-B5,car,GOPR0376/gopr0376_frame_000870.png,31323,39267,/home/ace/Downloads/rgb_anon_trainvaltest/rgb_anon/night/train_ref/GOPR0376/GOPR0376_frame_000870_rgb_ref_anon.png,/home/ace/Downloads/rgb_anon_trainvaltest/rgb_anon/night/train/GOPR0376/GOPR0376_frame_000870_rgb_anon.png
acdc,SegFormer-B5,car,GOPR0376/gopr0376_frame_000874.png,330028,174151,/home/ace/Downloads/rgb_anon_trainvaltest/rgb_anon/night/train_ref/GOPR0376/GOPR0376_frame_000874_rgb_ref_anon.png,/home/ace/Downloads/rgb_anon_trainvaltest/rgb_anon/night/train/GOPR0376/GOPR0376_frame_000874_rgb_anon.png
acdc,SegFormer-B5,car,GOPR0376/gopr0376_frame_000878.png,214121,220492,/home/ace/Downloads/rgb_anon_trainvaltest/rgb_anon/night/train_ref/GOPR0376/GOPR0376_frame_000878_rgb_ref_anon.png,/home/ace/Downloads/rgb_anon_trainvaltest/rgb_anon/night/train/GOPR0376/GOPR0376_frame_000878_rgb_anon.png
acdc,SegFormer-B5,car,GOPR0376/gopr0376_frame_000882.png,300160,232061,/home/ace/Downloads/rgb_anon_trainvaltest/rgb_anon/night/train_ref/GOPR0376/GOPR0376_frame_000882_rgb_ref_anon.png,/home/ace/Downloads/rgb_anon_trainvaltest/rgb_anon/night/train/GOPR0376/GOPR0376_frame_000882_rgb_anon.png
acdc,SegFormer-B5,car,GOPR0376/gopr0376_frame_000887.png,371602,265126,/home/ace/Downloads/rgb_anon_trainvaltest/rgb_anon/night/train_ref/GOPR0376/GOPR0376_frame_000887_rgb_ref_anon.png,/home/ace/Downloads/rgb_anon_trainvaltest/rgb_anon/night/train/GOPR0376/GOPR0376_frame_000887_rgb_anon.png
acdc,SegFormer-B5,car,GOPR0376/gopr0376_frame_000909.png,248099,281961,/home/ace/Downloads/rgb_anon_trainvaltest/rgb_anon/night/train_ref/GOPR0376/GOPR0376_frame_000909_rgb_ref_anon.png,/home/ace/Downloads/rgb_anon_trainvaltest/rgb_anon/night/train/GOPR0376/GOPR0376_frame_000909_rgb_anon.png
acdc,SegFormer-B5,car,GOPR0376/gopr0376_frame_000916.png,21152,13596,/home/ace/Downloads/rgb_anon_trainvaltest/rgb_anon/night/train_ref/GOPR0376/GOPR0376_frame_000916_rgb_ref_anon.png,/home/ace/Downloads/rgb_anon_trainvaltest/rgb_anon/night/train/GOPR0376/GOPR0376_frame_000916_rgb_anon.png
acdc,SegFormer-B5,car,GOPR0376/gopr0376_frame_000922.png,15836,7759,/home/ace/Downloads/rgb_anon_trainvaltest/rgb_anon/night/train_ref/GOPR0376/GOPR0376_frame_000922_rgb_ref_anon.png,/home/ace/Downloads/rgb_anon_trainvaltest/rgb_anon/night/train/GOPR0376/GOPR0376_frame_000922_rgb_anon.png
acdc,SegFormer-B5,car,GOPR0376/gopr0376_frame_000927.png,60694,10543,/home/ace/Downloads/rgb_anon_trainvaltest/rgb_anon/night/train_ref/GOPR0376/GOPR0376_frame_000927_rgb_ref_anon.png,/home/ace/Downloads/rgb_anon_trainvaltest/rgb_anon/night/train/GOPR0376/GOPR0376_frame_000927_rgb_anon.png
acdc,SegFormer-B5,car,GOPR0376/gopr0376_frame_000936.png,118483,166570,/home/ace/Downloads/rgb_anon_trainvaltest/rgb_anon/night/train_ref/GOPR0376/GOPR0376_frame_000936_rgb_ref_anon.png,/home/ace/Downloads/rgb_anon_trainvaltest/rgb_anon/night/train/GOPR0376/GOPR0376_frame_000936_rgb_anon.png
acdc,SegFormer-B5,car,GOPR0376/gopr0376_frame_000954.png,118474,175175,/home/ace/Downloads/rgb_anon_trainvaltest/rgb_anon/night/train_ref/GOPR0376/GOPR0376_frame_000954_rgb_ref_anon.png,/home/ace/Downloads/rgb_anon_trainvaltest/rgb_anon/night/train/GOPR0376/GOPR0376_frame_000954_rgb_anon.png
acdc,SegFormer-B5,car,GOPR0376/gopr0376_frame_000959.png,4865,1971,/home/ace/Downloads/rgb_anon_trainvaltest/rgb_anon/night/train_ref/GOPR0376/GOPR0376_frame_000959_rgb_ref_anon.png,/home/ace/Downloads/rgb_anon_trainvaltest/rgb_anon/night/train/GOPR0376/GOPR0376_frame_000959_rgb_anon.png
acdc,SegFormer-B5,car,GOPR0376/gopr0376_frame_000963.png,14355,44,/home/ace/Downloads/rgb_anon_trainvaltest/rgb_anon/night/train_ref/GOPR0376/GOPR0376_frame_000963_rgb_ref_anon.png,/home/ace/Downloads/rgb_anon_trainvaltest/rgb_anon/night/train/GOPR0376/GOPR0376_frame_000963_rgb_anon.png
acdc,SegFormer-B5,car,GOPR0376/gopr0376_frame_000967.png,3572,5423,/home/ace/Downloads/rgb_anon_trainvaltest/rgb_anon/night/train_ref/GOPR0376/GOPR0376_frame_000967_rgb_ref_anon.png,/home/ace/Downloads/rgb_anon_trainvaltest/rgb_anon/night/train/GOPR0376/GOPR0376_frame_000967_rgb_anon.png
acdc,SegFormer-B5,car,GOPR0376/gopr0376_frame_000971.png,5448,0,/home/ace/Downloads/rgb_anon_trainvaltest/rgb_anon/night/train_ref/GOPR0376/GOPR0376_frame_000971_rgb_ref_anon.png,/home/ace/Downloads/rgb_anon_trainvaltest/rgb_anon/night/train/GOPR0376/GOPR0376_frame_000971_rgb_anon.png
acdc,SegFormer-B5,car,GOPR0376/gopr0376_frame_000975.png,2222,0,/home/ace/Downloads/rgb_anon_trainvaltest/rgb_anon/night/train_ref/GOPR0376/GOPR0376_frame_000975_rgb_ref_anon.png,/home/ace/Downloads/rgb_anon_trainvaltest/rgb_anon/night/train/GOPR0376/GOPR0376_frame_000975_rgb_anon.png
acdc,SegFormer-B5,car,GOPR0376/gopr0376_frame_000979.png,15515,26143,/home/ace/Downloads/rgb_anon_trainvaltest/rgb_anon/night/train_ref/GOPR0376/GOPR0376_frame_000979_rgb_ref_anon.png,/home/ace/Downloads/rgb_anon_trainvaltest/rgb_anon/night/train/GOPR0376/GOPR0376_frame_000979_rgb_anon.png
acdc,SegFormer-B5,car,GOPR0376/gopr0376_frame_000983.png,28759,22935,/home/ace/Downloads/rgb_anon_trainvaltest/rgb_anon/night/train_ref/GOPR0376/GOPR0376_frame_000983_rgb_ref_anon.png,/home/ace/Downloads/rgb_anon_trainvaltest/rgb_anon/night/train/GOPR0376/GOPR0376_frame_000983_rgb_anon.png
acdc,SegFormer-B5,car,GOPR0376/gopr0376_frame_000991.png,9106,68317,/home/ace/Downloads/rgb_anon_trainvaltest/rgb_anon/night/train_ref/GOPR0376/GOPR0376_frame_000991_rgb_ref_anon.png,/home/ace/Downloads/rgb_anon_trainvaltest/rgb_anon/night/train/GOPR0376/GOPR0376_frame_000991_rgb_anon.png
acdc,SegFormer-B5,car,GOPR0376/gopr0376_frame_001001.png,29623,16259,/home/ace/Downloads/rgb_anon_trainvaltest/rgb_anon/night/train_ref/GOPR0376/GOPR0376_frame_001001_rgb_ref_anon.png,/home/ace/Downloads/rgb_anon_trainvaltest/rgb_anon/night/train/GOPR0376/GOPR0376_frame_001001_rgb_anon.png
acdc,SegFormer-B5,car,GOPR0376/gopr0376_frame_001005.png,9210,27223,/home/ace/Downloads/rgb_anon_trainvaltest/rgb_anon/night/train_ref/GOPR0376/GOPR0376_frame_001005_rgb_ref_anon.png,/home/ace/Downloads/rgb_anon_trainvaltest/rgb_anon/night/train/GOPR0376/GOPR0376_frame_001005_rgb_anon.png
acdc,SegFormer-B5,car,GOPR0376/gopr0376_frame_001009.png,91702,43697,/home/ace/Downloads/rgb_anon_trainvaltest/rgb_anon/night/train_ref/GOPR0376/GOPR0376_frame_001009_rgb_ref_anon.png,/home/ace/Downloads/rgb_anon_trainvaltest/rgb_anon/night/train/GOPR0376/GOPR0376_frame_001009_rgb_anon.png
acdc,SegFormer-B5,car,GOPR0376/gopr0376_frame_001013.png,25161,3721,/home/ace/Downloads/rgb_anon_trainvaltest/rgb_anon/night/train_ref/GOPR0376/GOPR0376_frame_001013_rgb_ref_anon.png,/home/ace/Downloads/rgb_anon_trainvaltest/rgb_anon/night/train/GOPR0376/GOPR0376_frame_001013_rgb_anon.png
acdc,SegFormer-B5,car,GOPR0376/gopr0376_frame_001017.png,19261,2265,/home/ace/Downloads/rgb_anon_trainvaltest/rgb_anon/night/train_ref/GOPR0376/GOPR0376_frame_001017_rgb_ref_anon.png,/home/ace/Downloads/rgb_anon_trainvaltest/rgb_anon/night/train/GOPR0376/GOPR0376_frame_001017_rgb_anon.png
acdc,SegFormer-B5,car,GOPR0376/gopr0376_frame_001021.png,4714,0,/home/ace/Downloads/rgb_anon_trainvaltest/rgb_anon/night/train_ref/GOPR0376/GOPR0376_frame_001021_rgb_ref_anon.png,/home/ace/Downloads/rgb_anon_trainvaltest/rgb_anon/night/train/GOPR0376/GOPR0376_frame_001021_rgb_anon.png
acdc,SegFormer-B5,car,GOPR0376/gopr0376_frame_001025.png,40276,102517,/home/ace/Downloads/rgb_anon_trainvaltest/rgb_anon/night/train_ref/GOPR0376/GOPR0376_frame_001025_rgb_ref_anon.png,/home/ace/Downloads/rgb_anon_trainvaltest/rgb_anon/night/train/GOPR0376/GOPR0376_frame_001025_rgb_anon.png
acdc,SegFormer-B5,car,GOPR0376/gopr0376_frame_001032.png,15325,99,/home/ace/Downloads/rgb_anon_trainvaltest/rgb_anon/night/train_ref/GOPR0376/GOPR0376_frame_001032_rgb_ref_anon.png,/home/ace/Downloads/rgb_anon_trainvaltest/rgb_anon/night/train/GOPR0376/GOPR0376_frame_001032_rgb_anon.png
acdc,SegFormer-B5,car,GOPR0376/gopr0376_frame_001050.png,14789,0,/home/ace/Downloads/rgb_anon_trainvaltest/rgb_anon/night/train_ref/GOPR0376/GOPR0376_frame_001050_rgb_ref_anon.png,/home/ace/Downloads/rgb_anon_trainvaltest/rgb_anon/night/train/GOPR0376/GOPR0376_frame_001050_rgb_anon.png
acdc,SegFormer-B5,car,GOPR0376/gopr0376_frame_001054.png,2050,0,/home/ace/Downloads/rgb_anon_trainvaltest/rgb_anon/night/train_ref/GOPR0376/GOPR0376_frame_001054_rgb_ref_anon.png,/home/ace/Downloads/rgb_anon_trainvaltest/rgb_anon/night/train/GOPR0376/GOPR0376_frame_001054_rgb_anon.png
acdc,SegFormer-B5,car,GOPR0376/gopr0376_frame_001058.png,339,0,/home/ace/Downloads/rgb_anon_trainvaltest/rgb_anon/night/train_ref/GOPR0376/GOPR0376_frame_001058_rgb_ref_anon.png,/home/ace/Downloads/rgb_anon_trainvaltest/rgb_anon/night/train/GOPR0376/GOPR0376_frame_001058_rgb_anon.png
acdc,SegFormer-B5,car,GP010376/gp010376_frame_000001.png,2094,2324,/home/ace/Downloads/rgb_anon_trainvaltest/rgb_anon/night/train_ref/GP010376/GP010376_frame_000001_rgb_ref_anon.png,/home/ace/Downloads/rgb_anon_trainvaltest/rgb_anon/night/train/GP010376/GP010376_frame_000001_rgb_anon.png
acdc,SegFormer-B5,car,GP010376/gp010376_frame_000005.png,1559,6248,/home/ace/Downloads/rgb_anon_trainvaltest/rgb_anon/night/train_ref/GP010376/GP010376_frame_000005_rgb_ref_anon.png,/home/ace/Downloads/rgb_anon_trainvaltest/rgb_anon/night/train/GP010376/GP010376_frame_000005_rgb_anon.png
acdc,SegFormer-B5,car,GP010376/gp010376_frame_000009.png,94,0,/home/ace/Downloads/rgb_anon_trainvaltest/rgb_anon/night/train_ref/GP010376/GP010376_frame_000009_rgb_ref_anon.png,/home/ace/Downloads/rgb_anon_trainvaltest/rgb_anon/night/train/GP010376/GP010376_frame_000009_rgb_anon.png
acdc,SegFormer-B5,car,GP010376/gp010376_frame_000013.png,8216,0,/home/ace/Downloads/rgb_anon_trainvaltest/rgb_anon/night/train_ref/GP010376/GP010376_frame_000013_rgb_ref_anon.png,/home/ace/Downloads/rgb_anon_trainvaltest/rgb_anon/night/train/GP010376/GP010376_frame_000013_rgb_anon.png
acdc,SegFormer-B5,car,GP010376/gp010376_frame_000020.png,4410,5089,/home/ace/Downloads/rgb_anon_trainvaltest/rgb_anon/night/train_ref/GP010376/GP010376_frame_000020_rgb_ref_anon.png,/home/ace/Downloads/rgb_anon_trainvaltest/rgb_anon/night/train/GP010376/GP010376_frame_000020_rgb_anon.png
acdc,SegFormer-B5,car,GP010376/gp010376_frame_000024.png,15271,8309,/home/ace/Downloads/rgb_anon_trainvaltest/rgb_anon/night/train_ref/GP010376/GP010376_frame_000024_rgb_ref_anon.png,/home/ace/Downloads/rgb_anon_trainvaltest/rgb_anon/night/train/GP010376/GP010376_frame_000024_rgb_anon.png
acdc,SegFormer-B5,car,GP010376/gp010376_frame_000028.png,16365,7326,/home/ace/Downloads/rgb_anon_trainvaltest/rgb_anon/night/train_ref/GP010376/GP010376_frame_000028_rgb_ref_anon.png,/home/ace/Downloads/rgb_anon_trainvaltest/rgb_anon/night/train/GP010376/GP010376_frame_000028_rgb_anon.png
acdc,SegFormer-B5,car,GP010376/gp010376_frame_000032.png,9651,0,/home/ace/Downloads/rgb_anon_trainvaltest/rgb_anon/night/train_ref/GP010376/GP010376_frame_000032_rgb_ref_anon.png,/home/ace/Downloads/rgb_anon_trainvaltest/rgb_anon/night/train/GP010376/GP010376_frame_000032_rgb_anon.png
acdc,SegFormer-B5,car,GP010376/gp010376_frame_000036.png,7649,0,/home/ace/Downloads/rgb_anon_trainvaltest/rgb_anon/night/train_ref/GP010376/GP010376_frame_000036_rgb_ref_anon.png,/home/ace/Downloads/rgb_anon_trainvaltest/rgb_anon/night/train/GP010376/GP010376_frame_000036_rgb_anon.png
acdc,SegFormer-B5,car,GP010376/gp010376_frame_000040.png,17476,0,/home/ace/Downloads/rgb_anon_trainvaltest/rgb_anon/night/train_ref/GP010376/GP010376_frame_000040_rgb_ref_anon.png,/home/ace/Downloads/rgb_anon_trainvaltest/rgb_anon/night/train/GP010376/GP010376_frame_000040_rgb_anon.png
acdc,SegFormer-B5,car,GP010376/gp010376_frame_000044.png,34491,0,/home/ace/Downloads/rgb_anon_trainvaltest/rgb_anon/night/train_ref/GP010376/GP010376_frame_000044_rgb_ref_anon.png,/home/ace/Downloads/rgb_anon_trainvaltest/rgb_anon/night/train/GP010376/GP010376_frame_000044_rgb_anon.png
acdc,SegFormer-B5,car,GP010376/gp010376_frame_000049.png,242480,3756,/home/ace/Downloads/rgb_anon_trainvaltest/rgb_anon/night/train_ref/GP010376/GP010376_frame_000049_rgb_ref_anon.png,/home/ace/Downloads/rgb_anon_trainvaltest/rgb_anon/night/train/GP010376/GP010376_frame_000049_rgb_anon.png
acdc,SegFormer-B5,car,GP010376/gp010376_frame_000084.png,26040,31,/home/ace/Downloads/rgb_anon_trainvaltest/rgb_anon/night/train_ref/GP010376/GP010376_frame_000084_rgb_ref_anon.png,/home/ace/Downloads/rgb_anon_trainvaltest/rgb_anon/night/train/GP010376/GP010376_frame_000084_rgb_anon.png
acdc,SegFormer-B5,car,GP010376/gp010376_frame_000124.png,16566,79622,/home/ace/Downloads/rgb_anon_trainvaltest/rgb_anon/night/train_ref/GP010376/GP010376_frame_000124_rgb_ref_anon.png,/home/ace/Downloads/rgb_anon_trainvaltest/rgb_anon/night/train/GP010376/GP010376_frame_000124_rgb_anon.png
acdc,SegFormer-B5,car,GP010376/gp010376_frame_000129.png,140713,76962,/home/ace/Downloads/rgb_anon_trainvaltest/rgb_anon/night/train_ref/GP010376/GP010376_frame_000129_rgb_ref_anon.png,/home/ace/Downloads/rgb_anon_trainvaltest/rgb_anon/night/train/GP010376/GP010376_frame_000129_rgb_anon.png
acdc,SegFormer-B5,car,GP010376/gp010376_frame_000133.png,17093,26475,/home/ace/Downloads/rgb_anon_trainvaltest/rgb_anon/night/train_ref/GP010376/GP010376_frame_000133_rgb_ref_anon.png,/home/ace/Downloads/rgb_anon_trainvaltest/rgb_anon/night/train/GP010376/GP010376_frame_000133_rgb_anon.png
acdc,SegFormer-B5,car,GP010376/gp010376_frame_000137.png,166451,152546,/home/ace/Downloads/rgb_anon_trainvaltest/rgb_anon/night/train_ref/GP010376/GP010376_frame_000137_rgb_ref_anon.png,/home/ace/Downloads/rgb_anon_trainvaltest/rgb_anon/night/train/GP010376/GP010376_frame_000137_rgb_anon.png
acdc,SegFormer-B5,car,GP010376/gp010376_frame_000141.png,152003,115183,/home/ace/Downloads/rgb_anon_trainvaltest/rgb_anon/night/train_ref/GP010376/GP010376_frame_000141_rgb_ref_anon.png,/home/ace/Downloads/rgb_anon_trainvaltest/rgb_anon/night/train/GP010376/GP010376_frame_000141_rgb_anon.png
acdc,SegFormer-B5,car,GP010376/gp010376_frame_000145.png,1469,0,/home/ace/Downloads/rgb_anon_trainvaltest/rgb_anon/night/train_ref/GP010376/GP010376_frame_000145_rgb_ref_anon.png,/home/ace/Downloads/rgb_anon_trainvaltest/rgb_anon/night/train/GP010376/GP010376_frame_000145_rgb_anon.png
acdc,SegFormer-B5,car,GP010376/gp010376_frame_000149.png,18597,14952,/home/ace/Downloads/rgb_anon_trainvaltest/rgb_anon/night/train_ref/GP010376/GP010376_frame_000149_rgb_ref_anon.png,/home/ace/Downloads/rgb_anon_trainvaltest/rgb_anon/night/train/GP010376/GP010376_frame_000149_rgb_anon.png
acdc,SegFormer-B5,car,GP010376/gp010376_frame_000153.png,180717,13468,/home/ace/Downloads/rgb_anon_trainvaltest/rgb_anon/night/train_ref/GP010376/GP010376_frame_000153_rgb_ref_anon.png,/home/ace/Downloads/rgb_anon_trainvaltest/rgb_anon/night/train/GP010376/GP010376_frame_000153_rgb_anon.png
acdc,SegFormer-B5,car,GP010376/gp010376_frame_000171.png,109562,96607,/home/ace/Downloads/rgb_anon_trainvaltest/rgb_anon/night/train_ref/GP010376/GP010376_frame_000171_rgb_ref_anon.png,/home/ace/Downloads/rgb_anon_trainvaltest/rgb_anon/night/train/GP010376/GP010376_frame_000171_rgb_anon.png
acdc,SegFormer-B5,car,GP010376/gp010376_frame_000177.png,5341,345,/home/ace/Downloads/rgb_anon_trainvaltest/rgb_anon/night/train_ref/GP010376/GP010376_frame_000177_rgb_ref_anon.png,/home/ace/Downloads/rgb_anon_trainvaltest/rgb_anon/night/train/GP010376/GP010376_frame_000177_rgb_anon.png
acdc,SegFormer-B5,car,GP010376/gp010376_frame_000181.png,36158,0,/home/ace/Downloads/rgb_anon_trainvaltest/rgb_anon/night/train_ref/GP010376/GP010376_frame_000181_rgb_ref_anon.png,/home/ace/Downloads/rgb_anon_trainvaltest/rgb_anon/night/train/GP010376/GP010376_frame_000181_rgb_anon.png
acdc,SegFormer-B5,car,GP010376/gp010376_frame_000185.png,100587,0,/home/ace/Downloads/rgb_anon_trainvaltest/rgb_anon/night/train_ref/GP010376/GP010376_frame_000185_rgb_ref_anon.png,/home/ace/Downloads/rgb_anon_trainvaltest/rgb_anon/night/train/GP010376/GP010376_frame_000185_rgb_anon.png
acdc,SegFormer-B5,car,GP010376/gp010376_frame_000189.png,4021,0,/home/ace/Downloads/rgb_anon_trainvaltest/rgb_anon/night/train_ref/GP010376/GP010376_frame_000189_rgb_ref_anon.png,/home/ace/Downloads/rgb_anon_trainvaltest/rgb_anon/night/train/GP010376/GP010376_frame_000189_rgb_anon.png
acdc,SegFormer-B5,car,GP010376/gp010376_frame_000193.png,41968,63758,/home/ace/Downloads/rgb_anon_trainvaltest/rgb_anon/night/train_ref/GP010376/GP010376_frame_000193_rgb_ref_anon.png,/home/ace/Downloads/rgb_anon_trainvaltest/rgb_anon/night/train/GP010376/GP010376_frame_000193_rgb_anon.png
acdc,SegFormer-B5,car,GP010376/gp010376_frame_000197.png,4767,8475,/home/ace/Downloads/rgb_anon_trainvaltest/rgb_anon/night/train_ref/GP010376/GP010376_frame_000197_rgb_ref_anon.png,/home/ace/Downloads/rgb_anon_trainvaltest/rgb_anon/night/train/GP010376/GP010376_frame_000197_rgb_anon.png
acdc,SegFormer-B5,car,GP010376/gp010376_frame_000201.png,128098,0,/home/ace/Downloads/rgb_anon_trainvaltest/rgb_anon/night/train_ref/GP010376/GP010376_frame_000201_rgb_ref_anon.png,/home/ace/Downloads/rgb_anon_trainvaltest/rgb_anon/night/train/GP010376/GP010376_frame_000201_rgb_anon.png
acdc,SegFormer-B5,car,GP010376/gp010376_frame_000206.png,5424,1220,/home/ace/Downloads/rgb_anon_trainvaltest/rgb_anon/night/train_ref/GP010376/GP010376_frame_000206_rgb_ref_anon.png,/home/ace/Downloads/rgb_anon_trainvaltest/rgb_anon/night/train/GP010376/GP010376_frame_000206_rgb_anon.png
acdc,SegFormer-B5,car,GP010376/gp010376_frame_000213.png,2353,814,/home/ace/Downloads/rgb_anon_trainvaltest/rgb_anon/night/train_ref/GP010376/GP010376_frame_000213_rgb_ref_anon.png,/home/ace/Downloads/rgb_anon_trainvaltest/rgb_anon/night/train/GP010376/GP010376_frame_000213_rgb_anon.png
acdc,SegFormer-B5,car,GP010376/gp010376_frame_000219.png,0,0,/home/ace/Downloads/rgb_anon_trainvaltest/rgb_anon/night/train_ref/GP010376/GP010376_frame_000219_rgb_ref_anon.png,/home/ace/Downloads/rgb_anon_trainvaltest/rgb_anon/night/train/GP010376/GP010376_frame_000219_rgb_anon.png
acdc,SegFormer-B5,car,GP010376/gp010376_frame_000223.png,719,712,/home/ace/Downloads/rgb_anon_trainvaltest/rgb_anon/night/train_ref/GP010376/GP010376_frame_000223_rgb_ref_anon.png,/home/ace/Downloads/rgb_anon_trainvaltest/rgb_anon/night/train/GP010376/GP010376_frame_000223_rgb_anon.png
acdc,SegFormer-B5,car,GP010376/gp010376_frame_000227.png,0,27,/home/ace/Downloads/rgb_anon_trainvaltest/rgb_anon/night/train_ref/GP010376/GP010376_frame_000227_rgb_ref_anon.png,/home/ace/Downloads/rgb_anon_trainvaltest/rgb_anon/night/train/GP010376/GP010376_frame_000227_rgb_anon.png
acdc,SegFormer-B5,car,GP010376/gp010376_frame_000231.png,0,0,/home/ace/Downloads/rgb_anon_trainvaltest/rgb_anon/night/train_ref/GP010376/GP010376_frame_000231_rgb_ref_anon.png,/home/ace/Downloads/rgb_anon_trainvaltest/rgb_anon/night/train/GP010376/GP010376_frame_000231_rgb_anon.png
acdc,SegFormer-B5,car,GP010376/gp010376_frame_000235.png,7570,0,/home/ace/Downloads/rgb_anon_trainvaltest/rgb_anon/night/train_ref/GP010376/GP010376_frame_000235_rgb_ref_anon.png,/home/ace/Downloads/rgb_anon_trainvaltest/rgb_anon/night/train/GP010376/GP010376_frame_000235_rgb_anon.png
acdc,SegFormer-B5,car,GP010376/gp010376_frame_000239.png,0,0,/home/ace/Downloads/rgb_anon_trainvaltest/rgb_anon/night/train_ref/GP010376/GP010376_frame_000239_rgb_ref_anon.png,/home/ace/Downloads/rgb_anon_trainvaltest/rgb_anon/night/train/GP010376/GP010376_frame_000239_rgb_anon.png
acdc,SegFormer-B5,car,GP010376/gp010376_frame_000243.png,4291,0,/home/ace/Downloads/rgb_anon_trainvaltest/rgb_anon/night/train_ref/GP010376/GP010376_frame_000243_rgb_ref_anon.png,/home/ace/Downloads/rgb_anon_trainvaltest/rgb_anon/night/train/GP010376/GP010376_frame_000243_rgb_anon.png
acdc,SegFormer-B5,car,GP010376/gp010376_frame_000247.png,6971,0,/home/ace/Downloads/rgb_anon_trainvaltest/rgb_anon/night/train_ref/GP010376/GP010376_frame_000247_rgb_ref_anon.png,/home/ace/Downloads/rgb_anon_trainvaltest/rgb_anon/night/train/GP010376/GP010376_frame_000247_rgb_anon.png
acdc,SegFormer-B5,car,GP010376/gp010376_frame_000251.png,1947,0,/home/ace/Downloads/rgb_anon_trainvaltest/rgb_anon/night/train_ref/GP010376/GP010376_frame_000251_rgb_ref_anon.png,/home/ace/Downloads/rgb_anon_trainvaltest/rgb_anon/night/train/GP010376/GP010376_frame_000251_rgb_anon.png
acdc,SegFormer-B5,car,GP010376/gp010376_frame_000255.png,571,0,/home/ace/Downloads/rgb_anon_trainvaltest/rgb_anon/night/train_ref/GP010376/GP010376_frame_000255_rgb_ref_anon.png,/home/ace/Downloads/rgb_anon_trainvaltest/rgb_anon/night/train/GP010376/GP010376_frame_000255_rgb_anon.png
acdc,SegFormer-B5,car,GP010376/gp010376_frame_000259.png,965,53,/home/ace/Downloads/rgb_anon_trainvaltest/rgb_anon/night/train_ref/GP010376/GP010376_frame_000259_rgb_ref_anon.png,/home/ace/Downloads/rgb_anon_trainvaltest/rgb_anon/night/train/GP010376/GP010376_frame_000259_rgb_anon.png
acdc,SegFormer-B5,car,GP010376/gp010376_frame_000263.png,899,0,/home/ace/Downloads/rgb_anon_trainvaltest/rgb_anon/night/train_ref/GP010376/GP010376_frame_000263_rgb_ref_anon.png,/home/ace/Downloads/rgb_anon_trainvaltest/rgb_anon/night/train/GP010376/GP010376_frame_000263_rgb_anon.png
acdc,SegFormer-B5,car,GP010376/gp010376_frame_000267.png,1605,0,/home/ace/Downloads/rgb_anon_trainvaltest/rgb_anon/night/train_ref/GP010376/GP010376_frame_000267_rgb_ref_anon.png,/home/ace/Downloads/rgb_anon_trainvaltest/rgb_anon/night/train/GP010376/GP010376_frame_000267_rgb_anon.png
acdc,SegFormer-B5,car,GP010376/gp010376_frame_000271.png,895,0,/home/ace/Downloads/rgb_anon_trainvaltest/rgb_anon/night/train_ref/GP010376/GP010376_frame_000271_rgb_ref_anon.png,/home/ace/Downloads/rgb_anon_trainvaltest/rgb_anon/night/train/GP010376/GP010376_frame_000271_rgb_anon.png
acdc,SegFormer-B5,car,GP010376/gp010376_frame_000275.png,38,0,/home/ace/Downloads/rgb_anon_trainvaltest/rgb_anon/night/train_ref/GP010376/GP010376_frame_000275_rgb_ref_anon.png,/home/ace/Downloads/rgb_anon_trainvaltest/rgb_anon/night/train/GP010376/GP010376_frame_000275_rgb_anon.png
acdc,SegFormer-B5,car,GP010376/gp010376_frame_000279.png,182855,126,/home/ace/Downloads/rgb_anon_trainvaltest/rgb_anon/night/train_ref/GP010376/GP010376_frame_000279_rgb_ref_anon.png,/home/ace/Downloads/rgb_anon_trainvaltest/rgb_anon/night/train/GP010376/GP010376_frame_000279_rgb_anon.png
acdc,SegFormer-B5,car,GP010376/gp010376_frame_000283.png,9622,0,/home/ace/Downloads/rgb_anon_trainvaltest/rgb_anon/night/train_ref/GP010376/GP010376_frame_000283_rgb_ref_anon.png,/home/ace/Downloads/rgb_anon_trainvaltest/rgb_anon/night/train/GP010376/GP010376_frame_000283_rgb_anon.png
acdc,SegFormer-B5,car,GP010376/gp010376_frame_000287.png,3868,0,/home/ace/Downloads/rgb_anon_trainvaltest/rgb_anon/night/train_ref/GP010376/GP010376_frame_000287_rgb_ref_anon.png,/home/ace/Downloads/rgb_anon_trainvaltest/rgb_anon/night/train/GP010376/GP010376_frame_000287_rgb_anon.png
acdc,SegFormer-B5,car,GP010376/gp010376_frame_000291.png,2548,1878,/home/ace/Downloads/rgb_anon_trainvaltest/rgb_anon/night/train_ref/GP010376/GP010376_frame_000291_rgb_ref_anon.png,/home/ace/Downloads/rgb_anon_trainvaltest/rgb_anon/night/train/GP010376/GP010376_frame_000291_rgb_anon.png
acdc,SegFormer-B5,car,GP010376/gp010376_frame_000295.png,219626,212083,/home/ace/Downloads/rgb_anon_trainvaltest/rgb_anon/night/train_ref/GP010376/GP010376_frame_000295_rgb_ref_anon.png,/home/ace/Downloads/rgb_anon_trainvaltest/rgb_anon/night/train/GP010376/GP010376_frame_000295_rgb_anon.png
acdc,SegFormer-B5,car,GP010376/gp010376_frame_000299.png,6211,5747,/home/ace/Downloads/rgb_anon_trainvaltest/rgb_anon/night/train_ref/GP010376/GP010376_frame_000299_rgb_ref_anon.png,/home/ace/Downloads/rgb_anon_trainvaltest/rgb_anon/night/train/GP010376/GP010376_frame_000299_rgb_anon.png
acdc,SegFormer-B5,car,GP010376/gp010376_frame_000303.png,440,0,/home/ace/Downloads/rgb_anon_trainvaltest/rgb_anon/night/train_ref/GP010376/GP010376_frame_000303_rgb_ref_anon.png,/home/ace/Downloads/rgb_anon_trainvaltest/rgb_anon/night/train/GP010376/GP010376_frame_000303_rgb_anon.png
acdc,SegFormer-B5,car,GP010376/gp010376_frame_000307.png,0,0,/home/ace/Downloads/rgb_anon_trainvaltest/rgb_anon/night/train_ref/GP010376/GP010376_frame_000307_rgb_ref_anon.png,/home/ace/Downloads/rgb_anon_trainvaltest/rgb_anon/night/train/GP010376/GP010376_frame_000307_rgb_anon.png
acdc,SegFormer-B5,car,GP010376/gp010376_frame_000311.png,2847,2749,/home/ace/Downloads/rgb_anon_trainvaltest/rgb_anon/night/train_ref/GP010376/GP010376_frame_000311_rgb_ref_anon.png,/home/ace/Downloads/rgb_anon_trainvaltest/rgb_anon/night/train/GP010376/GP010376_frame_000311_rgb_anon.png
acdc,SegFormer-B5,car,GP010376/gp010376_frame_000319.png,124836,75676,/home/ace/Downloads/rgb_anon_trainvaltest/rgb_anon/night/train_ref/GP010376/GP010376_frame_000319_rgb_ref_anon.png,/home/ace/Downloads/rgb_anon_trainvaltest/rgb_anon/night/train/GP010376/GP010376_frame_000319_rgb_anon.png
acdc,SegFormer-B5,car,GP010397/gp010397_frame_000037.png,7207,1144,/home/ace/Downloads/rgb_anon_trainvaltest/rgb_anon/night/train_ref/GP010397/GP010397_frame_000037_rgb_ref_anon.png,/home/ace/Downloads/rgb_anon_trainvaltest/rgb_anon/night/train/GP010397/GP010397_frame_000037_rgb_anon.png
acdc,SegFormer-B5,car,GP010397/gp010397_frame_000056.png,10939,2689,/home/ace/Downloads/rgb_anon_trainvaltest/rgb_anon/night/train_ref/GP010397/GP010397_frame_000056_rgb_ref_anon.png,/home/ace/Downloads/rgb_anon_trainvaltest/rgb_anon/night/train/GP010397/GP010397_frame_000056_rgb_anon.png
acdc,SegFormer-B5,car,GP010397/gp010397_frame_000063.png,48535,105996,/home/ace/Downloads/rgb_anon_trainvaltest/rgb_anon/night/train_ref/GP010397/GP010397_frame_000063_rgb_ref_anon.png,/home/ace/Downloads/rgb_anon_trainvaltest/rgb_anon/night/train/GP010397/GP010397_frame_000063_rgb_anon.png
acdc,SegFormer-B5,car,GP010397/gp010397_frame_000074.png,73195,45775,/home/ace/Downloads/rgb_anon_trainvaltest/rgb_anon/night/train_ref/GP010397/GP010397_frame_000074_rgb_ref_anon.png,/home/ace/Downloads/rgb_anon_trainvaltest/rgb_anon/night/train/GP010397/GP010397_frame_000074_rgb_anon.png
acdc,SegFormer-B5,car,GP010397/gp010397_frame_000080.png,94719,7502,/home/ace/Downloads/rgb_anon_trainvaltest/rgb_anon/night/train_ref/GP010397/GP010397_frame_000080_rgb_ref_anon.png,/home/ace/Downloads/rgb_anon_trainvaltest/rgb_anon/night/train/GP010397/GP010397_frame_000080_rgb_anon.png
acdc,SegFormer-B5,car,GP010397/gp010397_frame_000096.png,37666,55583,/home/ace/Downloads/rgb_anon_trainvaltest/rgb_anon/night/train_ref/GP010397/GP010397_frame_000096_rgb_ref_anon.png,/home/ace/Downloads/rgb_anon_trainvaltest/rgb_anon/night/train/GP010397/GP010397_frame_000096_rgb_anon.png
acdc,SegFormer-B5,car,GP010397/gp010397_frame_000102.png,278435,164388,/home/ace/Downloads/rgb_anon_trainvaltest/rgb_anon/night/train_ref/GP010397/GP010397_frame_000102_rgb_ref_anon.png,/home/ace/Downloads/rgb_anon_trainvaltest/rgb_anon/night/train/GP010397/GP010397_frame_000102_rgb_anon.png
acdc,SegFormer-B5,car,GP010397/gp010397_frame_000127.png,86589,85895,/home/ace/Downloads/rgb_anon_trainvaltest/rgb_anon/night/train_ref/GP010397/GP010397_frame_000127_rgb_ref_anon.png,/home/ace/Downloads/rgb_anon_trainvaltest/rgb_anon/night/train/GP010397/GP010397_frame_000127_rgb_anon.png
acdc,SegFormer-B5,car,GP010397/gp010397_frame_000166.png,48658,113955,/home/ace/Downloads/rgb_anon_trainvaltest/rgb_anon/night/train_ref/GP010397/GP010397_frame_000166_rgb_ref_anon.png,/home/ace/Downloads/rgb_anon_trainvaltest/rgb_anon/night/train/GP010397/GP010397_frame_000166_rgb_anon.png
acdc,SegFormer-B5,car,GP010397/gp010397_frame_000171.png,68189,91795,/home/ace/Downloads/rgb_anon_trainvaltest/rgb_anon/night/train_ref/GP010397/GP010397_frame_000171_rgb_ref_anon.png,/home/ace/Downloads/rgb_anon_trainvaltest/rgb_anon/night/train/GP010397/GP010397_frame_000171_rgb_anon.png
acdc,SegFormer-B5,car,GP010397/gp010397_frame_000176.png,11003,3941,/home/ace/Downloads/rgb_anon_trainvaltest/rgb_anon/night/train_ref/GP010397/GP010397_frame_000176_rgb_ref_anon.png,/home/ace/Downloads/rgb_anon_trainvaltest/rgb_anon/night/train/GP010397/GP010397_frame_000176_rgb_anon.png
acdc,SegFormer-B5,car,GP010397/gp010397_frame_000182.png,58710,71533,/home/ace/Downloads/rgb_anon_trainvaltest/rgb_anon/night/train_ref/GP010397/GP010397_frame_000182_rgb_ref_anon.png,/home/ace/Downloads/rgb_anon_trainvaltest/rgb_anon/night/train/GP010397/GP010397_frame_000182_rgb_anon.png
acdc,SegFormer-B5,car,GP010397/gp010397_frame_000193.png,80450,147143,/home/ace/Downloads/rgb_anon_trainvaltest/rgb_anon/night/train_ref/GP010397/GP010397_frame_000193_rgb_ref_anon.png,/home/ace/Downloads/rgb_anon_trainvaltest/rgb_anon/night/train/GP010397/GP010397_frame_000193_rgb_anon.png
acdc,SegFormer-B5,car,GP010397/gp010397_frame_000198.png,68966,19047,/home/ace/Downloads/rgb_anon_trainvaltest/rgb_anon/night/train_ref/GP010397/GP010397_frame_000198_rgb_ref_anon.png,/home/ace/Downloads/rgb_anon_trainvaltest/rgb_anon/night/train/GP010397/GP010397_frame_000198_rgb_anon.png
acdc,SegFormer-B5,car,GP010397/gp010397_frame_000211.png,27357,3591,/home/ace/Downloads/rgb_anon_trainvaltest/rgb_anon/night/train_ref/GP010397/GP010397_frame_000211_rgb_ref_anon.png,/home/ace/Downloads/rgb_anon_trainvaltest/rgb_anon/night/train/GP010397/GP010397_frame_000211_rgb_anon.png
acdc,SegFormer-B5,car,GP010397/gp010397_frame_000216.png,50540,79691,/home/ace/Downloads/rgb_anon_trainvaltest/rgb_anon/night/train_ref/GP010397/GP010397_frame_000216_rgb_ref_anon.png,/home/ace/Downloads/rgb_anon_trainvaltest/rgb_anon/night/train/GP010397/GP010397_frame_000216_rgb_anon.png
acdc,SegFormer-B5,car,GP010397/gp010397_frame_000222.png,168,3675,/home/ace/Downloads/rgb_anon_trainvaltest/rgb_anon/night/train_ref/GP010397/GP010397_frame_000222_rgb_ref_anon.png,/home/ace/Downloads/rgb_anon_trainvaltest/rgb_anon/night/train/GP010397/GP010397_frame_000222_rgb_anon.png
acdc,SegFormer-B5,car,GP010397/gp010397_frame_000276.png,43473,9499,/home/ace/Downloads/rgb_anon_trainvaltest/rgb_anon/night/train_ref/GP010397/GP010397_frame_000276_rgb_ref_anon.png,/home/ace/Downloads/rgb_anon_trainvaltest/rgb_anon/night/train/GP010397/GP010397_frame_000276_rgb_anon.png
acdc,SegFormer-B5,car,GP010397/gp010397_frame_000337.png,1002,0,/home/ace/Downloads/rgb_anon_trainvaltest/rgb_anon/night/train_ref/GP010397/GP010397_frame_000337_rgb_ref_anon.png,/home/ace/Downloads/rgb_anon_trainvaltest/rgb_anon/night/train/GP010397/GP010397_frame_000337_rgb_anon.png
acdc,SegFormer-B5,car,GP010397/gp010397_frame_000401.png,3665,0,/home/ace/Downloads/rgb_anon_trainvaltest/rgb_anon/night/train_ref/GP010397/GP010397_frame_000401_rgb_ref_anon.png,/home/ace/Downloads/rgb_anon_trainvaltest/rgb_anon/night/train/GP010397/GP010397_frame_000401_rgb_anon.png
acdc,SegFormer-B5,car,GP010397/gp010397_frame_000411.png,23974,63572,/home/ace/Downloads/rgb_anon_trainvaltest/rgb_anon/night/train_ref/GP010397/GP010397_frame_000411_rgb_ref_anon.png,/home/ace/Downloads/rgb_anon_trainvaltest/rgb_anon/night/train/GP010397/GP010397_frame_000411_rgb_anon.png
acdc,SegFormer-B5,car,GP010397/gp010397_frame_000444.png,12662,0,/home/ace/Downloads/rgb_anon_trainvaltest/rgb_anon/night/train_ref/GP010397/GP010397_frame_000444_rgb_ref_anon.png,/home/ace/Downloads/rgb_anon_trainvaltest/rgb_anon/night/train/GP010397/GP010397_frame_000444_rgb_anon.png
acdc,SegFormer-B5,car,GP010397/gp010397_frame_000464.png,11177,7103,/home/ace/Downloads/rgb_anon_trainvaltest/rgb_anon/night/train_ref/GP010397/GP010397_frame_000464_rgb_ref_anon.png,/home/ace/Downloads/rgb_anon_trainvaltest/rgb_anon/night/train/GP010397/GP010397_frame_000464_rgb_anon.png
acdc,SegFormer-B5,car,GP010397/gp010397_frame_000498.png,351685,121270,/home/ace/Downloads/rgb_anon_trainvaltest/rgb_anon/night/train_ref/GP010397/GP010397_frame_000498_rgb_ref_anon.png,/home/ace/Downloads/rgb_anon_trainvaltest/rgb_anon/night/train/GP010397/GP010397_frame_000498_rgb_anon.png
acdc,SegFormer-B5,car,GP010397/gp010397_frame_000558.png,41358,5758,/home/ace/Downloads/rgb_anon_trainvaltest/rgb_anon/night/train_ref/GP010397/GP010397_frame_000558_rgb_ref_anon.png,/home/ace/Downloads/rgb_anon_trainvaltest/rgb_anon/night/train/GP010397/GP010397_frame_000558_rgb_anon.png
acdc,SegFormer-B5,car,GP010397/gp010397_frame_000565.png,48510,2856,/home/ace/Downloads/rgb_anon_trainvaltest/rgb_anon/night/train_ref/GP010397/GP010397_frame_000565_rgb_ref_anon.png,/home/ace/Downloads/rgb_anon_trainvaltest/rgb_anon/night/train/GP010397/GP010397_frame_000565_rgb_anon.png
acdc,SegFormer-B5,car,GP010397/gp010397_frame_000577.png,162112,14264,/home/ace/Downloads/rgb_anon_trainvaltest/rgb_anon/night/train_ref/GP010397/GP010397_frame_000577_rgb_ref_anon.png,/home/ace/Downloads/rgb_anon_trainvaltest/rgb_anon/night/train/GP010397/GP010397_frame_000577_rgb_anon.png
acdc,SegFormer-B5,car,GP010397/gp010397_frame_000597.png,55501,220108,/home/ace/Downloads/rgb_anon_trainvaltest/rgb_anon/night/train_ref/GP010397/GP010397_frame_000597_rgb_ref_anon.png,/home/ace/Downloads/rgb_anon_trainvaltest/rgb_anon/night/train/GP010397/GP010397_frame_000597_rgb_anon.png
acdc,SegFormer-B5,car,GP010397/gp010397_frame_000630.png,31449,40664,/home/ace/Downloads/rgb_anon_trainvaltest/rgb_anon/night/train_ref/GP010397/GP010397_frame_000630_rgb_ref_anon.png,/home/ace/Downloads/rgb_anon_trainvaltest/rgb_anon/night/train/GP010397/GP010397_frame_000630_rgb_anon.png
acdc,SegFormer-B5,car,GP010397/gp010397_frame_000636.png,316970,248757,/home/ace/Downloads/rgb_anon_trainvaltest/rgb_anon/night/train_ref/GP010397/GP010397_frame_000636_rgb_ref_anon.png,/home/ace/Downloads/rgb_anon_trainvaltest/rgb_anon/night/train/GP010397/GP010397_frame_000636_rgb_anon.png
acdc,SegFormer-B5,car,GP010397/gp010397_frame_000663.png,60177,55777,/home/ace/Downloads/rgb_anon_trainvaltest/rgb_anon/night/train_ref/GP010397/GP010397_frame_000663_rgb_ref_anon.png,/home/ace/Downloads/rgb_anon_trainvaltest/rgb_anon/night/train/GP010397/GP010397_frame_000663_rgb_anon.png
acdc,SegFormer-B5,car,GP010397/gp010397_frame_000685.png,4182,15187,/home/ace/Downloads/rgb_anon_trainvaltest/rgb_anon/night/train_ref/GP010397/GP010397_frame_000685_rgb_ref_anon.png,/home/ace/Downloads/rgb_anon_trainvaltest/rgb_anon/night/train/GP010397/GP010397_frame_000685_rgb_anon.png
acdc,SegFormer-B5,car,GP010397/gp010397_frame_000697.png,32575,38036,/home/ace/Downloads/rgb_anon_trainvaltest/rgb_anon/night/train_ref/GP010397/GP010397_frame_000697_rgb_ref_anon.png,/home/ace/Downloads/rgb_anon_trainvaltest/rgb_anon/night/train/GP010397/GP010397_frame_000697_rgb_anon.png
acdc,SegFormer-B5,car,GP010397/gp010397_frame_000717.png,35831,13789,/home/ace/Downloads/rgb_anon_trainvaltest/rgb_anon/night/train_ref/GP010397/GP010397_frame_000717_rgb_ref_anon.png,/home/ace/Downloads/rgb_anon_trainvaltest/rgb_anon/night/train/GP010397/GP010397_frame_000717_rgb_anon.png
acdc,SegFormer-B5,car,GP010397/gp010397_frame_000728.png,86188,182812,/home/ace/Downloads/rgb_anon_trainvaltest/rgb_anon/night/train_ref/GP010397/GP010397_frame_000728_rgb_ref_anon.png,/home/ace/Downloads/rgb_anon_trainvaltest/rgb_anon/night/train/GP010397/GP010397_frame_000728_rgb_anon.png
acdc,SegFormer-B5,car,GP010397/gp010397_frame_000735.png,2292,236898,/home/ace/Downloads/rgb_anon_trainvaltest/rgb_anon/night/train_ref/GP010397/GP010397_frame_000735_rgb_ref_anon.png,/home/ace/Downloads/rgb_anon_trainvaltest/rgb_anon/night/train/GP010397/GP010397_frame_000735_rgb_anon.png
acdc,SegFormer-B5,car,GP010397/gp010397_frame_000775.png,19347,358935,/home/ace/Downloads/rgb_anon_trainvaltest/rgb_anon/night/train_ref/GP010397/GP010397_frame_000775_rgb_ref_anon.png,/home/ace/Downloads/rgb_anon_trainvaltest/rgb_anon/night/train/GP010397/GP010397_frame_000775_rgb_anon.png
acdc,SegFormer-B5,car,GP010397/gp010397_frame_000796.png,54383,57828,/home/ace/Downloads/rgb_anon_trainvaltest/rgb_anon/night/train_ref/GP010397/GP010397_frame_000796_rgb_ref_anon.png,/home/ace/Downloads/rgb_anon_trainvaltest/rgb_anon/night/train/GP010397/GP010397_frame_000796_rgb_anon.png
acdc,SegFormer-B5,car,GP010397/gp010397_frame_000800.png,5470,2196,/home/ace/Downloads/rgb_anon_trainvaltest/rgb_anon/night/train_ref/GP010397/GP010397_frame_000800_rgb_ref_anon.png,/home/ace/Downloads/rgb_anon_trainvaltest/rgb_anon/night/train/GP010397/GP010397_frame_000800_rgb_anon.png
acdc,SegFormer-B5,car,GP010397/gp010397_frame_000810.png,7423,1689,/home/ace/Downloads/rgb_anon_trainvaltest/rgb_anon/night/train_ref/GP010397/GP010397_frame_000810_rgb_ref_anon.png,/home/ace/Downloads/rgb_anon_trainvaltest/rgb_anon/night/train/GP010397/GP010397_frame_000810_rgb_anon.png
acdc,SegFormer-B5,car,GP010397/gp010397_frame_000835.png,41185,4133,/home/ace/Downloads/rgb_anon_trainvaltest/rgb_anon/night/train_ref/GP010397/GP010397_frame_000835_rgb_ref_anon.png,/home/ace/Downloads/rgb_anon_trainvaltest/rgb_anon/night/train/GP010397/GP010397_frame_000835_rgb_anon.png
acdc,SegFormer-B5,car,GP010397/gp010397_frame_000849.png,3404,1677,/home/ace/Downloads/rgb_anon_trainvaltest/rgb_anon/night/train_ref/GP010397/GP010397_frame_000849_rgb_ref_anon.png,/home/ace/Downloads/rgb_anon_trainvaltest/rgb_anon/night/train/GP010397/GP010397_frame_000849_rgb_anon.png
acdc,SegFormer-B5,car,GP010397/gp010397_frame_000864.png,5805,0,/home/ace/Downloads/rgb_anon_trainvaltest/rgb_anon/night/train_ref/GP010397/GP010397_frame_000864_rgb_ref_anon.png,/home/ace/Downloads/rgb_anon_trainvaltest/rgb_anon/night/train/GP010397/GP010397_frame_000864_rgb_anon.png
acdc,SegFormer-B5,car,GP010397/gp010397_frame_000869.png,37434,10084,/home/ace/Downloads/rgb_anon_trainvaltest/rgb_anon/night/train_ref/GP010397/GP010397_frame_000869_rgb_ref_anon.png,/home/ace/Downloads/rgb_anon_trainvaltest/rgb_anon/night/train/GP010397/GP010397_frame_000869_rgb_anon.png
acdc,SegFormer-B5,car,GP010397/gp010397_frame_000902.png,29284,1181,/home/ace/Downloads/rgb_anon_trainvaltest/rgb_anon/night/train_ref/GP010397/GP010397_frame_000902_rgb_ref_anon.png,/home/ace/Downloads/rgb_anon_trainvaltest/rgb_anon/night/train/GP010397/GP010397_frame_000902_rgb_anon.png
acdc,SegFormer-B5,car,GP010397/gp010397_frame_000906.png,48228,0,/home/ace/Downloads/rgb_anon_trainvaltest/rgb_anon/night/train_ref/GP010397/GP010397_frame_000906_rgb_ref_anon.png,/home/ace/Downloads/rgb_anon_trainvaltest/rgb_anon/night/train/GP010397/GP010397_frame_000906_rgb_anon.png
acdc,SegFormer-B5,car,GP010397/gp010397_frame_000910.png,27864,0,/home/ace/Downloads/rgb_anon_trainvaltest/rgb_anon/night/train_ref/GP010397/GP010397_frame_000910_rgb_ref_anon.png,/home/ace/Downloads/rgb_anon_trainvaltest/rgb_anon/night/train/GP010397/GP010397_frame_000910_rgb_anon.png
acdc,SegFormer-B5,car,GP010397/gp010397_frame_000922.png,146585,66076,/home/ace/Downloads/rgb_anon_trainvaltest/rgb_anon/night/train_ref/GP010397/GP010397_frame_000922_rgb_ref_anon.png,/home/ace/Downloads/rgb_anon_trainvaltest/rgb_anon/night/train/GP010397/GP010397_frame_000922_rgb_anon.png
acdc,SegFormer-B5,car,GP010397/gp010397_frame_000938.png,15981,0,/home/ace/Downloads/rgb_anon_trainvaltest/rgb_anon/night/train_ref/GP010397/GP010397_frame_000938_rgb_ref_anon.png,/home/ace/Downloads/rgb_anon_trainvaltest/rgb_anon/night/train/GP010397/GP010397_frame_000938_rgb_anon.png
acdc,SegFormer-B5,car,GP010397/gp010397_frame_000946.png,68327,1349,/home/ace/Downloads/rgb_anon_trainvaltest/rgb_anon/night/train_ref/GP010397/GP010397_frame_000946_rgb_ref_anon.png,/home/ace/Downloads/rgb_anon_trainvaltest/rgb_anon/night/train/GP010397/GP010397_frame_000946_rgb_anon.png
acdc,SegFormer-B5,car,GP010397/gp010397_frame_000950.png,153776,0,/home/ace/Downloads/rgb_anon_trainvaltest/rgb_anon/night/train_ref/GP010397/GP010397_frame_000950_rgb_ref_anon.png,/home/ace/Downloads/rgb_anon_trainvaltest/rgb_anon/night/train/GP010397/GP010397_frame_000950_rgb_anon.png
acdc,SegFormer-B5,car,GP010397/gp010397_frame_000962.png,41807,0,/home/ace/Downloads/rgb_anon_trainvaltest/rgb_anon/night/train_ref/GP010397/GP010397_frame_000962_rgb_ref_anon.png,/home/ace/Downloads/rgb_anon_trainvaltest/rgb_anon/night/train/GP010397/GP010397_frame_000962_rgb_anon.png
acdc,SegFormer-B5,car,GP010397/gp010397_frame_000970.png,34810,63,/home/ace/Downloads/rgb_anon_trainvaltest/rgb_anon/night/train_ref/GP010397/GP010397_frame_000970_rgb_ref_anon.png,/home/ace/Downloads/rgb_anon_trainvaltest/rgb_anon/night/train/GP010397/GP010397_frame_000970_rgb_anon.png
acdc,SegFormer-B5,car,GP010397/gp010397_frame_000999.png,43594,31276,/home/ace/Downloads/rgb_anon_trainvaltest/rgb_anon/night/train_ref/GP010397/GP010397_frame_000999_rgb_ref_anon.png,/home/ace/Downloads/rgb_anon_trainvaltest/rgb_anon/night/train/GP010397/GP010397_frame_000999_rgb_anon.png
acdc,SegFormer-B5,car,GP010397/gp010397_frame_001006.png,15076,116998,/home/ace/Downloads/rgb_anon_trainvaltest/rgb_anon/night/train_ref/GP010397/GP010397_frame_001006_rgb_ref_anon.png,/home/ace/Downloads/rgb_anon_trainvaltest/rgb_anon/night/train/GP010397/GP010397_frame_001006_rgb_anon.png
acdc,SegFormer-B5,car,GP010397/gp010397_frame_001011.png,53741,198837,/home/ace/Downloads/rgb_anon_trainvaltest/rgb_anon/night/train_ref/GP010397/GP010397_frame_001011_rgb_ref_anon.png,/home/ace/Downloads/rgb_anon_trainvaltest/rgb_anon/night/train/GP010397/GP010397_frame_001011_rgb_anon.png
acdc,SegFormer-B5,car,GP010397/gp010397_frame_001019.png,24783,31352,/home/ace/Downloads/rgb_anon_trainvaltest/rgb_anon/night/train_ref/GP010397/GP010397_frame_001019_rgb_ref_anon.png,/home/ace/Downloads/rgb_anon_trainvaltest/rgb_anon/night/train/GP010397/GP010397_frame_001019_rgb_anon.png
acdc,SegFormer-B5,car,GP010397/gp010397_frame_001028.png,95059,12166,/home/ace/Downloads/rgb_anon_trainvaltest/rgb_anon/night/train_ref/GP010397/GP010397_frame_001028_rgb_ref_anon.png,/home/ace/Downloads/rgb_anon_trainvaltest/rgb_anon/night/train/GP010397/GP010397_frame_001028_rgb_anon.png
acdc,SegFormer-B5,car,GP010397/gp010397_frame_001042.png,57214,40457,/home/ace/Downloads/rgb_anon_trainvaltest/rgb_anon/night/train_ref/GP010397/GP010397_frame_001042_rgb_ref_anon.png,/home/ace/Downloads/rgb_anon_trainvaltest/rgb_anon/night/train/GP010397/GP010397_frame_001042_rgb_anon.png
acdc,SegFormer-B5,car,GP010397/gp010397_frame_001047.png,79114,33452,/home/ace/Downloads/rgb_anon_trainvaltest/rgb_anon/night/train_ref/GP010397/GP010397_frame_001047_rgb_ref_anon.png,/home/ace/Downloads/rgb_anon_trainvaltest/rgb_anon/night/train/GP010397/GP010397_frame_001047_rgb_anon.png
acdc,SegFormer-B5,car,GP020397/gp020397_frame_000001.png,0,2279,/home/ace/Downloads/rgb_anon_trainvaltest/rgb_anon/night/train_ref/GP020397/GP020397_frame_000001_rgb_ref_anon.png,/home/ace/Downloads/rgb_anon_trainvaltest/rgb_anon/night/train/GP020397/GP020397_frame_000001_rgb_anon.png
acdc,SegFormer-B5,car,GP020397/gp020397_frame_000030.png,932,12406,/home/ace/Downloads/rgb_anon_trainvaltest/rgb_anon/night/train_ref/GP020397/GP020397_frame_000030_rgb_ref_anon.png,/home/ace/Downloads/rgb_anon_trainvaltest/rgb_anon/night/train/GP020397/GP020397_frame_000030_rgb_anon.png
acdc,SegFormer-B5,car,GP020397/gp020397_frame_000042.png,4976,1121,/home/ace/Downloads/rgb_anon_trainvaltest/rgb_anon/night/train_ref/GP020397/GP020397_frame_000042_rgb_ref_anon.png,/home/ace/Downloads/rgb_anon_trainvaltest/rgb_anon/night/train/GP020397/GP020397_frame_000042_rgb_anon.png
acdc,SegFormer-B5,car,GP020397/gp020397_frame_000069.png,12537,16174,/home/ace/Downloads/rgb_anon_trainvaltest/rgb_anon/night/train_ref/GP020397/GP020397_frame_000069_rgb_ref_anon.png,/home/ace/Downloads/rgb_anon_trainvaltest/rgb_anon/night/train/GP020397/GP020397_frame_000069_rgb_anon.png
acdc,SegFormer-B5,car,GP020397/gp020397_frame_000079.png,3119,35511,/home/ace/Downloads/rgb_anon_trainvaltest/rgb_anon/night/train_ref/GP020397/GP020397_frame_000079_rgb_ref_anon.png,/home/ace/Downloads/rgb_anon_trainvaltest/rgb_anon/night/train/GP020397/GP020397_frame_000079_rgb_anon.png
acdc,SegFormer-B5,car,GP020397/gp020397_frame_000087.png,19695,24968,/home/ace/Downloads/rgb_anon_trainvaltest/rgb_anon/night/train_ref/GP020397/GP020397_frame_000087_rgb_ref_anon.png,/home/ace/Downloads/rgb_anon_trainvaltest/rgb_anon/night/train/GP020397/GP020397_frame_000087_rgb_anon.png
acdc,SegFormer-B5,car,GP020397/gp020397_frame_000111.png,1504,352,/home/ace/Downloads/rgb_anon_trainvaltest/rgb_anon/night/train_ref/GP020397/GP020397_frame_000111_rgb_ref_anon.png,/home/ace/Downloads/rgb_anon_trainvaltest/rgb_anon/night/train/GP020397/GP020397_frame_000111_rgb_anon.png
acdc,SegFormer-B5,car,GP020397/gp020397_frame_000116.png,10599,0,/home/ace/Downloads/rgb_anon_trainvaltest/rgb_anon/night/train_ref/GP020397/GP020397_frame_000116_rgb_ref_anon.png,/home/ace/Downloads/rgb_anon_trainvaltest/rgb_anon/night/train/GP020397/GP020397_frame_000116_rgb_anon.png
acdc,SegFormer-B5,car,GP020397/gp020397_frame_000121.png,3962,142,/home/ace/Downloads/rgb_anon_trainvaltest/rgb_anon/night/train_ref/GP020397/GP020397_frame_000121_rgb_ref_anon.png,/home/ace/Downloads/rgb_anon_trainvaltest/rgb_anon/night/train/GP020397/GP020397_frame_000121_rgb_anon.png
acdc,SegFormer-B5,car,GP020397/gp020397_frame_000147.png,204101,451539,/home/ace/Downloads/rgb_anon_trainvaltest/rgb_anon/night/train_ref/GP020397/GP020397_frame_000147_rgb_ref_anon.png,/home/ace/Downloads/rgb_anon_trainvaltest/rgb_anon/night/train/GP020397/GP020397_frame_000147_rgb_anon.png
acdc,SegFormer-B5,car,GP020397/gp020397_frame_000167.png,14210,79395,/home/ace/Downloads/rgb_anon_trainvaltest/rgb_anon/night/train_ref/GP020397/GP020397_frame_000167_rgb_ref_anon.png,/home/ace/Downloads/rgb_anon_trainvaltest/rgb_anon/night/train/GP020397/GP020397_frame_000167_rgb_anon.png
acdc,SegFormer-B5,car,GP020397/gp020397_frame_000177.png,14321,46708,/home/ace/Downloads/rgb_anon_trainvaltest/rgb_anon/night/train_ref/GP020397/GP020397_frame_000177_rgb_ref_anon.png,/home/ace/Downloads/rgb_anon_trainvaltest/rgb_anon/night/train/GP020397/GP020397_frame_000177_rgb_anon.png
acdc,SegFormer-B5,car,GP020397/gp020397_frame_000191.png,62,3613,/home/ace/Downloads/rgb_anon_trainvaltest/rgb_anon/night/train_ref/GP020397/GP020397_frame_000191_rgb_ref_anon.png,/home/ace/Downloads/rgb_anon_trainvaltest/rgb_anon/night/train/GP020397/GP020397_frame_000191_rgb_anon.png
acdc,SegFormer-B5,car,GP020397/gp020397_frame_000202.png,5345,1553,/home/ace/Downloads/rgb_anon_trainvaltest/rgb_anon/night/train_ref/GP020397/GP020397_frame_000202_rgb_ref_anon.png,/home/ace/Downloads/rgb_anon_trainvaltest/rgb_anon/night/train/GP020397/GP020397_frame_000202_rgb_anon.png
acdc,SegFormer-B5,car,GP020397/gp020397_frame_000236.png,338,1396,/home/ace/Downloads/rgb_anon_trainvaltest/rgb_anon/night/train_ref/GP020397/GP020397_frame_000236_rgb_ref_anon.png,/home/ace/Downloads/rgb_anon_trainvaltest/rgb_anon/night/train/GP020397/GP020397_frame_000236_rgb_anon.png
acdc,SegFormer-B5,car,GP020397/gp020397_frame_000241.png,69934,0,/home/ace/Downloads/rgb_anon_trainvaltest/rgb_anon/night/train_ref/GP020397/GP020397_frame_000241_rgb_ref_anon.png,/home/ace/Downloads/rgb_anon_trainvaltest/rgb_anon/night/train/GP020397/GP020397_frame_000241_rgb_anon.png
acdc,SegFormer-B5,car,GP020397/gp020397_frame_000256.png,8127,18021,/home/ace/Downloads/rgb_anon_trainvaltest/rgb_anon/night/train_ref/GP020397/GP020397_frame_000256_rgb_ref_anon.png,/home/ace/Downloads/rgb_anon_trainvaltest/rgb_anon/night/train/GP020397/GP020397_frame_000256_rgb_anon.png
acdc,SegFormer-B5,car,GP020397/gp020397_frame_000261.png,62300,235,/home/ace/Downloads/rgb_anon_trainvaltest/rgb_anon/night/train_ref/GP020397/GP020397_frame_000261_rgb_ref_anon.png,/home/ace/Downloads/rgb_anon_trainvaltest/rgb_anon/night/train/GP020397/GP020397_frame_000261_rgb_anon.png
acdc,SegFormer-B5,car,GP020397/gp020397_frame_000266.png,19051,39324,/home/ace/Downloads/rgb_anon_trainvaltest/rgb_anon/night/train_ref/GP020397/GP020397_frame_000266_rgb_ref_anon.png,/home/ace/Downloads/rgb_anon_trainvaltest/rgb_anon/night/train/GP020397/GP020397_frame_000266_rgb_anon.png
acdc,SegFormer-B5,car,GP020397/gp020397_frame_000281.png,11157,15893,/home/ace/Downloads/rgb_anon_trainvaltest/rgb_anon/night/train_ref/GP020397/GP020397_frame_000281_rgb_ref_anon.png,/home/ace/Downloads/rgb_anon_trainvaltest/rgb_anon/night/train/GP020397/GP020397_frame_000281_rgb_anon.png
acdc,SegFormer-B5,car,GP020397/gp020397_frame_000286.png,148674,2316,/home/ace/Downloads/rgb_anon_trainvaltest/rgb_anon/night/train_ref/GP020397/GP020397_frame_000286_rgb_ref_anon.png,/home/ace/Downloads/rgb_anon_trainvaltest/rgb_anon/night/train/GP020397/GP020397_frame_000286_rgb_anon.png
acdc,SegFormer-B5,car,GP020397/gp020397_frame_000291.png,135695,17003,/home/ace/Downloads/rgb_anon_trainvaltest/rgb_anon/night/train_ref/GP020397/GP020397_frame_000291_rgb_ref_anon.png,/home/ace/Downloads/rgb_anon_trainvaltest/rgb_anon/night/train/GP020397/GP020397_frame_000291_rgb_anon.png
acdc,SegFormer-B5,car,GP020397/gp020397_frame_000322.png,38668,0,/home/ace/Downloads/rgb_anon_trainvaltest/rgb_anon/night/train_ref/GP020397/GP020397_frame_000322_rgb_ref_anon.png,/home/ace/Downloads/rgb_anon_trainvaltest/rgb_anon/night/train/GP020397/GP020397_frame_000322_rgb_anon.png
acdc,SegFormer-B5,car,GP020397/gp020397_frame_000326.png,1761,0,/home/ace/Downloads/rgb_anon_trainvaltest/rgb_anon/night/train_ref/GP020397/GP020397_frame_000326_rgb_ref_anon.png,/home/ace/Downloads/rgb_anon_trainvaltest/rgb_anon/night/train/GP020397/GP020397_frame_000326_rgb_anon.png
acdc,SegFormer-B5,car,GP020397/gp020397_frame_000330.png,1783,57,/home/ace/Downloads/rgb_anon_trainvaltest/rgb_anon/night/train_ref/GP020397/GP020397_frame_000330_rgb_ref_anon.png,/home/ace/Downloads/rgb_anon_trainvaltest/rgb_anon/night/train/GP020397/GP020397_frame_000330_rgb_anon.png
acdc,SegFormer-B5,car,GP020397/gp020397_frame_000335.png,234205,38919,/home/ace/Downloads/rgb_anon_trainvaltest/rgb_anon/night/train_ref/GP020397/GP020397_frame_000335_rgb_ref_anon.png,/home/ace/Downloads/rgb_anon_trainvaltest/rgb_anon/night/train/GP020397/GP020397_frame_000335_rgb_anon.png
acdc,SegFormer-B5,car,GP020397/gp020397_frame_000345.png,15030,179513,/home/ace/Downloads/rgb_anon_trainvaltest/rgb_anon/night/train_ref/GP020397/GP020397_frame_000345_rgb_ref_anon.png,/home/ace/Downloads/rgb_anon_trainvaltest/rgb_anon/night/train/GP020397/GP020397_frame_000345_rgb_anon.png
acdc,SegFormer-B5,car,GP020397/gp020397_frame_000379.png,177401,30923,/home/ace/Downloads/rgb_anon_trainvaltest/rgb_anon/night/train_ref/GP020397/GP020397_frame_000379_rgb_ref_anon.png,/home/ace/Downloads/rgb_anon_trainvaltest/rgb_anon/night/train/GP020397/GP020397_frame_000379_rgb_anon.png
acdc,SegFormer-B5,car,GP020397/gp020397_frame_000385.png,37281,253822,/home/ace/Downloads/rgb_anon_trainvaltest/rgb_anon/night/train_ref/GP020397/GP020397_frame_000385_rgb_ref_anon.png,/home/ace/Downloads/rgb_anon_trainvaltest/rgb_anon/night/train/GP020397/GP020397_frame_000385_rgb_anon.png
acdc,SegFormer-B5,car,GP020397/gp020397_frame_000400.png,38436,1986,/home/ace/Downloads/rgb_anon_trainvaltest/rgb_anon/night/train_ref/GP020397/GP020397_frame_000400_rgb_ref_anon.png,/home/ace/Downloads/rgb_anon_trainvaltest/rgb_anon/night/train/GP020397/GP020397_frame_000400_rgb_anon.png
acdc,SegFormer-B5,car,GP020397/gp020397_frame_000410.png,4877,1945,/home/ace/Downloads/rgb_anon_trainvaltest/rgb_anon/night/train_ref/GP020397/GP020397_frame_000410_rgb_ref_anon.png,/home/ace/Downloads/rgb_anon_trainvaltest/rgb_anon/night/train/GP020397/GP020397_frame_000410_rgb_anon.png
acdc,SegFormer-B5,car,GP020397/gp020397_frame_000420.png,23502,35,/home/ace/Downloads/rgb_anon_trainvaltest/rgb_anon/night/train_ref/GP020397/GP020397_frame_000420_rgb_ref_anon.png,/home/ace/Downloads/rgb_anon_trainvaltest/rgb_anon/night/train/GP020397/GP020397_frame_000420_rgb_anon.png
acdc,SegFormer-B5,car,GP020397/gp020397_frame_000425.png,71309,0,/home/ace/Downloads/rgb_anon_trainvaltest/rgb_anon/night/train_ref/GP020397/GP020397_frame_000425_rgb_ref_anon.png,/home/ace/Downloads/rgb_anon_trainvaltest/rgb_anon/night/train/GP020397/GP020397_frame_000425_rgb_anon.png
acdc,SegFormer-B5,car,GP020397/gp020397_frame_000443.png,30650,12259,/home/ace/Downloads/rgb_anon_trainvaltest/rgb_anon/night/train_ref/GP020397/GP020397_frame_000443_rgb_ref_anon.png,/home/ace/Downloads/rgb_anon_trainvaltest/rgb_anon/night/train/GP020397/GP020397_frame_000443_rgb_anon.png
acdc,SegFormer-B5,car,GP020397/gp020397_frame_000448.png,44514,14867,/home/ace/Downloads/rgb_anon_trainvaltest/rgb_anon/night/train_ref/GP020397/GP020397_frame_000448_rgb_ref_anon.png,/home/ace/Downloads/rgb_anon_trainvaltest/rgb_anon/night/train/GP020397/GP020397_frame_000448_rgb_anon.png
acdc,SegFormer-B5,car,GP020397/gp020397_frame_000459.png,35615,3318,/home/ace/Downloads/rgb_anon_trainvaltest/rgb_anon/night/train_ref/GP020397/GP020397_frame_000459_rgb_ref_anon.png,/home/ace/Downloads/rgb_anon_trainvaltest/rgb_anon/night/train/GP020397/GP020397_frame_000459_rgb_anon.png
acdc,SegFormer-B5,car,GP020397/gp020397_frame_000479.png,21038,12816,/home/ace/Downloads/rgb_anon_trainvaltest/rgb_anon/night/train_ref/GP020397/GP020397_frame_000479_rgb_ref_anon.png,/home/ace/Downloads/rgb_anon_trainvaltest/rgb_anon/night/train/GP020397/GP020397_frame_000479_rgb_anon.png
acdc,SegFormer-B5,car,GP020397/gp020397_frame_000499.png,35001,590,/home/ace/Downloads/rgb_anon_trainvaltest/rgb_anon/night/train_ref/GP020397/GP020397_frame_000499_rgb_ref_anon.png,/home/ace/Downloads/rgb_anon_trainvaltest/rgb_anon/night/train/GP020397/GP020397_frame_000499_rgb_anon.png
acdc,SegFormer-B5,car,GP020397/gp020397_frame_000531.png,311,0,/home/ace/Downloads/rgb_anon_trainvaltest/rgb_anon/night/train_ref/GP020397/GP020397_frame_000531_rgb_ref_anon.png,/home/ace/Downloads/rgb_anon_trainvaltest/rgb_anon/night/train/GP020397/GP020397_frame_000531_rgb_anon.png
acdc,SegFormer-B5,car,GP020397/gp020397_frame_000551.png,289,215834,/home/ace/Downloads/rgb_anon_trainvaltest/rgb_anon/night/train_ref/GP020397/GP020397_frame_000551_rgb_ref_anon.png,/home/ace/Downloads/rgb_anon_trainvaltest/rgb_anon/night/train/GP020397/GP020397_frame_000551_rgb_anon.png
acdc,SegFormer-B5,car,GP020397/gp020397_frame_000611.png,289,199955,/home/ace/Downloads/rgb_anon_trainvaltest/rgb_anon/night/train_ref/GP020397/GP020397_frame_000611_rgb_ref_anon.png,/home/ace/Downloads/rgb_anon_trainvaltest/rgb_anon/night/train/GP020397/GP020397_frame_000611_rgb_anon.png
acdc,SegFormer-B5,car,GP020397/gp020397_frame_000631.png,326,10412,/home/ace/Downloads/rgb_anon_trainvaltest/rgb_anon/night/train_ref/GP020397/GP020397_frame_000631_rgb_ref_anon.png,/home/ace/Downloads/rgb_anon_trainvaltest/rgb_anon/night/train/GP020397/GP020397_frame_000631_rgb_anon.png
acdc,SegFormer-B5,car,GP020397/gp020397_frame_000643.png,9,1778,/home/ace/Downloads/rgb_anon_trainvaltest/rgb_anon/night/train_ref/GP020397/GP020397_frame_000643_rgb_ref_anon.png,/home/ace/Downloads/rgb_anon_trainvaltest/rgb_anon/night/train/GP020397/GP020397_frame_000643_rgb_anon.png
acdc,SegFormer-B5,car,GP020397/gp020397_frame_000723.png,2088,864,/home/ace/Downloads/rgb_anon_trainvaltest/rgb_anon/night/train_ref/GP020397/GP020397_frame_000723_rgb_ref_anon.png,/home/ace/Downloads/rgb_anon_trainvaltest/rgb_anon/night/train/GP020397/GP020397_frame_000723_rgb_anon.png
acdc,SegFormer-B5,car,GOPR0351/gopr0351_frame_000033.png,0,335,/home/ace/Downloads/rgb_anon_trainvaltest/rgb_anon/night/val_ref/GOPR0351/GOPR0351_frame_000033_rgb_ref_anon.png,/home/ace/Downloads/rgb_anon_trainvaltest/rgb_anon/night/val/GOPR0351/GOPR0351_frame_000033_rgb_anon.png
acdc,SegFormer-B5,car,GOPR0351/gopr0351_frame_000039.png,469,41,/home/ace/Downloads/rgb_anon_trainvaltest/rgb_anon/night/val_ref/GOPR0351/GOPR0351_frame_000039_rgb_ref_anon.png,/home/ace/Downloads/rgb_anon_trainvaltest/rgb_anon/night/val/GOPR0351/GOPR0351_frame_000039_rgb_anon.png
acdc,SegFormer-B5,car,GOPR0351/gopr0351_frame_000043.png,2410,0,/home/ace/Downloads/rgb_anon_trainvaltest/rgb_anon/night/val_ref/GOPR0351/GOPR0351_frame_000043_rgb_ref_anon.png,/home/ace/Downloads/rgb_anon_trainvaltest/rgb_anon/night/val/GOPR0351/GOPR0351_frame_000043_rgb_anon.png
acdc,SegFormer-B5,car,GOPR0351/gopr0351_frame_000047.png,7735,0,/home/ace/Downloads/rgb_anon_trainvaltest/rgb_anon/night/val_ref/GOPR0351/GOPR0351_frame_000047_rgb_ref_anon.png,/home/ace/Downloads/rgb_anon_trainvaltest/rgb_anon/night/val/GOPR0351/GOPR0351_frame_000047_rgb_anon.png
acdc,SegFormer-B5,car,GOPR0351/gopr0351_frame_000049.png,682,712,/home/ace/Downloads/rgb_anon_trainvaltest/rgb_anon/night/val_ref/GOPR0351/GOPR0351_frame_000049_rgb_ref_anon.png,/home/ace/Downloads/rgb_anon_trainvaltest/rgb_anon/night/val/GOPR0351/GOPR0351_frame_000049_rgb_anon.png
acdc,SegFormer-B5,car,GOPR0351/gopr0351_frame_000053.png,2664,0,/home/ace/Downloads/rgb_anon_trainvaltest/rgb_anon/night/val_ref/GOPR0351/GOPR0351_frame_000053_rgb_ref_anon.png,/home/ace/Downloads/rgb_anon_trainvaltest/rgb_anon/night/val/GOPR0351/GOPR0351_frame_000053_rgb_anon.png
acdc,SegFormer-B5,car,GOPR0351/gopr0351_frame_000055.png,0,16,/home/ace/Downloads/rgb_anon_trainvaltest/rgb_anon/night/val_ref/GOPR0351/GOPR0351_frame_000055_rgb_ref_anon.png,/home/ace/Downloads/rgb_anon_trainvaltest/rgb_anon/night/val/GOPR0351/GOPR0351_frame_000055_rgb_anon.png
acdc,SegFormer-B5,car,GOPR0351/gopr0351_frame_000057.png,0,13565,/home/ace/Downloads/rgb_anon_trainvaltest/rgb_anon/night/val_ref/GOPR0351/GOPR0351_frame_000057_rgb_ref_anon.png,/home/ace/Downloads/rgb_anon_trainvaltest/rgb_anon/night/val/GOPR0351/GOPR0351_frame_000057_rgb_anon.png
acdc,SegFormer-B5,car,GOPR0351/gopr0351_frame_000059.png,14,0,/home/ace/Downloads/rgb_anon_trainvaltest/rgb_anon/night/val_ref/GOPR0351/GOPR0351_frame_000059_rgb_ref_anon.png,/home/ace/Downloads/rgb_anon_trainvaltest/rgb_anon/night/val/GOPR0351/GOPR0351_frame_000059_rgb_anon.png
acdc,SegFormer-B5,car,GOPR0351/gopr0351_frame_000061.png,12,1781,/home/ace/Downloads/rgb_anon_trainvaltest/rgb_anon/night/val_ref/GOPR0351/GOPR0351_frame_000061_rgb_ref_anon.png,/home/ace/Downloads/rgb_anon_trainvaltest/rgb_anon/night/val/GOPR0351/GOPR0351_frame_000061_rgb_anon.png
acdc,SegFormer-B5,car,GOPR0351/gopr0351_frame_000063.png,1,0,/home/ace/Downloads/rgb_anon_trainvaltest/rgb_anon/night/val_ref/GOPR0351/GOPR0351_frame_000063_rgb_ref_anon.png,/home/ace/Downloads/rgb_anon_trainvaltest/rgb_anon/night/val/GOPR0351/GOPR0351_frame_000063_rgb_anon.png
acdc,SegFormer-B5,car,GOPR0351/gopr0351_frame_000065.png,98,1790,/home/ace/Downloads/rgb_anon_trainvaltest/rgb_anon/night/val_ref/GOPR0351/GOPR0351_frame_000065_rgb_ref_anon.png,/home/ace/Downloads/rgb_anon_trainvaltest/rgb_anon/night/val/GOPR0351/GOPR0351_frame_000065_rgb_anon.png
acdc,SegFormer-B5,car,GOPR0351/gopr0351_frame_000067.png,4251,5,/home/ace/Downloads/rgb_anon_trainvaltest/rgb_anon/night/val_ref/GOPR0351/GOPR0351_frame_000067_rgb_ref_anon.png,/home/ace/Downloads/rgb_anon_trainvaltest/rgb_anon/night/val/GOPR0351/GOPR0351_frame_000067_rgb_anon.png
acdc,SegFormer-B5,car,GOPR0351/gopr0351_frame_000069.png,1398,0,/home/ace/Downloads/rgb_anon_trainvaltest/rgb_anon/night/val_ref/GOPR0351/GOPR0351_frame_000069_rgb_ref_anon.png,/home/ace/Downloads/rgb_anon_trainvaltest/rgb_anon/night/val/GOPR0351/GOPR0351_frame_000069_rgb_anon.png
acdc,SegFormer-B5,car,GOPR0351/gopr0351_frame_000071.png,4692,668,/home/ace/Downloads/rgb_anon_trainvaltest/rgb_anon/night/val_ref/GOPR0351/GOPR0351_frame_000071_rgb_ref_anon.png,/home/ace/Downloads/rgb_anon_trainvaltest/rgb_anon/night/val/GOPR0351/GOPR0351_frame_000071_rgb_anon.png
acdc,SegFormer-B5,car,GOPR0351/gopr0351_frame_000079.png,4481,2778,/home/ace/Downloads/rgb_anon_trainvaltest/rgb_anon/night/val_ref/GOPR0351/GOPR0351_frame_000079_rgb_ref_anon.png,/home/ace/Downloads/rgb_anon_trainvaltest/rgb_anon/night/val/GOPR0351/GOPR0351_frame_000079_rgb_anon.png
acdc,SegFormer-B5,car,GOPR0351/gopr0351_frame_000081.png,62963,347,/home/ace/Downloads/rgb_anon_trainvaltest/rgb_anon/night/val_ref/GOPR0351/GOPR0351_frame_000081_rgb_ref_anon.png,/home/ace/Downloads/rgb_anon_trainvaltest/rgb_anon/night/val/GOPR0351/GOPR0351_frame_000081_rgb_anon.png
acdc,SegFormer-B5,car,GOPR0351/gopr0351_frame_000083.png,53084,0,/home/ace/Downloads/rgb_anon_trainvaltest/rgb_anon/night/val_ref/GOPR0351/GOPR0351_frame_000083_rgb_ref_anon.png,/home/ace/Downloads/rgb_anon_trainvaltest/rgb_anon/night/val/GOPR0351/GOPR0351_frame_000083_rgb_anon.png
acdc,SegFormer-B5,car,GOPR0351/gopr0351_frame_000085.png,9615,0,/home/ace/Downloads/rgb_anon_trainvaltest/rgb_anon/night/val_ref/GOPR0351/GOPR0351_frame_000085_rgb_ref_anon.png,/home/ace/Downloads/rgb_anon_trainvaltest/rgb_anon/night/val/GOPR0351/GOPR0351_frame_000085_rgb_anon.png
acdc,SegFormer-B5,car,GOPR0351/gopr0351_frame_000087.png,0,0,/home/ace/Downloads/rgb_anon_trainvaltest/rgb_anon/night/val_ref/GOPR0351/GOPR0351_frame_000087_rgb_ref_anon.png,/home/ace/Downloads/rgb_anon_trainvaltest/rgb_anon/night/val/GOPR0351/GOPR0351_frame_000087_rgb_anon.png
acdc,SegFormer-B5,car,GOPR0351/gopr0351_frame_000089.png,0,412,/home/ace/Downloads/rgb_anon_trainvaltest/rgb_anon/night/val_ref/GOPR0351/GOPR0351_frame_000089_rgb_ref_anon.png,/home/ace/Downloads/rgb_anon_trainvaltest/rgb_anon/night/val/GOPR0351/GOPR0351_frame_000089_rgb_anon.png
acdc,SegFormer-B5,car,GOPR0351/gopr0351_frame_000091.png,15,5,/home/ace/Downloads/rgb_anon_trainvaltest/rgb_anon/night/val_ref/GOPR0351/GOPR0351_frame_000091_rgb_ref_anon.png,/home/ace/Downloads/rgb_anon_trainvaltest/rgb_anon/night/val/GOPR0351/GOPR0351_frame_000091_rgb_anon.png
acdc,SegFormer-B5,car,GOPR0351/gopr0351_frame_000093.png,18,0,/home/ace/Downloads/rgb_anon_trainvaltest/rgb_anon/night/val_ref/GOPR0351/GOPR0351_frame_000093_rgb_ref_anon.png,/home/ace/Downloads/rgb_anon_trainvaltest/rgb_anon/night/val/GOPR0351/GOPR0351_frame_000093_rgb_anon.png
acdc,SegFormer-B5,car,GOPR0351/gopr0351_frame_000095.png,4164,47,/home/ace/Downloads/rgb_anon_trainvaltest/rgb_anon/night/val_ref/GOPR0351/GOPR0351_frame_000095_rgb_ref_anon.png,/home/ace/Downloads/rgb_anon_trainvaltest/rgb_anon/night/val/GOPR0351/GOPR0351_frame_000095_rgb_anon.png
acdc,SegFormer-B5,car,GOPR0351/gopr0351_frame_000099.png,0,1664,/home/ace/Downloads/rgb_anon_trainvaltest/rgb_anon/night/val_ref/GOPR0351/GOPR0351_frame_000099_rgb_ref_anon.png,/home/ace/Downloads/rgb_anon_trainvaltest/rgb_anon/night/val/GOPR0351/GOPR0351_frame_000099_rgb_anon.png
acdc,SegFormer-B5,car,GOPR0351/gopr0351_frame_000101.png,0,0,/home/ace/Downloads/rgb_anon_trainvaltest/rgb_anon/night/val_ref/GOPR0351/GOPR0351_frame_000101_rgb_ref_anon.png,/home/ace/Downloads/rgb_anon_trainvaltest/rgb_anon/night/val/GOPR0351/GOPR0351_frame_000101_rgb_anon.png
acdc,SegFormer-B5,car,GOPR0351/gopr0351_frame_000105.png,28177,4320,/home/ace/Downloads/rgb_anon_trainvaltest/rgb_anon/night/val_ref/GOPR0351/GOPR0351_frame_000105_rgb_ref_anon.png,/home/ace/Downloads/rgb_anon_trainvaltest/rgb_anon/night/val/GOPR0351/GOPR0351_frame_000105_rgb_anon.png
acdc,SegFormer-B5,car,GOPR0351/gopr0351_frame_000111.png,252,318,/home/ace/Downloads/rgb_anon_trainvaltest/rgb_anon/night/val_ref/GOPR0351/GOPR0351_frame_000111_rgb_ref_anon.png,/home/ace/Downloads/rgb_anon_trainvaltest/rgb_anon/night/val/GOPR0351/GOPR0351_frame_000111_rgb_anon.png
acdc,SegFormer-B5,car,GOPR0351/gopr0351_frame_000113.png,476,4306,/home/ace/Downloads/rgb_anon_trainvaltest/rgb_anon/night/val_ref/GOPR0351/GOPR0351_frame_000113_rgb_ref_anon.png,/home/ace/Downloads/rgb_anon_trainvaltest/rgb_anon/night/val/GOPR0351/GOPR0351_frame_000113_rgb_anon.png
acdc,SegFormer-B5,car,GOPR0351/gopr0351_frame_000115.png,331,8173,/home/ace/Downloads/rgb_anon_trainvaltest/rgb_anon/night/val_ref/GOPR0351/GOPR0351_frame_000115_rgb_ref_anon.png,/home/ace/Downloads/rgb_anon_trainvaltest/rgb_anon/night/val/GOPR0351/GOPR0351_frame_000115_rgb_anon.png
acdc,SegFormer-B5,car,GOPR0351/gopr0351_frame_000121.png,0,608,/home/ace/Downloads/rgb_anon_trainvaltest/rgb_anon/night/val_ref/GOPR0351/GOPR0351_frame_000121_rgb_ref_anon.png,/home/ace/Downloads/rgb_anon_trainvaltest/rgb_anon/night/val/GOPR0351/GOPR0351_frame_000121_rgb_anon.png
acdc,SegFormer-B5,car,GOPR0351/gopr0351_frame_000124.png,1425,32235,/home/ace/Downloads/rgb_anon_trainvaltest/rgb_anon/night/val_ref/GOPR0351/GOPR0351_frame_000124_rgb_ref_anon.png,/home/ace/Downloads/rgb_anon_trainvaltest/rgb_anon/night/val/GOPR0351/GOPR0351_frame_000124_rgb_anon.png
acdc,SegFormer-B5,car,GOPR0351/gopr0351_frame_000128.png,1563,0,/home/ace/Downloads/rgb_anon_trainvaltest/rgb_anon/night/val_ref/GOPR0351/GOPR0351_frame_000128_rgb_ref_anon.png,/home/ace/Downloads/rgb_anon_trainvaltest/rgb_anon/night/val/GOPR0351/GOPR0351_frame_000128_rgb_anon.png
acdc,SegFormer-B5,car,GOPR0351/gopr0351_frame_000132.png,7350,0,/home/ace/Downloads/rgb_anon_trainvaltest/rgb_anon/night/val_ref/GOPR0351/GOPR0351_frame_000132_rgb_ref_anon.png,/home/ace/Downloads/rgb_anon_trainvaltest/rgb_anon/night/val/GOPR0351/GOPR0351_frame_000132_rgb_anon.png
acdc,SegFormer-B5,car,GOPR0351/gopr0351_frame_000141.png,1645,0,/home/ace/Downloads/rgb_anon_trainvaltest/rgb_anon/night/val_ref/GOPR0351/GOPR0351_frame_000141_rgb_ref_anon.png,/home/ace/Downloads/rgb_anon_trainvaltest/rgb_anon/night/val/GOPR0351/GOPR0351_frame_000141_rgb_anon.png
acdc,SegFormer-B5,car,GOPR0351/gopr0351_frame_000143.png,1431,0,/home/ace/Downloads/rgb_anon_trainvaltest/rgb_anon/night/val_ref/GOPR0351/GOPR0351_frame_000143_rgb_ref_anon.png,/home/ace/Downloads/rgb_anon_trainvaltest/rgb_anon/night/val/GOPR0351/GOPR0351_frame_000143_rgb_anon.png
acdc,SegFormer-B5,car,GOPR0351/gopr0351_frame_000651.png,41779,0,/home/ace/Downloads/rgb_anon_trainvaltest/rgb_anon/night/val_ref/GOPR0351/GOPR0351_frame_000651_rgb_ref_anon.png,/home/ace/Downloads/rgb_anon_trainvaltest/rgb_anon/night/val/GOPR0351/GOPR0351_frame_000651_rgb_anon.png
acdc,SegFormer-B5,car,GOPR0351/gopr0351_frame_000654.png,106865,445,/home/ace/Downloads/rgb_anon_trainvaltest/rgb_anon/night/val_ref/GOPR0351/GOPR0351_frame_000654_rgb_ref_anon.png,/home/ace/Downloads/rgb_anon_trainvaltest/rgb_anon/night/val/GOPR0351/GOPR0351_frame_000654_rgb_anon.png
acdc,SegFormer-B5,car,GOPR0351/gopr0351_frame_000706.png,84769,6137,/home/ace/Downloads/rgb_anon_trainvaltest/rgb_anon/night/val_ref/GOPR0351/GOPR0351_frame_000706_rgb_ref_anon.png,/home/ace/Downloads/rgb_anon_trainvaltest/rgb_anon/night/val/GOPR0351/GOPR0351_frame_000706_rgb_anon.png
acdc,SegFormer-B5,car,GOPR0351/gopr0351_frame_000709.png,109942,5268,/home/ace/Downloads/rgb_anon_trainvaltest/rgb_anon/night/val_ref/GOPR0351/GOPR0351_frame_000709_rgb_ref_anon.png,/home/ace/Downloads/rgb_anon_trainvaltest/rgb_anon/night/val/GOPR0351/GOPR0351_frame_000709_rgb_anon.png
acdc,SegFormer-B5,car,GOPR0351/gopr0351_frame_000712.png,310362,0,/home/ace/Downloads/rgb_anon_trainvaltest/rgb_anon/night/val_ref/GOPR0351/GOPR0351_frame_000712_rgb_ref_anon.png,/home/ace/Downloads/rgb_anon_trainvaltest/rgb_anon/night/val/GOPR0351/GOPR0351_frame_000712_rgb_anon.png
acdc,SegFormer-B5,car,GOPR0351/gopr0351_frame_000718.png,133194,4884,/home/ace/Downloads/rgb_anon_trainvaltest/rgb_anon/night/val_ref/GOPR0351/GOPR0351_frame_000718_rgb_ref_anon.png,/home/ace/Downloads/rgb_anon_trainvaltest/rgb_anon/night/val/GOPR0351/GOPR0351_frame_000718_rgb_anon.png
acdc,SegFormer-B5,car,GOPR0351/gopr0351_frame_000724.png,57776,9114,/home/ace/Downloads/rgb_anon_trainvaltest/rgb_anon/night/val_ref/GOPR0351/GOPR0351_frame_000724_rgb_ref_anon.png,/home/ace/Downloads/rgb_anon_trainvaltest/rgb_anon/night/val/GOPR0351/GOPR0351_frame_000724_rgb_anon.png
acdc,SegFormer-B5,car,GOPR0351/gopr0351_frame_000727.png,15959,8962,/home/ace/Downloads/rgb_anon_trainvaltest/rgb_anon/night/val_ref/GOPR0351/GOPR0351_frame_000727_rgb_ref_anon.png,/home/ace/Downloads/rgb_anon_trainvaltest/rgb_anon/night/val/GOPR0351/GOPR0351_frame_000727_rgb_anon.png
acdc,SegFormer-B5,car,GOPR0351/gopr0351_frame_000742.png,14306,6558,/home/ace/Downloads/rgb_anon_trainvaltest/rgb_anon/night/val_ref/GOPR0351/GOPR0351_frame_000742_rgb_ref_anon.png,/home/ace/Downloads/rgb_anon_trainvaltest/rgb_anon/night/val/GOPR0351/GOPR0351_frame_000742_rgb_anon.png
acdc,SegFormer-B5,car,GOPR0351/gopr0351_frame_000745.png,16426,8130,/home/ace/Downloads/rgb_anon_trainvaltest/rgb_anon/night/val_ref/GOPR0351/GOPR0351_frame_000745_rgb_ref_anon.png,/home/ace/Downloads/rgb_anon_trainvaltest/rgb_anon/night/val/GOPR0351/GOPR0351_frame_000745_rgb_anon.png
acdc,SegFormer-B5,car,GOPR0351/gopr0351_frame_000748.png,29340,6311,/home/ace/Downloads/rgb_anon_trainvaltest/rgb_anon/night/val_ref/GOPR0351/GOPR0351_frame_000748_rgb_ref_anon.png,/home/ace/Downloads/rgb_anon_trainvaltest/rgb_anon/night/val/GOPR0351/GOPR0351_frame_000748_rgb_anon.png
acdc,SegFormer-B5,car,GOPR0351/gopr0351_frame_000754.png,9248,993,/home/ace/Downloads/rgb_anon_trainvaltest/rgb_anon/night/val_ref/GOPR0351/GOPR0351_frame_000754_rgb_ref_anon.png,/home/ace/Downloads/rgb_anon_trainvaltest/rgb_anon/night/val/GOPR0351/GOPR0351_frame_000754_rgb_anon.png
acdc,SegFormer-B5,car,GOPR0351/gopr0351_frame_000761.png,8605,110,/home/ace/Downloads/rgb_anon_trainvaltest/rgb_anon/night/val_ref/GOPR0351/GOPR0351_frame_000761_rgb_ref_anon.png,/home/ace/Downloads/rgb_anon_trainvaltest/rgb_anon/night/val/GOPR0351/GOPR0351_frame_000761_rgb_anon.png
acdc,SegFormer-B5,car,GOPR0351/gopr0351_frame_000770.png,10941,2062,/home/ace/Downloads/rgb_anon_trainvaltest/rgb_anon/night/val_ref/GOPR0351/GOPR0351_frame_000770_rgb_ref_anon.png,/home/ace/Downloads/rgb_anon_trainvaltest/rgb_anon/night/val/GOPR0351/GOPR0351_frame_000770_rgb_anon.png
acdc,SegFormer-B5,car,GOPR0351/gopr0351_frame_000774.png,13845,7391,/home/ace/Downloads/rgb_anon_trainvaltest/rgb_anon/night/val_ref/GOPR0351/GOPR0351_frame_000774_rgb_ref_anon.png,/home/ace/Downloads/rgb_anon_trainvaltest/rgb_anon/night/val/GOPR0351/GOPR0351_frame_000774_rgb_anon.png
acdc,SegFormer-B5,car,GOPR0351/gopr0351_frame_000809.png,9351,26691,/home/ace/Downloads/rgb_anon_trainvaltest/rgb_anon/night/val_ref/GOPR0351/GOPR0351_frame_000809_rgb_ref_anon.png,/home/ace/Downloads/rgb_anon_trainvaltest/rgb_anon/night/val/GOPR0351/GOPR0351_frame_000809_rgb_anon.png
acdc,SegFormer-B5,car,GOPR0351/gopr0351_frame_000814.png,0,3940,/home/ace/Downloads/rgb_anon_trainvaltest/rgb_anon/night/val_ref/GOPR0351/GOPR0351_frame_000814_rgb_ref_anon.png,/home/ace/Downloads/rgb_anon_trainvaltest/rgb_anon/night/val/GOPR0351/GOPR0351_frame_000814_rgb_anon.png
acdc,SegFormer-B5,car,GOPR0351/gopr0351_frame_000818.png,0,1173,/home/ace/Downloads/rgb_anon_trainvaltest/rgb_anon/night/val_ref/GOPR0351/GOPR0351_frame_000818_rgb_ref_anon.png,/home/ace/Downloads/rgb_anon_trainvaltest/rgb_anon/night/val/GOPR0351/GOPR0351_frame_000818_rgb_anon.png
acdc,SegFormer-B5,car,GOPR0351/gopr0351_frame_000822.png,0,0,/home/ace/Downloads/rgb_anon_trainvaltest/rgb_anon/night/val_ref/GOPR0351/GOPR0351_frame_000822_rgb_ref_anon.png,/home/ace/Downloads/rgb_anon_trainvaltest/rgb_anon/night/val/GOPR0351/GOPR0351_frame_000822_rgb_anon.png
acdc,SegFormer-B5,car,GOPR0351/gopr0351_frame_000825.png,10,3171,/home/ace/Downloads/rgb_anon_trainvaltest/rgb_anon/night/val_ref/GOPR0351/GOPR0351_frame_000825_rgb_ref_anon.png,/home/ace/Downloads/rgb_anon_trainvaltest/rgb_anon/night/val/GOPR0351/GOPR0351_frame_000825_rgb_anon.png
acdc,SegFormer-B5,car,GOPR0356/gopr0356_frame_000321.png,137,319,/home/ace/Downloads/rgb_anon_trainvaltest/rgb_anon/night/val_ref/GOPR0356/GOPR0356_frame_000321_rgb_ref_anon.png,/home/ace/Downloads/rgb_anon_trainvaltest/rgb_anon/night/val/GOPR0356/GOPR0356_frame_000321_rgb_anon.png
acdc,SegFormer-B5,car,GOPR0356/gopr0356_frame_000324.png,189,0,/home/ace/Downloads/rgb_anon_trainvaltest/rgb_anon/night/val_ref/GOPR0356/GOPR0356_frame_000324_rgb_ref_anon.png,/home/ace/Downloads/rgb_anon_trainvaltest/rgb_anon/night/val/GOPR0356/GOPR0356_frame_000324_rgb_anon.png
acdc,SegFormer-B5,car,GOPR0356/gopr0356_frame_000327.png,14833,0,/home/ace/Downloads/rgb_anon_trainvaltest/rgb_anon/night/val_ref/GOPR0356/GOPR0356_frame_000327_rgb_ref_anon.png,/home/ace/Downloads/rgb_anon_trainvaltest/rgb_anon/night/val/GOPR0356/GOPR0356_frame_000327_rgb_anon.png
acdc,SegFormer-B5,car,GOPR0356/gopr0356_frame_000330.png,3812,0,/home/ace/Downloads/rgb_anon_trainvaltest/rgb_anon/night/val_ref/GOPR0356/GOPR0356_frame_000330_rgb_ref_anon.png,/home/ace/Downloads/rgb_anon_trainvaltest/rgb_anon/night/val/GOPR0356/GOPR0356_frame_000330_rgb_anon.png
acdc,SegFormer-B5,car,GOPR0356/gopr0356_frame_000333.png,37781,0,/home/ace/Downloads/rgb_anon_trainvaltest/rgb_anon/night/val_ref/GOPR0356/GOPR0356_frame_000333_rgb_ref_anon.png,/home/ace/Downloads/rgb_anon_trainvaltest/rgb_anon/night/val/GOPR0356/GOPR0356_frame_000333_rgb_anon.png
acdc,SegFormer-B5,car,GOPR0356/gopr0356_frame_000336.png,489,1651,/home/ace/Downloads/rgb_anon_trainvaltest/rgb_anon/night/val_ref/GOPR0356/GOPR0356_frame_000336_rgb_ref_anon.png,/home/ace/Downloads/rgb_anon_trainvaltest/rgb_anon/night/val/GOPR0356/GOPR0356_frame_000336_rgb_anon.png
acdc,SegFormer-B5,car,GOPR0356/gopr0356_frame_000339.png,48226,0,/home/ace/Downloads/rgb_anon_trainvaltest/rgb_anon/night/val_ref/GOPR0356/GOPR0356_frame_000339_rgb_ref_anon.png,/home/ace/Downloads/rgb_anon_trainvaltest/rgb_anon/night/val/GOPR0356/GOPR0356_frame_000339_rgb_anon.png
acdc,SegFormer-B5,car,GOPR0356/gopr0356_frame_000342.png,1375,0,/home/ace/Downloads/rgb_anon_trainvaltest/rgb_anon/night/val_ref/GOPR0356/GOPR0356_frame_000342_rgb_ref_anon.png,/home/ace/Downloads/rgb_anon_trainvaltest/rgb_anon/night/val/GOPR0356/GOPR0356_frame_000342_rgb_anon.png
acdc,SegFormer-B5,car,GOPR0356/gopr0356_frame_000345.png,651,0,/home/ace/Downloads/rgb_anon_trainvaltest/rgb_anon/night/val_ref/GOPR0356/GOPR0356_frame_000345_rgb_ref_anon.png,/home/ace/Downloads/rgb_anon_trainvaltest/rgb_anon/night/val/GOPR0356/GOPR0356_frame_000345_rgb_anon.png
acdc,SegFormer-B5,car,GOPR0356/gopr0356_frame_000348.png,5315,0,/home/ace/Downloads/rgb_anon_trainvaltest/rgb_anon/night/val_ref/GOPR0356/GOPR0356_frame_000348_rgb_ref_anon.png,/home/ace/Downloads/rgb_anon_trainvaltest/rgb_anon/night/val/GOPR0356/GOPR0356_frame_000348_rgb_anon.png
acdc,SegFormer-B5,car,GOPR0356/gopr0356_frame_000351.png,5863,0,/home/ace/Downloads/rgb_anon_trainvaltest/rgb_anon/night/val_ref/GOPR0356/GOPR0356_frame_000351_rgb_ref_anon.png,/home/ace/Downloads/rgb_anon_trainvaltest/rgb_anon/night/val/GOPR0356/GOPR0356_frame_000351_rgb_anon.png
acdc,SegFormer-B5,car,GOPR0356/gopr0356_frame_000354.png,1639,95,/home/ace/Downloads/rgb_anon_trainvaltest/rgb_anon/night/val_ref/GOPR0356/GOPR0356_frame_000354_rgb_ref_anon.png,/home/ace/Downloads/rgb_anon_trainvaltest/rgb_anon/night/val/GOPR0356/GOPR0356_frame_000354_rgb_anon.png
acdc,SegFormer-B5,car,GOPR0356/gopr0356_frame_000357.png,20391,6941,/home/ace/Downloads/rgb_anon_trainvaltest/rgb_anon/night/val_ref/GOPR0356/GOPR0356_frame_000357_rgb_ref_anon.png,/home/ace/Downloads/rgb_anon_trainvaltest/rgb_anon/night/val/GOPR0356/GOPR0356_frame_000357_rgb_anon.png
acdc,SegFormer-B5,car,GOPR0356/gopr0356_frame_000360.png,45695,35527,/home/ace/Downloads/rgb_anon_trainvaltest/rgb_anon/night/val_ref/GOPR0356/GOPR0356_frame_000360_rgb_ref_anon.png,/home/ace/Downloads/rgb_anon_trainvaltest/rgb_anon/night/val/GOPR0356/GOPR0356_frame_000360_rgb_anon.png
acdc,SegFormer-B5,car,GOPR0356/gopr0356_frame_000363.png,558,0,/home/ace/Downloads/rgb_anon_trainvaltest/rgb_anon/night/val_ref/GOPR0356/GOPR0356_frame_000363_rgb_ref_anon.png,/home/ace/Downloads/rgb_anon_trainvaltest/rgb_anon/night/val/GOPR0356/GOPR0356_frame_000363_rgb_anon.png
acdc,SegFormer-B5,car,GOPR0356/gopr0356_frame_000366.png,2881,0,/home/ace/Downloads/rgb_anon_trainvaltest/rgb_anon/night/val_ref/GOPR0356/GOPR0356_frame_000366_rgb_ref_anon.png,/home/ace/Downloads/rgb_anon_trainvaltest/rgb_anon/night/val/GOPR0356/GOPR0356_frame_000366_rgb_anon.png
acdc,SegFormer-B5,car,GOPR0356/gopr0356_frame_000369.png,31992,766,/home/ace/Downloads/rgb_anon_trainvaltest/rgb_anon/night/val_ref/GOPR0356/GOPR0356_frame_000369_rgb_ref_anon.png,/home/ace/Downloads/rgb_anon_trainvaltest/rgb_anon/night/val/GOPR0356/GOPR0356_frame_000369_rgb_anon.png
acdc,SegFormer-B5,car,GOPR0356/gopr0356_frame_000372.png,56507,2245,/home/ace/Downloads/rgb_anon_trainvaltest/rgb_anon/night/val_ref/GOPR0356/GOPR0356_frame_000372_rgb_ref_anon.png,/home/ace/Downloads/rgb_anon_trainvaltest/rgb_anon/night/val/GOPR0356/GOPR0356_frame_000372_rgb_anon.png
acdc,SegFormer-B5,car,GOPR0356/gopr0356_frame_000375.png,35361,5520,/home/ace/Downloads/rgb_anon_trainvaltest/rgb_anon/night/val_ref/GOPR0356/GOPR0356_frame_000375_rgb_ref_anon.png,/home/ace/Downloads/rgb_anon_trainvaltest/rgb_anon/night/val/GOPR0356/GOPR0356_frame_000375_rgb_anon.png
acdc,SegFormer-B5,car,GOPR0356/gopr0356_frame_000378.png,107251,46246,/home/ace/Downloads/rgb_anon_trainvaltest/rgb_anon/night/val_ref/GOPR0356/GOPR0356_frame_000378_rgb_ref_anon.png,/home/ace/Downloads/rgb_anon_trainvaltest/rgb_anon/night/val/GOPR0356/GOPR0356_frame_000378_rgb_anon.png
acdc,SegFormer-B5,car,GOPR0356/gopr0356_frame_000382.png,195605,80333,/home/ace/Downloads/rgb_anon_trainvaltest/rgb_anon/night/val_ref/GOPR0356/GOPR0356_frame_000382_rgb_ref_anon.png,/home/ace/Downloads/rgb_anon_trainvaltest/rgb_anon/night/val/GOPR0356/GOPR0356_frame_000382_rgb_anon.png
acdc,SegFormer-B5,car,GOPR0356/gopr0356_frame_000386.png,2870,14531,/home/ace/Downloads/rgb_anon_trainvaltest/rgb_anon/night/val_ref/GOPR0356/GOPR0356_frame_000386_rgb_ref_anon.png,/home/ace/Downloads/rgb_anon_trainvaltest/rgb_anon/night/val/GOPR0356/GOPR0356_frame_000386_rgb_anon.png
acdc,SegFormer-B5,car,GOPR0356/gopr0356_frame_000391.png,3084,0,/home/ace/Downloads/rgb_anon_trainvaltest/rgb_anon/night/val_ref/GOPR0356/GOPR0356_frame_000391_rgb_ref_anon.png,/home/ace/Downloads/rgb_anon_trainvaltest/rgb_anon/night/val/GOPR0356/GOPR0356_frame_000391_rgb_anon.png
acdc,SegFormer-B5,car,GOPR0356/gopr0356_frame_000395.png,0,0,/home/ace/Downloads/rgb_anon_trainvaltest/rgb_anon/night/val_ref/GOPR0356/GOPR0356_frame_000395_rgb_ref_anon.png,/home/ace/Downloads/rgb_anon_trainvaltest/rgb_anon/night/val/GOPR0356/GOPR0356_frame_000395_rgb_anon.png
acdc,SegFormer-B5,car,GOPR0356/gopr0356_frame_000398.png,157,0,/home/ace/Downloads/rgb_anon_trainvaltest/rgb_anon/night/val_ref/GOPR0356/GOPR0356_frame_000398_rgb_ref_anon.png,/home/ace/Downloads/rgb_anon_trainvaltest/rgb_anon/night/val/GOPR0356/GOPR0356_frame_000398_rgb_anon.png
acdc,SegFormer-B5,car,GOPR0356/gopr0356_frame_000401.png,625,7257,/home/ace/Downloads/rgb_anon_trainvaltest/rgb_anon/night/val_ref/GOPR0356/GOPR0356_frame_000401_rgb_ref_anon.png,/home/ace/Downloads/rgb_anon_trainvaltest/rgb_anon/night/val/GOPR0356/GOPR0356_frame_000401_rgb_anon.png
acdc,SegFormer-B5,car,GOPR0356/gopr0356_frame_000404.png,19772,5781,/home/ace/Downloads/rgb_anon_trainvaltest/rgb_anon/night/val_ref/GOPR0356/GOPR0356_frame_000404_rgb_ref_anon.png,/home/ace/Downloads/rgb_anon_trainvaltest/rgb_anon/night/val/GOPR0356/GOPR0356_frame_000404_rgb_anon.png
acdc,SegFormer-B5,car,GOPR0356/gopr0356_frame_000408.png,711,137,/home/ace/Downloads/rgb_anon_trainvaltest/rgb_anon/night/val_ref/GOPR0356/GOPR0356_frame_000408_rgb_ref_anon.png,/home/ace/Downloads/rgb_anon_trainvaltest/rgb_anon/night/val/GOPR0356/GOPR0356_frame_000408_rgb_anon.png
acdc,SegFormer-B5,car,GOPR0356/gopr0356_frame_000414.png,892,4326,/home/ace/Downloads/rgb_anon_trainvaltest/rgb_anon/night/val_ref/GOPR0356/GOPR0356_frame_000414_rgb_ref_anon.png,/home/ace/Downloads/rgb_anon_trainvaltest/rgb_anon/night/val/GOPR0356/GOPR0356_frame_000414_rgb_anon.png
acdc,SegFormer-B5,car,GOPR0356/gopr0356_frame_000418.png,12732,37724,/home/ace/Downloads/rgb_anon_trainvaltest/rgb_anon/night/val_ref/GOPR0356/GOPR0356_frame_000418_rgb_ref_anon.png,/home/ace/Downloads/rgb_anon_trainvaltest/rgb_anon/night/val/GOPR0356/GOPR0356_frame_000418_rgb_anon.png
acdc,SegFormer-B5,car,GOPR0356/gopr0356_frame_000421.png,49029,49924,/home/ace/Downloads/rgb_anon_trainvaltest/rgb_anon/night/val_ref/GOPR0356/GOPR0356_frame_000421_rgb_ref_anon.png,/home/ace/Downloads/rgb_anon_trainvaltest/rgb_anon/night/val/GOPR0356/GOPR0356_frame_000421_rgb_anon.png
acdc,SegFormer-B5,car,GOPR0356/gopr0356_frame_000424.png,103610,7648,/home/ace/Downloads/rgb_anon_trainvaltest/rgb_anon/night/val_ref/GOPR0356/GOPR0356_frame_000424_rgb_ref_anon.png,/home/ace/Downloads/rgb_anon_trainvaltest/rgb_anon/night/val/GOPR0356/GOPR0356_frame_000424_rgb_anon.png
acdc,SegFormer-B5,car,GOPR0356/gopr0356_frame_000427.png,28072,17286,/home/ace/Downloads/rgb_anon_trainvaltest/rgb_anon/night/val_ref/GOPR0356/GOPR0356_frame_000427_rgb_ref_anon.png,/home/ace/Downloads/rgb_anon_trainvaltest/rgb_anon/night/val/GOPR0356/GOPR0356_frame_000427_rgb_anon.png
acdc,SegFormer-B5,car,GOPR0356/gopr0356_frame_000430.png,0,0,/home/ace/Downloads/rgb_anon_trainvaltest/rgb_anon/night/val_ref/GOPR0356/GOPR0356_frame_000430_rgb_ref_anon.png,/home/ace/Downloads/rgb_anon_trainvaltest/rgb_anon/night/val/GOPR0356/GOPR0356_frame_000430_rgb_anon.png
acdc,SegFormer-B5,car,GOPR0356/gopr0356_frame_000433.png,0,0,/home/ace/Downloads/rgb_anon_trainvaltest/rgb_anon/night/val_ref/GOPR0356/GOPR0356_frame_000433_rgb_ref_anon.png,/home/ace/Downloads/rgb_anon_trainvaltest/rgb_anon/night/val/GOPR0356/GOPR0356_frame_000433_rgb_anon.png
acdc,SegFormer-B5,car,GOPR0356/gopr0356_frame_000437.png,0,0,/home/ace/Downloads/rgb_anon_trainvaltest/rgb_anon/night/val_ref/GOPR0356/GOPR0356_frame_000437_rgb_ref_anon.png,/home/ace/Downloads/rgb_anon_trainvaltest/rgb_anon/night/val/GOPR0356/GOPR0356_frame_000437_rgb_anon.png
acdc,SegFormer-B5,car,GOPR0356/gopr0356_frame_000448.png,0,0,/home/ace/Downloads/rgb_anon_trainvaltest/rgb_anon/night/val_ref/GOPR0356/GOPR0356_frame_000448_rgb_ref_anon.png,/home/ace/Downloads/rgb_anon_trainvaltest/rgb_anon/night/val/GOPR0356/GOPR0356_frame_000448_rgb_anon.png
acdc,SegFormer-B5,car,GOPR0356/gopr0356_frame_000452.png,240,0,/home/ace/Downloads/rgb_anon_trainvaltest/rgb_anon/night/val_ref/GOPR0356/GOPR0356_frame_000452_rgb_ref_anon.png,/home/ace/Downloads/rgb_anon_trainvaltest/rgb_anon/night/val/GOPR0356/GOPR0356_frame_000452_rgb_anon.png
acdc,SegFormer-B5,car,GOPR0356/gopr0356_frame_000455.png,7258,0,/home/ace/Downloads/rgb_anon_trainvaltest/rgb_anon/night/val_ref/GOPR0356/GOPR0356_frame_000455_rgb_ref_anon.png,/home/ace/Downloads/rgb_anon_trainvaltest/rgb_anon/night/val/GOPR0356/GOPR0356_frame_000455_rgb_anon.png
acdc,SegFormer-B5,car,GOPR0356/gopr0356_frame_000458.png,2010,0,/home/ace/Downloads/rgb_anon_trainvaltest/rgb_anon/night/val_ref/GOPR0356/GOPR0356_frame_000458_rgb_ref_anon.png,/home/ace/Downloads/rgb_anon_trainvaltest/rgb_anon/night/val/GOPR0356/GOPR0356_frame_000458_rgb_anon.png
acdc,SegFormer-B5,car,GOPR0356/gopr0356_frame_000461.png,1315,0,/home/ace/Downloads/rgb_anon_trainvaltest/rgb_anon/night/val_ref/GOPR0356/GOPR0356_frame_000461_rgb_ref_anon.png,/home/ace/Downloads/rgb_anon_trainvaltest/rgb_anon/night/val/GOPR0356/GOPR0356_frame_000461_rgb_anon.png
acdc,SegFormer-B5,car,GOPR0356/gopr0356_frame_000464.png,39551,54631,/home/ace/Downloads/rgb_anon_trainvaltest/rgb_anon/night/val_ref/GOPR0356/GOPR0356_frame_000464_rgb_ref_anon.png,/home/ace/Downloads/rgb_anon_trainvaltest/rgb_anon/night/val/GOPR0356/GOPR0356_frame_000464_rgb_anon.png
acdc,SegFormer-B5,car,GOPR0356/gopr0356_frame_000467.png,147,0,/home/ace/Downloads/rgb_anon_trainvaltest/rgb_anon/night/val_ref/GOPR0356/GOPR0356_frame_000467_rgb_ref_anon.png,/home/ace/Downloads/rgb_anon_trainvaltest/rgb_anon/night/val/GOPR0356/GOPR0356_frame_000467_rgb_anon.png
acdc,SegFormer-B5,car,GOPR0356/gopr0356_frame_000470.png,123509,48218,/home/ace/Downloads/rgb_anon_trainvaltest/rgb_anon/night/val_ref/GOPR0356/GOPR0356_frame_000470_rgb_ref_anon.png,/home/ace/Downloads/rgb_anon_trainvaltest/rgb_anon/night/val/GOPR0356/GOPR0356_frame_000470_rgb_anon.png
acdc,SegFormer-B5,car,GOPR0356/gopr0356_frame_000473.png,24482,0,/home/ace/Downloads/rgb_anon_trainvaltest/rgb_anon/night/val_ref/GOPR0356/GOPR0356_frame_000473_rgb_ref_anon.png,/home/ace/Downloads/rgb_anon_trainvaltest/rgb_anon/night/val/GOPR0356/GOPR0356_frame_000473_rgb_anon.png
acdc,SegFormer-B5,car,GOPR0356/gopr0356_frame_000476.png,22500,8711,/home/ace/Downloads/rgb_anon_trainvaltest/rgb_anon/night/val_ref/GOPR0356/GOPR0356_frame_000476_rgb_ref_anon.png,/home/ace/Downloads/rgb_anon_trainvaltest/rgb_anon/night/val/GOPR0356/GOPR0356_frame_000476_rgb_anon.png
acdc,SegFormer-B5,car,GOPR0356/gopr0356_frame_000479.png,26,0,/home/ace/Downloads/rgb_anon_trainvaltest/rgb_anon/night/val_ref/GOPR0356/GOPR0356_frame_000479_rgb_ref_anon.png,/home/ace/Downloads/rgb_anon_trainvaltest/rgb_anon/night/val/GOPR0356/GOPR0356_frame_000479_rgb_anon.png
acdc,SegFormer-B5,car,GOPR0356/gopr0356_frame_000482.png,0,0,/home/ace/Downloads/rgb_anon_trainvaltest/rgb_anon/night/val_ref/GOPR0356/GOPR0356_frame_000482_rgb_ref_anon.png,/home/ace/Downloads/rgb_anon_trainvaltest/rgb_anon/night/val/GOPR0356/GOPR0356_frame_000482_rgb_anon.png
acdc,SegFormer-B5,car,GOPR0356/gopr0356_frame_000485.png,4637,0,/home/ace/Downloads/rgb_anon_trainvaltest/rgb_anon/night/val_ref/GOPR0356/GOPR0356_frame_000485_rgb_ref_anon.png,/home/ace/Downloads/rgb_anon_trainvaltest/rgb_anon/night/val/GOPR0356/GOPR0356_frame_000485_rgb_anon.png
acdc,SegFormer-B5,car,GOPR0356/gopr0356_frame_000488.png,4683,0,/home/ace/Downloads/rgb_anon_trainvaltest/rgb_anon/night/val_ref/GOPR0356/GOPR0356_frame_000488_rgb_ref_anon.png,/home/ace/Downloads/rgb_anon_trainvaltest/rgb_anon/night/val/GOPR0356/GOPR0356_frame_000488_rgb_anon.png
our_dataset,Mask2Former-Swin-L,person,10231074,0,0,/home/ace/Downloads/Dataset/Day/10231074_Day_EXTRASUNNY.png,/home/ace/Downloads/Dataset/Night/10231074_Night_EXTRASUNNY.png
our_dataset,Mask2Former-Swin-L,person,108359,0,5839,/home/ace/Downloads/Dataset/Day/108359_Day_EXTRASUNNY.png,/home/ace/Downloads/Dataset/Night/108359_Night_EXTRASUNNY.png
our_dataset,Mask2Former-Swin-L,person,10901081,0,0,/home/ace/Downloads/Dataset/Day/10901081_Day_EXTRASUNNY.png,/home/ace/Downloads/Dataset/Night/10901081_Night_EXTRASUNNY.png
our_dataset,Mask2Former-Swin-L,person,11101250,16915,456,/home/ace/Downloads/Dataset/Day/11101250_Day_EXTRASUNNY.png,/home/ace/Downloads/Dataset/Night/11101250_Night_EXTRASUNNY.png
our_dataset,Mask2Former-Swin-L,person,11131433,0,0,/home/ace/Downloads/Dataset/Day/11131433_Day_EXTRASUNNY.png,/home/ace/Downloads/Dataset/Night/11131433_Night_EXTRASUNNY.png
our_dataset,Mask2Former-Swin-L,person,1119803,0,0,/home/ace/Downloads/Dataset/Day/1119803_Day_EXTRASUNNY.png,/home/ace/Downloads/Dataset/Night/1119803_Night_EXTRASUNNY.png
our_dataset,Mask2Former-Swin-L,person,112170,102,0,/home/ace/Downloads/Dataset/Day/112170_Day_EXTRASUNNY.png,/home/ace/Downloads/Dataset/Night/112170_Night_EXTRASUNNY.png
our_dataset,Mask2Former-Swin-L,person,1124819,0,308,/home/ace/Downloads/Dataset/Day/1124819_Day_EXTRASUNNY.png,/home/ace/Downloads/Dataset/Night/1124819_Night_EXTRASUNNY.png
our_dataset,Mask2Former-Swin-L,person,11281105,2008,5382,/home/ace/Downloads/Dataset/Day/11281105_Day_EXTRASUNNY.png,/home/ace/Downloads/Dataset/Night/11281105_Night_EXTRASUNNY.png
our_dataset,Mask2Former-Swin-L,person,1129575,96,0,/home/ace/Downloads/Dataset/Day/1129575_Day_EXTRASUNNY.png,/home/ace/Downloads/Dataset/Night/1129575_Night_EXTRASUNNY.png
our_dataset,Mask2Former-Swin-L,person,1161197,0,0,/home/ace/Downloads/Dataset/Day/1161197_Day_EXTRASUNNY.png,/home/ace/Downloads/Dataset/Night/1161197_Night_EXTRASUNNY.png
our_dataset,Mask2Former-Swin-L,person,1162709,0,62,/home/ace/Downloads/Dataset/Day/1162709_Day_EXTRASUNNY.png,/home/ace/Downloads/Dataset/Night/1162709_Night_EXTRASUNNY.png
our_dataset,Mask2Former-Swin-L,person,1163548,0,108,/home/ace/Downloads/Dataset/Day/1163548_Day_EXTRASUNNY.png,/home/ace/Downloads/Dataset/Night/1163548_Night_EXTRASUNNY.png
our_dataset,Mask2Former-Swin-L,person,11642190,0,0,/home/ace/Downloads/Dataset/Day/11642190_Day_EXTRASUNNY.png,/home/ace/Downloads/Dataset/Night/11642190_Night_EXTRASUNNY.png
our_dataset,Mask2Former-Swin-L,person,1169181,7,0,/home/ace/Downloads/Dataset/Day/1169181_Day_EXTRASUNNY.png,/home/ace/Downloads/Dataset/Night/1169181_Night_EXTRASUNNY.png
our_dataset,Mask2Former-Swin-L,person,11721222,0,0,/home/ace/Downloads/Dataset/Day/11721222_Day_EXTRASUNNY.png,/home/ace/Downloads/Dataset/Night/11721222_Night_EXTRASUNNY.png
our_dataset,Mask2Former-Swin-L,person,11802146,0,0,/home/ace/Downloads/Dataset/Day/11802146_Day_EXTRASUNNY.png,/home/ace/Downloads/Dataset/Night/11802146_Night_EXTRASUNNY.png
our_dataset,Mask2Former-Swin-L,person,1184775,0,0,/home/ace/Downloads/Dataset/Day/1184775_Day_EXTRASUNNY.png,/home/ace/Downloads/Dataset/Night/1184775_Night_EXTRASUNNY.png
our_dataset,Mask2Former-Swin-L,person,11921147,0,0,/home/ace/Downloads/Dataset/Day/11921147_Day_EXTRASUNNY.png,/home/ace/Downloads/Dataset/Night/11921147_Night_EXTRASUNNY.png
our_dataset,Mask2Former-Swin-L,person,119342,0,0,/home/ace/Downloads/Dataset/Day/119342_Day_EXTRASUNNY.png,/home/ace/Downloads/Dataset/Night/119342_Night_EXTRASUNNY.png
our_dataset,Mask2Former-Swin-L,person,1201777,0,0,/home/ace/Downloads/Dataset/Day/1201777_Day_EXTRASUNNY.png,/home/ace/Downloads/Dataset/Night/1201777_Night_EXTRASUNNY.png
our_dataset,Mask2Former-Swin-L,person,1297251,6772,9210,/home/ace/Downloads/Dataset/Day/1297251_Day_EXTRASUNNY.png,/home/ace/Downloads/Dataset/Night/1297251_Night_EXTRASUNNY.png
our_dataset,Mask2Former-Swin-L,person,1314425,0,0,/home/ace/Downloads/Dataset/Day/1314425_Day_EXTRASUNNY.png,/home/ace/Downloads/Dataset/Night/1314425_Night_EXTRASUNNY.png
our_dataset,Mask2Former-Swin-L,person,13331910,0,0,/home/ace/Downloads/Dataset/Day/13331910_Day_EXTRASUNNY.png,/home/ace/Downloads/Dataset/Night/13331910_Night_EXTRASUNNY.png
our_dataset,Mask2Former-Swin-L,person,13551916,1229,0,/home/ace/Downloads/Dataset/Day/13551916_Day_EXTRASUNNY.png,/home/ace/Downloads/Dataset/Night/13551916_Night_EXTRASUNNY.png
our_dataset,Mask2Former-Swin-L,person,140120,47,719,/home/ace/Downloads/Dataset/Day/140120_Day_EXTRASUNNY.png,/home/ace/Downloads/Dataset/Night/140120_Night_EXTRASUNNY.png
our_dataset,Mask2Former-Swin-L,person,14450,0,3189,/home/ace/Downloads/Dataset/Day/14450_Day_EXTRASUNNY.png,/home/ace/Downloads/Dataset/Night/14450_Night_EXTRASUNNY.png
our_dataset,Mask2Former-Swin-L,person,1481258,0,0,/home/ace/Downloads/Dataset/Day/1481258_Day_EXTRASUNNY.png,/home/ace/Downloads/Dataset/Night/1481258_Night_EXTRASUNNY.png
our_dataset,Mask2Former-Swin-L,person,153373,0,1853,/home/ace/Downloads/Dataset/Day/153373_Day_EXTRASUNNY.png,/home/ace/Downloads/Dataset/Night/153373_Night_EXTRASUNNY.png
our_dataset,Mask2Former-Swin-L,person,1541895,0,0,/home/ace/Downloads/Dataset/Day/1541895_Day_EXTRASUNNY.png,/home/ace/Downloads/Dataset/Night/1541895_Night_EXTRASUNNY.png
our_dataset,Mask2Former-Swin-L,person,1581031,0,41,/home/ace/Downloads/Dataset/Day/1581031_Day_EXTRASUNNY.png,/home/ace/Downloads/Dataset/Night/1581031_Night_EXTRASUNNY.png
our_dataset,Mask2Former-Swin-L,person,159401,0,0,/home/ace/Downloads/Dataset/Day/159401_Day_EXTRASUNNY.png,/home/ace/Downloads/Dataset/Night/159401_Night_EXTRASUNNY.png
our_dataset,Mask2Former-Swin-L,person,182335,0,872,/home/ace/Downloads/Dataset/Day/182335_Day_EXTRASUNNY.png,/home/ace/Downloads/Dataset/Night/182335_Night_EXTRASUNNY.png
our_dataset,Mask2Former-Swin-L,person,187713,0,0,/home/ace/Downloads/Dataset/Day/187713_Day_EXTRASUNNY.png,/home/ace/Downloads/Dataset/Night/187713_Night_EXTRASUNNY.png
our_dataset,Mask2Former-Swin-L,person,19188,68,4010,/home/ace/Downloads/Dataset/Day/19188_Day_EXTRASUNNY.png,/home/ace/Downloads/Dataset/Night/19188_Night_EXTRASUNNY.png
our_dataset,Mask2Former-Swin-L,person,196581,0,0,/home/ace/Downloads/Dataset/Day/196581_Day_EXTRASUNNY.png,/home/ace/Downloads/Dataset/Night/196581_Night_EXTRASUNNY.png
our_dataset,Mask2Former-Swin-L,person,2041817,7666,5319,/home/ace/Downloads/Dataset/Day/2041817_Day_EXTRASUNNY.png,/home/ace/Downloads/Dataset/Night/2041817_Night_EXTRASUNNY.png
our_dataset,Mask2Former-Swin-L,person,21692,0,0,/home/ace/Downloads/Dataset/Day/21692_Day_EXTRASUNNY.png,/home/ace/Downloads/Dataset/Night/21692_Night_EXTRASUNNY.png
our_dataset,Mask2Former-Swin-L,person,2231013,0,0,/home/ace/Downloads/Dataset/Day/2231013_Day_EXTRASUNNY.png,/home/ace/Downloads/Dataset/Night/2231013_Night_EXTRASUNNY.png
our_dataset,Mask2Former-Swin-L,person,223195,0,0,/home/ace/Downloads/Dataset/Day/223195_Day_EXTRASUNNY.png,/home/ace/Downloads/Dataset/Night/223195_Night_EXTRASUNNY.png
our_dataset,Mask2Former-Swin-L,person,231037,45,0,/home/ace/Downloads/Dataset/Day/231037_Day_EXTRASUNNY.png,/home/ace/Downloads/Dataset/Night/231037_Night_EXTRASUNNY.png
our_dataset,Mask2Former-Swin-L,person,2461888,0,0,/home/ace/Downloads/Dataset/Day/2461888_Day_EXTRASUNNY.png,/home/ace/Downloads/Dataset/Night/2461888_Night_EXTRASUNNY.png
our_dataset,Mask2Former-Swin-L,person,2531844,1633,12,/home/ace/Downloads/Dataset/Day/2531844_Day_EXTRASUNNY.png,/home/ace/Downloads/Dataset/Night/2531844_Night_EXTRASUNNY.png
our_dataset,Mask2Former-Swin-L,person,2711181,150,0,/home/ace/Downloads/Dataset/Day/2711181_Day_EXTRASUNNY.png,/home/ace/Downloads/Dataset/Night/2711181_Night_EXTRASUNNY.png
our_dataset,Mask2Former-Swin-L,person,288913,0,0,/home/ace/Downloads/Dataset/Day/288913_Day_EXTRASUNNY.png,/home/ace/Downloads/Dataset/Night/288913_Night_EXTRASUNNY.png
our_dataset,Mask2Former-Swin-L,person,302966,3500,3253,/home/ace/Downloads/Dataset/Day/302966_Day_EXTRASUNNY.png,/home/ace/Downloads/Dataset/Night/302966_Night_EXTRASUNNY.png
our_dataset,Mask2Former-Swin-L,person,320493,0,0,/home/ace/Downloads/Dataset/Day/320493_Day_EXTRASUNNY.png,/home/ace/Downloads/Dataset/Night/320493_Night_EXTRASUNNY.png
our_dataset,Mask2Former-Swin-L,person,365202,2651,2636,/home/ace/Downloads/Dataset/Day/365202_Day_EXTRASUNNY.png,/home/ace/Downloads/Dataset/Night/365202_Night_EXTRASUNNY.png
our_dataset,Mask2Former-Swin-L,person,37573,0,0,/home/ace/Downloads/Dataset/Day/37573_Day_EXTRASUNNY.png,/home/ace/Downloads/Dataset/Night/37573_Night_EXTRASUNNY.png
our_dataset,Mask2Former-Swin-L,person,3761910,0,0,/home/ace/Downloads/Dataset/Day/3761910_Day_EXTRASUNNY.png,/home/ace/Downloads/Dataset/Night/3761910_Night_EXTRASUNNY.png
our_dataset,Mask2Former-Swin-L,person,400776,0,0,/home/ace/Downloads/Dataset/Day/400776_Day_EXTRASUNNY.png,/home/ace/Downloads/Dataset/Night/400776_Night_EXTRASUNNY.png
our_dataset,Mask2Former-Swin-L,person,43427,0,0,/home/ace/Downloads/Dataset/Day/43427_Day_EXTRASUNNY.png,/home/ace/Downloads/Dataset/Night/43427_Night_EXTRASUNNY.png
our_dataset,Mask2Former-Swin-L,person,43428,0,63,/home/ace/Downloads/Dataset/Day/43428_Day_EXTRASUNNY.png,/home/ace/Downloads/Dataset/Night/43428_Night_EXTRASUNNY.png
our_dataset,Mask2Former-Swin-L,person,4361495,0,0,/home/ace/Downloads/Dataset/Day/4361495_Day_EXTRASUNNY.png,/home/ace/Downloads/Dataset/Night/4361495_Night_EXTRASUNNY.png
our_dataset,Mask2Former-Swin-L,person,450967,0,0,/home/ace/Downloads/Dataset/Day/450967_Day_EXTRASUNNY.png,/home/ace/Downloads/Dataset/Night/450967_Night_EXTRASUNNY.png
our_dataset,Mask2Former-Swin-L,person,4561149,0,0,/home/ace/Downloads/Dataset/Day/4561149_Day_EXTRASUNNY.png,/home/ace/Downloads/Dataset/Night/4561149_Night_EXTRASUNNY.png
our_dataset,Mask2Former-Swin-L,person,460731,20,344,/home/ace/Downloads/Dataset/Day/460731_Day_EXTRASUNNY.png,/home/ace/Downloads/Dataset/Night/460731_Night_EXTRASUNNY.png
our_dataset,Mask2Former-Swin-L,person,463639,0,0,/home/ace/Downloads/Dataset/Day/463639_Day_EXTRASUNNY.png,/home/ace/Downloads/Dataset/Night/463639_Night_EXTRASUNNY.png
our_dataset,Mask2Former-Swin-L,person,4641194,0,0,/home/ace/Downloads/Dataset/Day/4641194_Day_EXTRASUNNY.png,/home/ace/Downloads/Dataset/Night/4641194_Night_EXTRASUNNY.png
our_dataset,Mask2Former-Swin-L,person,471118,0,0,/home/ace/Downloads/Dataset/Day/471118_Day_EXTRASUNNY.png,/home/ace/Downloads/Dataset/Night/471118_Night_EXTRASUNNY.png
our_dataset,Mask2Former-Swin-L,person,4811864,0,1264,/home/ace/Downloads/Dataset/Day/4811864_Day_EXTRASUNNY.png,/home/ace/Downloads/Dataset/Night/4811864_Night_EXTRASUNNY.png
our_dataset,Mask2Former-Swin-L,person,481618,0,0,/home/ace/Downloads/Dataset/Day/481618_Day_EXTRASUNNY.png,/home/ace/Downloads/Dataset/Night/481618_Night_EXTRASUNNY.png
our_dataset,Mask2Former-Swin-L,person,4911785,0,0,/home/ace/Downloads/Dataset/Day/4911785_Day_EXTRASUNNY.png,/home/ace/Downloads/Dataset/Night/4911785_Night_EXTRASUNNY.png
our_dataset,Mask2Former-Swin-L,person,5370,0,0,/home/ace/Downloads/Dataset/Day/5370_Day_EXTRASUNNY.png,/home/ace/Downloads/Dataset/Night/5370_Night_EXTRASUNNY.png
our_dataset,Mask2Former-Swin-L,person,550217,0,0,/home/ace/Downloads/Dataset/Day/550217_Day_EXTRASUNNY.png,/home/ace/Downloads/Dataset/Night/550217_Night_EXTRASUNNY.png
our_dataset,Mask2Former-Swin-L,person,564213,0,56,/home/ace/Downloads/Dataset/Day/564213_Day_EXTRASUNNY.png,/home/ace/Downloads/Dataset/Night/564213_Night_EXTRASUNNY.png
our_dataset,Mask2Former-Swin-L,person,568243,0,0,/home/ace/Downloads/Dataset/Day/568243_Day_EXTRASUNNY.png,/home/ace/Downloads/Dataset/Night/568243_Night_EXTRASUNNY.png
our_dataset,Mask2Former-Swin-L,person,5791659,0,65,/home/ace/Downloads/Dataset/Day/5791659_Day_EXTRASUNNY.png,/home/ace/Downloads/Dataset/Night/5791659_Night_EXTRASUNNY.png
our_dataset,Mask2Former-Swin-L,person,5951694,0,0,/home/ace/Downloads/Dataset/Day/5951694_Day_EXTRASUNNY.png,/home/ace/Downloads/Dataset/Night/5951694_Night_EXTRASUNNY.png
our_dataset,Mask2Former-Swin-L,person,596621,0,526,/home/ace/Downloads/Dataset/Day/596621_Day_EXTRASUNNY.png,/home/ace/Downloads/Dataset/Night/596621_Night_EXTRASUNNY.png
our_dataset,Mask2Former-Swin-L,person,60144,2,23,/home/ace/Downloads/Dataset/Day/60144_Day_EXTRASUNNY.png,/home/ace/Downloads/Dataset/Night/60144_Night_EXTRASUNNY.png
our_dataset,Mask2Former-Swin-L,person,602947,0,0,/home/ace/Downloads/Dataset/Day/602947_Day_EXTRASUNNY.png,/home/ace/Downloads/Dataset/Night/602947_Night_EXTRASUNNY.png
our_dataset,Mask2Former-Swin-L,person,611370,21519,14603,/home/ace/Downloads/Dataset/Day/611370_Day_EXTRASUNNY.png,/home/ace/Downloads/Dataset/Night/611370_Night_EXTRASUNNY.png
our_dataset,Mask2Former-Swin-L,person,6461059,0,0,/home/ace/Downloads/Dataset/Day/6461059_Day_EXTRASUNNY.png,/home/ace/Downloads/Dataset/Night/6461059_Night_EXTRASUNNY.png
our_dataset,Mask2Former-Swin-L,person,6521874,0,0,/home/ace/Downloads/Dataset/Day/6521874_Day_EXTRASUNNY.png,/home/ace/Downloads/Dataset/Night/6521874_Night_EXTRASUNNY.png
our_dataset,Mask2Former-Swin-L,person,6761290,0,9,/home/ace/Downloads/Dataset/Day/6761290_Day_EXTRASUNNY.png,/home/ace/Downloads/Dataset/Night/6761290_Night_EXTRASUNNY.png
our_dataset,Mask2Former-Swin-L,person,677878,0,0,/home/ace/Downloads/Dataset/Day/677878_Day_EXTRASUNNY.png,/home/ace/Downloads/Dataset/Night/677878_Night_EXTRASUNNY.png
our_dataset,Mask2Former-Swin-L,person,6942171,0,0,/home/ace/Downloads/Dataset/Day/6942171_Day_EXTRASUNNY.png,/home/ace/Downloads/Dataset/Night/6942171_Night_EXTRASUNNY.png
our_dataset,Mask2Former-Swin-L,person,706997,0,0,/home/ace/Downloads/Dataset/Day/706997_Day_EXTRASUNNY.png,/home/ace/Downloads/Dataset/Night/706997_Night_EXTRASUNNY.png
our_dataset,Mask2Former-Swin-L,person,709297,0,0,/home/ace/Downloads/Dataset/Day/709297_Day_EXTRASUNNY.png,/home/ace/Downloads/Dataset/Night/709297_Night_EXTRASUNNY.png
our_dataset,Mask2Former-Swin-L,person,721627,0,0,/home/ace/Downloads/Dataset/Day/721627_Day_EXTRASUNNY.png,/home/ace/Downloads/Dataset/Night/721627_Night_EXTRASUNNY.png
our_dataset,Mask2Former-Swin-L,person,730301,0,0,/home/ace/Downloads/Dataset/Day/730301_Day_EXTRASUNNY.png,/home/ace/Downloads/Dataset/Night/730301_Night_EXTRASUNNY.png
our_dataset,Mask2Former-Swin-L,person,7402052,6400,0,/home/ace/Downloads/Dataset/Day/7402052_Day_EXTRASUNNY.png,/home/ace/Downloads/Dataset/Night/7402052_Night_EXTRASUNNY.png
our_dataset,Mask2Former-Swin-L,person,740535,0,0,/home/ace/Downloads/Dataset/Day/740535_Day_EXTRASUNNY.png,/home/ace/Downloads/Dataset/Night/740535_Night_EXTRASUNNY.png
our_dataset,Mask2Former-Swin-L,person,754244,0,0,/home/ace/Downloads/Dataset/Day/754244_Day_EXTRASUNNY.png,/home/ace/Downloads/Dataset/Night/754244_Night_EXTRASUNNY.png
our_dataset,Mask2Former-Swin-L,person,7601172,0,0,/home/ace/Downloads/Dataset/Day/7601172_Day_EXTRASUNNY.png,/home/ace/Downloads/Dataset/Night/7601172_Night_EXTRASUNNY.png
our_dataset,Mask2Former-Swin-L,person,764275,90,101,/home/ace/Downloads/Dataset/Day/764275_Day_EXTRASUNNY.png,/home/ace/Downloads/Dataset/Night/764275_Night_EXTRASUNNY.png
our_dataset,Mask2Former-Swin-L,person,80078,0,998,/home/ace/Downloads/Dataset/Day/80078_Day_EXTRASUNNY.png,/home/ace/Downloads/Dataset/Night/80078_Night_EXTRASUNNY.png
our_dataset,Mask2Former-Swin-L,person,802754,0,0,/home/ace/Downloads/Dataset/Day/802754_Day_EXTRASUNNY.png,/home/ace/Downloads/Dataset/Night/802754_Night_EXTRASUNNY.png
our_dataset,Mask2Former-Swin-L,person,807294,0,0,/home/ace/Downloads/Dataset/Day/807294_Day_EXTRASUNNY.png,/home/ace/Downloads/Dataset/Night/807294_Night_EXTRASUNNY.png
our_dataset,Mask2Former-Swin-L,person,8211195,0,0,/home/ace/Downloads/Dataset/Day/8211195_Day_EXTRASUNNY.png,/home/ace/Downloads/Dataset/Night/8211195_Night_EXTRASUNNY.png
our_dataset,Mask2Former-Swin-L,person,840214,0,0,/home/ace/Downloads/Dataset/Day/840214_Day_EXTRASUNNY.png,/home/ace/Downloads/Dataset/Night/840214_Night_EXTRASUNNY.png
our_dataset,Mask2Former-Swin-L,person,849953,0,2581,/home/ace/Downloads/Dataset/Day/849953_Day_EXTRASUNNY.png,/home/ace/Downloads/Dataset/Night/849953_Night_EXTRASUNNY.png
our_dataset,Mask2Former-Swin-L,person,863810,0,0,/home/ace/Downloads/Dataset/Day/863810_Day_EXTRASUNNY.png,/home/ace/Downloads/Dataset/Night/863810_Night_EXTRASUNNY.png
our_dataset,Mask2Former-Swin-L,person,871354,16688,16405,/home/ace/Downloads/Dataset/Day/871354_Day_EXTRASUNNY.png,/home/ace/Downloads/Dataset/Night/871354_Night_EXTRASUNNY.png
our_dataset,Mask2Former-Swin-L,person,878,83,924,/home/ace/Downloads/Dataset/Day/878_Day_EXTRASUNNY.png,/home/ace/Downloads/Dataset/Night/878_Night_EXTRASUNNY.png
our_dataset,Mask2Former-Swin-L,person,8791456,0,2,/home/ace/Downloads/Dataset/Day/8791456_Day_EXTRASUNNY.png,/home/ace/Downloads/Dataset/Night/8791456_Night_EXTRASUNNY.png
our_dataset,Mask2Former-Swin-L,person,960645,0,0,/home/ace/Downloads/Dataset/Day/960645_Day_EXTRASUNNY.png,/home/ace/Downloads/Dataset/Night/960645_Night_EXTRASUNNY.png
our_dataset,Mask2Former-Swin-L,person,973598,201,2124,/home/ace/Downloads/Dataset/Day/973598_Day_EXTRASUNNY.png,/home/ace/Downloads/Dataset/Night/973598_Night_EXTRASUNNY.png
our_dataset,Mask2Former-Swin-L,person,988137,0,679,/home/ace/Downloads/Dataset/Day/988137_Day_EXTRASUNNY.png,/home/ace/Downloads/Dataset/Night/988137_Night_EXTRASUNNY.png
our_dataset,Mask2Former-Swin-L,person,9958,0,0,/home/ace/Downloads/Dataset/Day/9958_Day_EXTRASUNNY.png,/home/ace/Downloads/Dataset/Night/9958_Night_EXTRASUNNY.png
acdc,Mask2Former-Swin-L,person,GOPR0351/gopr0351_frame_000159.png,0,0,/home/ace/Downloads/rgb_anon_trainvaltest/rgb_anon/night/train_ref/GOPR0351/GOPR0351_frame_000159_rgb_ref_anon.png,/home/ace/Downloads/rgb_anon_trainvaltest/rgb_anon/night/train/GOPR0351/GOPR0351_frame_000159_rgb_anon.png
acdc,Mask2Former-Swin-L,person,GOPR0351/gopr0351_frame_000161.png,0,4336,/home/ace/Downloads/rgb_anon_trainvaltest/rgb_anon/night/train_ref/GOPR0351/GOPR0351_frame_000161_rgb_ref_anon.png,/home/ace/Downloads/rgb_anon_trainvaltest/rgb_anon/night/train/GOPR0351/GOPR0351_frame_000161_rgb_anon.png
acdc,Mask2Former-Swin-L,person,GOPR0351/gopr0351_frame_000165.png,3478,673,/home/ace/Downloads/rgb_anon_trainvaltest/rgb_anon/night/train_ref/GOPR0351/GOPR0351_frame_000165_rgb_ref_anon.png,/home/ace/Downloads/rgb_anon_trainvaltest/rgb_anon/night/train/GOPR0351/GOPR0351_frame_000165_rgb_anon.png
acdc,Mask2Former-Swin-L,person,GOPR0351/gopr0351_frame_000167.png,3556,2429,/home/ace/Downloads/rgb_anon_trainvaltest/rgb_anon/night/train_ref/GOPR0351/GOPR0351_frame_000167_rgb_ref_anon.png,/home/ace/Downloads/rgb_anon_trainvaltest/rgb_anon/night/train/GOPR0351/GOPR0351_frame_000167_rgb_anon.png
acdc,Mask2Former-Swin-L,person,GOPR0351/gopr0351_frame_000169.png,2262,0,/home/ace/Downloads/rgb_anon_trainvaltest/rgb_anon/night/train_ref/GOPR0351/GOPR0351_frame_000169_rgb_ref_anon.png,/home/ace/Downloads/rgb_anon_trainvaltest/rgb_anon/night/train/GOPR0351/GOPR0351_frame_000169_rgb_anon.png
acdc,Mask2Former-Swin-L,person,GOPR0351/gopr0351_frame_000173.png,0,3870,/home/ace/Downloads/rgb_anon_trainvaltest/rgb_anon/night/train_ref/GOPR0351/GOPR0351_frame_000173_rgb_ref_anon.png,/home/ace/Downloads/rgb_anon_trainvaltest/rgb_anon/night/train/GOPR0351/GOPR0351_frame_000173_rgb_anon.png
acdc,Mask2Former-Swin-L,person,GOPR0351/gopr0351_frame_000177.png,7647,0,/home/ace/Downloads/rgb_anon_trainvaltest/rgb_anon/night/train_ref/GOPR0351/GOPR0351_frame_000177_rgb_ref_anon.png,/home/ace/Downloads/rgb_anon_trainvaltest/rgb_anon/night/train/GOPR0351/GOPR0351_frame_000177_rgb_anon.png
acdc,Mask2Former-Swin-L,person,GOPR0351/gopr0351_frame_000179.png,516,949,/home/ace/Downloads/rgb_anon_trainvaltest/rgb_anon/night/train_ref/GOPR0351/GOPR0351_frame_000179_rgb_ref_anon.png,/home/ace/Downloads/rgb_anon_trainvaltest/rgb_anon/night/train/GOPR0351/GOPR0351_frame_000179_rgb_anon.png
acdc,Mask2Former-Swin-L,person,GOPR0351/gopr0351_frame_000181.png,0,0,/home/ace/Downloads/rgb_anon_trainvaltest/rgb_anon/night/train_ref/GOPR0351/GOPR0351_frame_000181_rgb_ref_anon.png,/home/ace/Downloads/rgb_anon_trainvaltest/rgb_anon/night/train/GOPR0351/GOPR0351_frame_000181_rgb_anon.png
acdc,Mask2Former-Swin-L,person,GOPR0351/gopr0351_frame_000183.png,9130,9253,/home/ace/Downloads/rgb_anon_trainvaltest/rgb_anon/night/train_ref/GOPR0351/GOPR0351_frame_000183_rgb_ref_anon.png,/home/ace/Downloads/rgb_anon_trainvaltest/rgb_anon/night/train/GOPR0351/GOPR0351_frame_000183_rgb_anon.png
acdc,Mask2Former-Swin-L,person,GOPR0351/gopr0351_frame_000185.png,10629,30962,/home/ace/Downloads/rgb_anon_trainvaltest/rgb_anon/night/train_ref/GOPR0351/GOPR0351_frame_000185_rgb_ref_anon.png,/home/ace/Downloads/rgb_anon_trainvaltest/rgb_anon/night/train/GOPR0351/GOPR0351_frame_000185_rgb_anon.png
acdc,Mask2Former-Swin-L,person,GOPR0351/gopr0351_frame_000187.png,19525,343,/home/ace/Downloads/rgb_anon_trainvaltest/rgb_anon/night/train_ref/GOPR0351/GOPR0351_frame_000187_rgb_ref_anon.png,/home/ace/Downloads/rgb_anon_trainvaltest/rgb_anon/night/train/GOPR0351/GOPR0351_frame_000187_rgb_anon.png
acdc,Mask2Former-Swin-L,person,GOPR0351/gopr0351_frame_000191.png,3859,0,/home/ace/Downloads/rgb_anon_trainvaltest/rgb_anon/night/train_ref/GOPR0351/GOPR0351_frame_000191_rgb_ref_anon.png,/home/ace/Downloads/rgb_anon_trainvaltest/rgb_anon/night/train/GOPR0351/GOPR0351_frame_000191_rgb_anon.png
acdc,Mask2Former-Swin-L,person,GOPR0351/gopr0351_frame_000195.png,27588,3036,/home/ace/Downloads/rgb_anon_trainvaltest/rgb_anon/night/train_ref/GOPR0351/GOPR0351_frame_000195_rgb_ref_anon.png,/home/ace/Downloads/rgb_anon_trainvaltest/rgb_anon/night/train/GOPR0351/GOPR0351_frame_000195_rgb_anon.png
acdc,Mask2Former-Swin-L,person,GOPR0351/gopr0351_frame_000198.png,33380,9625,/home/ace/Downloads/rgb_anon_trainvaltest/rgb_anon/night/train_ref/GOPR0351/GOPR0351_frame_000198_rgb_ref_anon.png,/home/ace/Downloads/rgb_anon_trainvaltest/rgb_anon/night/train/GOPR0351/GOPR0351_frame_000198_rgb_anon.png
acdc,Mask2Former-Swin-L,person,GOPR0351/gopr0351_frame_000200.png,27087,0,/home/ace/Downloads/rgb_anon_trainvaltest/rgb_anon/night/train_ref/GOPR0351/GOPR0351_frame_000200_rgb_ref_anon.png,/home/ace/Downloads/rgb_anon_trainvaltest/rgb_anon/night/train/GOPR0351/GOPR0351_frame_000200_rgb_anon.png
acdc,Mask2Former-Swin-L,person,GOPR0351/gopr0351_frame_000202.png,17656,1649,/home/ace/Downloads/rgb_anon_trainvaltest/rgb_anon/night/train_ref/GOPR0351/GOPR0351_frame_000202_rgb_ref_anon.png,/home/ace/Downloads/rgb_anon_trainvaltest/rgb_anon/night/train/GOPR0351/GOPR0351_frame_000202_rgb_anon.png
acdc,Mask2Former-Swin-L,person,GOPR0351/gopr0351_frame_000204.png,4027,0,/home/ace/Downloads/rgb_anon_trainvaltest/rgb_anon/night/train_ref/GOPR0351/GOPR0351_frame_000204_rgb_ref_anon.png,/home/ace/Downloads/rgb_anon_trainvaltest/rgb_anon/night/train/GOPR0351/GOPR0351_frame_000204_rgb_anon.png
acdc,Mask2Former-Swin-L,person,GOPR0351/gopr0351_frame_000214.png,0,0,/home/ace/Downloads/rgb_anon_trainvaltest/rgb_anon/night/train_ref/GOPR0351/GOPR0351_frame_000214_rgb_ref_anon.png,/home/ace/Downloads/rgb_anon_trainvaltest/rgb_anon/night/train/GOPR0351/GOPR0351_frame_000214_rgb_anon.png
acdc,Mask2Former-Swin-L,person,GOPR0351/gopr0351_frame_000216.png,107,0,/home/ace/Downloads/rgb_anon_trainvaltest/rgb_anon/night/train_ref/GOPR0351/GOPR0351_frame_000216_rgb_ref_anon.png,/home/ace/Downloads/rgb_anon_trainvaltest/rgb_anon/night/train/GOPR0351/GOPR0351_frame_000216_rgb_anon.png
acdc,Mask2Former-Swin-L,person,GOPR0351/gopr0351_frame_000226.png,0,0,/home/ace/Downloads/rgb_anon_trainvaltest/rgb_anon/night/train_ref/GOPR0351/GOPR0351_frame_000226_rgb_ref_anon.png,/home/ace/Downloads/rgb_anon_trainvaltest/rgb_anon/night/train/GOPR0351/GOPR0351_frame_000226_rgb_anon.png
acdc,Mask2Former-Swin-L,person,GOPR0351/gopr0351_frame_000230.png,228,0,/home/ace/Downloads/rgb_anon_trainvaltest/rgb_anon/night/train_ref/GOPR0351/GOPR0351_frame_000230_rgb_ref_anon.png,/home/ace/Downloads/rgb_anon_trainvaltest/rgb_anon/night/train/GOPR0351/GOPR0351_frame_000230_rgb_anon.png
acdc,Mask2Former-Swin-L,person,GOPR0351/gopr0351_frame_000233.png,0,0,/home/ace/Downloads/rgb_anon_trainvaltest/rgb_anon/night/train_ref/GOPR0351/GOPR0351_frame_000233_rgb_ref_anon.png,/home/ace/Downloads/rgb_anon_trainvaltest/rgb_anon/night/train/GOPR0351/GOPR0351_frame_000233_rgb_anon.png
acdc,Mask2Former-Swin-L,person,GOPR0351/gopr0351_frame_000247.png,12,1969,/home/ace/Downloads/rgb_anon_trainvaltest/rgb_anon/night/train_ref/GOPR0351/GOPR0351_frame_000247_rgb_ref_anon.png,/home/ace/Downloads/rgb_anon_trainvaltest/rgb_anon/night/train/GOPR0351/GOPR0351_frame_000247_rgb_anon.png
acdc,Mask2Former-Swin-L,person,GOPR0351/gopr0351_frame_000253.png,14265,0,/home/ace/Downloads/rgb_anon_trainvaltest/rgb_anon/night/train_ref/GOPR0351/GOPR0351_frame_000253_rgb_ref_anon.png,/home/ace/Downloads/rgb_anon_trainvaltest/rgb_anon/night/train/GOPR0351/GOPR0351_frame_000253_rgb_anon.png
acdc,Mask2Former-Swin-L,person,GOPR0351/gopr0351_frame_000257.png,0,0,/home/ace/Downloads/rgb_anon_trainvaltest/rgb_anon/night/train_ref/GOPR0351/GOPR0351_frame_000257_rgb_ref_anon.png,/home/ace/Downloads/rgb_anon_trainvaltest/rgb_anon/night/train/GOPR0351/GOPR0351_frame_000257_rgb_anon.png
acdc,Mask2Former-Swin-L,person,GOPR0351/gopr0351_frame_000260.png,0,6203,/home/ace/Downloads/rgb_anon_trainvaltest/rgb_anon/night/train_ref/GOPR0351/GOPR0351_frame_000260_rgb_ref_anon.png,/home/ace/Downloads/rgb_anon_trainvaltest/rgb_anon/night/train/GOPR0351/GOPR0351_frame_000260_rgb_anon.png
acdc,Mask2Former-Swin-L,person,GOPR0351/gopr0351_frame_000263.png,0,0,/home/ace/Downloads/rgb_anon_trainvaltest/rgb_anon/night/train_ref/GOPR0351/GOPR0351_frame_000263_rgb_ref_anon.png,/home/ace/Downloads/rgb_anon_trainvaltest/rgb_anon/night/train/GOPR0351/GOPR0351_frame_000263_rgb_anon.png
acdc,Mask2Former-Swin-L,person,GOPR0351/gopr0351_frame_000267.png,0,0,/home/ace/Downloads/rgb_anon_trainvaltest/rgb_anon/night/train_ref/GOPR0351/GOPR0351_frame_000267_rgb_ref_anon.png,/home/ace/Downloads/rgb_anon_trainvaltest/rgb_anon/night/train/GOPR0351/GOPR0351_frame_000267_rgb_anon.png
acdc,Mask2Former-Swin-L,person,GOPR0351/gopr0351_frame_000271.png,0,9453,/home/ace/Downloads/rgb_anon_trainvaltest/rgb_anon/night/train_ref/GOPR0351/GOPR0351_frame_000271_rgb_ref_anon.png,/home/ace/Downloads/rgb_anon_trainvaltest/rgb_anon/night/train/GOPR0351/GOPR0351_frame_000271_rgb_anon.png
acdc,Mask2Former-Swin-L,person,GOPR0351/gopr0351_frame_000276.png,0,0,/home/ace/Downloads/rgb_anon_trainvaltest/rgb_anon/night/train_ref/GOPR0351/GOPR0351_frame_000276_rgb_ref_anon.png,/home/ace/Downloads/rgb_anon_trainvaltest/rgb_anon/night/train/GOPR0351/GOPR0351_frame_000276_rgb_anon.png
acdc,Mask2Former-Swin-L,person,GOPR0351/gopr0351_frame_000279.png,1921,0,/home/ace/Downloads/rgb_anon_trainvaltest/rgb_anon/night/train_ref/GOPR0351/GOPR0351_frame_000279_rgb_ref_anon.png,/home/ace/Downloads/rgb_anon_trainvaltest/rgb_anon/night/train/GOPR0351/GOPR0351_frame_000279_rgb_anon.png
acdc,Mask2Former-Swin-L,person,GOPR0351/gopr0351_frame_000285.png,0,0,/home/ace/Downloads/rgb_anon_trainvaltest/rgb_anon/night/train_ref/GOPR0351/GOPR0351_frame_000285_rgb_ref_anon.png,/home/ace/Downloads/rgb_anon_trainvaltest/rgb_anon/night/train/GOPR0351/GOPR0351_frame_000285_rgb_anon.png
acdc,Mask2Former-Swin-L,person,GOPR0351/gopr0351_frame_000300.png,0,1085,/home/ace/Downloads/rgb_anon_trainvaltest/rgb_anon/night/train_ref/GOPR0351/GOPR0351_frame_000300_rgb_ref_anon.png,/home/ace/Downloads/rgb_anon_trainvaltest/rgb_anon/night/train/GOPR0351/GOPR0351_frame_000300_rgb_anon.png
acdc,Mask2Former-Swin-L,person,GOPR0351/gopr0351_frame_000304.png,0,0,/home/ace/Downloads/rgb_anon_trainvaltest/rgb_anon/night/train_ref/GOPR0351/GOPR0351_frame_000304_rgb_ref_anon.png,/home/ace/Downloads/rgb_anon_trainvaltest/rgb_anon/night/train/GOPR0351/GOPR0351_frame_000304_rgb_anon.png
acdc,Mask2Former-Swin-L,person,GOPR0351/gopr0351_frame_000307.png,0,8948,/home/ace/Downloads/rgb_anon_trainvaltest/rgb_anon/night/train_ref/GOPR0351/GOPR0351_frame_000307_rgb_ref_anon.png,/home/ace/Downloads/rgb_anon_trainvaltest/rgb_anon/night/train/GOPR0351/GOPR0351_frame_000307_rgb_anon.png
acdc,Mask2Former-Swin-L,person,GOPR0351/gopr0351_frame_000313.png,0,0,/home/ace/Downloads/rgb_anon_trainvaltest/rgb_anon/night/train_ref/GOPR0351/GOPR0351_frame_000313_rgb_ref_anon.png,/home/ace/Downloads/rgb_anon_trainvaltest/rgb_anon/night/train/GOPR0351/GOPR0351_frame_000313_rgb_anon.png
acdc,Mask2Former-Swin-L,person,GOPR0351/gopr0351_frame_000317.png,1061,0,/home/ace/Downloads/rgb_anon_trainvaltest/rgb_anon/night/train_ref/GOPR0351/GOPR0351_frame_000317_rgb_ref_anon.png,/home/ace/Downloads/rgb_anon_trainvaltest/rgb_anon/night/train/GOPR0351/GOPR0351_frame_000317_rgb_anon.png
acdc,Mask2Former-Swin-L,person,GOPR0351/gopr0351_frame_000319.png,0,0,/home/ace/Downloads/rgb_anon_trainvaltest/rgb_anon/night/train_ref/GOPR0351/GOPR0351_frame_000319_rgb_ref_anon.png,/home/ace/Downloads/rgb_anon_trainvaltest/rgb_anon/night/train/GOPR0351/GOPR0351_frame_000319_rgb_anon.png
acdc,Mask2Former-Swin-L,person,GOPR0351/gopr0351_frame_000323.png,0,1926,/home/ace/Downloads/rgb_anon_trainvaltest/rgb_anon/night/train_ref/GOPR0351/GOPR0351_frame_000323_rgb_ref_anon.png,/home/ace/Downloads/rgb_anon_trainvaltest/rgb_anon/night/train/GOPR0351/GOPR0351_frame_000323_rgb_anon.png
acdc,Mask2Former-Swin-L,person,GOPR0351/gopr0351_frame_000325.png,0,0,/home/ace/Downloads/rgb_anon_trainvaltest/rgb_anon/night/train_ref/GOPR0351/GOPR0351_frame_000325_rgb_ref_anon.png,/home/ace/Downloads/rgb_anon_trainvaltest/rgb_anon/night/train/GOPR0351/GOPR0351_frame_000325_rgb_anon.png
acdc,Mask2Former-Swin-L,person,GOPR0351/gopr0351_frame_000327.png,106,1602,/home/ace/Downloads/rgb_anon_trainvaltest/rgb_anon/night/train_ref/GOPR0351/GOPR0351_frame_000327_rgb_ref_anon.png,/home/ace/Downloads/rgb_anon_trainvaltest/rgb_anon/night/train/GOPR0351/GOPR0351_frame_000327_rgb_anon.png
acdc,Mask2Former-Swin-L,person,GOPR0351/gopr0351_frame_000329.png,0,0,/home/ace/Downloads/rgb_anon_trainvaltest/rgb_anon/night/train_ref/GOPR0351/GOPR0351_frame_000329_rgb_ref_anon.png,/home/ace/Downloads/rgb_anon_trainvaltest/rgb_anon/night/train/GOPR0351/GOPR0351_frame_000329_rgb_anon.png
acdc,Mask2Former-Swin-L,person,GOPR0351/gopr0351_frame_000331.png,0,11267,/home/ace/Downloads/rgb_anon_trainvaltest/rgb_anon/night/train_ref/GOPR0351/GOPR0351_frame_000331_rgb_ref_anon.png,/home/ace/Downloads/rgb_anon_trainvaltest/rgb_anon/night/train/GOPR0351/GOPR0351_frame_000331_rgb_anon.png
acdc,Mask2Former-Swin-L,person,GOPR0351/gopr0351_frame_000335.png,173,0,/home/ace/Downloads/rgb_anon_trainvaltest/rgb_anon/night/train_ref/GOPR0351/GOPR0351_frame_000335_rgb_ref_anon.png,/home/ace/Downloads/rgb_anon_trainvaltest/rgb_anon/night/train/GOPR0351/GOPR0351_frame_000335_rgb_anon.png
acdc,Mask2Former-Swin-L,person,GOPR0351/gopr0351_frame_000337.png,25,732,/home/ace/Downloads/rgb_anon_trainvaltest/rgb_anon/night/train_ref/GOPR0351/GOPR0351_frame_000337_rgb_ref_anon.png,/home/ace/Downloads/rgb_anon_trainvaltest/rgb_anon/night/train/GOPR0351/GOPR0351_frame_000337_rgb_anon.png
acdc,Mask2Former-Swin-L,person,GOPR0351/gopr0351_frame_000341.png,3331,0,/home/ace/Downloads/rgb_anon_trainvaltest/rgb_anon/night/train_ref/GOPR0351/GOPR0351_frame_000341_rgb_ref_anon.png,/home/ace/Downloads/rgb_anon_trainvaltest/rgb_anon/night/train/GOPR0351/GOPR0351_frame_000341_rgb_anon.png
acdc,Mask2Former-Swin-L,person,GOPR0351/gopr0351_frame_000347.png,0,5566,/home/ace/Downloads/rgb_anon_trainvaltest/rgb_anon/night/train_ref/GOPR0351/GOPR0351_frame_000347_rgb_ref_anon.png,/home/ace/Downloads/rgb_anon_trainvaltest/rgb_anon/night/train/GOPR0351/GOPR0351_frame_000347_rgb_anon.png
acdc,Mask2Former-Swin-L,person,GOPR0351/gopr0351_frame_000354.png,4183,0,/home/ace/Downloads/rgb_anon_trainvaltest/rgb_anon/night/train_ref/GOPR0351/GOPR0351_frame_000354_rgb_ref_anon.png,/home/ace/Downloads/rgb_anon_trainvaltest/rgb_anon/night/train/GOPR0351/GOPR0351_frame_000354_rgb_anon.png
acdc,Mask2Former-Swin-L,person,GOPR0351/gopr0351_frame_000368.png,11069,0,/home/ace/Downloads/rgb_anon_trainvaltest/rgb_anon/night/train_ref/GOPR0351/GOPR0351_frame_000368_rgb_ref_anon.png,/home/ace/Downloads/rgb_anon_trainvaltest/rgb_anon/night/train/GOPR0351/GOPR0351_frame_000368_rgb_anon.png
acdc,Mask2Former-Swin-L,person,GOPR0351/gopr0351_frame_000376.png,6811,0,/home/ace/Downloads/rgb_anon_trainvaltest/rgb_anon/night/train_ref/GOPR0351/GOPR0351_frame_000376_rgb_ref_anon.png,/home/ace/Downloads/rgb_anon_trainvaltest/rgb_anon/night/train/GOPR0351/GOPR0351_frame_000376_rgb_anon.png
acdc,Mask2Former-Swin-L,person,GOPR0351/gopr0351_frame_000378.png,0,0,/home/ace/Downloads/rgb_anon_trainvaltest/rgb_anon/night/train_ref/GOPR0351/GOPR0351_frame_000378_rgb_ref_anon.png,/home/ace/Downloads/rgb_anon_trainvaltest/rgb_anon/night/train/GOPR0351/GOPR0351_frame_000378_rgb_anon.png
acdc,Mask2Former-Swin-L,person,GOPR0351/gopr0351_frame_000382.png,0,0,/home/ace/Downloads/rgb_anon_trainvaltest/rgb_anon/night/train_ref/GOPR0351/GOPR0351_frame_000382_rgb_ref_anon.png,/home/ace/Downloads/rgb_anon_trainvaltest/rgb_anon/night/train/GOPR0351/GOPR0351_frame_000382_rgb_anon.png
acdc,Mask2Former-Swin-L,person,GOPR0351/gopr0351_frame_000386.png,0,0,/home/ace/Downloads/rgb_anon_trainvaltest/rgb_anon/night/train_ref/GOPR0351/GOPR0351_frame_000386_rgb_ref_anon.png,/home/ace/Downloads/rgb_anon_trainvaltest/rgb_anon/night/train/GOPR0351/GOPR0351_frame_000386_rgb_anon.png
acdc,Mask2Former-Swin-L,person,GOPR0351/gopr0351_frame_000388.png,0,0,/home/ace/Downloads/rgb_anon_trainvaltest/rgb_anon/night/train_ref/GOPR0351/GOPR0351_frame_000388_rgb_ref_anon.png,/home/ace/Downloads/rgb_anon_trainvaltest/rgb_anon/night/train/GOPR0351/GOPR0351_frame_000388_rgb_anon.png
acdc,Mask2Former-Swin-L,person,GOPR0351/gopr0351_frame_000392.png,0,3397,/home/ace/Downloads/rgb_anon_trainvaltest/rgb_anon/night/train_ref/GOPR0351/GOPR0351_frame_000392_rgb_ref_anon.png,/home/ace/Downloads/rgb_anon_trainvaltest/rgb_anon/night/train/GOPR0351/GOPR0351_frame_000392_rgb_anon.png
acdc,Mask2Former-Swin-L,person,GOPR0351/gopr0351_frame_000396.png,0,0,/home/ace/Downloads/rgb_anon_trainvaltest/rgb_anon/night/train_ref/GOPR0351/GOPR0351_frame_000396_rgb_ref_anon.png,/home/ace/Downloads/rgb_anon_trainvaltest/rgb_anon/night/train/GOPR0351/GOPR0351_frame_000396_rgb_anon.png
acdc,Mask2Former-Swin-L,person,GOPR0351/gopr0351_frame_000399.png,0,0,/home/ace/Downloads/rgb_anon_trainvaltest/rgb_anon/night/train_ref/GOPR0351/GOPR0351_frame_000399_rgb_ref_anon.png,/home/ace/Downloads/rgb_anon_trainvaltest/rgb_anon/night/train/GOPR0351/GOPR0351_frame_000399_rgb_anon.png
acdc,Mask2Former-Swin-L,person,GOPR0351/gopr0351_frame_000405.png,0,0,/home/ace/Downloads/rgb_anon_trainvaltest/rgb_anon/night/train_ref/GOPR0351/GOPR0351_frame_000405_rgb_ref_anon.png,/home/ace/Downloads/rgb_anon_trainvaltest/rgb_anon/night/train/GOPR0351/GOPR0351_frame_000405_rgb_anon.png
acdc,Mask2Former-Swin-L,person,GOPR0351/gopr0351_frame_000485.png,0,103,/home/ace/Downloads/rgb_anon_trainvaltest/rgb_anon/night/train_ref/GOPR0351/GOPR0351_frame_000485_rgb_ref_anon.png,/home/ace/Downloads/rgb_anon_trainvaltest/rgb_anon/night/train/GOPR0351/GOPR0351_frame_000485_rgb_anon.png
acdc,Mask2Former-Swin-L,person,GOPR0351/gopr0351_frame_000487.png,1721,0,/home/ace/Downloads/rgb_anon_trainvaltest/rgb_anon/night/train_ref/GOPR0351/GOPR0351_frame_000487_rgb_ref_anon.png,/home/ace/Downloads/rgb_anon_trainvaltest/rgb_anon/night/train/GOPR0351/GOPR0351_frame_000487_rgb_anon.png
acdc,Mask2Former-Swin-L,person,GOPR0351/gopr0351_frame_000490.png,203,0,/home/ace/Downloads/rgb_anon_trainvaltest/rgb_anon/night/train_ref/GOPR0351/GOPR0351_frame_000490_rgb_ref_anon.png,/home/ace/Downloads/rgb_anon_trainvaltest/rgb_anon/night/train/GOPR0351/GOPR0351_frame_000490_rgb_anon.png
acdc,Mask2Former-Swin-L,person,GOPR0351/gopr0351_frame_000494.png,3567,0,/home/ace/Downloads/rgb_anon_trainvaltest/rgb_anon/night/train_ref/GOPR0351/GOPR0351_frame_000494_rgb_ref_anon.png,/home/ace/Downloads/rgb_anon_trainvaltest/rgb_anon/night/train/GOPR0351/GOPR0351_frame_000494_rgb_anon.png
acdc,Mask2Former-Swin-L,person,GOPR0351/gopr0351_frame_000498.png,6423,0,/home/ace/Downloads/rgb_anon_trainvaltest/rgb_anon/night/train_ref/GOPR0351/GOPR0351_frame_000498_rgb_ref_anon.png,/home/ace/Downloads/rgb_anon_trainvaltest/rgb_anon/night/train/GOPR0351/GOPR0351_frame_000498_rgb_anon.png
acdc,Mask2Former-Swin-L,person,GOPR0351/gopr0351_frame_000500.png,3766,1612,/home/ace/Downloads/rgb_anon_trainvaltest/rgb_anon/night/train_ref/GOPR0351/GOPR0351_frame_000500_rgb_ref_anon.png,/home/ace/Downloads/rgb_anon_trainvaltest/rgb_anon/night/train/GOPR0351/GOPR0351_frame_000500_rgb_anon.png
acdc,Mask2Former-Swin-L,person,GOPR0351/gopr0351_frame_000502.png,2915,13077,/home/ace/Downloads/rgb_anon_trainvaltest/rgb_anon/night/train_ref/GOPR0351/GOPR0351_frame_000502_rgb_ref_anon.png,/home/ace/Downloads/rgb_anon_trainvaltest/rgb_anon/night/train/GOPR0351/GOPR0351_frame_000502_rgb_anon.png
acdc,Mask2Former-Swin-L,person,GOPR0351/gopr0351_frame_000504.png,4748,18146,/home/ace/Downloads/rgb_anon_trainvaltest/rgb_anon/night/train_ref/GOPR0351/GOPR0351_frame_000504_rgb_ref_anon.png,/home/ace/Downloads/rgb_anon_trainvaltest/rgb_anon/night/train/GOPR0351/GOPR0351_frame_000504_rgb_anon.png
acdc,Mask2Former-Swin-L,person,GOPR0351/gopr0351_frame_000507.png,0,12935,/home/ace/Downloads/rgb_anon_trainvaltest/rgb_anon/night/train_ref/GOPR0351/GOPR0351_frame_000507_rgb_ref_anon.png,/home/ace/Downloads/rgb_anon_trainvaltest/rgb_anon/night/train/GOPR0351/GOPR0351_frame_000507_rgb_anon.png
acdc,Mask2Former-Swin-L,person,GOPR0351/gopr0351_frame_000509.png,0,20186,/home/ace/Downloads/rgb_anon_trainvaltest/rgb_anon/night/train_ref/GOPR0351/GOPR0351_frame_000509_rgb_ref_anon.png,/home/ace/Downloads/rgb_anon_trainvaltest/rgb_anon/night/train/GOPR0351/GOPR0351_frame_000509_rgb_anon.png
acdc,Mask2Former-Swin-L,person,GOPR0351/gopr0351_frame_000513.png,10941,0,/home/ace/Downloads/rgb_anon_trainvaltest/rgb_anon/night/train_ref/GOPR0351/GOPR0351_frame_000513_rgb_ref_anon.png,/home/ace/Downloads/rgb_anon_trainvaltest/rgb_anon/night/train/GOPR0351/GOPR0351_frame_000513_rgb_anon.png
acdc,Mask2Former-Swin-L,person,GOPR0351/gopr0351_frame_000515.png,0,0,/home/ace/Downloads/rgb_anon_trainvaltest/rgb_anon/night/train_ref/GOPR0351/GOPR0351_frame_000515_rgb_ref_anon.png,/home/ace/Downloads/rgb_anon_trainvaltest/rgb_anon/night/train/GOPR0351/GOPR0351_frame_000515_rgb_anon.png
acdc,Mask2Former-Swin-L,person,GOPR0351/gopr0351_frame_000519.png,0,0,/home/ace/Downloads/rgb_anon_trainvaltest/rgb_anon/night/train_ref/GOPR0351/GOPR0351_frame_000519_rgb_ref_anon.png,/home/ace/Downloads/rgb_anon_trainvaltest/rgb_anon/night/train/GOPR0351/GOPR0351_frame_000519_rgb_anon.png
acdc,Mask2Former-Swin-L,person,GOPR0351/gopr0351_frame_000534.png,0,645,/home/ace/Downloads/rgb_anon_trainvaltest/rgb_anon/night/train_ref/GOPR0351/GOPR0351_frame_000534_rgb_ref_anon.png,/home/ace/Downloads/rgb_anon_trainvaltest/rgb_anon/night/train/GOPR0351/GOPR0351_frame_000534_rgb_anon.png
acdc,Mask2Former-Swin-L,person,GOPR0351/gopr0351_frame_000540.png,2856,0,/home/ace/Downloads/rgb_anon_trainvaltest/rgb_anon/night/train_ref/GOPR0351/GOPR0351_frame_000540_rgb_ref_anon.png,/home/ace/Downloads/rgb_anon_trainvaltest/rgb_anon/night/train/GOPR0351/GOPR0351_frame_000540_rgb_anon.png
acdc,Mask2Former-Swin-L,person,GOPR0351/gopr0351_frame_000543.png,74,0,/home/ace/Downloads/rgb_anon_trainvaltest/rgb_anon/night/train_ref/GOPR0351/GOPR0351_frame_000543_rgb_ref_anon.png,/home/ace/Downloads/rgb_anon_trainvaltest/rgb_anon/night/train/GOPR0351/GOPR0351_frame_000543_rgb_anon.png
acdc,Mask2Former-Swin-L,person,GOPR0351/gopr0351_frame_000545.png,0,475,/home/ace/Downloads/rgb_anon_trainvaltest/rgb_anon/night/train_ref/GOPR0351/GOPR0351_frame_000545_rgb_ref_anon.png,/home/ace/Downloads/rgb_anon_trainvaltest/rgb_anon/night/train/GOPR0351/GOPR0351_frame_000545_rgb_anon.png
acdc,Mask2Former-Swin-L,person,GOPR0351/gopr0351_frame_000547.png,0,2330,/home/ace/Downloads/rgb_anon_trainvaltest/rgb_anon/night/train_ref/GOPR0351/GOPR0351_frame_000547_rgb_ref_anon.png,/home/ace/Downloads/rgb_anon_trainvaltest/rgb_anon/night/train/GOPR0351/GOPR0351_frame_000547_rgb_anon.png
acdc,Mask2Former-Swin-L,person,GOPR0351/gopr0351_frame_000551.png,175,1670,/home/ace/Downloads/rgb_anon_trainvaltest/rgb_anon/night/train_ref/GOPR0351/GOPR0351_frame_000551_rgb_ref_anon.png,/home/ace/Downloads/rgb_anon_trainvaltest/rgb_anon/night/train/GOPR0351/GOPR0351_frame_000551_rgb_anon.png
acdc,Mask2Former-Swin-L,person,GOPR0351/gopr0351_frame_000553.png,17,2,/home/ace/Downloads/rgb_anon_trainvaltest/rgb_anon/night/train_ref/GOPR0351/GOPR0351_frame_000553_rgb_ref_anon.png,/home/ace/Downloads/rgb_anon_trainvaltest/rgb_anon/night/train/GOPR0351/GOPR0351_frame_000553_rgb_anon.png
acdc,Mask2Former-Swin-L,person,GOPR0351/gopr0351_frame_000555.png,2757,3537,/home/ace/Downloads/rgb_anon_trainvaltest/rgb_anon/night/train_ref/GOPR0351/GOPR0351_frame_000555_rgb_ref_anon.png,/home/ace/Downloads/rgb_anon_trainvaltest/rgb_anon/night/train/GOPR0351/GOPR0351_frame_000555_rgb_anon.png
acdc,Mask2Former-Swin-L,person,GOPR0351/gopr0351_frame_000557.png,3105,2094,/home/ace/Downloads/rgb_anon_trainvaltest/rgb_anon/night/train_ref/GOPR0351/GOPR0351_frame_000557_rgb_ref_anon.png,/home/ace/Downloads/rgb_anon_trainvaltest/rgb_anon/night/train/GOPR0351/GOPR0351_frame_000557_rgb_anon.png
acdc,Mask2Former-Swin-L,person,GOPR0351/gopr0351_frame_000573.png,0,88,/home/ace/Downloads/rgb_anon_trainvaltest/rgb_anon/night/train_ref/GOPR0351/GOPR0351_frame_000573_rgb_ref_anon.png,/home/ace/Downloads/rgb_anon_trainvaltest/rgb_anon/night/train/GOPR0351/GOPR0351_frame_000573_rgb_anon.png
acdc,Mask2Former-Swin-L,person,GOPR0351/gopr0351_frame_000581.png,0,1072,/home/ace/Downloads/rgb_anon_trainvaltest/rgb_anon/night/train_ref/GOPR0351/GOPR0351_frame_000581_rgb_ref_anon.png,/home/ace/Downloads/rgb_anon_trainvaltest/rgb_anon/night/train/GOPR0351/GOPR0351_frame_000581_rgb_anon.png
acdc,Mask2Former-Swin-L,person,GOPR0351/gopr0351_frame_000595.png,0,0,/home/ace/Downloads/rgb_anon_trainvaltest/rgb_anon/night/train_ref/GOPR0351/GOPR0351_frame_000595_rgb_ref_anon.png,/home/ace/Downloads/rgb_anon_trainvaltest/rgb_anon/night/train/GOPR0351/GOPR0351_frame_000595_rgb_anon.png
acdc,Mask2Former-Swin-L,person,GOPR0351/gopr0351_frame_000599.png,0,0,/home/ace/Downloads/rgb_anon_trainvaltest/rgb_anon/night/train_ref/GOPR0351/GOPR0351_frame_000599_rgb_ref_anon.png,/home/ace/Downloads/rgb_anon_trainvaltest/rgb_anon/night/train/GOPR0351/GOPR0351_frame_000599_rgb_anon.png
acdc,Mask2Former-Swin-L,person,GOPR0351/gopr0351_frame_000603.png,0,0,/home/ace/Downloads/rgb_anon_trainvaltest/rgb_anon/night/train_ref/GOPR0351/GOPR0351_frame_000603_rgb_ref_anon.png,/home/ace/Downloads/rgb_anon_trainvaltest/rgb_anon/night/train/GOPR0351/GOPR0351_frame_000603_rgb_anon.png
acdc,Mask2Former-Swin-L,person,GOPR0351/gopr0351_frame_000607.png,0,2,/home/ace/Downloads/rgb_anon_trainvaltest/rgb_anon/night/train_ref/GOPR0351/GOPR0351_frame_000607_rgb_ref_anon.png,/home/ace/Downloads/rgb_anon_trainvaltest/rgb_anon/night/train/GOPR0351/GOPR0351_frame_000607_rgb_anon.png
acdc,Mask2Former-Swin-L,person,GOPR0351/gopr0351_frame_000615.png,12,2379,/home/ace/Downloads/rgb_anon_trainvaltest/rgb_anon/night/train_ref/GOPR0351/GOPR0351_frame_000615_rgb_ref_anon.png,/home/ace/Downloads/rgb_anon_trainvaltest/rgb_anon/night/train/GOPR0351/GOPR0351_frame_000615_rgb_anon.png
acdc,Mask2Former-Swin-L,person,GOPR0351/gopr0351_frame_000619.png,22183,345,/home/ace/Downloads/rgb_anon_trainvaltest/rgb_anon/night/train_ref/GOPR0351/GOPR0351_frame_000619_rgb_ref_anon.png,/home/ace/Downloads/rgb_anon_trainvaltest/rgb_anon/night/train/GOPR0351/GOPR0351_frame_000619_rgb_anon.png
acdc,Mask2Former-Swin-L,person,GOPR0351/gopr0351_frame_000623.png,0,0,/home/ace/Downloads/rgb_anon_trainvaltest/rgb_anon/night/train_ref/GOPR0351/GOPR0351_frame_000623_rgb_ref_anon.png,/home/ace/Downloads/rgb_anon_trainvaltest/rgb_anon/night/train/GOPR0351/GOPR0351_frame_000623_rgb_anon.png
acdc,Mask2Former-Swin-L,person,GOPR0351/gopr0351_frame_000627.png,0,0,/home/ace/Downloads/rgb_anon_trainvaltest/rgb_anon/night/train_ref/GOPR0351/GOPR0351_frame_000627_rgb_ref_anon.png,/home/ace/Downloads/rgb_anon_trainvaltest/rgb_anon/night/train/GOPR0351/GOPR0351_frame_000627_rgb_anon.png
acdc,Mask2Former-Swin-L,person,GOPR0351/gopr0351_frame_000633.png,0,0,/home/ace/Downloads/rgb_anon_trainvaltest/rgb_anon/night/train_ref/GOPR0351/GOPR0351_frame_000633_rgb_ref_anon.png,/home/ace/Downloads/rgb_anon_trainvaltest/rgb_anon/night/train/GOPR0351/GOPR0351_frame_000633_rgb_anon.png
acdc,Mask2Former-Swin-L,person,GOPR0351/gopr0351_frame_000639.png,0,0,/home/ace/Downloads/rgb_anon_trainvaltest/rgb_anon/night/train_ref/GOPR0351/GOPR0351_frame_000639_rgb_ref_anon.png,/home/ace/Downloads/rgb_anon_trainvaltest/rgb_anon/night/train/GOPR0351/GOPR0351_frame_000639_rgb_anon.png
acdc,Mask2Former-Swin-L,person,GOPR0376/gopr0376_frame_000034.png,1,0,/home/ace/Downloads/rgb_anon_trainvaltest/rgb_anon/night/train_ref/GOPR0376/GOPR0376_frame_000034_rgb_ref_anon.png,/home/ace/Downloads/rgb_anon_trainvaltest/rgb_anon/night/train/GOPR0376/GOPR0376_frame_000034_rgb_anon.png
acdc,Mask2Former-Swin-L,person,GOPR0376/gopr0376_frame_000038.png,1684,0,/home/ace/Downloads/rgb_anon_trainvaltest/rgb_anon/night/train_ref/GOPR0376/GOPR0376_frame_000038_rgb_ref_anon.png,/home/ace/Downloads/rgb_anon_trainvaltest/rgb_anon/night/train/GOPR0376/GOPR0376_frame_000038_rgb_anon.png
acdc,Mask2Former-Swin-L,person,GOPR0376/gopr0376_frame_000042.png,0,0,/home/ace/Downloads/rgb_anon_trainvaltest/rgb_anon/night/train_ref/GOPR0376/GOPR0376_frame_000042_rgb_ref_anon.png,/home/ace/Downloads/rgb_anon_trainvaltest/rgb_anon/night/train/GOPR0376/GOPR0376_frame_000042_rgb_anon.png
acdc,Mask2Former-Swin-L,person,GOPR0376/gopr0376_frame_000046.png,0,0,/home/ace/Downloads/rgb_anon_trainvaltest/rgb_anon/night/train_ref/GOPR0376/GOPR0376_frame_000046_rgb_ref_anon.png,/home/ace/Downloads/rgb_anon_trainvaltest/rgb_anon/night/train/GOPR0376/GOPR0376_frame_000046_rgb_anon.png
acdc,Mask2Former-Swin-L,person,GOPR0376/gopr0376_frame_000050.png,504,13,/home/ace/Downloads/rgb_anon_trainvaltest/rgb_anon/night/train_ref/GOPR0376/GOPR0376_frame_000050_rgb_ref_anon.png,/home/ace/Downloads/rgb_anon_trainvaltest/rgb_anon/night/train/GOPR0376/GOPR0376_frame_000050_rgb_anon.png
acdc,Mask2Former-Swin-L,person,GOPR0376/gopr0376_frame_000054.png,21,0,/home/ace/Downloads/rgb_anon_trainvaltest/rgb_anon/night/train_ref/GOPR0376/GOPR0376_frame_000054_rgb_ref_anon.png,/home/ace/Downloads/rgb_anon_trainvaltest/rgb_anon/night/train/GOPR0376/GOPR0376_frame_000054_rgb_anon.png
acdc,Mask2Former-Swin-L,person,GOPR0376/gopr0376_frame_000058.png,0,0,/home/ace/Downloads/rgb_anon_trainvaltest/rgb_anon/night/train_ref/GOPR0376/GOPR0376_frame_000058_rgb_ref_anon.png,/home/ace/Downloads/rgb_anon_trainvaltest/rgb_anon/night/train/GOPR0376/GOPR0376_frame_000058_rgb_anon.png
acdc,Mask2Former-Swin-L,person,GOPR0376/gopr0376_frame_000067.png,0,7702,/home/ace/Downloads/rgb_anon_trainvaltest/rgb_anon/night/train_ref/GOPR0376/GOPR0376_frame_000067_rgb_ref_anon.png,/home/ace/Downloads/rgb_anon_trainvaltest/rgb_anon/night/train/GOPR0376/GOPR0376_frame_000067_rgb_anon.png
acdc,Mask2Former-Swin-L,person,GOPR0376/gopr0376_frame_000089.png,339,0,/home/ace/Downloads/rgb_anon_trainvaltest/rgb_anon/night/train_ref/GOPR0376/GOPR0376_frame_000089_rgb_ref_anon.png,/home/ace/Downloads/rgb_anon_trainvaltest/rgb_anon/night/train/GOPR0376/GOPR0376_frame_000089_rgb_anon.png
acdc,Mask2Former-Swin-L,person,GOPR0376/gopr0376_frame_000097.png,0,0,/home/ace/Downloads/rgb_anon_trainvaltest/rgb_anon/night/train_ref/GOPR0376/GOPR0376_frame_000097_rgb_ref_anon.png,/home/ace/Downloads/rgb_anon_trainvaltest/rgb_anon/night/train/GOPR0376/GOPR0376_frame_000097_rgb_anon.png
acdc,Mask2Former-Swin-L,person,GOPR0376/gopr0376_frame_000101.png,0,0,/home/ace/Downloads/rgb_anon_trainvaltest/rgb_anon/night/train_ref/GOPR0376/GOPR0376_frame_000101_rgb_ref_anon.png,/home/ace/Downloads/rgb_anon_trainvaltest/rgb_anon/night/train/GOPR0376/GOPR0376_frame_000101_rgb_anon.png
acdc,Mask2Former-Swin-L,person,GOPR0376/gopr0376_frame_000105.png,0,0,/home/ace/Downloads/rgb_anon_trainvaltest/rgb_anon/night/train_ref/GOPR0376/GOPR0376_frame_000105_rgb_ref_anon.png,/home/ace/Downloads/rgb_anon_trainvaltest/rgb_anon/night/train/GOPR0376/GOPR0376_frame_000105_rgb_anon.png
acdc,Mask2Former-Swin-L,person,GOPR0376/gopr0376_frame_000109.png,0,0,/home/ace/Downloads/rgb_anon_trainvaltest/rgb_anon/night/train_ref/GOPR0376/GOPR0376_frame_000109_rgb_ref_anon.png,/home/ace/Downloads/rgb_anon_trainvaltest/rgb_anon/night/train/GOPR0376/GOPR0376_frame_000109_rgb_anon.png
acdc,Mask2Former-Swin-L,person,GOPR0376/gopr0376_frame_000113.png,0,0,/home/ace/Downloads/rgb_anon_trainvaltest/rgb_anon/night/train_ref/GOPR0376/GOPR0376_frame_000113_rgb_ref_anon.png,/home/ace/Downloads/rgb_anon_trainvaltest/rgb_anon/night/train/GOPR0376/GOPR0376_frame_000113_rgb_anon.png
acdc,Mask2Former-Swin-L,person,GOPR0376/gopr0376_frame_000117.png,4429,4495,/home/ace/Downloads/rgb_anon_trainvaltest/rgb_anon/night/train_ref/GOPR0376/GOPR0376_frame_000117_rgb_ref_anon.png,/home/ace/Downloads/rgb_anon_trainvaltest/rgb_anon/night/train/GOPR0376/GOPR0376_frame_000117_rgb_anon.png
acdc,Mask2Former-Swin-L,person,GOPR0376/gopr0376_frame_000122.png,236,0,/home/ace/Downloads/rgb_anon_trainvaltest/rgb_anon/night/train_ref/GOPR0376/GOPR0376_frame_000122_rgb_ref_anon.png,/home/ace/Downloads/rgb_anon_trainvaltest/rgb_anon/night/train/GOPR0376/GOPR0376_frame_000122_rgb_anon.png
acdc,Mask2Former-Swin-L,person,GOPR0376/gopr0376_frame_000142.png,0,8,/home/ace/Downloads/rgb_anon_trainvaltest/rgb_anon/night/train_ref/GOPR0376/GOPR0376_frame_000142_rgb_ref_anon.png,/home/ace/Downloads/rgb_anon_trainvaltest/rgb_anon/night/train/GOPR0376/GOPR0376_frame_000142_rgb_anon.png
acdc,Mask2Former-Swin-L,person,GOPR0376/gopr0376_frame_000146.png,0,0,/home/ace/Downloads/rgb_anon_trainvaltest/rgb_anon/night/train_ref/GOPR0376/GOPR0376_frame_000146_rgb_ref_anon.png,/home/ace/Downloads/rgb_anon_trainvaltest/rgb_anon/night/train/GOPR0376/GOPR0376_frame_000146_rgb_anon.png
acdc,Mask2Former-Swin-L,person,GOPR0376/gopr0376_frame_000150.png,0,0,/home/ace/Downloads/rgb_anon_trainvaltest/rgb_anon/night/train_ref/GOPR0376/GOPR0376_frame_000150_rgb_ref_anon.png,/home/ace/Downloads/rgb_anon_trainvaltest/rgb_anon/night/train/GOPR0376/GOPR0376_frame_000150_rgb_anon.png
acdc,Mask2Former-Swin-L,person,GOPR0376/gopr0376_frame_000157.png,0,0,/home/ace/Downloads/rgb_anon_trainvaltest/rgb_anon/night/train_ref/GOPR0376/GOPR0376_frame_000157_rgb_ref_anon.png,/home/ace/Downloads/rgb_anon_trainvaltest/rgb_anon/night/train/GOPR0376/GOPR0376_frame_000157_rgb_anon.png
acdc,Mask2Former-Swin-L,person,GOPR0376/gopr0376_frame_000161.png,0,0,/home/ace/Downloads/rgb_anon_trainvaltest/rgb_anon/night/train_ref/GOPR0376/GOPR0376_frame_000161_rgb_ref_anon.png,/home/ace/Downloads/rgb_anon_trainvaltest/rgb_anon/night/train/GOPR0376/GOPR0376_frame_000161_rgb_anon.png
acdc,Mask2Former-Swin-L,person,GOPR0376/gopr0376_frame_000165.png,181,0,/home/ace/Downloads/rgb_anon_trainvaltest/rgb_anon/night/train_ref/GOPR0376/GOPR0376_frame_000165_rgb_ref_anon.png,/home/ace/Downloads/rgb_anon_trainvaltest/rgb_anon/night/train/GOPR0376/GOPR0376_frame_000165_rgb_anon.png
acdc,Mask2Former-Swin-L,person,GOPR0376/gopr0376_frame_000169.png,420,13,/home/ace/Downloads/rgb_anon_trainvaltest/rgb_anon/night/train_ref/GOPR0376/GOPR0376_frame_000169_rgb_ref_anon.png,/home/ace/Downloads/rgb_anon_trainvaltest/rgb_anon/night/train/GOPR0376/GOPR0376_frame_000169_rgb_anon.png
acdc,Mask2Former-Swin-L,person,GOPR0376/gopr0376_frame_000173.png,0,1023,/home/ace/Downloads/rgb_anon_trainvaltest/rgb_anon/night/train_ref/GOPR0376/GOPR0376_frame_000173_rgb_ref_anon.png,/home/ace/Downloads/rgb_anon_trainvaltest/rgb_anon/night/train/GOPR0376/GOPR0376_frame_000173_rgb_anon.png
acdc,Mask2Former-Swin-L,person,GOPR0376/gopr0376_frame_000177.png,104,4197,/home/ace/Downloads/rgb_anon_trainvaltest/rgb_anon/night/train_ref/GOPR0376/GOPR0376_frame_000177_rgb_ref_anon.png,/home/ace/Downloads/rgb_anon_trainvaltest/rgb_anon/night/train/GOPR0376/GOPR0376_frame_000177_rgb_anon.png
acdc,Mask2Former-Swin-L,person,GOPR0376/gopr0376_frame_000181.png,0,0,/home/ace/Downloads/rgb_anon_trainvaltest/rgb_anon/night/train_ref/GOPR0376/GOPR0376_frame_000181_rgb_ref_anon.png,/home/ace/Downloads/rgb_anon_trainvaltest/rgb_anon/night/train/GOPR0376/GOPR0376_frame_000181_rgb_anon.png
acdc,Mask2Former-Swin-L,person,GOPR0376/gopr0376_frame_000185.png,0,0,/home/ace/Downloads/rgb_anon_trainvaltest/rgb_anon/night/train_ref/GOPR0376/GOPR0376_frame_000185_rgb_ref_anon.png,/home/ace/Downloads/rgb_anon_trainvaltest/rgb_anon/night/train/GOPR0376/GOPR0376_frame_000185_rgb_anon.png
acdc,Mask2Former-Swin-L,person,GOPR0376/gopr0376_frame_000189.png,17852,0,/home/ace/Downloads/rgb_anon_trainvaltest/rgb_anon/night/train_ref/GOPR0376/GOPR0376_frame_000189_rgb_ref_anon.png,/home/ace/Downloads/rgb_anon_trainvaltest/rgb_anon/night/train/GOPR0376/GOPR0376_frame_000189_rgb_anon.png
acdc,Mask2Former-Swin-L,person,GOPR0376/gopr0376_frame_000193.png,1086,0,/home/ace/Downloads/rgb_anon_trainvaltest/rgb_anon/night/train_ref/GOPR0376/GOPR0376_frame_000193_rgb_ref_anon.png,/home/ace/Downloads/rgb_anon_trainvaltest/rgb_anon/night/train/GOPR0376/GOPR0376_frame_000193_rgb_anon.png
acdc,Mask2Former-Swin-L,person,GOPR0376/gopr0376_frame_000198.png,3707,0,/home/ace/Downloads/rgb_anon_trainvaltest/rgb_anon/night/train_ref/GOPR0376/GOPR0376_frame_000198_rgb_ref_anon.png,/home/ace/Downloads/rgb_anon_trainvaltest/rgb_anon/night/train/GOPR0376/GOPR0376_frame_000198_rgb_anon.png
acdc,Mask2Former-Swin-L,person,GOPR0376/gopr0376_frame_000214.png,1232,0,/home/ace/Downloads/rgb_anon_trainvaltest/rgb_anon/night/train_ref/GOPR0376/GOPR0376_frame_000214_rgb_ref_anon.png,/home/ace/Downloads/rgb_anon_trainvaltest/rgb_anon/night/train/GOPR0376/GOPR0376_frame_000214_rgb_anon.png
acdc,Mask2Former-Swin-L,person,GOPR0376/gopr0376_frame_000229.png,0,292,/home/ace/Downloads/rgb_anon_trainvaltest/rgb_anon/night/train_ref/GOPR0376/GOPR0376_frame_000229_rgb_ref_anon.png,/home/ace/Downloads/rgb_anon_trainvaltest/rgb_anon/night/train/GOPR0376/GOPR0376_frame_000229_rgb_anon.png
acdc,Mask2Former-Swin-L,person,GOPR0376/gopr0376_frame_000257.png,3300,0,/home/ace/Downloads/rgb_anon_trainvaltest/rgb_anon/night/train_ref/GOPR0376/GOPR0376_frame_000257_rgb_ref_anon.png,/home/ace/Downloads/rgb_anon_trainvaltest/rgb_anon/night/train/GOPR0376/GOPR0376_frame_000257_rgb_anon.png
acdc,Mask2Former-Swin-L,person,GOPR0376/gopr0376_frame_000268.png,0,0,/home/ace/Downloads/rgb_anon_trainvaltest/rgb_anon/night/train_ref/GOPR0376/GOPR0376_frame_000268_rgb_ref_anon.png,/home/ace/Downloads/rgb_anon_trainvaltest/rgb_anon/night/train/GOPR0376/GOPR0376_frame_000268_rgb_anon.png
acdc,Mask2Former-Swin-L,person,GOPR0376/gopr0376_frame_000272.png,0,0,/home/ace/Downloads/rgb_anon_trainvaltest/rgb_anon/night/train_ref/GOPR0376/GOPR0376_frame_000272_rgb_ref_anon.png,/home/ace/Downloads/rgb_anon_trainvaltest/rgb_anon/night/train/GOPR0376/GOPR0376_frame_000272_rgb_anon.png
acdc,Mask2Former-Swin-L,person,GOPR0376/gopr0376_frame_000276.png,0,0,/home/ace/Downloads/rgb_anon_trainvaltest/rgb_anon/night/train_ref/GOPR0376/GOPR0376_frame_000276_rgb_ref_anon.png,/home/ace/Downloads/rgb_anon_trainvaltest/rgb_anon/night/train/GOPR0376/GOPR0376_frame_000276_rgb_anon.png
acdc,Mask2Former-Swin-L,person,GOPR0376/gopr0376_frame_000280.png,0,0,/home/ace/Downloads/rgb_anon_trainvaltest/rgb_anon/night/train_ref/GOPR0376/GOPR0376_frame_000280_rgb_ref_anon.png,/home/ace/Downloads/rgb_anon_trainvaltest/rgb_anon/night/train/GOPR0376/GOPR0376_frame_000280_rgb_anon.png
acdc,Mask2Former-Swin-L,person,GOPR0376/gopr0376_frame_000284.png,46,0,/home/ace/Downloads/rgb_anon_trainvaltest/rgb_anon/night/train_ref/GOPR0376/GOPR0376_frame_000284_rgb_ref_anon.png,/home/ace/Downloads/rgb_anon_trainvaltest/rgb_anon/night/train/GOPR0376/GOPR0376_frame_000284_rgb_anon.png
acdc,Mask2Former-Swin-L,person,GOPR0376/gopr0376_frame_000288.png,0,0,/home/ace/Downloads/rgb_anon_trainvaltest/rgb_anon/night/train_ref/GOPR0376/GOPR0376_frame_000288_rgb_ref_anon.png,/home/ace/Downloads/rgb_anon_trainvaltest/rgb_anon/night/train/GOPR0376/GOPR0376_frame_000288_rgb_anon.png
acdc,Mask2Former-Swin-L,person,GOPR0376/gopr0376_frame_000292.png,0,482,/home/ace/Downloads/rgb_anon_trainvaltest/rgb_anon/night/train_ref/GOPR0376/GOPR0376_frame_000292_rgb_ref_anon.png,/home/ace/Downloads/rgb_anon_trainvaltest/rgb_anon/night/train/GOPR0376/GOPR0376_frame_000292_rgb_anon.png
acdc,Mask2Former-Swin-L,person,GOPR0376/gopr0376_frame_000298.png,0,447,/home/ace/Downloads/rgb_anon_trainvaltest/rgb_anon/night/train_ref/GOPR0376/GOPR0376_frame_000298_rgb_ref_anon.png,/home/ace/Downloads/rgb_anon_trainvaltest/rgb_anon/night/train/GOPR0376/GOPR0376_frame_000298_rgb_anon.png
acdc,Mask2Former-Swin-L,person,GOPR0376/gopr0376_frame_000302.png,0,0,/home/ace/Downloads/rgb_anon_trainvaltest/rgb_anon/night/train_ref/GOPR0376/GOPR0376_frame_000302_rgb_ref_anon.png,/home/ace/Downloads/rgb_anon_trainvaltest/rgb_anon/night/train/GOPR0376/GOPR0376_frame_000302_rgb_anon.png
acdc,Mask2Former-Swin-L,person,GOPR0376/gopr0376_frame_000306.png,1851,0,/home/ace/Downloads/rgb_anon_trainvaltest/rgb_anon/night/train_ref/GOPR0376/GOPR0376_frame_000306_rgb_ref_anon.png,/home/ace/Downloads/rgb_anon_trainvaltest/rgb_anon/night/train/GOPR0376/GOPR0376_frame_000306_rgb_anon.png
acdc,Mask2Former-Swin-L,person,GOPR0376/gopr0376_frame_000310.png,0,0,/home/ace/Downloads/rgb_anon_trainvaltest/rgb_anon/night/train_ref/GOPR0376/GOPR0376_frame_000310_rgb_ref_anon.png,/home/ace/Downloads/rgb_anon_trainvaltest/rgb_anon/night/train/GOPR0376/GOPR0376_frame_000310_rgb_anon.png
acdc,Mask2Former-Swin-L,person,GOPR0376/gopr0376_frame_000315.png,4392,701,/home/ace/Downloads/rgb_anon_trainvaltest/rgb_anon/night/train_ref/GOPR0376/GOPR0376_frame_000315_rgb_ref_anon.png,/home/ace/Downloads/rgb_anon_trainvaltest/rgb_anon/night/train/GOPR0376/GOPR0376_frame_000315_rgb_anon.png
acdc,Mask2Former-Swin-L,person,GOPR0376/gopr0376_frame_000324.png,980,1094,/home/ace/Downloads/rgb_anon_trainvaltest/rgb_anon/night/train_ref/GOPR0376/GOPR0376_frame_000324_rgb_ref_anon.png,/home/ace/Downloads/rgb_anon_trainvaltest/rgb_anon/night/train/GOPR0376/GOPR0376_frame_000324_rgb_anon.png
acdc,Mask2Former-Swin-L,person,GOPR0376/gopr0376_frame_000328.png,0,0,/home/ace/Downloads/rgb_anon_trainvaltest/rgb_anon/night/train_ref/GOPR0376/GOPR0376_frame_000328_rgb_ref_anon.png,/home/ace/Downloads/rgb_anon_trainvaltest/rgb_anon/night/train/GOPR0376/GOPR0376_frame_000328_rgb_anon.png
acdc,Mask2Former-Swin-L,person,GOPR0376/gopr0376_frame_000332.png,238,0,/home/ace/Downloads/rgb_anon_trainvaltest/rgb_anon/night/train_ref/GOPR0376/GOPR0376_frame_000332_rgb_ref_anon.png,/home/ace/Downloads/rgb_anon_trainvaltest/rgb_anon/night/train/GOPR0376/GOPR0376_frame_000332_rgb_anon.png
acdc,Mask2Former-Swin-L,person,GOPR0376/gopr0376_frame_000336.png,0,1,/home/ace/Downloads/rgb_anon_trainvaltest/rgb_anon/night/train_ref/GOPR0376/GOPR0376_frame_000336_rgb_ref_anon.png,/home/ace/Downloads/rgb_anon_trainvaltest/rgb_anon/night/train/GOPR0376/GOPR0376_frame_000336_rgb_anon.png
acdc,Mask2Former-Swin-L,person,GOPR0376/gopr0376_frame_000340.png,3332,0,/home/ace/Downloads/rgb_anon_trainvaltest/rgb_anon/night/train_ref/GOPR0376/GOPR0376_frame_000340_rgb_ref_anon.png,/home/ace/Downloads/rgb_anon_trainvaltest/rgb_anon/night/train/GOPR0376/GOPR0376_frame_000340_rgb_anon.png
acdc,Mask2Former-Swin-L,person,GOPR0376/gopr0376_frame_000344.png,0,0,/home/ace/Downloads/rgb_anon_trainvaltest/rgb_anon/night/train_ref/GOPR0376/GOPR0376_frame_000344_rgb_ref_anon.png,/home/ace/Downloads/rgb_anon_trainvaltest/rgb_anon/night/train/GOPR0376/GOPR0376_frame_000344_rgb_anon.png
acdc,Mask2Former-Swin-L,person,GOPR0376/gopr0376_frame_000349.png,39217,129,/home/ace/Downloads/rgb_anon_trainvaltest/rgb_anon/night/train_ref/GOPR0376/GOPR0376_frame_000349_rgb_ref_anon.png,/home/ace/Downloads/rgb_anon_trainvaltest/rgb_anon/night/train/GOPR0376/GOPR0376_frame_000349_rgb_anon.png
acdc,Mask2Former-Swin-L,person,GOPR0376/gopr0376_frame_000363.png,9109,621,/home/ace/Downloads/rgb_anon_trainvaltest/rgb_anon/night/train_ref/GOPR0376/GOPR0376_frame_000363_rgb_ref_anon.png,/home/ace/Downloads/rgb_anon_trainvaltest/rgb_anon/night/train/GOPR0376/GOPR0376_frame_000363_rgb_anon.png
acdc,Mask2Former-Swin-L,person,GOPR0376/gopr0376_frame_000369.png,0,8669,/home/ace/Downloads/rgb_anon_trainvaltest/rgb_anon/night/train_ref/GOPR0376/GOPR0376_frame_000369_rgb_ref_anon.png,/home/ace/Downloads/rgb_anon_trainvaltest/rgb_anon/night/train/GOPR0376/GOPR0376_frame_000369_rgb_anon.png
acdc,Mask2Former-Swin-L,person,GOPR0376/gopr0376_frame_000374.png,138,0,/home/ace/Downloads/rgb_anon_trainvaltest/rgb_anon/night/train_ref/GOPR0376/GOPR0376_frame_000374_rgb_ref_anon.png,/home/ace/Downloads/rgb_anon_trainvaltest/rgb_anon/night/train/GOPR0376/GOPR0376_frame_000374_rgb_anon.png
acdc,Mask2Former-Swin-L,person,GOPR0376/gopr0376_frame_000382.png,106,0,/home/ace/Downloads/rgb_anon_trainvaltest/rgb_anon/night/train_ref/GOPR0376/GOPR0376_frame_000382_rgb_ref_anon.png,/home/ace/Downloads/rgb_anon_trainvaltest/rgb_anon/night/train/GOPR0376/GOPR0376_frame_000382_rgb_anon.png
acdc,Mask2Former-Swin-L,person,GOPR0376/gopr0376_frame_000391.png,7045,1198,/home/ace/Downloads/rgb_anon_trainvaltest/rgb_anon/night/train_ref/GOPR0376/GOPR0376_frame_000391_rgb_ref_anon.png,/home/ace/Downloads/rgb_anon_trainvaltest/rgb_anon/night/train/GOPR0376/GOPR0376_frame_000391_rgb_anon.png
acdc,Mask2Former-Swin-L,person,GOPR0376/gopr0376_frame_000418.png,15153,0,/home/ace/Downloads/rgb_anon_trainvaltest/rgb_anon/night/train_ref/GOPR0376/GOPR0376_frame_000418_rgb_ref_anon.png,/home/ace/Downloads/rgb_anon_trainvaltest/rgb_anon/night/train/GOPR0376/GOPR0376_frame_000418_rgb_anon.png
acdc,Mask2Former-Swin-L,person,GOPR0376/gopr0376_frame_000428.png,10022,9087,/home/ace/Downloads/rgb_anon_trainvaltest/rgb_anon/night/train_ref/GOPR0376/GOPR0376_frame_000428_rgb_ref_anon.png,/home/ace/Downloads/rgb_anon_trainvaltest/rgb_anon/night/train/GOPR0376/GOPR0376_frame_000428_rgb_anon.png
acdc,Mask2Former-Swin-L,person,GOPR0376/gopr0376_frame_000435.png,0,0,/home/ace/Downloads/rgb_anon_trainvaltest/rgb_anon/night/train_ref/GOPR0376/GOPR0376_frame_000435_rgb_ref_anon.png,/home/ace/Downloads/rgb_anon_trainvaltest/rgb_anon/night/train/GOPR0376/GOPR0376_frame_000435_rgb_anon.png
acdc,Mask2Former-Swin-L,person,GOPR0376/gopr0376_frame_000441.png,313,0,/home/ace/Downloads/rgb_anon_trainvaltest/rgb_anon/night/train_ref/GOPR0376/GOPR0376_frame_000441_rgb_ref_anon.png,/home/ace/Downloads/rgb_anon_trainvaltest/rgb_anon/night/train/GOPR0376/GOPR0376_frame_000441_rgb_anon.png
acdc,Mask2Former-Swin-L,person,GOPR0376/gopr0376_frame_000466.png,2540,5945,/home/ace/Downloads/rgb_anon_trainvaltest/rgb_anon/night/train_ref/GOPR0376/GOPR0376_frame_000466_rgb_ref_anon.png,/home/ace/Downloads/rgb_anon_trainvaltest/rgb_anon/night/train/GOPR0376/GOPR0376_frame_000466_rgb_anon.png
acdc,Mask2Former-Swin-L,person,GOPR0376/gopr0376_frame_000472.png,1199,0,/home/ace/Downloads/rgb_anon_trainvaltest/rgb_anon/night/train_ref/GOPR0376/GOPR0376_frame_000472_rgb_ref_anon.png,/home/ace/Downloads/rgb_anon_trainvaltest/rgb_anon/night/train/GOPR0376/GOPR0376_frame_000472_rgb_anon.png
acdc,Mask2Former-Swin-L,person,GOPR0376/gopr0376_frame_000478.png,8171,2,/home/ace/Downloads/rgb_anon_trainvaltest/rgb_anon/night/train_ref/GOPR0376/GOPR0376_frame_000478_rgb_ref_anon.png,/home/ace/Downloads/rgb_anon_trainvaltest/rgb_anon/night/train/GOPR0376/GOPR0376_frame_000478_rgb_anon.png
acdc,Mask2Former-Swin-L,person,GOPR0376/gopr0376_frame_000482.png,7162,4787,/home/ace/Downloads/rgb_anon_trainvaltest/rgb_anon/night/train_ref/GOPR0376/GOPR0376_frame_000482_rgb_ref_anon.png,/home/ace/Downloads/rgb_anon_trainvaltest/rgb_anon/night/train/GOPR0376/GOPR0376_frame_000482_rgb_anon.png
acdc,Mask2Former-Swin-L,person,GOPR0376/gopr0376_frame_000486.png,15,0,/home/ace/Downloads/rgb_anon_trainvaltest/rgb_anon/night/train_ref/GOPR0376/GOPR0376_frame_000486_rgb_ref_anon.png,/home/ace/Downloads/rgb_anon_trainvaltest/rgb_anon/night/train/GOPR0376/GOPR0376_frame_000486_rgb_anon.png
acdc,Mask2Former-Swin-L,person,GOPR0376/gopr0376_frame_000491.png,13743,0,/home/ace/Downloads/rgb_anon_trainvaltest/rgb_anon/night/train_ref/GOPR0376/GOPR0376_frame_000491_rgb_ref_anon.png,/home/ace/Downloads/rgb_anon_trainvaltest/rgb_anon/night/train/GOPR0376/GOPR0376_frame_000491_rgb_anon.png
acdc,Mask2Former-Swin-L,person,GOPR0376/gopr0376_frame_000496.png,8310,0,/home/ace/Downloads/rgb_anon_trainvaltest/rgb_anon/night/train_ref/GOPR0376/GOPR0376_frame_000496_rgb_ref_anon.png,/home/ace/Downloads/rgb_anon_trainvaltest/rgb_anon/night/train/GOPR0376/GOPR0376_frame_000496_rgb_anon.png
acdc,Mask2Former-Swin-L,person,GOPR0376/gopr0376_frame_000507.png,3,13854,/home/ace/Downloads/rgb_anon_trainvaltest/rgb_anon/night/train_ref/GOPR0376/GOPR0376_frame_000507_rgb_ref_anon.png,/home/ace/Downloads/rgb_anon_trainvaltest/rgb_anon/night/train/GOPR0376/GOPR0376_frame_000507_rgb_anon.png
acdc,Mask2Former-Swin-L,person,GOPR0376/gopr0376_frame_000511.png,3250,83821,/home/ace/Downloads/rgb_anon_trainvaltest/rgb_anon/night/train_ref/GOPR0376/GOPR0376_frame_000511_rgb_ref_anon.png,/home/ace/Downloads/rgb_anon_trainvaltest/rgb_anon/night/train/GOPR0376/GOPR0376_frame_000511_rgb_anon.png
acdc,Mask2Former-Swin-L,person,GOPR0376/gopr0376_frame_000516.png,892,0,/home/ace/Downloads/rgb_anon_trainvaltest/rgb_anon/night/train_ref/GOPR0376/GOPR0376_frame_000516_rgb_ref_anon.png,/home/ace/Downloads/rgb_anon_trainvaltest/rgb_anon/night/train/GOPR0376/GOPR0376_frame_000516_rgb_anon.png
acdc,Mask2Former-Swin-L,person,GOPR0376/gopr0376_frame_000533.png,0,24746,/home/ace/Downloads/rgb_anon_trainvaltest/rgb_anon/night/train_ref/GOPR0376/GOPR0376_frame_000533_rgb_ref_anon.png,/home/ace/Downloads/rgb_anon_trainvaltest/rgb_anon/night/train/GOPR0376/GOPR0376_frame_000533_rgb_anon.png
acdc,Mask2Former-Swin-L,person,GOPR0376/gopr0376_frame_000542.png,3656,5248,/home/ace/Downloads/rgb_anon_trainvaltest/rgb_anon/night/train_ref/GOPR0376/GOPR0376_frame_000542_rgb_ref_anon.png,/home/ace/Downloads/rgb_anon_trainvaltest/rgb_anon/night/train/GOPR0376/GOPR0376_frame_000542_rgb_anon.png
acdc,Mask2Former-Swin-L,person,GOPR0376/gopr0376_frame_000548.png,13778,38,/home/ace/Downloads/rgb_anon_trainvaltest/rgb_anon/night/train_ref/GOPR0376/GOPR0376_frame_000548_rgb_ref_anon.png,/home/ace/Downloads/rgb_anon_trainvaltest/rgb_anon/night/train/GOPR0376/GOPR0376_frame_000548_rgb_anon.png
acdc,Mask2Former-Swin-L,person,GOPR0376/gopr0376_frame_000557.png,4569,5,/home/ace/Downloads/rgb_anon_trainvaltest/rgb_anon/night/train_ref/GOPR0376/GOPR0376_frame_000557_rgb_ref_anon.png,/home/ace/Downloads/rgb_anon_trainvaltest/rgb_anon/night/train/GOPR0376/GOPR0376_frame_000557_rgb_anon.png
acdc,Mask2Former-Swin-L,person,GOPR0376/gopr0376_frame_000565.png,17,0,/home/ace/Downloads/rgb_anon_trainvaltest/rgb_anon/night/train_ref/GOPR0376/GOPR0376_frame_000565_rgb_ref_anon.png,/home/ace/Downloads/rgb_anon_trainvaltest/rgb_anon/night/train/GOPR0376/GOPR0376_frame_000565_rgb_anon.png
acdc,Mask2Former-Swin-L,person,GOPR0376/gopr0376_frame_000570.png,27079,0,/home/ace/Downloads/rgb_anon_trainvaltest/rgb_anon/night/train_ref/GOPR0376/GOPR0376_frame_000570_rgb_ref_anon.png,/home/ace/Downloads/rgb_anon_trainvaltest/rgb_anon/night/train/GOPR0376/GOPR0376_frame_000570_rgb_anon.png
acdc,Mask2Former-Swin-L,person,GOPR0376/gopr0376_frame_000576.png,10433,8198,/home/ace/Downloads/rgb_anon_trainvaltest/rgb_anon/night/train_ref/GOPR0376/GOPR0376_frame_000576_rgb_ref_anon.png,/home/ace/Downloads/rgb_anon_trainvaltest/rgb_anon/night/train/GOPR0376/GOPR0376_frame_000576_rgb_anon.png
acdc,Mask2Former-Swin-L,person,GOPR0376/gopr0376_frame_000584.png,12297,4829,/home/ace/Downloads/rgb_anon_trainvaltest/rgb_anon/night/train_ref/GOPR0376/GOPR0376_frame_000584_rgb_ref_anon.png,/home/ace/Downloads/rgb_anon_trainvaltest/rgb_anon/night/train/GOPR0376/GOPR0376_frame_000584_rgb_anon.png
acdc,Mask2Former-Swin-L,person,GOPR0376/gopr0376_frame_000590.png,7457,8041,/home/ace/Downloads/rgb_anon_trainvaltest/rgb_anon/night/train_ref/GOPR0376/GOPR0376_frame_000590_rgb_ref_anon.png,/home/ace/Downloads/rgb_anon_trainvaltest/rgb_anon/night/train/GOPR0376/GOPR0376_frame_000590_rgb_anon.png
acdc,Mask2Former-Swin-L,person,GOPR0376/gopr0376_frame_000598.png,55626,11788,/home/ace/Downloads/rgb_anon_trainvaltest/rgb_anon/night/train_ref/GOPR0376/GOPR0376_frame_000598_rgb_ref_anon.png,/home/ace/Downloads/rgb_anon_trainvaltest/rgb_anon/night/train/GOPR0376/GOPR0376_frame_000598_rgb_anon.png
acdc,Mask2Former-Swin-L,person,GOPR0376/gopr0376_frame_000608.png,24182,7329,/home/ace/Downloads/rgb_anon_trainvaltest/rgb_anon/night/train_ref/GOPR0376/GOPR0376_frame_000608_rgb_ref_anon.png,/home/ace/Downloads/rgb_anon_trainvaltest/rgb_anon/night/train/GOPR0376/GOPR0376_frame_000608_rgb_anon.png
acdc,Mask2Former-Swin-L,person,GOPR0376/gopr0376_frame_000615.png,29826,4900,/home/ace/Downloads/rgb_anon_trainvaltest/rgb_anon/night/train_ref/GOPR0376/GOPR0376_frame_000615_rgb_ref_anon.png,/home/ace/Downloads/rgb_anon_trainvaltest/rgb_anon/night/train/GOPR0376/GOPR0376_frame_000615_rgb_anon.png
acdc,Mask2Former-Swin-L,person,GOPR0376/gopr0376_frame_000621.png,8407,1112,/home/ace/Downloads/rgb_anon_trainvaltest/rgb_anon/night/train_ref/GOPR0376/GOPR0376_frame_000621_rgb_ref_anon.png,/home/ace/Downloads/rgb_anon_trainvaltest/rgb_anon/night/train/GOPR0376/GOPR0376_frame_000621_rgb_anon.png
acdc,Mask2Former-Swin-L,person,GOPR0376/gopr0376_frame_000627.png,3336,957,/home/ace/Downloads/rgb_anon_trainvaltest/rgb_anon/night/train_ref/GOPR0376/GOPR0376_frame_000627_rgb_ref_anon.png,/home/ace/Downloads/rgb_anon_trainvaltest/rgb_anon/night/train/GOPR0376/GOPR0376_frame_000627_rgb_anon.png
acdc,Mask2Former-Swin-L,person,GOPR0376/gopr0376_frame_000633.png,1874,23842,/home/ace/Downloads/rgb_anon_trainvaltest/rgb_anon/night/train_ref/GOPR0376/GOPR0376_frame_000633_rgb_ref_anon.png,/home/ace/Downloads/rgb_anon_trainvaltest/rgb_anon/night/train/GOPR0376/GOPR0376_frame_000633_rgb_anon.png
acdc,Mask2Former-Swin-L,person,GOPR0376/gopr0376_frame_000639.png,2135,692,/home/ace/Downloads/rgb_anon_trainvaltest/rgb_anon/night/train_ref/GOPR0376/GOPR0376_frame_000639_rgb_ref_anon.png,/home/ace/Downloads/rgb_anon_trainvaltest/rgb_anon/night/train/GOPR0376/GOPR0376_frame_000639_rgb_anon.png
acdc,Mask2Former-Swin-L,person,GOPR0376/gopr0376_frame_000650.png,0,47165,/home/ace/Downloads/rgb_anon_trainvaltest/rgb_anon/night/train_ref/GOPR0376/GOPR0376_frame_000650_rgb_ref_anon.png,/home/ace/Downloads/rgb_anon_trainvaltest/rgb_anon/night/train/GOPR0376/GOPR0376_frame_000650_rgb_anon.png
acdc,Mask2Former-Swin-L,person,GOPR0376/gopr0376_frame_000657.png,0,0,/home/ace/Downloads/rgb_anon_trainvaltest/rgb_anon/night/train_ref/GOPR0376/GOPR0376_frame_000657_rgb_ref_anon.png,/home/ace/Downloads/rgb_anon_trainvaltest/rgb_anon/night/train/GOPR0376/GOPR0376_frame_000657_rgb_anon.png
acdc,Mask2Former-Swin-L,person,GOPR0376/gopr0376_frame_000663.png,0,0,/home/ace/Downloads/rgb_anon_trainvaltest/rgb_anon/night/train_ref/GOPR0376/GOPR0376_frame_000663_rgb_ref_anon.png,/home/ace/Downloads/rgb_anon_trainvaltest/rgb_anon/night/train/GOPR0376/GOPR0376_frame_000663_rgb_anon.png
acdc,Mask2Former-Swin-L,person,GOPR0376/gopr0376_frame_000678.png,0,0,/home/ace/Downloads/rgb_anon_trainvaltest/rgb_anon/night/train_ref/GOPR0376/GOPR0376_frame_000678_rgb_ref_anon.png,/home/ace/Downloads/rgb_anon_trainvaltest/rgb_anon/night/train/GOPR0376/GOPR0376_frame_000678_rgb_anon.png
acdc,Mask2Former-Swin-L,person,GOPR0376/gopr0376_frame_000690.png,0,0,/home/ace/Downloads/rgb_anon_trainvaltest/rgb_anon/night/train_ref/GOPR0376/GOPR0376_frame_000690_rgb_ref_anon.png,/home/ace/Downloads/rgb_anon_trainvaltest/rgb_anon/night/train/GOPR0376/GOPR0376_frame_000690_rgb_anon.png
acdc,Mask2Former-Swin-L,person,GOPR0376/gopr0376_frame_000695.png,0,153,/home/ace/Downloads/rgb_anon_trainvaltest/rgb_anon/night/train_ref/GOPR0376/GOPR0376_frame_000695_rgb_ref_anon.png,/home/ace/Downloads/rgb_anon_trainvaltest/rgb_anon/night/train/GOPR0376/GOPR0376_frame_000695_rgb_anon.png
acdc,Mask2Former-Swin-L,person,GOPR0376/gopr0376_frame_000699.png,41879,132,/home/ace/Downloads/rgb_anon_trainvaltest/rgb_anon/night/train_ref/GOPR0376/GOPR0376_frame_000699_rgb_ref_anon.png,/home/ace/Downloads/rgb_anon_trainvaltest/rgb_anon/night/train/GOPR0376/GOPR0376_frame_000699_rgb_anon.png
acdc,Mask2Former-Swin-L,person,GOPR0376/gopr0376_frame_000703.png,3180,6538,/home/ace/Downloads/rgb_anon_trainvaltest/rgb_anon/night/train_ref/GOPR0376/GOPR0376_frame_000703_rgb_ref_anon.png,/home/ace/Downloads/rgb_anon_trainvaltest/rgb_anon/night/train/GOPR0376/GOPR0376_frame_000703_rgb_anon.png
acdc,Mask2Former-Swin-L,person,GOPR0376/gopr0376_frame_000709.png,3868,13972,/home/ace/Downloads/rgb_anon_trainvaltest/rgb_anon/night/train_ref/GOPR0376/GOPR0376_frame_000709_rgb_ref_anon.png,/home/ace/Downloads/rgb_anon_trainvaltest/rgb_anon/night/train/GOPR0376/GOPR0376_frame_000709_rgb_anon.png
acdc,Mask2Former-Swin-L,person,GOPR0376/gopr0376_frame_000715.png,2156,0,/home/ace/Downloads/rgb_anon_trainvaltest/rgb_anon/night/train_ref/GOPR0376/GOPR0376_frame_000715_rgb_ref_anon.png,/home/ace/Downloads/rgb_anon_trainvaltest/rgb_anon/night/train/GOPR0376/GOPR0376_frame_000715_rgb_anon.png
acdc,Mask2Former-Swin-L,person,GOPR0376/gopr0376_frame_000721.png,26207,324,/home/ace/Downloads/rgb_anon_trainvaltest/rgb_anon/night/train_ref/GOPR0376/GOPR0376_frame_000721_rgb_ref_anon.png,/home/ace/Downloads/rgb_anon_trainvaltest/rgb_anon/night/train/GOPR0376/GOPR0376_frame_000721_rgb_anon.png
acdc,Mask2Former-Swin-L,person,GOPR0376/gopr0376_frame_000727.png,57,1432,/home/ace/Downloads/rgb_anon_trainvaltest/rgb_anon/night/train_ref/GOPR0376/GOPR0376_frame_000727_rgb_ref_anon.png,/home/ace/Downloads/rgb_anon_trainvaltest/rgb_anon/night/train/GOPR0376/GOPR0376_frame_000727_rgb_anon.png
acdc,Mask2Former-Swin-L,person,GOPR0376/gopr0376_frame_000733.png,0,5884,/home/ace/Downloads/rgb_anon_trainvaltest/rgb_anon/night/train_ref/GOPR0376/GOPR0376_frame_000733_rgb_ref_anon.png,/home/ace/Downloads/rgb_anon_trainvaltest/rgb_anon/night/train/GOPR0376/GOPR0376_frame_000733_rgb_anon.png
acdc,Mask2Former-Swin-L,person,GOPR0376/gopr0376_frame_000744.png,0,0,/home/ace/Downloads/rgb_anon_trainvaltest/rgb_anon/night/train_ref/GOPR0376/GOPR0376_frame_000744_rgb_ref_anon.png,/home/ace/Downloads/rgb_anon_trainvaltest/rgb_anon/night/train/GOPR0376/GOPR0376_frame_000744_rgb_anon.png
acdc,Mask2Former-Swin-L,person,GOPR0376/gopr0376_frame_000749.png,687,3757,/home/ace/Downloads/rgb_anon_trainvaltest/rgb_anon/night/train_ref/GOPR0376/GOPR0376_frame_000749_rgb_ref_anon.png,/home/ace/Downloads/rgb_anon_trainvaltest/rgb_anon/night/train/GOPR0376/GOPR0376_frame_000749_rgb_anon.png
acdc,Mask2Former-Swin-L,person,GOPR0376/gopr0376_frame_000759.png,468,24,/home/ace/Downloads/rgb_anon_trainvaltest/rgb_anon/night/train_ref/GOPR0376/GOPR0376_frame_000759_rgb_ref_anon.png,/home/ace/Downloads/rgb_anon_trainvaltest/rgb_anon/night/train/GOPR0376/GOPR0376_frame_000759_rgb_anon.png
acdc,Mask2Former-Swin-L,person,GOPR0376/gopr0376_frame_000764.png,0,0,/home/ace/Downloads/rgb_anon_trainvaltest/rgb_anon/night/train_ref/GOPR0376/GOPR0376_frame_000764_rgb_ref_anon.png,/home/ace/Downloads/rgb_anon_trainvaltest/rgb_anon/night/train/GOPR0376/GOPR0376_frame_000764_rgb_anon.png
acdc,Mask2Former-Swin-L,person,GOPR0376/gopr0376_frame_000769.png,4402,0,/home/ace/Downloads/rgb_anon_trainvaltest/rgb_anon/night/train_ref/GOPR0376/GOPR0376_frame_000769_rgb_ref_anon.png,/home/ace/Downloads/rgb_anon_trainvaltest/rgb_anon/night/train/GOPR0376/GOPR0376_frame_000769_rgb_anon.png
acdc,Mask2Former-Swin-L,person,GOPR0376/gopr0376_frame_000788.png,0,0,/home/ace/Downloads/rgb_anon_trainvaltest/rgb_anon/night/train_ref/GOPR0376/GOPR0376_frame_000788_rgb_ref_anon.png,/home/ace/Downloads/rgb_anon_trainvaltest/rgb_anon/night/train/GOPR0376/GOPR0376_frame_000788_rgb_anon.png
acdc,Mask2Former-Swin-L,person,GOPR0376/gopr0376_frame_000807.png,659,4639,/home/ace/Downloads/rgb_anon_trainvaltest/rgb_anon/night/train_ref/GOPR0376/GOPR0376_frame_000807_rgb_ref_anon.png,/home/ace/Downloads/rgb_anon_trainvaltest/rgb_anon/night/train/GOPR0376/GOPR0376_frame_000807_rgb_anon.png
acdc,Mask2Former-Swin-L,person,GOPR0376/gopr0376_frame_000818.png,16166,0,/home/ace/Downloads/rgb_anon_trainvaltest/rgb_anon/night/train_ref/GOPR0376/GOPR0376_frame_000818_rgb_ref_anon.png,/home/ace/Downloads/rgb_anon_trainvaltest/rgb_anon/night/train/GOPR0376/GOPR0376_frame_000818_rgb_anon.png
acdc,Mask2Former-Swin-L,person,GOPR0376/gopr0376_frame_000822.png,382,0,/home/ace/Downloads/rgb_anon_trainvaltest/rgb_anon/night/train_ref/GOPR0376/GOPR0376_frame_000822_rgb_ref_anon.png,/home/ace/Downloads/rgb_anon_trainvaltest/rgb_anon/night/train/GOPR0376/GOPR0376_frame_000822_rgb_anon.png
acdc,Mask2Former-Swin-L,person,GOPR0376/gopr0376_frame_000826.png,175,106,/home/ace/Downloads/rgb_anon_trainvaltest/rgb_anon/night/train_ref/GOPR0376/GOPR0376_frame_000826_rgb_ref_anon.png,/home/ace/Downloads/rgb_anon_trainvaltest/rgb_anon/night/train/GOPR0376/GOPR0376_frame_000826_rgb_anon.png
acdc,Mask2Former-Swin-L,person,GOPR0376/gopr0376_frame_000835.png,2503,0,/home/ace/Downloads/rgb_anon_trainvaltest/rgb_anon/night/train_ref/GOPR0376/GOPR0376_frame_000835_rgb_ref_anon.png,/home/ace/Downloads/rgb_anon_trainvaltest/rgb_anon/night/train/GOPR0376/GOPR0376_frame_000835_rgb_anon.png
acdc,Mask2Former-Swin-L,person,GOPR0376/gopr0376_frame_000843.png,0,151,/home/ace/Downloads/rgb_anon_trainvaltest/rgb_anon/night/train_ref/GOPR0376/GOPR0376_frame_000843_rgb_ref_anon.png,/home/ace/Downloads/rgb_anon_trainvaltest/rgb_anon/night/train/GOPR0376/GOPR0376_frame_000843_rgb_anon.png
acdc,Mask2Former-Swin-L,person,GOPR0376/gopr0376_frame_000847.png,0,0,/home/ace/Downloads/rgb_anon_trainvaltest/rgb_anon/night/train_ref/GOPR0376/GOPR0376_frame_000847_rgb_ref_anon.png,/home/ace/Downloads/rgb_anon_trainvaltest/rgb_anon/night/train/GOPR0376/GOPR0376_frame_000847_rgb_anon.png
acdc,Mask2Former-Swin-L,person,GOPR0376/gopr0376_frame_000851.png,0,0,/home/ace/Downloads/rgb_anon_trainvaltest/rgb_anon/night/train_ref/GOPR0376/GOPR0376_frame_000851_rgb_ref_anon.png,/home/ace/Downloads/rgb_anon_trainvaltest/rgb_anon/night/train/GOPR0376/GOPR0376_frame_000851_rgb_anon.png
acdc,Mask2Former-Swin-L,person,GOPR0376/gopr0376_frame_000857.png,0,0,/home/ace/Downloads/rgb_anon_trainvaltest/rgb_anon/night/train_ref/GOPR0376/GOPR0376_frame_000857_rgb_ref_anon.png,/home/ace/Downloads/rgb_anon_trainvaltest/rgb_anon/night/train/GOPR0376/GOPR0376_frame_000857_rgb_anon.png
acdc,Mask2Former-Swin-L,person,GOPR0376/gopr0376_frame_000862.png,466,10341,/home/ace/Downloads/rgb_anon_trainvaltest/rgb_anon/night/train_ref/GOPR0376/GOPR0376_frame_000862_rgb_ref_anon.png,/home/ace/Downloads/rgb_anon_trainvaltest/rgb_anon/night/train/GOPR0376/GOPR0376_frame_000862_rgb_anon.png
acdc,Mask2Former-Swin-L,person,GOPR0376/gopr0376_frame_000866.png,0,0,/home/ace/Downloads/rgb_anon_trainvaltest/rgb_anon/night/train_ref/GOPR0376/GOPR0376_frame_000866_rgb_ref_anon.png,/home/ace/Downloads/rgb_anon_trainvaltest/rgb_anon/night/train/GOPR0376/GOPR0376_frame_000866_rgb_anon.png
acdc,Mask2Former-Swin-L,person,GOPR0376/gopr0376_frame_000870.png,821,0,/home/ace/Downloads/rgb_anon_trainvaltest/rgb_anon/night/train_ref/GOPR0376/GOPR0376_frame_000870_rgb_ref_anon.png,/home/ace/Downloads/rgb_anon_trainvaltest/rgb_anon/night/train/GOPR0376/GOPR0376_frame_000870_rgb_anon.png
acdc,Mask2Former-Swin-L,person,GOPR0376/gopr0376_frame_000874.png,0,0,/home/ace/Downloads/rgb_anon_trainvaltest/rgb_anon/night/train_ref/GOPR0376/GOPR0376_frame_000874_rgb_ref_anon.png,/home/ace/Downloads/rgb_anon_trainvaltest/rgb_anon/night/train/GOPR0376/GOPR0376_frame_000874_rgb_anon.png
acdc,Mask2Former-Swin-L,person,GOPR0376/gopr0376_frame_000878.png,0,0,/home/ace/Downloads/rgb_anon_trainvaltest/rgb_anon/night/train_ref/GOPR0376/GOPR0376_frame_000878_rgb_ref_anon.png,/home/ace/Downloads/rgb_anon_trainvaltest/rgb_anon/night/train/GOPR0376/GOPR0376_frame_000878_rgb_anon.png
acdc,Mask2Former-Swin-L,person,GOPR0376/gopr0376_frame_000882.png,0,0,/home/ace/Downloads/rgb_anon_trainvaltest/rgb_anon/night/train_ref/GOPR0376/GOPR0376_frame_000882_rgb_ref_anon.png,/home/ace/Downloads/rgb_anon_trainvaltest/rgb_anon/night/train/GOPR0376/GOPR0376_frame_000882_rgb_anon.png
acdc,Mask2Former-Swin-L,person,GOPR0376/gopr0376_frame_000887.png,1444,904,/home/ace/Downloads/rgb_anon_trainvaltest/rgb_anon/night/train_ref/GOPR0376/GOPR0376_frame_000887_rgb_ref_anon.png,/home/ace/Downloads/rgb_anon_trainvaltest/rgb_anon/night/train/GOPR0376/GOPR0376_frame_000887_rgb_anon.png
acdc,Mask2Former-Swin-L,person,GOPR0376/gopr0376_frame_000909.png,1329,4149,/home/ace/Downloads/rgb_anon_trainvaltest/rgb_anon/night/train_ref/GOPR0376/GOPR0376_frame_000909_rgb_ref_anon.png,/home/ace/Downloads/rgb_anon_trainvaltest/rgb_anon/night/train/GOPR0376/GOPR0376_frame_000909_rgb_anon.png
acdc,Mask2Former-Swin-L,person,GOPR0376/gopr0376_frame_000916.png,29385,3311,/home/ace/Downloads/rgb_anon_trainvaltest/rgb_anon/night/train_ref/GOPR0376/GOPR0376_frame_000916_rgb_ref_anon.png,/home/ace/Downloads/rgb_anon_trainvaltest/rgb_anon/night/train/GOPR0376/GOPR0376_frame_000916_rgb_anon.png
acdc,Mask2Former-Swin-L,person,GOPR0376/gopr0376_frame_000922.png,0,0,/home/ace/Downloads/rgb_anon_trainvaltest/rgb_anon/night/train_ref/GOPR0376/GOPR0376_frame_000922_rgb_ref_anon.png,/home/ace/Downloads/rgb_anon_trainvaltest/rgb_anon/night/train/GOPR0376/GOPR0376_frame_000922_rgb_anon.png
acdc,Mask2Former-Swin-L,person,GOPR0376/gopr0376_frame_000927.png,0,0,/home/ace/Downloads/rgb_anon_trainvaltest/rgb_anon/night/train_ref/GOPR0376/GOPR0376_frame_000927_rgb_ref_anon.png,/home/ace/Downloads/rgb_anon_trainvaltest/rgb_anon/night/train/GOPR0376/GOPR0376_frame_000927_rgb_anon.png
acdc,Mask2Former-Swin-L,person,GOPR0376/gopr0376_frame_000936.png,2777,285,/home/ace/Downloads/rgb_anon_trainvaltest/rgb_anon/night/train_ref/GOPR0376/GOPR0376_frame_000936_rgb_ref_anon.png,/home/ace/Downloads/rgb_anon_trainvaltest/rgb_anon/night/train/GOPR0376/GOPR0376_frame_000936_rgb_anon.png
acdc,Mask2Former-Swin-L,person,GOPR0376/gopr0376_frame_000954.png,2771,177,/home/ace/Downloads/rgb_anon_trainvaltest/rgb_anon/night/train_ref/GOPR0376/GOPR0376_frame_000954_rgb_ref_anon.png,/home/ace/Downloads/rgb_anon_trainvaltest/rgb_anon/night/train/GOPR0376/GOPR0376_frame_000954_rgb_anon.png
acdc,Mask2Former-Swin-L,person,GOPR0376/gopr0376_frame_000959.png,0,703,/home/ace/Downloads/rgb_anon_trainvaltest/rgb_anon/night/train_ref/GOPR0376/GOPR0376_frame_000959_rgb_ref_anon.png,/home/ace/Downloads/rgb_anon_trainvaltest/rgb_anon/night/train/GOPR0376/GOPR0376_frame_000959_rgb_anon.png
acdc,Mask2Former-Swin-L,person,GOPR0376/gopr0376_frame_000963.png,0,22,/home/ace/Downloads/rgb_anon_trainvaltest/rgb_anon/night/train_ref/GOPR0376/GOPR0376_frame_000963_rgb_ref_anon.png,/home/ace/Downloads/rgb_anon_trainvaltest/rgb_anon/night/train/GOPR0376/GOPR0376_frame_000963_rgb_anon.png
acdc,Mask2Former-Swin-L,person,GOPR0376/gopr0376_frame_000967.png,1409,0,/home/ace/Downloads/rgb_anon_trainvaltest/rgb_anon/night/train_ref/GOPR0376/GOPR0376_frame_000967_rgb_ref_anon.png,/home/ace/Downloads/rgb_anon_trainvaltest/rgb_anon/night/train/GOPR0376/GOPR0376_frame_000967_rgb_anon.png
acdc,Mask2Former-Swin-L,person,GOPR0376/gopr0376_frame_000971.png,0,0,/home/ace/Downloads/rgb_anon_trainvaltest/rgb_anon/night/train_ref/GOPR0376/GOPR0376_frame_000971_rgb_ref_anon.png,/home/ace/Downloads/rgb_anon_trainvaltest/rgb_anon/night/train/GOPR0376/GOPR0376_frame_000971_rgb_anon.png
acdc,Mask2Former-Swin-L,person,GOPR0376/gopr0376_frame_000975.png,0,0,/home/ace/Downloads/rgb_anon_trainvaltest/rgb_anon/night/train_ref/GOPR0376/GOPR0376_frame_000975_rgb_ref_anon.png,/home/ace/Downloads/rgb_anon_trainvaltest/rgb_anon/night/train/GOPR0376/GOPR0376_frame_000975_rgb_anon.png
acdc,Mask2Former-Swin-L,person,GOPR0376/gopr0376_frame_000979.png,0,2998,/home/ace/Downloads/rgb_anon_trainvaltest/rgb_anon/night/train_ref/GOPR0376/GOPR0376_frame_000979_rgb_ref_anon.png,/home/ace/Downloads/rgb_anon_trainvaltest/rgb_anon/night/train/GOPR0376/GOPR0376_frame_000979_rgb_anon.png
acdc,Mask2Former-Swin-L,person,GOPR0376/gopr0376_frame_000983.png,14198,3641,/home/ace/Downloads/rgb_anon_trainvaltest/rgb_anon/night/train_ref/GOPR0376/GOPR0376_frame_000983_rgb_ref_anon.png,/home/ace/Downloads/rgb_anon_trainvaltest/rgb_anon/night/train/GOPR0376/GOPR0376_frame_000983_rgb_anon.png
acdc,Mask2Former-Swin-L,person,GOPR0376/gopr0376_frame_000991.png,0,59,/home/ace/Downloads/rgb_anon_trainvaltest/rgb_anon/night/train_ref/GOPR0376/GOPR0376_frame_000991_rgb_ref_anon.png,/home/ace/Downloads/rgb_anon_trainvaltest/rgb_anon/night/train/GOPR0376/GOPR0376_frame_000991_rgb_anon.png
acdc,Mask2Former-Swin-L,person,GOPR0376/gopr0376_frame_001001.png,0,3921,/home/ace/Downloads/rgb_anon_trainvaltest/rgb_anon/night/train_ref/GOPR0376/GOPR0376_frame_001001_rgb_ref_anon.png,/home/ace/Downloads/rgb_anon_trainvaltest/rgb_anon/night/train/GOPR0376/GOPR0376_frame_001001_rgb_anon.png
acdc,Mask2Former-Swin-L,person,GOPR0376/gopr0376_frame_001005.png,0,7845,/home/ace/Downloads/rgb_anon_trainvaltest/rgb_anon/night/train_ref/GOPR0376/GOPR0376_frame_001005_rgb_ref_anon.png,/home/ace/Downloads/rgb_anon_trainvaltest/rgb_anon/night/train/GOPR0376/GOPR0376_frame_001005_rgb_anon.png
acdc,Mask2Former-Swin-L,person,GOPR0376/gopr0376_frame_001009.png,0,0,/home/ace/Downloads/rgb_anon_trainvaltest/rgb_anon/night/train_ref/GOPR0376/GOPR0376_frame_001009_rgb_ref_anon.png,/home/ace/Downloads/rgb_anon_trainvaltest/rgb_anon/night/train/GOPR0376/GOPR0376_frame_001009_rgb_anon.png
acdc,Mask2Former-Swin-L,person,GOPR0376/gopr0376_frame_001013.png,0,0,/home/ace/Downloads/rgb_anon_trainvaltest/rgb_anon/night/train_ref/GOPR0376/GOPR0376_frame_001013_rgb_ref_anon.png,/home/ace/Downloads/rgb_anon_trainvaltest/rgb_anon/night/train/GOPR0376/GOPR0376_frame_001013_rgb_anon.png
acdc,Mask2Former-Swin-L,person,GOPR0376/gopr0376_frame_001017.png,1298,6983,/home/ace/Downloads/rgb_anon_trainvaltest/rgb_anon/night/train_ref/GOPR0376/GOPR0376_frame_001017_rgb_ref_anon.png,/home/ace/Downloads/rgb_anon_trainvaltest/rgb_anon/night/train/GOPR0376/GOPR0376_frame_001017_rgb_anon.png
acdc,Mask2Former-Swin-L,person,GOPR0376/gopr0376_frame_001021.png,1433,655,/home/ace/Downloads/rgb_anon_trainvaltest/rgb_anon/night/train_ref/GOPR0376/GOPR0376_frame_001021_rgb_ref_anon.png,/home/ace/Downloads/rgb_anon_trainvaltest/rgb_anon/night/train/GOPR0376/GOPR0376_frame_001021_rgb_anon.png
acdc,Mask2Former-Swin-L,person,GOPR0376/gopr0376_frame_001025.png,10,0,/home/ace/Downloads/rgb_anon_trainvaltest/rgb_anon/night/train_ref/GOPR0376/GOPR0376_frame_001025_rgb_ref_anon.png,/home/ace/Downloads/rgb_anon_trainvaltest/rgb_anon/night/train/GOPR0376/GOPR0376_frame_001025_rgb_anon.png
acdc,Mask2Former-Swin-L,person,GOPR0376/gopr0376_frame_001032.png,28344,8735,/home/ace/Downloads/rgb_anon_trainvaltest/rgb_anon/night/train_ref/GOPR0376/GOPR0376_frame_001032_rgb_ref_anon.png,/home/ace/Downloads/rgb_anon_trainvaltest/rgb_anon/night/train/GOPR0376/GOPR0376_frame_001032_rgb_anon.png
acdc,Mask2Former-Swin-L,person,GOPR0376/gopr0376_frame_001050.png,0,234,/home/ace/Downloads/rgb_anon_trainvaltest/rgb_anon/night/train_ref/GOPR0376/GOPR0376_frame_001050_rgb_ref_anon.png,/home/ace/Downloads/rgb_anon_trainvaltest/rgb_anon/night/train/GOPR0376/GOPR0376_frame_001050_rgb_anon.png
acdc,Mask2Former-Swin-L,person,GOPR0376/gopr0376_frame_001054.png,0,0,/home/ace/Downloads/rgb_anon_trainvaltest/rgb_anon/night/train_ref/GOPR0376/GOPR0376_frame_001054_rgb_ref_anon.png,/home/ace/Downloads/rgb_anon_trainvaltest/rgb_anon/night/train/GOPR0376/GOPR0376_frame_001054_rgb_anon.png
acdc,Mask2Former-Swin-L,person,GOPR0376/gopr0376_frame_001058.png,0,46,/home/ace/Downloads/rgb_anon_trainvaltest/rgb_anon/night/train_ref/GOPR0376/GOPR0376_frame_001058_rgb_ref_anon.png,/home/ace/Downloads/rgb_anon_trainvaltest/rgb_anon/night/train/GOPR0376/GOPR0376_frame_001058_rgb_anon.png
acdc,Mask2Former-Swin-L,person,GP010376/gp010376_frame_000001.png,0,1,/home/ace/Downloads/rgb_anon_trainvaltest/rgb_anon/night/train_ref/GP010376/GP010376_frame_000001_rgb_ref_anon.png,/home/ace/Downloads/rgb_anon_trainvaltest/rgb_anon/night/train/GP010376/GP010376_frame_000001_rgb_anon.png
acdc,Mask2Former-Swin-L,person,GP010376/gp010376_frame_000005.png,0,0,/home/ace/Downloads/rgb_anon_trainvaltest/rgb_anon/night/train_ref/GP010376/GP010376_frame_000005_rgb_ref_anon.png,/home/ace/Downloads/rgb_anon_trainvaltest/rgb_anon/night/train/GP010376/GP010376_frame_000005_rgb_anon.png
acdc,Mask2Former-Swin-L,person,GP010376/gp010376_frame_000009.png,0,0,/home/ace/Downloads/rgb_anon_trainvaltest/rgb_anon/night/train_ref/GP010376/GP010376_frame_000009_rgb_ref_anon.png,/home/ace/Downloads/rgb_anon_trainvaltest/rgb_anon/night/train/GP010376/GP010376_frame_000009_rgb_anon.png
acdc,Mask2Former-Swin-L,person,GP010376/gp010376_frame_000013.png,0,0,/home/ace/Downloads/rgb_anon_trainvaltest/rgb_anon/night/train_ref/GP010376/GP010376_frame_000013_rgb_ref_anon.png,/home/ace/Downloads/rgb_anon_trainvaltest/rgb_anon/night/train/GP010376/GP010376_frame_000013_rgb_anon.png
acdc,Mask2Former-Swin-L,person,GP010376/gp010376_frame_000020.png,0,0,/home/ace/Downloads/rgb_anon_trainvaltest/rgb_anon/night/train_ref/GP010376/GP010376_frame_000020_rgb_ref_anon.png,/home/ace/Downloads/rgb_anon_trainvaltest/rgb_anon/night/train/GP010376/GP010376_frame_000020_rgb_anon.png
acdc,Mask2Former-Swin-L,person,GP010376/gp010376_frame_000024.png,0,201,/home/ace/Downloads/rgb_anon_trainvaltest/rgb_anon/night/train_ref/GP010376/GP010376_frame_000024_rgb_ref_anon.png,/home/ace/Downloads/rgb_anon_trainvaltest/rgb_anon/night/train/GP010376/GP010376_frame_000024_rgb_anon.png
acdc,Mask2Former-Swin-L,person,GP010376/gp010376_frame_000028.png,0,0,/home/ace/Downloads/rgb_anon_trainvaltest/rgb_anon/night/train_ref/GP010376/GP010376_frame_000028_rgb_ref_anon.png,/home/ace/Downloads/rgb_anon_trainvaltest/rgb_anon/night/train/GP010376/GP010376_frame_000028_rgb_anon.png
acdc,Mask2Former-Swin-L,person,GP010376/gp010376_frame_000032.png,0,2105,/home/ace/Downloads/rgb_anon_trainvaltest/rgb_anon/night/train_ref/GP010376/GP010376_frame_000032_rgb_ref_anon.png,/home/ace/Downloads/rgb_anon_trainvaltest/rgb_anon/night/train/GP010376/GP010376_frame_000032_rgb_anon.png
acdc,Mask2Former-Swin-L,person,GP010376/gp010376_frame_000036.png,0,26,/home/ace/Downloads/rgb_anon_trainvaltest/rgb_anon/night/train_ref/GP010376/GP010376_frame_000036_rgb_ref_anon.png,/home/ace/Downloads/rgb_anon_trainvaltest/rgb_anon/night/train/GP010376/GP010376_frame_000036_rgb_anon.png
acdc,Mask2Former-Swin-L,person,GP010376/gp010376_frame_000040.png,0,0,/home/ace/Downloads/rgb_anon_trainvaltest/rgb_anon/night/train_ref/GP010376/GP010376_frame_000040_rgb_ref_anon.png,/home/ace/Downloads/rgb_anon_trainvaltest/rgb_anon/night/train/GP010376/GP010376_frame_000040_rgb_anon.png
acdc,Mask2Former-Swin-L,person,GP010376/gp010376_frame_000044.png,0,0,/home/ace/Downloads/rgb_anon_trainvaltest/rgb_anon/night/train_ref/GP010376/GP010376_frame_000044_rgb_ref_anon.png,/home/ace/Downloads/rgb_anon_trainvaltest/rgb_anon/night/train/GP010376/GP010376_frame_000044_rgb_anon.png
acdc,Mask2Former-Swin-L,person,GP010376/gp010376_frame_000049.png,0,37,/home/ace/Downloads/rgb_anon_trainvaltest/rgb_anon/night/train_ref/GP010376/GP010376_frame_000049_rgb_ref_anon.png,/home/ace/Downloads/rgb_anon_trainvaltest/rgb_anon/night/train/GP010376/GP010376_frame_000049_rgb_anon.png
acdc,Mask2Former-Swin-L,person,GP010376/gp010376_frame_000084.png,0,1373,/home/ace/Downloads/rgb_anon_trainvaltest/rgb_anon/night/train_ref/GP010376/GP010376_frame_000084_rgb_ref_anon.png,/home/ace/Downloads/rgb_anon_trainvaltest/rgb_anon/night/train/GP010376/GP010376_frame_000084_rgb_anon.png
acdc,Mask2Former-Swin-L,person,GP010376/gp010376_frame_000124.png,0,0,/home/ace/Downloads/rgb_anon_trainvaltest/rgb_anon/night/train_ref/GP010376/GP010376_frame_000124_rgb_ref_anon.png,/home/ace/Downloads/rgb_anon_trainvaltest/rgb_anon/night/train/GP010376/GP010376_frame_000124_rgb_anon.png
acdc,Mask2Former-Swin-L,person,GP010376/gp010376_frame_000129.png,0,0,/home/ace/Downloads/rgb_anon_trainvaltest/rgb_anon/night/train_ref/GP010376/GP010376_frame_000129_rgb_ref_anon.png,/home/ace/Downloads/rgb_anon_trainvaltest/rgb_anon/night/train/GP010376/GP010376_frame_000129_rgb_anon.png
acdc,Mask2Former-Swin-L,person,GP010376/gp010376_frame_000133.png,0,0,/home/ace/Downloads/rgb_anon_trainvaltest/rgb_anon/night/train_ref/GP010376/GP010376_frame_000133_rgb_ref_anon.png,/home/ace/Downloads/rgb_anon_trainvaltest/rgb_anon/night/train/GP010376/GP010376_frame_000133_rgb_anon.png
acdc,Mask2Former-Swin-L,person,GP010376/gp010376_frame_000137.png,0,77,/home/ace/Downloads/rgb_anon_trainvaltest/rgb_anon/night/train_ref/GP010376/GP010376_frame_000137_rgb_ref_anon.png,/home/ace/Downloads/rgb_anon_trainvaltest/rgb_anon/night/train/GP010376/GP010376_frame_000137_rgb_anon.png
acdc,Mask2Former-Swin-L,person,GP010376/gp010376_frame_000141.png,0,0,/home/ace/Downloads/rgb_anon_trainvaltest/rgb_anon/night/train_ref/GP010376/GP010376_frame_000141_rgb_ref_anon.png,/home/ace/Downloads/rgb_anon_trainvaltest/rgb_anon/night/train/GP010376/GP010376_frame_000141_rgb_anon.png
acdc,Mask2Former-Swin-L,person,GP010376/gp010376_frame_000145.png,1289,0,/home/ace/Downloads/rgb_anon_trainvaltest/rgb_anon/night/train_ref/GP010376/GP010376_frame_000145_rgb_ref_anon.png,/home/ace/Downloads/rgb_anon_trainvaltest/rgb_anon/night/train/GP010376/GP010376_frame_000145_rgb_anon.png
acdc,Mask2Former-Swin-L,person,GP010376/gp010376_frame_000149.png,0,0,/home/ace/Downloads/rgb_anon_trainvaltest/rgb_anon/night/train_ref/GP010376/GP010376_frame_000149_rgb_ref_anon.png,/home/ace/Downloads/rgb_anon_trainvaltest/rgb_anon/night/train/GP010376/GP010376_frame_000149_rgb_anon.png
acdc,Mask2Former-Swin-L,person,GP010376/gp010376_frame_000153.png,0,3018,/home/ace/Downloads/rgb_anon_trainvaltest/rgb_anon/night/train_ref/GP010376/GP010376_frame_000153_rgb_ref_anon.png,/home/ace/Downloads/rgb_anon_trainvaltest/rgb_anon/night/train/GP010376/GP010376_frame_000153_rgb_anon.png
acdc,Mask2Former-Swin-L,person,GP010376/gp010376_frame_000171.png,0,0,/home/ace/Downloads/rgb_anon_trainvaltest/rgb_anon/night/train_ref/GP010376/GP010376_frame_000171_rgb_ref_anon.png,/home/ace/Downloads/rgb_anon_trainvaltest/rgb_anon/night/train/GP010376/GP010376_frame_000171_rgb_anon.png
acdc,Mask2Former-Swin-L,person,GP010376/gp010376_frame_000177.png,0,0,/home/ace/Downloads/rgb_anon_trainvaltest/rgb_anon/night/train_ref/GP010376/GP010376_frame_000177_rgb_ref_anon.png,/home/ace/Downloads/rgb_anon_trainvaltest/rgb_anon/night/train/GP010376/GP010376_frame_000177_rgb_anon.png
acdc,Mask2Former-Swin-L,person,GP010376/gp010376_frame_000181.png,431,0,/home/ace/Downloads/rgb_anon_trainvaltest/rgb_anon/night/train_ref/GP010376/GP010376_frame_000181_rgb_ref_anon.png,/home/ace/Downloads/rgb_anon_trainvaltest/rgb_anon/night/train/GP010376/GP010376_frame_000181_rgb_anon.png
acdc,Mask2Former-Swin-L,person,GP010376/gp010376_frame_000185.png,0,0,/home/ace/Downloads/rgb_anon_trainvaltest/rgb_anon/night/train_ref/GP010376/GP010376_frame_000185_rgb_ref_anon.png,/home/ace/Downloads/rgb_anon_trainvaltest/rgb_anon/night/train/GP010376/GP010376_frame_000185_rgb_anon.png
acdc,Mask2Former-Swin-L,person,GP010376/gp010376_frame_000189.png,1306,0,/home/ace/Downloads/rgb_anon_trainvaltest/rgb_anon/night/train_ref/GP010376/GP010376_frame_000189_rgb_ref_anon.png,/home/ace/Downloads/rgb_anon_trainvaltest/rgb_anon/night/train/GP010376/GP010376_frame_000189_rgb_anon.png
acdc,Mask2Former-Swin-L,person,GP010376/gp010376_frame_000193.png,0,0,/home/ace/Downloads/rgb_anon_trainvaltest/rgb_anon/night/train_ref/GP010376/GP010376_frame_000193_rgb_ref_anon.png,/home/ace/Downloads/rgb_anon_trainvaltest/rgb_anon/night/train/GP010376/GP010376_frame_000193_rgb_anon.png
acdc,Mask2Former-Swin-L,person,GP010376/gp010376_frame_000197.png,0,0,/home/ace/Downloads/rgb_anon_trainvaltest/rgb_anon/night/train_ref/GP010376/GP010376_frame_000197_rgb_ref_anon.png,/home/ace/Downloads/rgb_anon_trainvaltest/rgb_anon/night/train/GP010376/GP010376_frame_000197_rgb_anon.png
acdc,Mask2Former-Swin-L,person,GP010376/gp010376_frame_000201.png,0,0,/home/ace/Downloads/rgb_anon_trainvaltest/rgb_anon/night/train_ref/GP010376/GP010376_frame_000201_rgb_ref_anon.png,/home/ace/Downloads/rgb_anon_trainvaltest/rgb_anon/night/train/GP010376/GP010376_frame_000201_rgb_anon.png
acdc,Mask2Former-Swin-L,person,GP010376/gp010376_frame_000206.png,0,5507,/home/ace/Downloads/rgb_anon_trainvaltest/rgb_anon/night/train_ref/GP010376/GP010376_frame_000206_rgb_ref_anon.png,/home/ace/Downloads/rgb_anon_trainvaltest/rgb_anon/night/train/GP010376/GP010376_frame_000206_rgb_anon.png
acdc,Mask2Former-Swin-L,person,GP010376/gp010376_frame_000213.png,2,0,/home/ace/Downloads/rgb_anon_trainvaltest/rgb_anon/night/train_ref/GP010376/GP010376_frame_000213_rgb_ref_anon.png,/home/ace/Downloads/rgb_anon_trainvaltest/rgb_anon/night/train/GP010376/GP010376_frame_000213_rgb_anon.png
acdc,Mask2Former-Swin-L,person,GP010376/gp010376_frame_000219.png,0,0,/home/ace/Downloads/rgb_anon_trainvaltest/rgb_anon/night/train_ref/GP010376/GP010376_frame_000219_rgb_ref_anon.png,/home/ace/Downloads/rgb_anon_trainvaltest/rgb_anon/night/train/GP010376/GP010376_frame_000219_rgb_anon.png
acdc,Mask2Former-Swin-L,person,GP010376/gp010376_frame_000223.png,0,0,/home/ace/Downloads/rgb_anon_trainvaltest/rgb_anon/night/train_ref/GP010376/GP010376_frame_000223_rgb_ref_anon.png,/home/ace/Downloads/rgb_anon_trainvaltest/rgb_anon/night/train/GP010376/GP010376_frame_000223_rgb_anon.png
acdc,Mask2Former-Swin-L,person,GP010376/gp010376_frame_000227.png,0,0,/home/ace/Downloads/rgb_anon_trainvaltest/rgb_anon/night/train_ref/GP010376/GP010376_frame_000227_rgb_ref_anon.png,/home/ace/Downloads/rgb_anon_trainvaltest/rgb_anon/night/train/GP010376/GP010376_frame_000227_rgb_anon.png
acdc,Mask2Former-Swin-L,person,GP010376/gp010376_frame_000231.png,0,0,/home/ace/Downloads/rgb_anon_trainvaltest/rgb_anon/night/train_ref/GP010376/GP010376_frame_000231_rgb_ref_anon.png,/home/ace/Downloads/rgb_anon_trainvaltest/rgb_anon/night/train/GP010376/GP010376_frame_000231_rgb_anon.png
acdc,Mask2Former-Swin-L,person,GP010376/gp010376_frame_000235.png,0,0,/home/ace/Downloads/rgb_anon_trainvaltest/rgb_anon/night/train_ref/GP010376/GP010376_frame_000235_rgb_ref_anon.png,/home/ace/Downloads/rgb_anon_trainvaltest/rgb_anon/night/train/GP010376/GP010376_frame_000235_rgb_anon.png
acdc,Mask2Former-Swin-L,person,GP010376/gp010376_frame_000239.png,0,0,/home/ace/Downloads/rgb_anon_trainvaltest/rgb_anon/night/train_ref/GP010376/GP010376_frame_000239_rgb_ref_anon.png,/home/ace/Downloads/rgb_anon_trainvaltest/rgb_anon/night/train/GP010376/GP010376_frame_000239_rgb_anon.png
acdc,Mask2Former-Swin-L,person,GP010376/gp010376_frame_000243.png,0,0,/home/ace/Downloads/rgb_anon_trainvaltest/rgb_anon/night/train_ref/GP010376/GP010376_frame_000243_rgb_ref_anon.png,/home/ace/Downloads/rgb_anon_trainvaltest/rgb_anon/night/train/GP010376/GP010376_frame_000243_rgb_anon.png
acdc,Mask2Former-Swin-L,person,GP010376/gp010376_frame_000247.png,0,0,/home/ace/Downloads/rgb_anon_trainvaltest/rgb_anon/night/train_ref/GP010376/GP010376_frame_000247_rgb_ref_anon.png,/home/ace/Downloads/rgb_anon_trainvaltest/rgb_anon/night/train/GP010376/GP010376_frame_000247_rgb_anon.png
acdc,Mask2Former-Swin-L,person,GP010376/gp010376_frame_000251.png,3,0,/home/ace/Downloads/rgb_anon_trainvaltest/rgb_anon/night/train_ref/GP010376/GP010376_frame_000251_rgb_ref_anon.png,/home/ace/Downloads/rgb_anon_trainvaltest/rgb_anon/night/train/GP010376/GP010376_frame_000251_rgb_anon.png
acdc,Mask2Former-Swin-L,person,GP010376/gp010376_frame_000255.png,768,0,/home/ace/Downloads/rgb_anon_trainvaltest/rgb_anon/night/train_ref/GP010376/GP010376_frame_000255_rgb_ref_anon.png,/home/ace/Downloads/rgb_anon_trainvaltest/rgb_anon/night/train/GP010376/GP010376_frame_000255_rgb_anon.png
acdc,Mask2Former-Swin-L,person,GP010376/gp010376_frame_000259.png,0,0,/home/ace/Downloads/rgb_anon_trainvaltest/rgb_anon/night/train_ref/GP010376/GP010376_frame_000259_rgb_ref_anon.png,/home/ace/Downloads/rgb_anon_trainvaltest/rgb_anon/night/train/GP010376/GP010376_frame_000259_rgb_anon.png
acdc,Mask2Former-Swin-L,person,GP010376/gp010376_frame_000263.png,0,10664,/home/ace/Downloads/rgb_anon_trainvaltest/rgb_anon/night/train_ref/GP010376/GP010376_frame_000263_rgb_ref_anon.png,/home/ace/Downloads/rgb_anon_trainvaltest/rgb_anon/night/train/GP010376/GP010376_frame_000263_rgb_anon.png
acdc,Mask2Former-Swin-L,person,GP010376/gp010376_frame_000267.png,472,4494,/home/ace/Downloads/rgb_anon_trainvaltest/rgb_anon/night/train_ref/GP010376/GP010376_frame_000267_rgb_ref_anon.png,/home/ace/Downloads/rgb_anon_trainvaltest/rgb_anon/night/train/GP010376/GP010376_frame_000267_rgb_anon.png
acdc,Mask2Former-Swin-L,person,GP010376/gp010376_frame_000271.png,0,0,/home/ace/Downloads/rgb_anon_trainvaltest/rgb_anon/night/train_ref/GP010376/GP010376_frame_000271_rgb_ref_anon.png,/home/ace/Downloads/rgb_anon_trainvaltest/rgb_anon/night/train/GP010376/GP010376_frame_000271_rgb_anon.png
acdc,Mask2Former-Swin-L,person,GP010376/gp010376_frame_000275.png,0,0,/home/ace/Downloads/rgb_anon_trainvaltest/rgb_anon/night/train_ref/GP010376/GP010376_frame_000275_rgb_ref_anon.png,/home/ace/Downloads/rgb_anon_trainvaltest/rgb_anon/night/train/GP010376/GP010376_frame_000275_rgb_anon.png
acdc,Mask2Former-Swin-L,person,GP010376/gp010376_frame_000279.png,0,166,/home/ace/Downloads/rgb_anon_trainvaltest/rgb_anon/night/train_ref/GP010376/GP010376_frame_000279_rgb_ref_anon.png,/home/ace/Downloads/rgb_anon_trainvaltest/rgb_anon/night/train/GP010376/GP010376_frame_000279_rgb_anon.png
acdc,Mask2Former-Swin-L,person,GP010376/gp010376_frame_000283.png,0,0,/home/ace/Downloads/rgb_anon_trainvaltest/rgb_anon/night/train_ref/GP010376/GP010376_frame_000283_rgb_ref_anon.png,/home/ace/Downloads/rgb_anon_trainvaltest/rgb_anon/night/train/GP010376/GP010376_frame_000283_rgb_anon.png
acdc,Mask2Former-Swin-L,person,GP010376/gp010376_frame_000287.png,0,0,/home/ace/Downloads/rgb_anon_trainvaltest/rgb_anon/night/train_ref/GP010376/GP010376_frame_000287_rgb_ref_anon.png,/home/ace/Downloads/rgb_anon_trainvaltest/rgb_anon/night/train/GP010376/GP010376_frame_000287_rgb_anon.png
acdc,Mask2Former-Swin-L,person,GP010376/gp010376_frame_000291.png,0,0,/home/ace/Downloads/rgb_anon_trainvaltest/rgb_anon/night/train_ref/GP010376/GP010376_frame_000291_rgb_ref_anon.png,/home/ace/Downloads/rgb_anon_trainvaltest/rgb_anon/night/train/GP010376/GP010376_frame_000291_rgb_anon.png
acdc,Mask2Former-Swin-L,person,GP010376/gp010376_frame_000295.png,0,0,/home/ace/Downloads/rgb_anon_trainvaltest/rgb_anon/night/train_ref/GP010376/GP010376_frame_000295_rgb_ref_anon.png,/home/ace/Downloads/rgb_anon_trainvaltest/rgb_anon/night/train/GP010376/GP010376_frame_000295_rgb_anon.png
acdc,Mask2Former-Swin-L,person,GP010376/gp010376_frame_000299.png,0,0,/home/ace/Downloads/rgb_anon_trainvaltest/rgb_anon/night/train_ref/GP010376/GP010376_frame_000299_rgb_ref_anon.png,/home/ace/Downloads/rgb_anon_trainvaltest/rgb_anon/night/train/GP010376/GP010376_frame_000299_rgb_anon.png
acdc,Mask2Former-Swin-L,person,GP010376/gp010376_frame_000303.png,0,0,/home/ace/Downloads/rgb_anon_trainvaltest/rgb_anon/night/train_ref/GP010376/GP010376_frame_000303_rgb_ref_anon.png,/home/ace/Downloads/rgb_anon_trainvaltest/rgb_anon/night/train/GP010376/GP010376_frame_000303_rgb_anon.png
acdc,Mask2Former-Swin-L,person,GP010376/gp010376_frame_000307.png,0,0,/home/ace/Downloads/rgb_anon_trainvaltest/rgb_anon/night/train_ref/GP010376/GP010376_frame_000307_rgb_ref_anon.png,/home/ace/Downloads/rgb_anon_trainvaltest/rgb_anon/night/train/GP010376/GP010376_frame_000307_rgb_anon.png
acdc,Mask2Former-Swin-L,person,GP010376/gp010376_frame_000311.png,0,0,/home/ace/Downloads/rgb_anon_trainvaltest/rgb_anon/night/train_ref/GP010376/GP010376_frame_000311_rgb_ref_anon.png,/home/ace/Downloads/rgb_anon_trainvaltest/rgb_anon/night/train/GP010376/GP010376_frame_000311_rgb_anon.png
acdc,Mask2Former-Swin-L,person,GP010376/gp010376_frame_000319.png,0,0,/home/ace/Downloads/rgb_anon_trainvaltest/rgb_anon/night/train_ref/GP010376/GP010376_frame_000319_rgb_ref_anon.png,/home/ace/Downloads/rgb_anon_trainvaltest/rgb_anon/night/train/GP010376/GP010376_frame_000319_rgb_anon.png
acdc,Mask2Former-Swin-L,person,GP010397/gp010397_frame_000037.png,1224,11409,/home/ace/Downloads/rgb_anon_trainvaltest/rgb_anon/night/train_ref/GP010397/GP010397_frame_000037_rgb_ref_anon.png,/home/ace/Downloads/rgb_anon_trainvaltest/rgb_anon/night/train/GP010397/GP010397_frame_000037_rgb_anon.png
acdc,Mask2Former-Swin-L,person,GP010397/gp010397_frame_000056.png,4118,10092,/home/ace/Downloads/rgb_anon_trainvaltest/rgb_anon/night/train_ref/GP010397/GP010397_frame_000056_rgb_ref_anon.png,/home/ace/Downloads/rgb_anon_trainvaltest/rgb_anon/night/train/GP010397/GP010397_frame_000056_rgb_anon.png
acdc,Mask2Former-Swin-L,person,GP010397/gp010397_frame_000063.png,0,0,/home/ace/Downloads/rgb_anon_trainvaltest/rgb_anon/night/train_ref/GP010397/GP010397_frame_000063_rgb_ref_anon.png,/home/ace/Downloads/rgb_anon_trainvaltest/rgb_anon/night/train/GP010397/GP010397_frame_000063_rgb_anon.png
acdc,Mask2Former-Swin-L,person,GP010397/gp010397_frame_000074.png,0,279,/home/ace/Downloads/rgb_anon_trainvaltest/rgb_anon/night/train_ref/GP010397/GP010397_frame_000074_rgb_ref_anon.png,/home/ace/Downloads/rgb_anon_trainvaltest/rgb_anon/night/train/GP010397/GP010397_frame_000074_rgb_anon.png
acdc,Mask2Former-Swin-L,person,GP010397/gp010397_frame_000080.png,2109,9609,/home/ace/Downloads/rgb_anon_trainvaltest/rgb_anon/night/train_ref/GP010397/GP010397_frame_000080_rgb_ref_anon.png,/home/ace/Downloads/rgb_anon_trainvaltest/rgb_anon/night/train/GP010397/GP010397_frame_000080_rgb_anon.png
acdc,Mask2Former-Swin-L,person,GP010397/gp010397_frame_000096.png,0,0,/home/ace/Downloads/rgb_anon_trainvaltest/rgb_anon/night/train_ref/GP010397/GP010397_frame_000096_rgb_ref_anon.png,/home/ace/Downloads/rgb_anon_trainvaltest/rgb_anon/night/train/GP010397/GP010397_frame_000096_rgb_anon.png
acdc,Mask2Former-Swin-L,person,GP010397/gp010397_frame_000102.png,0,0,/home/ace/Downloads/rgb_anon_trainvaltest/rgb_anon/night/train_ref/GP010397/GP010397_frame_000102_rgb_ref_anon.png,/home/ace/Downloads/rgb_anon_trainvaltest/rgb_anon/night/train/GP010397/GP010397_frame_000102_rgb_anon.png
acdc,Mask2Former-Swin-L,person,GP010397/gp010397_frame_000127.png,0,3562,/home/ace/Downloads/rgb_anon_trainvaltest/rgb_anon/night/train_ref/GP010397/GP010397_frame_000127_rgb_ref_anon.png,/home/ace/Downloads/rgb_anon_trainvaltest/rgb_anon/night/train/GP010397/GP010397_frame_000127_rgb_anon.png
acdc,Mask2Former-Swin-L,person,GP010397/gp010397_frame_000166.png,0,0,/home/ace/Downloads/rgb_anon_trainvaltest/rgb_anon/night/train_ref/GP010397/GP010397_frame_000166_rgb_ref_anon.png,/home/ace/Downloads/rgb_anon_trainvaltest/rgb_anon/night/train/GP010397/GP010397_frame_000166_rgb_anon.png
acdc,Mask2Former-Swin-L,person,GP010397/gp010397_frame_000171.png,295,524,/home/ace/Downloads/rgb_anon_trainvaltest/rgb_anon/night/train_ref/GP010397/GP010397_frame_000171_rgb_ref_anon.png,/home/ace/Downloads/rgb_anon_trainvaltest/rgb_anon/night/train/GP010397/GP010397_frame_000171_rgb_anon.png
acdc,Mask2Former-Swin-L,person,GP010397/gp010397_frame_000176.png,1,3773,/home/ace/Downloads/rgb_anon_trainvaltest/rgb_anon/night/train_ref/GP010397/GP010397_frame_000176_rgb_ref_anon.png,/home/ace/Downloads/rgb_anon_trainvaltest/rgb_anon/night/train/GP010397/GP010397_frame_000176_rgb_anon.png
acdc,Mask2Former-Swin-L,person,GP010397/gp010397_frame_000182.png,0,0,/home/ace/Downloads/rgb_anon_trainvaltest/rgb_anon/night/train_ref/GP010397/GP010397_frame_000182_rgb_ref_anon.png,/home/ace/Downloads/rgb_anon_trainvaltest/rgb_anon/night/train/GP010397/GP010397_frame_000182_rgb_anon.png
acdc,Mask2Former-Swin-L,person,GP010397/gp010397_frame_000193.png,7133,0,/home/ace/Downloads/rgb_anon_trainvaltest/rgb_anon/night/train_ref/GP010397/GP010397_frame_000193_rgb_ref_anon.png,/home/ace/Downloads/rgb_anon_trainvaltest/rgb_anon/night/train/GP010397/GP010397_frame_000193_rgb_anon.png
acdc,Mask2Former-Swin-L,person,GP010397/gp010397_frame_000198.png,0,966,/home/ace/Downloads/rgb_anon_trainvaltest/rgb_anon/night/train_ref/GP010397/GP010397_frame_000198_rgb_ref_anon.png,/home/ace/Downloads/rgb_anon_trainvaltest/rgb_anon/night/train/GP010397/GP010397_frame_000198_rgb_anon.png
acdc,Mask2Former-Swin-L,person,GP010397/gp010397_frame_000211.png,0,0,/home/ace/Downloads/rgb_anon_trainvaltest/rgb_anon/night/train_ref/GP010397/GP010397_frame_000211_rgb_ref_anon.png,/home/ace/Downloads/rgb_anon_trainvaltest/rgb_anon/night/train/GP010397/GP010397_frame_000211_rgb_anon.png
acdc,Mask2Former-Swin-L,person,GP010397/gp010397_frame_000216.png,0,0,/home/ace/Downloads/rgb_anon_trainvaltest/rgb_anon/night/train_ref/GP010397/GP010397_frame_000216_rgb_ref_anon.png,/home/ace/Downloads/rgb_anon_trainvaltest/rgb_anon/night/train/GP010397/GP010397_frame_000216_rgb_anon.png
acdc,Mask2Former-Swin-L,person,GP010397/gp010397_frame_000222.png,0,0,/home/ace/Downloads/rgb_anon_trainvaltest/rgb_anon/night/train_ref/GP010397/GP010397_frame_000222_rgb_ref_anon.png,/home/ace/Downloads/rgb_anon_trainvaltest/rgb_anon/night/train/GP010397/GP010397_frame_000222_rgb_anon.png
acdc,Mask2Former-Swin-L,person,GP010397/gp010397_frame_000276.png,45293,0,/home/ace/Downloads/rgb_anon_trainvaltest/rgb_anon/night/train_ref/GP010397/GP010397_frame_000276_rgb_ref_anon.png,/home/ace/Downloads/rgb_anon_trainvaltest/rgb_anon/night/train/GP010397/GP010397_frame_000276_rgb_anon.png
acdc,Mask2Former-Swin-L,person,GP010397/gp010397_frame_000337.png,104545,4377,/home/ace/Downloads/rgb_anon_trainvaltest/rgb_anon/night/train_ref/GP010397/GP010397_frame_000337_rgb_ref_anon.png,/home/ace/Downloads/rgb_anon_trainvaltest/rgb_anon/night/train/GP010397/GP010397_frame_000337_rgb_anon.png
acdc,Mask2Former-Swin-L,person,GP010397/gp010397_frame_000401.png,991,0,/home/ace/Downloads/rgb_anon_trainvaltest/rgb_anon/night/train_ref/GP010397/GP010397_frame_000401_rgb_ref_anon.png,/home/ace/Downloads/rgb_anon_trainvaltest/rgb_anon/night/train/GP010397/GP010397_frame_000401_rgb_anon.png
acdc,Mask2Former-Swin-L,person,GP010397/gp010397_frame_000411.png,17636,557,/home/ace/Downloads/rgb_anon_trainvaltest/rgb_anon/night/train_ref/GP010397/GP010397_frame_000411_rgb_ref_anon.png,/home/ace/Downloads/rgb_anon_trainvaltest/rgb_anon/night/train/GP010397/GP010397_frame_000411_rgb_anon.png
acdc,Mask2Former-Swin-L,person,GP010397/gp010397_frame_000444.png,2587,0,/home/ace/Downloads/rgb_anon_trainvaltest/rgb_anon/night/train_ref/GP010397/GP010397_frame_000444_rgb_ref_anon.png,/home/ace/Downloads/rgb_anon_trainvaltest/rgb_anon/night/train/GP010397/GP010397_frame_000444_rgb_anon.png
acdc,Mask2Former-Swin-L,person,GP010397/gp010397_frame_000464.png,0,2054,/home/ace/Downloads/rgb_anon_trainvaltest/rgb_anon/night/train_ref/GP010397/GP010397_frame_000464_rgb_ref_anon.png,/home/ace/Downloads/rgb_anon_trainvaltest/rgb_anon/night/train/GP010397/GP010397_frame_000464_rgb_anon.png
acdc,Mask2Former-Swin-L,person,GP010397/gp010397_frame_000498.png,0,0,/home/ace/Downloads/rgb_anon_trainvaltest/rgb_anon/night/train_ref/GP010397/GP010397_frame_000498_rgb_ref_anon.png,/home/ace/Downloads/rgb_anon_trainvaltest/rgb_anon/night/train/GP010397/GP010397_frame_000498_rgb_anon.png
acdc,Mask2Former-Swin-L,person,GP010397/gp010397_frame_000558.png,173,0,/home/ace/Downloads/rgb_anon_trainvaltest/rgb_anon/night/train_ref/GP010397/GP010397_frame_000558_rgb_ref_anon.png,/home/ace/Downloads/rgb_anon_trainvaltest/rgb_anon/night/train/GP010397/GP010397_frame_000558_rgb_anon.png
acdc,Mask2Former-Swin-L,person,GP010397/gp010397_frame_000565.png,0,0,/home/ace/Downloads/rgb_anon_trainvaltest/rgb_anon/night/train_ref/GP010397/GP010397_frame_000565_rgb_ref_anon.png,/home/ace/Downloads/rgb_anon_trainvaltest/rgb_anon/night/train/GP010397/GP010397_frame_000565_rgb_anon.png
acdc,Mask2Former-Swin-L,person,GP010397/gp010397_frame_000577.png,2748,0,/home/ace/Downloads/rgb_anon_trainvaltest/rgb_anon/night/train_ref/GP010397/GP010397_frame_000577_rgb_ref_anon.png,/home/ace/Downloads/rgb_anon_trainvaltest/rgb_anon/night/train/GP010397/GP010397_frame_000577_rgb_anon.png
acdc,Mask2Former-Swin-L,person,GP010397/gp010397_frame_000597.png,3314,0,/home/ace/Downloads/rgb_anon_trainvaltest/rgb_anon/night/train_ref/GP010397/GP010397_frame_000597_rgb_ref_anon.png,/home/ace/Downloads/rgb_anon_trainvaltest/rgb_anon/night/train/GP010397/GP010397_frame_000597_rgb_anon.png
acdc,Mask2Former-Swin-L,person,GP010397/gp010397_frame_000630.png,373,0,/home/ace/Downloads/rgb_anon_trainvaltest/rgb_anon/night/train_ref/GP010397/GP010397_frame_000630_rgb_ref_anon.png,/home/ace/Downloads/rgb_anon_trainvaltest/rgb_anon/night/train/GP010397/GP010397_frame_000630_rgb_anon.png
acdc,Mask2Former-Swin-L,person,GP010397/gp010397_frame_000636.png,147,0,/home/ace/Downloads/rgb_anon_trainvaltest/rgb_anon/night/train_ref/GP010397/GP010397_frame_000636_rgb_ref_anon.png,/home/ace/Downloads/rgb_anon_trainvaltest/rgb_anon/night/train/GP010397/GP010397_frame_000636_rgb_anon.png
acdc,Mask2Former-Swin-L,person,GP010397/gp010397_frame_000663.png,0,23,/home/ace/Downloads/rgb_anon_trainvaltest/rgb_anon/night/train_ref/GP010397/GP010397_frame_000663_rgb_ref_anon.png,/home/ace/Downloads/rgb_anon_trainvaltest/rgb_anon/night/train/GP010397/GP010397_frame_000663_rgb_anon.png
acdc,Mask2Former-Swin-L,person,GP010397/gp010397_frame_000685.png,317,4045,/home/ace/Downloads/rgb_anon_trainvaltest/rgb_anon/night/train_ref/GP010397/GP010397_frame_000685_rgb_ref_anon.png,/home/ace/Downloads/rgb_anon_trainvaltest/rgb_anon/night/train/GP010397/GP010397_frame_000685_rgb_anon.png
acdc,Mask2Former-Swin-L,person,GP010397/gp010397_frame_000697.png,5180,33816,/home/ace/Downloads/rgb_anon_trainvaltest/rgb_anon/night/train_ref/GP010397/GP010397_frame_000697_rgb_ref_anon.png,/home/ace/Downloads/rgb_anon_trainvaltest/rgb_anon/night/train/GP010397/GP010397_frame_000697_rgb_anon.png
acdc,Mask2Former-Swin-L,person,GP010397/gp010397_frame_000717.png,6321,1486,/home/ace/Downloads/rgb_anon_trainvaltest/rgb_anon/night/train_ref/GP010397/GP010397_frame_000717_rgb_ref_anon.png,/home/ace/Downloads/rgb_anon_trainvaltest/rgb_anon/night/train/GP010397/GP010397_frame_000717_rgb_anon.png
acdc,Mask2Former-Swin-L,person,GP010397/gp010397_frame_000728.png,0,0,/home/ace/Downloads/rgb_anon_trainvaltest/rgb_anon/night/train_ref/GP010397/GP010397_frame_000728_rgb_ref_anon.png,/home/ace/Downloads/rgb_anon_trainvaltest/rgb_anon/night/train/GP010397/GP010397_frame_000728_rgb_anon.png
acdc,Mask2Former-Swin-L,person,GP010397/gp010397_frame_000735.png,440,442,/home/ace/Downloads/rgb_anon_trainvaltest/rgb_anon/night/train_ref/GP010397/GP010397_frame_000735_rgb_ref_anon.png,/home/ace/Downloads/rgb_anon_trainvaltest/rgb_anon/night/train/GP010397/GP010397_frame_000735_rgb_anon.png
acdc,Mask2Former-Swin-L,person,GP010397/gp010397_frame_000775.png,1626,1,/home/ace/Downloads/rgb_anon_trainvaltest/rgb_anon/night/train_ref/GP010397/GP010397_frame_000775_rgb_ref_anon.png,/home/ace/Downloads/rgb_anon_trainvaltest/rgb_anon/night/train/GP010397/GP010397_frame_000775_rgb_anon.png
acdc,Mask2Former-Swin-L,person,GP010397/gp010397_frame_000796.png,48,0,/home/ace/Downloads/rgb_anon_trainvaltest/rgb_anon/night/train_ref/GP010397/GP010397_frame_000796_rgb_ref_anon.png,/home/ace/Downloads/rgb_anon_trainvaltest/rgb_anon/night/train/GP010397/GP010397_frame_000796_rgb_anon.png
acdc,Mask2Former-Swin-L,person,GP010397/gp010397_frame_000800.png,302,1423,/home/ace/Downloads/rgb_anon_trainvaltest/rgb_anon/night/train_ref/GP010397/GP010397_frame_000800_rgb_ref_anon.png,/home/ace/Downloads/rgb_anon_trainvaltest/rgb_anon/night/train/GP010397/GP010397_frame_000800_rgb_anon.png
acdc,Mask2Former-Swin-L,person,GP010397/gp010397_frame_000810.png,45544,908,/home/ace/Downloads/rgb_anon_trainvaltest/rgb_anon/night/train_ref/GP010397/GP010397_frame_000810_rgb_ref_anon.png,/home/ace/Downloads/rgb_anon_trainvaltest/rgb_anon/night/train/GP010397/GP010397_frame_000810_rgb_anon.png
acdc,Mask2Former-Swin-L,person,GP010397/gp010397_frame_000835.png,0,0,/home/ace/Downloads/rgb_anon_trainvaltest/rgb_anon/night/train_ref/GP010397/GP010397_frame_000835_rgb_ref_anon.png,/home/ace/Downloads/rgb_anon_trainvaltest/rgb_anon/night/train/GP010397/GP010397_frame_000835_rgb_anon.png
acdc,Mask2Former-Swin-L,person,GP010397/gp010397_frame_000849.png,0,0,/home/ace/Downloads/rgb_anon_trainvaltest/rgb_anon/night/train_ref/GP010397/GP010397_frame_000849_rgb_ref_anon.png,/home/ace/Downloads/rgb_anon_trainvaltest/rgb_anon/night/train/GP010397/GP010397_frame_000849_rgb_anon.png
acdc,Mask2Former-Swin-L,person,GP010397/gp010397_frame_000864.png,0,0,/home/ace/Downloads/rgb_anon_trainvaltest/rgb_anon/night/train_ref/GP010397/GP010397_frame_000864_rgb_ref_anon.png,/home/ace/Downloads/rgb_anon_trainvaltest/rgb_anon/night/train/GP010397/GP010397_frame_000864_rgb_anon.png
acdc,Mask2Former-Swin-L,person,GP010397/gp010397_frame_000869.png,0,0,/home/ace/Downloads/rgb_anon_trainvaltest/rgb_anon/night/train_ref/GP010397/GP010397_frame_000869_rgb_ref_anon.png,/home/ace/Downloads/rgb_anon_trainvaltest/rgb_anon/night/train/GP010397/GP010397_frame_000869_rgb_anon.png
acdc,Mask2Former-Swin-L,person,GP010397/gp010397_frame_000902.png,528,0,/home/ace/Downloads/rgb_anon_trainvaltest/rgb_anon/night/train_ref/GP010397/GP010397_frame_000902_rgb_ref_anon.png,/home/ace/Downloads/rgb_anon_trainvaltest/rgb_anon/night/train/GP010397/GP010397_frame_000902_rgb_anon.png
acdc,Mask2Former-Swin-L,person,GP010397/gp010397_frame_000906.png,4462,711,/home/ace/Downloads/rgb_anon_trainvaltest/rgb_anon/night/train_ref/GP010397/GP010397_frame_000906_rgb_ref_anon.png,/home/ace/Downloads/rgb_anon_trainvaltest/rgb_anon/night/train/GP010397/GP010397_frame_000906_rgb_anon.png
acdc,Mask2Former-Swin-L,person,GP010397/gp010397_frame_000910.png,0,3325,/home/ace/Downloads/rgb_anon_trainvaltest/rgb_anon/night/train_ref/GP010397/GP010397_frame_000910_rgb_ref_anon.png,/home/ace/Downloads/rgb_anon_trainvaltest/rgb_anon/night/train/GP010397/GP010397_frame_000910_rgb_anon.png
acdc,Mask2Former-Swin-L,person,GP010397/gp010397_frame_000922.png,0,0,/home/ace/Downloads/rgb_anon_trainvaltest/rgb_anon/night/train_ref/GP010397/GP010397_frame_000922_rgb_ref_anon.png,/home/ace/Downloads/rgb_anon_trainvaltest/rgb_anon/night/train/GP010397/GP010397_frame_000922_rgb_anon.png
acdc,Mask2Former-Swin-L,person,GP010397/gp010397_frame_000938.png,1885,0,/home/ace/Downloads/rgb_anon_trainvaltest/rgb_anon/night/train_ref/GP010397/GP010397_frame_000938_rgb_ref_anon.png,/home/ace/Downloads/rgb_anon_trainvaltest/rgb_anon/night/train/GP010397/GP010397_frame_000938_rgb_anon.png
acdc,Mask2Former-Swin-L,person,GP010397/gp010397_frame_000946.png,0,0,/home/ace/Downloads/rgb_anon_trainvaltest/rgb_anon/night/train_ref/GP010397/GP010397_frame_000946_rgb_ref_anon.png,/home/ace/Downloads/rgb_anon_trainvaltest/rgb_anon/night/train/GP010397/GP010397_frame_000946_rgb_anon.png
acdc,Mask2Former-Swin-L,person,GP010397/gp010397_frame_000950.png,0,0,/home/ace/Downloads/rgb_anon_trainvaltest/rgb_anon/night/train_ref/GP010397/GP010397_frame_000950_rgb_ref_anon.png,/home/ace/Downloads/rgb_anon_trainvaltest/rgb_anon/night/train/GP010397/GP010397_frame_000950_rgb_anon.png
acdc,Mask2Former-Swin-L,person,GP010397/gp010397_frame_000962.png,600,9303,/home/ace/Downloads/rgb_anon_trainvaltest/rgb_anon/night/train_ref/GP010397/GP010397_frame_000962_rgb_ref_anon.png,/home/ace/Downloads/rgb_anon_trainvaltest/rgb_anon/night/train/GP010397/GP010397_frame_000962_rgb_anon.png
acdc,Mask2Former-Swin-L,person,GP010397/gp010397_frame_000970.png,0,0,/home/ace/Downloads/rgb_anon_trainvaltest/rgb_anon/night/train_ref/GP010397/GP010397_frame_000970_rgb_ref_anon.png,/home/ace/Downloads/rgb_anon_trainvaltest/rgb_anon/night/train/GP010397/GP010397_frame_000970_rgb_anon.png
acdc,Mask2Former-Swin-L,person,GP010397/gp010397_frame_000999.png,0,0,/home/ace/Downloads/rgb_anon_trainvaltest/rgb_anon/night/train_ref/GP010397/GP010397_frame_000999_rgb_ref_anon.png,/home/ace/Downloads/rgb_anon_trainvaltest/rgb_anon/night/train/GP010397/GP010397_frame_000999_rgb_anon.png
acdc,Mask2Former-Swin-L,person,GP010397/gp010397_frame_001006.png,327,932,/home/ace/Downloads/rgb_anon_trainvaltest/rgb_anon/night/train_ref/GP010397/GP010397_frame_001006_rgb_ref_anon.png,/home/ace/Downloads/rgb_anon_trainvaltest/rgb_anon/night/train/GP010397/GP010397_frame_001006_rgb_anon.png
acdc,Mask2Former-Swin-L,person,GP010397/gp010397_frame_001011.png,0,11834,/home/ace/Downloads/rgb_anon_trainvaltest/rgb_anon/night/train_ref/GP010397/GP010397_frame_001011_rgb_ref_anon.png,/home/ace/Downloads/rgb_anon_trainvaltest/rgb_anon/night/train/GP010397/GP010397_frame_001011_rgb_anon.png
acdc,Mask2Former-Swin-L,person,GP010397/gp010397_frame_001019.png,0,0,/home/ace/Downloads/rgb_anon_trainvaltest/rgb_anon/night/train_ref/GP010397/GP010397_frame_001019_rgb_ref_anon.png,/home/ace/Downloads/rgb_anon_trainvaltest/rgb_anon/night/train/GP010397/GP010397_frame_001019_rgb_anon.png
acdc,Mask2Former-Swin-L,person,GP010397/gp010397_frame_001028.png,0,0,/home/ace/Downloads/rgb_anon_trainvaltest/rgb_anon/night/train_ref/GP010397/GP010397_frame_001028_rgb_ref_anon.png,/home/ace/Downloads/rgb_anon_trainvaltest/rgb_anon/night/train/GP010397/GP010397_frame_001028_rgb_anon.png
acdc,Mask2Former-Swin-L,person,GP010397/gp010397_frame_001042.png,0,4351,/home/ace/Downloads/rgb_anon_trainvaltest/rgb_anon/night/train_ref/GP010397/GP010397_frame_001042_rgb_ref_anon.png,/home/ace/Downloads/rgb_anon_trainvaltest/rgb_anon/night/train/GP010397/GP010397_frame_001042_rgb_anon.png
acdc,Mask2Former-Swin-L,person,GP010397/gp010397_frame_001047.png,0,0,/home/ace/Downloads/rgb_anon_trainvaltest/rgb_anon/night/train_ref/GP010397/GP010397_frame_001047_rgb_ref_anon.png,/home/ace/Downloads/rgb_anon_trainvaltest/rgb_anon/night/train/GP010397/GP010397_frame_001047_rgb_anon.png
acdc,Mask2Former-Swin-L,person,GP020397/gp020397_frame_000001.png,0,0,/home/ace/Downloads/rgb_anon_trainvaltest/rgb_anon/night/train_ref/GP020397/GP020397_frame_000001_rgb_ref_anon.png,/home/ace/Downloads/rgb_anon_trainvaltest/rgb_anon/night/train/GP020397/GP020397_frame_000001_rgb_anon.png
acdc,Mask2Former-Swin-L,person,GP020397/gp020397_frame_000030.png,0,4337,/home/ace/Downloads/rgb_anon_trainvaltest/rgb_anon/night/train_ref/GP020397/GP020397_frame_000030_rgb_ref_anon.png,/home/ace/Downloads/rgb_anon_trainvaltest/rgb_anon/night/train/GP020397/GP020397_frame_000030_rgb_anon.png
acdc,Mask2Former-Swin-L,person,GP020397/gp020397_frame_000042.png,3329,2656,/home/ace/Downloads/rgb_anon_trainvaltest/rgb_anon/night/train_ref/GP020397/GP020397_frame_000042_rgb_ref_anon.png,/home/ace/Downloads/rgb_anon_trainvaltest/rgb_anon/night/train/GP020397/GP020397_frame_000042_rgb_anon.png
acdc,Mask2Former-Swin-L,person,GP020397/gp020397_frame_000069.png,9948,5513,/home/ace/Downloads/rgb_anon_trainvaltest/rgb_anon/night/train_ref/GP020397/GP020397_frame_000069_rgb_ref_anon.png,/home/ace/Downloads/rgb_anon_trainvaltest/rgb_anon/night/train/GP020397/GP020397_frame_000069_rgb_anon.png
acdc,Mask2Former-Swin-L,person,GP020397/gp020397_frame_000079.png,0,3,/home/ace/Downloads/rgb_anon_trainvaltest/rgb_anon/night/train_ref/GP020397/GP020397_frame_000079_rgb_ref_anon.png,/home/ace/Downloads/rgb_anon_trainvaltest/rgb_anon/night/train/GP020397/GP020397_frame_000079_rgb_anon.png
acdc,Mask2Former-Swin-L,person,GP020397/gp020397_frame_000087.png,0,0,/home/ace/Downloads/rgb_anon_trainvaltest/rgb_anon/night/train_ref/GP020397/GP020397_frame_000087_rgb_ref_anon.png,/home/ace/Downloads/rgb_anon_trainvaltest/rgb_anon/night/train/GP020397/GP020397_frame_000087_rgb_anon.png
acdc,Mask2Former-Swin-L,person,GP020397/gp020397_frame_000111.png,0,0,/home/ace/Downloads/rgb_anon_trainvaltest/rgb_anon/night/train_ref/GP020397/GP020397_frame_000111_rgb_ref_anon.png,/home/ace/Downloads/rgb_anon_trainvaltest/rgb_anon/night/train/GP020397/GP020397_frame_000111_rgb_anon.png
acdc,Mask2Former-Swin-L,person,GP020397/gp020397_frame_000116.png,0,0,/home/ace/Downloads/rgb_anon_trainvaltest/rgb_anon/night/train_ref/GP020397/GP020397_frame_000116_rgb_ref_anon.png,/home/ace/Downloads/rgb_anon_trainvaltest/rgb_anon/night/train/GP020397/GP020397_frame_000116_rgb_anon.png
acdc,Mask2Former-Swin-L,person,GP020397/gp020397_frame_000121.png,0,0,/home/ace/Downloads/rgb_anon_trainvaltest/rgb_anon/night/train_ref/GP020397/GP020397_frame_000121_rgb_ref_anon.png,/home/ace/Downloads/rgb_anon_trainvaltest/rgb_anon/night/train/GP020397/GP020397_frame_000121_rgb_anon.png
acdc,Mask2Former-Swin-L,person,GP020397/gp020397_frame_000147.png,0,115990,/home/ace/Downloads/rgb_anon_trainvaltest/rgb_anon/night/train_ref/GP020397/GP020397_frame_000147_rgb_ref_anon.png,/home/ace/Downloads/rgb_anon_trainvaltest/rgb_anon/night/train/GP020397/GP020397_frame_000147_rgb_anon.png
acdc,Mask2Former-Swin-L,person,GP020397/gp020397_frame_000167.png,75,0,/home/ace/Downloads/rgb_anon_trainvaltest/rgb_anon/night/train_ref/GP020397/GP020397_frame_000167_rgb_ref_anon.png,/home/ace/Downloads/rgb_anon_trainvaltest/rgb_anon/night/train/GP020397/GP020397_frame_000167_rgb_anon.png
acdc,Mask2Former-Swin-L,person,GP020397/gp020397_frame_000177.png,0,0,/home/ace/Downloads/rgb_anon_trainvaltest/rgb_anon/night/train_ref/GP020397/GP020397_frame_000177_rgb_ref_anon.png,/home/ace/Downloads/rgb_anon_trainvaltest/rgb_anon/night/train/GP020397/GP020397_frame_000177_rgb_anon.png
acdc,Mask2Former-Swin-L,person,GP020397/gp020397_frame_000191.png,6,0,/home/ace/Downloads/rgb_anon_trainvaltest/rgb_anon/night/train_ref/GP020397/GP020397_frame_000191_rgb_ref_anon.png,/home/ace/Downloads/rgb_anon_trainvaltest/rgb_anon/night/train/GP020397/GP020397_frame_000191_rgb_anon.png
acdc,Mask2Former-Swin-L,person,GP020397/gp020397_frame_000202.png,0,0,/home/ace/Downloads/rgb_anon_trainvaltest/rgb_anon/night/train_ref/GP020397/GP020397_frame_000202_rgb_ref_anon.png,/home/ace/Downloads/rgb_anon_trainvaltest/rgb_anon/night/train/GP020397/GP020397_frame_000202_rgb_anon.png
acdc,Mask2Former-Swin-L,person,GP020397/gp020397_frame_000236.png,0,3776,/home/ace/Downloads/rgb_anon_trainvaltest/rgb_anon/night/train_ref/GP020397/GP020397_frame_000236_rgb_ref_anon.png,/home/ace/Downloads/rgb_anon_trainvaltest/rgb_anon/night/train/GP020397/GP020397_frame_000236_rgb_anon.png
acdc,Mask2Former-Swin-L,person,GP020397/gp020397_frame_000241.png,0,1985,/home/ace/Downloads/rgb_anon_trainvaltest/rgb_anon/night/train_ref/GP020397/GP020397_frame_000241_rgb_ref_anon.png,/home/ace/Downloads/rgb_anon_trainvaltest/rgb_anon/night/train/GP020397/GP020397_frame_000241_rgb_anon.png
acdc,Mask2Former-Swin-L,person,GP020397/gp020397_frame_000256.png,15,0,/home/ace/Downloads/rgb_anon_trainvaltest/rgb_anon/night/train_ref/GP020397/GP020397_frame_000256_rgb_ref_anon.png,/home/ace/Downloads/rgb_anon_trainvaltest/rgb_anon/night/train/GP020397/GP020397_frame_000256_rgb_anon.png
acdc,Mask2Former-Swin-L,person,GP020397/gp020397_frame_000261.png,0,0,/home/ace/Downloads/rgb_anon_trainvaltest/rgb_anon/night/train_ref/GP020397/GP020397_frame_000261_rgb_ref_anon.png,/home/ace/Downloads/rgb_anon_trainvaltest/rgb_anon/night/train/GP020397/GP020397_frame_000261_rgb_anon.png
acdc,Mask2Former-Swin-L,person,GP020397/gp020397_frame_000266.png,0,0,/home/ace/Downloads/rgb_anon_trainvaltest/rgb_anon/night/train_ref/GP020397/GP020397_frame_000266_rgb_ref_anon.png,/home/ace/Downloads/rgb_anon_trainvaltest/rgb_anon/night/train/GP020397/GP020397_frame_000266_rgb_anon.png
acdc,Mask2Former-Swin-L,person,GP020397/gp020397_frame_000281.png,0,0,/home/ace/Downloads/rgb_anon_trainvaltest/rgb_anon/night/train_ref/GP020397/GP020397_frame_000281_rgb_ref_anon.png,/home/ace/Downloads/rgb_anon_trainvaltest/rgb_anon/night/train/GP020397/GP020397_frame_000281_rgb_anon.png
acdc,Mask2Former-Swin-L,person,GP020397/gp020397_frame_000286.png,0,6420,/home/ace/Downloads/rgb_anon_trainvaltest/rgb_anon/night/train_ref/GP020397/GP020397_frame_000286_rgb_ref_anon.png,/home/ace/Downloads/rgb_anon_trainvaltest/rgb_anon/night/train/GP020397/GP020397_frame_000286_rgb_anon.png
acdc,Mask2Former-Swin-L,person,GP020397/gp020397_frame_000291.png,0,1559,/home/ace/Downloads/rgb_anon_trainvaltest/rgb_anon/night/train_ref/GP020397/GP020397_frame_000291_rgb_ref_anon.png,/home/ace/Downloads/rgb_anon_trainvaltest/rgb_anon/night/train/GP020397/GP020397_frame_000291_rgb_anon.png
acdc,Mask2Former-Swin-L,person,GP020397/gp020397_frame_000322.png,0,0,/home/ace/Downloads/rgb_anon_trainvaltest/rgb_anon/night/train_ref/GP020397/GP020397_frame_000322_rgb_ref_anon.png,/home/ace/Downloads/rgb_anon_trainvaltest/rgb_anon/night/train/GP020397/GP020397_frame_000322_rgb_anon.png
acdc,Mask2Former-Swin-L,person,GP020397/gp020397_frame_000326.png,0,0,/home/ace/Downloads/rgb_anon_trainvaltest/rgb_anon/night/train_ref/GP020397/GP020397_frame_000326_rgb_ref_anon.png,/home/ace/Downloads/rgb_anon_trainvaltest/rgb_anon/night/train/GP020397/GP020397_frame_000326_rgb_anon.png
acdc,Mask2Former-Swin-L,person,GP020397/gp020397_frame_000330.png,3777,0,/home/ace/Downloads/rgb_anon_trainvaltest/rgb_anon/night/train_ref/GP020397/GP020397_frame_000330_rgb_ref_anon.png,/home/ace/Downloads/rgb_anon_trainvaltest/rgb_anon/night/train/GP020397/GP020397_frame_000330_rgb_anon.png
acdc,Mask2Former-Swin-L,person,GP020397/gp020397_frame_000335.png,0,0,/home/ace/Downloads/rgb_anon_trainvaltest/rgb_anon/night/train_ref/GP020397/GP020397_frame_000335_rgb_ref_anon.png,/home/ace/Downloads/rgb_anon_trainvaltest/rgb_anon/night/train/GP020397/GP020397_frame_000335_rgb_anon.png
acdc,Mask2Former-Swin-L,person,GP020397/gp020397_frame_000345.png,6680,2629,/home/ace/Downloads/rgb_anon_trainvaltest/rgb_anon/night/train_ref/GP020397/GP020397_frame_000345_rgb_ref_anon.png,/home/ace/Downloads/rgb_anon_trainvaltest/rgb_anon/night/train/GP020397/GP020397_frame_000345_rgb_anon.png
acdc,Mask2Former-Swin-L,person,GP020397/gp020397_frame_000379.png,0,114,/home/ace/Downloads/rgb_anon_trainvaltest/rgb_anon/night/train_ref/GP020397/GP020397_frame_000379_rgb_ref_anon.png,/home/ace/Downloads/rgb_anon_trainvaltest/rgb_anon/night/train/GP020397/GP020397_frame_000379_rgb_anon.png
acdc,Mask2Former-Swin-L,person,GP020397/gp020397_frame_000385.png,0,0,/home/ace/Downloads/rgb_anon_trainvaltest/rgb_anon/night/train_ref/GP020397/GP020397_frame_000385_rgb_ref_anon.png,/home/ace/Downloads/rgb_anon_trainvaltest/rgb_anon/night/train/GP020397/GP020397_frame_000385_rgb_anon.png
acdc,Mask2Former-Swin-L,person,GP020397/gp020397_frame_000400.png,0,0,/home/ace/Downloads/rgb_anon_trainvaltest/rgb_anon/night/train_ref/GP020397/GP020397_frame_000400_rgb_ref_anon.png,/home/ace/Downloads/rgb_anon_trainvaltest/rgb_anon/night/train/GP020397/GP020397_frame_000400_rgb_anon.png
acdc,Mask2Former-Swin-L,person,GP020397/gp020397_frame_000410.png,0,75,/home/ace/Downloads/rgb_anon_trainvaltest/rgb_anon/night/train_ref/GP020397/GP020397_frame_000410_rgb_ref_anon.png,/home/ace/Downloads/rgb_anon_trainvaltest/rgb_anon/night/train/GP020397/GP020397_frame_000410_rgb_anon.png
acdc,Mask2Former-Swin-L,person,GP020397/gp020397_frame_000420.png,0,0,/home/ace/Downloads/rgb_anon_trainvaltest/rgb_anon/night/train_ref/GP020397/GP020397_frame_000420_rgb_ref_anon.png,/home/ace/Downloads/rgb_anon_trainvaltest/rgb_anon/night/train/GP020397/GP020397_frame_000420_rgb_anon.png
acdc,Mask2Former-Swin-L,person,GP020397/gp020397_frame_000425.png,1155,0,/home/ace/Downloads/rgb_anon_trainvaltest/rgb_anon/night/train_ref/GP020397/GP020397_frame_000425_rgb_ref_anon.png,/home/ace/Downloads/rgb_anon_trainvaltest/rgb_anon/night/train/GP020397/GP020397_frame_000425_rgb_anon.png
acdc,Mask2Former-Swin-L,person,GP020397/gp020397_frame_000443.png,0,0,/home/ace/Downloads/rgb_anon_trainvaltest/rgb_anon/night/train_ref/GP020397/GP020397_frame_000443_rgb_ref_anon.png,/home/ace/Downloads/rgb_anon_trainvaltest/rgb_anon/night/train/GP020397/GP020397_frame_000443_rgb_anon.png
acdc,Mask2Former-Swin-L,person,GP020397/gp020397_frame_000448.png,0,0,/home/ace/Downloads/rgb_anon_trainvaltest/rgb_anon/night/train_ref/GP020397/GP020397_frame_000448_rgb_ref_anon.png,/home/ace/Downloads/rgb_anon_trainvaltest/rgb_anon/night/train/GP020397/GP020397_frame_000448_rgb_anon.png
acdc,Mask2Former-Swin-L,person,GP020397/gp020397_frame_000459.png,0,1438,/home/ace/Downloads/rgb_anon_trainvaltest/rgb_anon/night/train_ref/GP020397/GP020397_frame_000459_rgb_ref_anon.png,/home/ace/Downloads/rgb_anon_trainvaltest/rgb_anon/night/train/GP020397/GP020397_frame_000459_rgb_anon.png
acdc,Mask2Former-Swin-L,person,GP020397/gp020397_frame_000479.png,0,0,/home/ace/Downloads/rgb_anon_trainvaltest/rgb_anon/night/train_ref/GP020397/GP020397_frame_000479_rgb_ref_anon.png,/home/ace/Downloads/rgb_anon_trainvaltest/rgb_anon/night/train/GP020397/GP020397_frame_000479_rgb_anon.png
acdc,Mask2Former-Swin-L,person,GP020397/gp020397_frame_000499.png,0,10619,/home/ace/Downloads/rgb_anon_trainvaltest/rgb_anon/night/train_ref/GP020397/GP020397_frame_000499_rgb_ref_anon.png,/home/ace/Downloads/rgb_anon_trainvaltest/rgb_anon/night/train/GP020397/GP020397_frame_000499_rgb_anon.png
acdc,Mask2Former-Swin-L,person,GP020397/gp020397_frame_000531.png,0,0,/home/ace/Downloads/rgb_anon_trainvaltest/rgb_anon/night/train_ref/GP020397/GP020397_frame_000531_rgb_ref_anon.png,/home/ace/Downloads/rgb_anon_trainvaltest/rgb_anon/night/train/GP020397/GP020397_frame_000531_rgb_anon.png
acdc,Mask2Former-Swin-L,person,GP020397/gp020397_frame_000551.png,0,0,/home/ace/Downloads/rgb_anon_trainvaltest/rgb_anon/night/train_ref/GP020397/GP020397_frame_000551_rgb_ref_anon.png,/home/ace/Downloads/rgb_anon_trainvaltest/rgb_anon/night/train/GP020397/GP020397_frame_000551_rgb_anon.png
acdc,Mask2Former-Swin-L,person,GP020397/gp020397_frame_000611.png,0,0,/home/ace/Downloads/rgb_anon_trainvaltest/rgb_anon/night/train_ref/GP020397/GP020397_frame_000611_rgb_ref_anon.png,/home/ace/Downloads/rgb_anon_trainvaltest/rgb_anon/night/train/GP020397/GP020397_frame_000611_rgb_anon.png
acdc,Mask2Former-Swin-L,person,GP020397/gp020397_frame_000631.png,0,0,/home/ace/Downloads/rgb_anon_trainvaltest/rgb_anon/night/train_ref/GP020397/GP020397_frame_000631_rgb_ref_anon.png,/home/ace/Downloads/rgb_anon_trainvaltest/rgb_anon/night/train/GP020397/GP020397_frame_000631_rgb_anon.png
acdc,Mask2Former-Swin-L,person,GP020397/gp020397_frame_000643.png,0,13076,/home/ace/Downloads/rgb_anon_trainvaltest/rgb_anon/night/train_ref/GP020397/GP020397_frame_000643_rgb_ref_anon.png,/home/ace/Downloads/rgb_anon_trainvaltest/rgb_anon/night/train/GP020397/GP020397_frame_000643_rgb_anon.png
acdc,Mask2Former-Swin-L,person,GP020397/gp020397_frame_000723.png,0,0,/home/ace/Downloads/rgb_anon_trainvaltest/rgb_anon/night/train_ref/GP020397/GP020397_frame_000723_rgb_ref_anon.png,/home/ace/Downloads/rgb_anon_trainvaltest/rgb_anon/night/train/GP020397/GP020397_frame_000723_rgb_anon.png
acdc,Mask2Former-Swin-L,person,GOPR0351/gopr0351_frame_000033.png,10436,0,/home/ace/Downloads/rgb_anon_trainvaltest/rgb_anon/night/val_ref/GOPR0351/GOPR0351_frame_000033_rgb_ref_anon.png,/home/ace/Downloads/rgb_anon_trainvaltest/rgb_anon/night/val/GOPR0351/GOPR0351_frame_000033_rgb_anon.png
acdc,Mask2Former-Swin-L,person,GOPR0351/gopr0351_frame_000039.png,0,0,/home/ace/Downloads/rgb_anon_trainvaltest/rgb_anon/night/val_ref/GOPR0351/GOPR0351_frame_000039_rgb_ref_anon.png,/home/ace/Downloads/rgb_anon_trainvaltest/rgb_anon/night/val/GOPR0351/GOPR0351_frame_000039_rgb_anon.png
acdc,Mask2Former-Swin-L,person,GOPR0351/gopr0351_frame_000043.png,11166,0,/home/ace/Downloads/rgb_anon_trainvaltest/rgb_anon/night/val_ref/GOPR0351/GOPR0351_frame_000043_rgb_ref_anon.png,/home/ace/Downloads/rgb_anon_trainvaltest/rgb_anon/night/val/GOPR0351/GOPR0351_frame_000043_rgb_anon.png
acdc,Mask2Former-Swin-L,person,GOPR0351/gopr0351_frame_000047.png,7,0,/home/ace/Downloads/rgb_anon_trainvaltest/rgb_anon/night/val_ref/GOPR0351/GOPR0351_frame_000047_rgb_ref_anon.png,/home/ace/Downloads/rgb_anon_trainvaltest/rgb_anon/night/val/GOPR0351/GOPR0351_frame_000047_rgb_anon.png
acdc,Mask2Former-Swin-L,person,GOPR0351/gopr0351_frame_000049.png,67,0,/home/ace/Downloads/rgb_anon_trainvaltest/rgb_anon/night/val_ref/GOPR0351/GOPR0351_frame_000049_rgb_ref_anon.png,/home/ace/Downloads/rgb_anon_trainvaltest/rgb_anon/night/val/GOPR0351/GOPR0351_frame_000049_rgb_anon.png
acdc,Mask2Former-Swin-L,person,GOPR0351/gopr0351_frame_000053.png,4,0,/home/ace/Downloads/rgb_anon_trainvaltest/rgb_anon/night/val_ref/GOPR0351/GOPR0351_frame_000053_rgb_ref_anon.png,/home/ace/Downloads/rgb_anon_trainvaltest/rgb_anon/night/val/GOPR0351/GOPR0351_frame_000053_rgb_anon.png
acdc,Mask2Former-Swin-L,person,GOPR0351/gopr0351_frame_000055.png,17955,0,/home/ace/Downloads/rgb_anon_trainvaltest/rgb_anon/night/val_ref/GOPR0351/GOPR0351_frame_000055_rgb_ref_anon.png,/home/ace/Downloads/rgb_anon_trainvaltest/rgb_anon/night/val/GOPR0351/GOPR0351_frame_000055_rgb_anon.png
acdc,Mask2Former-Swin-L,person,GOPR0351/gopr0351_frame_000057.png,7078,0,/home/ace/Downloads/rgb_anon_trainvaltest/rgb_anon/night/val_ref/GOPR0351/GOPR0351_frame_000057_rgb_ref_anon.png,/home/ace/Downloads/rgb_anon_trainvaltest/rgb_anon/night/val/GOPR0351/GOPR0351_frame_000057_rgb_anon.png
acdc,Mask2Former-Swin-L,person,GOPR0351/gopr0351_frame_000059.png,12214,4693,/home/ace/Downloads/rgb_anon_trainvaltest/rgb_anon/night/val_ref/GOPR0351/GOPR0351_frame_000059_rgb_ref_anon.png,/home/ace/Downloads/rgb_anon_trainvaltest/rgb_anon/night/val/GOPR0351/GOPR0351_frame_000059_rgb_anon.png
acdc,Mask2Former-Swin-L,person,GOPR0351/gopr0351_frame_000061.png,5604,0,/home/ace/Downloads/rgb_anon_trainvaltest/rgb_anon/night/val_ref/GOPR0351/GOPR0351_frame_000061_rgb_ref_anon.png,/home/ace/Downloads/rgb_anon_trainvaltest/rgb_anon/night/val/GOPR0351/GOPR0351_frame_000061_rgb_anon.png
acdc,Mask2Former-Swin-L,person,GOPR0351/gopr0351_frame_000063.png,0,0,/home/ace/Downloads/rgb_anon_trainvaltest/rgb_anon/night/val_ref/GOPR0351/GOPR0351_frame_000063_rgb_ref_anon.png,/home/ace/Downloads/rgb_anon_trainvaltest/rgb_anon/night/val/GOPR0351/GOPR0351_frame_000063_rgb_anon.png
acdc,Mask2Former-Swin-L,person,GOPR0351/gopr0351_frame_000065.png,103,0,/home/ace/Downloads/rgb_anon_trainvaltest/rgb_anon/night/val_ref/GOPR0351/GOPR0351_frame_000065_rgb_ref_anon.png,/home/ace/Downloads/rgb_anon_trainvaltest/rgb_anon/night/val/GOPR0351/GOPR0351_frame_000065_rgb_anon.png
acdc,Mask2Former-Swin-L,person,GOPR0351/gopr0351_frame_000067.png,637,15,/home/ace/Downloads/rgb_anon_trainvaltest/rgb_anon/night/val_ref/GOPR0351/GOPR0351_frame_000067_rgb_ref_anon.png,/home/ace/Downloads/rgb_anon_trainvaltest/rgb_anon/night/val/GOPR0351/GOPR0351_frame_000067_rgb_anon.png
acdc,Mask2Former-Swin-L,person,GOPR0351/gopr0351_frame_000069.png,0,0,/home/ace/Downloads/rgb_anon_trainvaltest/rgb_anon/night/val_ref/GOPR0351/GOPR0351_frame_000069_rgb_ref_anon.png,/home/ace/Downloads/rgb_anon_trainvaltest/rgb_anon/night/val/GOPR0351/GOPR0351_frame_000069_rgb_anon.png
acdc,Mask2Former-Swin-L,person,GOPR0351/gopr0351_frame_000071.png,0,0,/home/ace/Downloads/rgb_anon_trainvaltest/rgb_anon/night/val_ref/GOPR0351/GOPR0351_frame_000071_rgb_ref_anon.png,/home/ace/Downloads/rgb_anon_trainvaltest/rgb_anon/night/val/GOPR0351/GOPR0351_frame_000071_rgb_anon.png
acdc,Mask2Former-Swin-L,person,GOPR0351/gopr0351_frame_000079.png,0,0,/home/ace/Downloads/rgb_anon_trainvaltest/rgb_anon/night/val_ref/GOPR0351/GOPR0351_frame_000079_rgb_ref_anon.png,/home/ace/Downloads/rgb_anon_trainvaltest/rgb_anon/night/val/GOPR0351/GOPR0351_frame_000079_rgb_anon.png
acdc,Mask2Former-Swin-L,person,GOPR0351/gopr0351_frame_000081.png,0,0,/home/ace/Downloads/rgb_anon_trainvaltest/rgb_anon/night/val_ref/GOPR0351/GOPR0351_frame_000081_rgb_ref_anon.png,/home/ace/Downloads/rgb_anon_trainvaltest/rgb_anon/night/val/GOPR0351/GOPR0351_frame_000081_rgb_anon.png
acdc,Mask2Former-Swin-L,person,GOPR0351/gopr0351_frame_000083.png,0,0,/home/ace/Downloads/rgb_anon_trainvaltest/rgb_anon/night/val_ref/GOPR0351/GOPR0351_frame_000083_rgb_ref_anon.png,/home/ace/Downloads/rgb_anon_trainvaltest/rgb_anon/night/val/GOPR0351/GOPR0351_frame_000083_rgb_anon.png
acdc,Mask2Former-Swin-L,person,GOPR0351/gopr0351_frame_000085.png,0,0,/home/ace/Downloads/rgb_anon_trainvaltest/rgb_anon/night/val_ref/GOPR0351/GOPR0351_frame_000085_rgb_ref_anon.png,/home/ace/Downloads/rgb_anon_trainvaltest/rgb_anon/night/val/GOPR0351/GOPR0351_frame_000085_rgb_anon.png
acdc,Mask2Former-Swin-L,person,GOPR0351/gopr0351_frame_000087.png,3725,0,/home/ace/Downloads/rgb_anon_trainvaltest/rgb_anon/night/val_ref/GOPR0351/GOPR0351_frame_000087_rgb_ref_anon.png,/home/ace/Downloads/rgb_anon_trainvaltest/rgb_anon/night/val/GOPR0351/GOPR0351_frame_000087_rgb_anon.png
acdc,Mask2Former-Swin-L,person,GOPR0351/gopr0351_frame_000089.png,0,0,/home/ace/Downloads/rgb_anon_trainvaltest/rgb_anon/night/val_ref/GOPR0351/GOPR0351_frame_000089_rgb_ref_anon.png,/home/ace/Downloads/rgb_anon_trainvaltest/rgb_anon/night/val/GOPR0351/GOPR0351_frame_000089_rgb_anon.png
acdc,Mask2Former-Swin-L,person,GOPR0351/gopr0351_frame_000091.png,0,0,/home/ace/Downloads/rgb_anon_trainvaltest/rgb_anon/night/val_ref/GOPR0351/GOPR0351_frame_000091_rgb_ref_anon.png,/home/ace/Downloads/rgb_anon_trainvaltest/rgb_anon/night/val/GOPR0351/GOPR0351_frame_000091_rgb_anon.png
acdc,Mask2Former-Swin-L,person,GOPR0351/gopr0351_frame_000093.png,15,1032,/home/ace/Downloads/rgb_anon_trainvaltest/rgb_anon/night/val_ref/GOPR0351/GOPR0351_frame_000093_rgb_ref_anon.png,/home/ace/Downloads/rgb_anon_trainvaltest/rgb_anon/night/val/GOPR0351/GOPR0351_frame_000093_rgb_anon.png
acdc,Mask2Former-Swin-L,person,GOPR0351/gopr0351_frame_000095.png,45,0,/home/ace/Downloads/rgb_anon_trainvaltest/rgb_anon/night/val_ref/GOPR0351/GOPR0351_frame_000095_rgb_ref_anon.png,/home/ace/Downloads/rgb_anon_trainvaltest/rgb_anon/night/val/GOPR0351/GOPR0351_frame_000095_rgb_anon.png
acdc,Mask2Former-Swin-L,person,GOPR0351/gopr0351_frame_000099.png,1989,0,/home/ace/Downloads/rgb_anon_trainvaltest/rgb_anon/night/val_ref/GOPR0351/GOPR0351_frame_000099_rgb_ref_anon.png,/home/ace/Downloads/rgb_anon_trainvaltest/rgb_anon/night/val/GOPR0351/GOPR0351_frame_000099_rgb_anon.png
acdc,Mask2Former-Swin-L,person,GOPR0351/gopr0351_frame_000101.png,0,0,/home/ace/Downloads/rgb_anon_trainvaltest/rgb_anon/night/val_ref/GOPR0351/GOPR0351_frame_000101_rgb_ref_anon.png,/home/ace/Downloads/rgb_anon_trainvaltest/rgb_anon/night/val/GOPR0351/GOPR0351_frame_000101_rgb_anon.png
acdc,Mask2Former-Swin-L,person,GOPR0351/gopr0351_frame_000105.png,64,1972,/home/ace/Downloads/rgb_anon_trainvaltest/rgb_anon/night/val_ref/GOPR0351/GOPR0351_frame_000105_rgb_ref_anon.png,/home/ace/Downloads/rgb_anon_trainvaltest/rgb_anon/night/val/GOPR0351/GOPR0351_frame_000105_rgb_anon.png
acdc,Mask2Former-Swin-L,person,GOPR0351/gopr0351_frame_000111.png,17172,8406,/home/ace/Downloads/rgb_anon_trainvaltest/rgb_anon/night/val_ref/GOPR0351/GOPR0351_frame_000111_rgb_ref_anon.png,/home/ace/Downloads/rgb_anon_trainvaltest/rgb_anon/night/val/GOPR0351/GOPR0351_frame_000111_rgb_anon.png
acdc,Mask2Former-Swin-L,person,GOPR0351/gopr0351_frame_000113.png,6336,1472,/home/ace/Downloads/rgb_anon_trainvaltest/rgb_anon/night/val_ref/GOPR0351/GOPR0351_frame_000113_rgb_ref_anon.png,/home/ace/Downloads/rgb_anon_trainvaltest/rgb_anon/night/val/GOPR0351/GOPR0351_frame_000113_rgb_anon.png
acdc,Mask2Former-Swin-L,person,GOPR0351/gopr0351_frame_000115.png,1734,30498,/home/ace/Downloads/rgb_anon_trainvaltest/rgb_anon/night/val_ref/GOPR0351/GOPR0351_frame_000115_rgb_ref_anon.png,/home/ace/Downloads/rgb_anon_trainvaltest/rgb_anon/night/val/GOPR0351/GOPR0351_frame_000115_rgb_anon.png
acdc,Mask2Former-Swin-L,person,GOPR0351/gopr0351_frame_000121.png,287,1128,/home/ace/Downloads/rgb_anon_trainvaltest/rgb_anon/night/val_ref/GOPR0351/GOPR0351_frame_000121_rgb_ref_anon.png,/home/ace/Downloads/rgb_anon_trainvaltest/rgb_anon/night/val/GOPR0351/GOPR0351_frame_000121_rgb_anon.png
acdc,Mask2Former-Swin-L,person,GOPR0351/gopr0351_frame_000124.png,4960,9151,/home/ace/Downloads/rgb_anon_trainvaltest/rgb_anon/night/val_ref/GOPR0351/GOPR0351_frame_000124_rgb_ref_anon.png,/home/ace/Downloads/rgb_anon_trainvaltest/rgb_anon/night/val/GOPR0351/GOPR0351_frame_000124_rgb_anon.png
acdc,Mask2Former-Swin-L,person,GOPR0351/gopr0351_frame_000128.png,20073,3267,/home/ace/Downloads/rgb_anon_trainvaltest/rgb_anon/night/val_ref/GOPR0351/GOPR0351_frame_000128_rgb_ref_anon.png,/home/ace/Downloads/rgb_anon_trainvaltest/rgb_anon/night/val/GOPR0351/GOPR0351_frame_000128_rgb_anon.png
acdc,Mask2Former-Swin-L,person,GOPR0351/gopr0351_frame_000132.png,4724,20945,/home/ace/Downloads/rgb_anon_trainvaltest/rgb_anon/night/val_ref/GOPR0351/GOPR0351_frame_000132_rgb_ref_anon.png,/home/ace/Downloads/rgb_anon_trainvaltest/rgb_anon/night/val/GOPR0351/GOPR0351_frame_000132_rgb_anon.png
acdc,Mask2Former-Swin-L,person,GOPR0351/gopr0351_frame_000141.png,728,744,/home/ace/Downloads/rgb_anon_trainvaltest/rgb_anon/night/val_ref/GOPR0351/GOPR0351_frame_000141_rgb_ref_anon.png,/home/ace/Downloads/rgb_anon_trainvaltest/rgb_anon/night/val/GOPR0351/GOPR0351_frame_000141_rgb_anon.png
acdc,Mask2Former-Swin-L,person,GOPR0351/gopr0351_frame_000143.png,571,0,/home/ace/Downloads/rgb_anon_trainvaltest/rgb_anon/night/val_ref/GOPR0351/GOPR0351_frame_000143_rgb_ref_anon.png,/home/ace/Downloads/rgb_anon_trainvaltest/rgb_anon/night/val/GOPR0351/GOPR0351_frame_000143_rgb_anon.png
acdc,Mask2Former-Swin-L,person,GOPR0351/gopr0351_frame_000651.png,0,13,/home/ace/Downloads/rgb_anon_trainvaltest/rgb_anon/night/val_ref/GOPR0351/GOPR0351_frame_000651_rgb_ref_anon.png,/home/ace/Downloads/rgb_anon_trainvaltest/rgb_anon/night/val/GOPR0351/GOPR0351_frame_000651_rgb_anon.png
acdc,Mask2Former-Swin-L,person,GOPR0351/gopr0351_frame_000654.png,0,5045,/home/ace/Downloads/rgb_anon_trainvaltest/rgb_anon/night/val_ref/GOPR0351/GOPR0351_frame_000654_rgb_ref_anon.png,/home/ace/Downloads/rgb_anon_trainvaltest/rgb_anon/night/val/GOPR0351/GOPR0351_frame_000654_rgb_anon.png
acdc,Mask2Former-Swin-L,person,GOPR0351/gopr0351_frame_000706.png,6997,19770,/home/ace/Downloads/rgb_anon_trainvaltest/rgb_anon/night/val_ref/GOPR0351/GOPR0351_frame_000706_rgb_ref_anon.png,/home/ace/Downloads/rgb_anon_trainvaltest/rgb_anon/night/val/GOPR0351/GOPR0351_frame_000706_rgb_anon.png
acdc,Mask2Former-Swin-L,person,GOPR0351/gopr0351_frame_000709.png,0,0,/home/ace/Downloads/rgb_anon_trainvaltest/rgb_anon/night/val_ref/GOPR0351/GOPR0351_frame_000709_rgb_ref_anon.png,/home/ace/Downloads/rgb_anon_trainvaltest/rgb_anon/night/val/GOPR0351/GOPR0351_frame_000709_rgb_anon.png
acdc,Mask2Former-Swin-L,person,GOPR0351/gopr0351_frame_000712.png,0,0,/home/ace/Downloads/rgb_anon_trainvaltest/rgb_anon/night/val_ref/GOPR0351/GOPR0351_frame_000712_rgb_ref_anon.png,/home/ace/Downloads/rgb_anon_trainvaltest/rgb_anon/night/val/GOPR0351/GOPR0351_frame_000712_rgb_anon.png
acdc,Mask2Former-Swin-L,person,GOPR0351/gopr0351_frame_000718.png,0,1549,/home/ace/Downloads/rgb_anon_trainvaltest/rgb_anon/night/val_ref/GOPR0351/GOPR0351_frame_000718_rgb_ref_anon.png,/home/ace/Downloads/rgb_anon_trainvaltest/rgb_anon/night/val/GOPR0351/GOPR0351_frame_000718_rgb_anon.png
acdc,Mask2Former-Swin-L,person,GOPR0351/gopr0351_frame_000724.png,0,0,/home/ace/Downloads/rgb_anon_trainvaltest/rgb_anon/night/val_ref/GOPR0351/GOPR0351_frame_000724_rgb_ref_anon.png,/home/ace/Downloads/rgb_anon_trainvaltest/rgb_anon/night/val/GOPR0351/GOPR0351_frame_000724_rgb_anon.png
acdc,Mask2Former-Swin-L,person,GOPR0351/gopr0351_frame_000727.png,0,586,/home/ace/Downloads/rgb_anon_trainvaltest/rgb_anon/night/val_ref/GOPR0351/GOPR0351_frame_000727_rgb_ref_anon.png,/home/ace/Downloads/rgb_anon_trainvaltest/rgb_anon/night/val/GOPR0351/GOPR0351_frame_000727_rgb_anon.png
acdc,Mask2Former-Swin-L,person,GOPR0351/gopr0351_frame_000742.png,0,0,/home/ace/Downloads/rgb_anon_trainvaltest/rgb_anon/night/val_ref/GOPR0351/GOPR0351_frame_000742_rgb_ref_anon.png,/home/ace/Downloads/rgb_anon_trainvaltest/rgb_anon/night/val/GOPR0351/GOPR0351_frame_000742_rgb_anon.png
acdc,Mask2Former-Swin-L,person,GOPR0351/gopr0351_frame_000745.png,0,0,/home/ace/Downloads/rgb_anon_trainvaltest/rgb_anon/night/val_ref/GOPR0351/GOPR0351_frame_000745_rgb_ref_anon.png,/home/ace/Downloads/rgb_anon_trainvaltest/rgb_anon/night/val/GOPR0351/GOPR0351_frame_000745_rgb_anon.png
acdc,Mask2Former-Swin-L,person,GOPR0351/gopr0351_frame_000748.png,0,0,/home/ace/Downloads/rgb_anon_trainvaltest/rgb_anon/night/val_ref/GOPR0351/GOPR0351_frame_000748_rgb_ref_anon.png,/home/ace/Downloads/rgb_anon_trainvaltest/rgb_anon/night/val/GOPR0351/GOPR0351_frame_000748_rgb_anon.png
acdc,Mask2Former-Swin-L,person,GOPR0351/gopr0351_frame_000754.png,0,0,/home/ace/Downloads/rgb_anon_trainvaltest/rgb_anon/night/val_ref/GOPR0351/GOPR0351_frame_000754_rgb_ref_anon.png,/home/ace/Downloads/rgb_anon_trainvaltest/rgb_anon/night/val/GOPR0351/GOPR0351_frame_000754_rgb_anon.png
acdc,Mask2Former-Swin-L,person,GOPR0351/gopr0351_frame_000761.png,3850,9425,/home/ace/Downloads/rgb_anon_trainvaltest/rgb_anon/night/val_ref/GOPR0351/GOPR0351_frame_000761_rgb_ref_anon.png,/home/ace/Downloads/rgb_anon_trainvaltest/rgb_anon/night/val/GOPR0351/GOPR0351_frame_000761_rgb_anon.png
acdc,Mask2Former-Swin-L,person,GOPR0351/gopr0351_frame_000770.png,0,0,/home/ace/Downloads/rgb_anon_trainvaltest/rgb_anon/night/val_ref/GOPR0351/GOPR0351_frame_000770_rgb_ref_anon.png,/home/ace/Downloads/rgb_anon_trainvaltest/rgb_anon/night/val/GOPR0351/GOPR0351_frame_000770_rgb_anon.png
acdc,Mask2Former-Swin-L,person,GOPR0351/gopr0351_frame_000774.png,0,0,/home/ace/Downloads/rgb_anon_trainvaltest/rgb_anon/night/val_ref/GOPR0351/GOPR0351_frame_000774_rgb_ref_anon.png,/home/ace/Downloads/rgb_anon_trainvaltest/rgb_anon/night/val/GOPR0351/GOPR0351_frame_000774_rgb_anon.png
acdc,Mask2Former-Swin-L,person,GOPR0351/gopr0351_frame_000809.png,0,0,/home/ace/Downloads/rgb_anon_trainvaltest/rgb_anon/night/val_ref/GOPR0351/GOPR0351_frame_000809_rgb_ref_anon.png,/home/ace/Downloads/rgb_anon_trainvaltest/rgb_anon/night/val/GOPR0351/GOPR0351_frame_000809_rgb_anon.png
acdc,Mask2Former-Swin-L,person,GOPR0351/gopr0351_frame_000814.png,0,475,/home/ace/Downloads/rgb_anon_trainvaltest/rgb_anon/night/val_ref/GOPR0351/GOPR0351_frame_000814_rgb_ref_anon.png,/home/ace/Downloads/rgb_anon_trainvaltest/rgb_anon/night/val/GOPR0351/GOPR0351_frame_000814_rgb_anon.png
acdc,Mask2Former-Swin-L,person,GOPR0351/gopr0351_frame_000818.png,1101,0,/home/ace/Downloads/rgb_anon_trainvaltest/rgb_anon/night/val_ref/GOPR0351/GOPR0351_frame_000818_rgb_ref_anon.png,/home/ace/Downloads/rgb_anon_trainvaltest/rgb_anon/night/val/GOPR0351/GOPR0351_frame_000818_rgb_anon.png
acdc,Mask2Former-Swin-L,person,GOPR0351/gopr0351_frame_000822.png,75,11,/home/ace/Downloads/rgb_anon_trainvaltest/rgb_anon/night/val_ref/GOPR0351/GOPR0351_frame_000822_rgb_ref_anon.png,/home/ace/Downloads/rgb_anon_trainvaltest/rgb_anon/night/val/GOPR0351/GOPR0351_frame_000822_rgb_anon.png
acdc,Mask2Former-Swin-L,person,GOPR0351/gopr0351_frame_000825.png,0,218,/home/ace/Downloads/rgb_anon_trainvaltest/rgb_anon/night/val_ref/GOPR0351/GOPR0351_frame_000825_rgb_ref_anon.png,/home/ace/Downloads/rgb_anon_trainvaltest/rgb_anon/night/val/GOPR0351/GOPR0351_frame_000825_rgb_anon.png
acdc,Mask2Former-Swin-L,person,GOPR0356/gopr0356_frame_000321.png,0,0,/home/ace/Downloads/rgb_anon_trainvaltest/rgb_anon/night/val_ref/GOPR0356/GOPR0356_frame_000321_rgb_ref_anon.png,/home/ace/Downloads/rgb_anon_trainvaltest/rgb_anon/night/val/GOPR0356/GOPR0356_frame_000321_rgb_anon.png
acdc,Mask2Former-Swin-L,person,GOPR0356/gopr0356_frame_000324.png,0,3562,/home/ace/Downloads/rgb_anon_trainvaltest/rgb_anon/night/val_ref/GOPR0356/GOPR0356_frame_000324_rgb_ref_anon.png,/home/ace/Downloads/rgb_anon_trainvaltest/rgb_anon/night/val/GOPR0356/GOPR0356_frame_000324_rgb_anon.png
acdc,Mask2Former-Swin-L,person,GOPR0356/gopr0356_frame_000327.png,0,0,/home/ace/Downloads/rgb_anon_trainvaltest/rgb_anon/night/val_ref/GOPR0356/GOPR0356_frame_000327_rgb_ref_anon.png,/home/ace/Downloads/rgb_anon_trainvaltest/rgb_anon/night/val/GOPR0356/GOPR0356_frame_000327_rgb_anon.png
acdc,Mask2Former-Swin-L,person,GOPR0356/gopr0356_frame_000330.png,0,0,/home/ace/Downloads/rgb_anon_trainvaltest/rgb_anon/night/val_ref/GOPR0356/GOPR0356_frame_000330_rgb_ref_anon.png,/home/ace/Downloads/rgb_anon_trainvaltest/rgb_anon/night/val/GOPR0356/GOPR0356_frame_000330_rgb_anon.png
acdc,Mask2Former-Swin-L,person,GOPR0356/gopr0356_frame_000333.png,0,0,/home/ace/Downloads/rgb_anon_trainvaltest/rgb_anon/night/val_ref/GOPR0356/GOPR0356_frame_000333_rgb_ref_anon.png,/home/ace/Downloads/rgb_anon_trainvaltest/rgb_anon/night/val/GOPR0356/GOPR0356_frame_000333_rgb_anon.png
acdc,Mask2Former-Swin-L,person,GOPR0356/gopr0356_frame_000336.png,0,8932,/home/ace/Downloads/rgb_anon_trainvaltest/rgb_anon/night/val_ref/GOPR0356/GOPR0356_frame_000336_rgb_ref_anon.png,/home/ace/Downloads/rgb_anon_trainvaltest/rgb_anon/night/val/GOPR0356/GOPR0356_frame_000336_rgb_anon.png
acdc,Mask2Former-Swin-L,person,GOPR0356/gopr0356_frame_000339.png,0,2972,/home/ace/Downloads/rgb_anon_trainvaltest/rgb_anon/night/val_ref/GOPR0356/GOPR0356_frame_000339_rgb_ref_anon.png,/home/ace/Downloads/rgb_anon_trainvaltest/rgb_anon/night/val/GOPR0356/GOPR0356_frame_000339_rgb_anon.png
acdc,Mask2Former-Swin-L,person,GOPR0356/gopr0356_frame_000342.png,0,0,/home/ace/Downloads/rgb_anon_trainvaltest/rgb_anon/night/val_ref/GOPR0356/GOPR0356_frame_000342_rgb_ref_anon.png,/home/ace/Downloads/rgb_anon_trainvaltest/rgb_anon/night/val/GOPR0356/GOPR0356_frame_000342_rgb_anon.png
acdc,Mask2Former-Swin-L,person,GOPR0356/gopr0356_frame_000345.png,0,0,/home/ace/Downloads/rgb_anon_trainvaltest/rgb_anon/night/val_ref/GOPR0356/GOPR0356_frame_000345_rgb_ref_anon.png,/home/ace/Downloads/rgb_anon_trainvaltest/rgb_anon/night/val/GOPR0356/GOPR0356_frame_000345_rgb_anon.png
acdc,Mask2Former-Swin-L,person,GOPR0356/gopr0356_frame_000348.png,0,0,/home/ace/Downloads/rgb_anon_trainvaltest/rgb_anon/night/val_ref/GOPR0356/GOPR0356_frame_000348_rgb_ref_anon.png,/home/ace/Downloads/rgb_anon_trainvaltest/rgb_anon/night/val/GOPR0356/GOPR0356_frame_000348_rgb_anon.png
acdc,Mask2Former-Swin-L,person,GOPR0356/gopr0356_frame_000351.png,0,0,/home/ace/Downloads/rgb_anon_trainvaltest/rgb_anon/night/val_ref/GOPR0356/GOPR0356_frame_000351_rgb_ref_anon.png,/home/ace/Downloads/rgb_anon_trainvaltest/rgb_anon/night/val/GOPR0356/GOPR0356_frame_000351_rgb_anon.png
acdc,Mask2Former-Swin-L,person,GOPR0356/gopr0356_frame_000354.png,0,0,/home/ace/Downloads/rgb_anon_trainvaltest/rgb_anon/night/val_ref/GOPR0356/GOPR0356_frame_000354_rgb_ref_anon.png,/home/ace/Downloads/rgb_anon_trainvaltest/rgb_anon/night/val/GOPR0356/GOPR0356_frame_000354_rgb_anon.png
acdc,Mask2Former-Swin-L,person,GOPR0356/gopr0356_frame_000357.png,0,0,/home/ace/Downloads/rgb_anon_trainvaltest/rgb_anon/night/val_ref/GOPR0356/GOPR0356_frame_000357_rgb_ref_anon.png,/home/ace/Downloads/rgb_anon_trainvaltest/rgb_anon/night/val/GOPR0356/GOPR0356_frame_000357_rgb_anon.png
acdc,Mask2Former-Swin-L,person,GOPR0356/gopr0356_frame_000360.png,0,748,/home/ace/Downloads/rgb_anon_trainvaltest/rgb_anon/night/val_ref/GOPR0356/GOPR0356_frame_000360_rgb_ref_anon.png,/home/ace/Downloads/rgb_anon_trainvaltest/rgb_anon/night/val/GOPR0356/GOPR0356_frame_000360_rgb_anon.png
acdc,Mask2Former-Swin-L,person,GOPR0356/gopr0356_frame_000363.png,0,0,/home/ace/Downloads/rgb_anon_trainvaltest/rgb_anon/night/val_ref/GOPR0356/GOPR0356_frame_000363_rgb_ref_anon.png,/home/ace/Downloads/rgb_anon_trainvaltest/rgb_anon/night/val/GOPR0356/GOPR0356_frame_000363_rgb_anon.png
acdc,Mask2Former-Swin-L,person,GOPR0356/gopr0356_frame_000366.png,4,19,/home/ace/Downloads/rgb_anon_trainvaltest/rgb_anon/night/val_ref/GOPR0356/GOPR0356_frame_000366_rgb_ref_anon.png,/home/ace/Downloads/rgb_anon_trainvaltest/rgb_anon/night/val/GOPR0356/GOPR0356_frame_000366_rgb_anon.png
acdc,Mask2Former-Swin-L,person,GOPR0356/gopr0356_frame_000369.png,0,0,/home/ace/Downloads/rgb_anon_trainvaltest/rgb_anon/night/val_ref/GOPR0356/GOPR0356_frame_000369_rgb_ref_anon.png,/home/ace/Downloads/rgb_anon_trainvaltest/rgb_anon/night/val/GOPR0356/GOPR0356_frame_000369_rgb_anon.png
acdc,Mask2Former-Swin-L,person,GOPR0356/gopr0356_frame_000372.png,0,0,/home/ace/Downloads/rgb_anon_trainvaltest/rgb_anon/night/val_ref/GOPR0356/GOPR0356_frame_000372_rgb_ref_anon.png,/home/ace/Downloads/rgb_anon_trainvaltest/rgb_anon/night/val/GOPR0356/GOPR0356_frame_000372_rgb_anon.png
acdc,Mask2Former-Swin-L,person,GOPR0356/gopr0356_frame_000375.png,0,0,/home/ace/Downloads/rgb_anon_trainvaltest/rgb_anon/night/val_ref/GOPR0356/GOPR0356_frame_000375_rgb_ref_anon.png,/home/ace/Downloads/rgb_anon_trainvaltest/rgb_anon/night/val/GOPR0356/GOPR0356_frame_000375_rgb_anon.png
acdc,Mask2Former-Swin-L,person,GOPR0356/gopr0356_frame_000378.png,0,0,/home/ace/Downloads/rgb_anon_trainvaltest/rgb_anon/night/val_ref/GOPR0356/GOPR0356_frame_000378_rgb_ref_anon.png,/home/ace/Downloads/rgb_anon_trainvaltest/rgb_anon/night/val/GOPR0356/GOPR0356_frame_000378_rgb_anon.png
acdc,Mask2Former-Swin-L,person,GOPR0356/gopr0356_frame_000382.png,170,29,/home/ace/Downloads/rgb_anon_trainvaltest/rgb_anon/night/val_ref/GOPR0356/GOPR0356_frame_000382_rgb_ref_anon.png,/home/ace/Downloads/rgb_anon_trainvaltest/rgb_anon/night/val/GOPR0356/GOPR0356_frame_000382_rgb_anon.png
acdc,Mask2Former-Swin-L,person,GOPR0356/gopr0356_frame_000386.png,139,0,/home/ace/Downloads/rgb_anon_trainvaltest/rgb_anon/night/val_ref/GOPR0356/GOPR0356_frame_000386_rgb_ref_anon.png,/home/ace/Downloads/rgb_anon_trainvaltest/rgb_anon/night/val/GOPR0356/GOPR0356_frame_000386_rgb_anon.png
acdc,Mask2Former-Swin-L,person,GOPR0356/gopr0356_frame_000391.png,997,0,/home/ace/Downloads/rgb_anon_trainvaltest/rgb_anon/night/val_ref/GOPR0356/GOPR0356_frame_000391_rgb_ref_anon.png,/home/ace/Downloads/rgb_anon_trainvaltest/rgb_anon/night/val/GOPR0356/GOPR0356_frame_000391_rgb_anon.png
acdc,Mask2Former-Swin-L,person,GOPR0356/gopr0356_frame_000395.png,0,0,/home/ace/Downloads/rgb_anon_trainvaltest/rgb_anon/night/val_ref/GOPR0356/GOPR0356_frame_000395_rgb_ref_anon.png,/home/ace/Downloads/rgb_anon_trainvaltest/rgb_anon/night/val/GOPR0356/GOPR0356_frame_000395_rgb_anon.png
acdc,Mask2Former-Swin-L,person,GOPR0356/gopr0356_frame_000398.png,0,0,/home/ace/Downloads/rgb_anon_trainvaltest/rgb_anon/night/val_ref/GOPR0356/GOPR0356_frame_000398_rgb_ref_anon.png,/home/ace/Downloads/rgb_anon_trainvaltest/rgb_anon/night/val/GOPR0356/GOPR0356_frame_000398_rgb_anon.png
acdc,Mask2Former-Swin-L,person,GOPR0356/gopr0356_frame_000401.png,0,0,/home/ace/Downloads/rgb_anon_trainvaltest/rgb_anon/night/val_ref/GOPR0356/GOPR0356_frame_000401_rgb_ref_anon.png,/home/ace/Downloads/rgb_anon_trainvaltest/rgb_anon/night/val/GOPR0356/GOPR0356_frame_000401_rgb_anon.png
acdc,Mask2Former-Swin-L,person,GOPR0356/gopr0356_frame_000404.png,0,0,/home/ace/Downloads/rgb_anon_trainvaltest/rgb_anon/night/val_ref/GOPR0356/GOPR0356_frame_000404_rgb_ref_anon.png,/home/ace/Downloads/rgb_anon_trainvaltest/rgb_anon/night/val/GOPR0356/GOPR0356_frame_000404_rgb_anon.png
acdc,Mask2Former-Swin-L,person,GOPR0356/gopr0356_frame_000408.png,7144,1248,/home/ace/Downloads/rgb_anon_trainvaltest/rgb_anon/night/val_ref/GOPR0356/GOPR0356_frame_000408_rgb_ref_anon.png,/home/ace/Downloads/rgb_anon_trainvaltest/rgb_anon/night/val/GOPR0356/GOPR0356_frame_000408_rgb_anon.png
acdc,Mask2Former-Swin-L,person,GOPR0356/gopr0356_frame_000414.png,0,0,/home/ace/Downloads/rgb_anon_trainvaltest/rgb_anon/night/val_ref/GOPR0356/GOPR0356_frame_000414_rgb_ref_anon.png,/home/ace/Downloads/rgb_anon_trainvaltest/rgb_anon/night/val/GOPR0356/GOPR0356_frame_000414_rgb_anon.png
acdc,Mask2Former-Swin-L,person,GOPR0356/gopr0356_frame_000418.png,0,0,/home/ace/Downloads/rgb_anon_trainvaltest/rgb_anon/night/val_ref/GOPR0356/GOPR0356_frame_000418_rgb_ref_anon.png,/home/ace/Downloads/rgb_anon_trainvaltest/rgb_anon/night/val/GOPR0356/GOPR0356_frame_000418_rgb_anon.png
acdc,Mask2Former-Swin-L,person,GOPR0356/gopr0356_frame_000421.png,217,1200,/home/ace/Downloads/rgb_anon_trainvaltest/rgb_anon/night/val_ref/GOPR0356/GOPR0356_frame_000421_rgb_ref_anon.png,/home/ace/Downloads/rgb_anon_trainvaltest/rgb_anon/night/val/GOPR0356/GOPR0356_frame_000421_rgb_anon.png
acdc,Mask2Former-Swin-L,person,GOPR0356/gopr0356_frame_000424.png,0,0,/home/ace/Downloads/rgb_anon_trainvaltest/rgb_anon/night/val_ref/GOPR0356/GOPR0356_frame_000424_rgb_ref_anon.png,/home/ace/Downloads/rgb_anon_trainvaltest/rgb_anon/night/val/GOPR0356/GOPR0356_frame_000424_rgb_anon.png
acdc,Mask2Former-Swin-L,person,GOPR0356/gopr0356_frame_000427.png,0,2513,/home/ace/Downloads/rgb_anon_trainvaltest/rgb_anon/night/val_ref/GOPR0356/GOPR0356_frame_000427_rgb_ref_anon.png,/home/ace/Downloads/rgb_anon_trainvaltest/rgb_anon/night/val/GOPR0356/GOPR0356_frame_000427_rgb_anon.png
acdc,Mask2Former-Swin-L,person,GOPR0356/gopr0356_frame_000430.png,5,0,/home/ace/Downloads/rgb_anon_trainvaltest/rgb_anon/night/val_ref/GOPR0356/GOPR0356_frame_000430_rgb_ref_anon.png,/home/ace/Downloads/rgb_anon_trainvaltest/rgb_anon/night/val/GOPR0356/GOPR0356_frame_000430_rgb_anon.png
acdc,Mask2Former-Swin-L,person,GOPR0356/gopr0356_frame_000433.png,3169,0,/home/ace/Downloads/rgb_anon_trainvaltest/rgb_anon/night/val_ref/GOPR0356/GOPR0356_frame_000433_rgb_ref_anon.png,/home/ace/Downloads/rgb_anon_trainvaltest/rgb_anon/night/val/GOPR0356/GOPR0356_frame_000433_rgb_anon.png
acdc,Mask2Former-Swin-L,person,GOPR0356/gopr0356_frame_000437.png,0,17328,/home/ace/Downloads/rgb_anon_trainvaltest/rgb_anon/night/val_ref/GOPR0356/GOPR0356_frame_000437_rgb_ref_anon.png,/home/ace/Downloads/rgb_anon_trainvaltest/rgb_anon/night/val/GOPR0356/GOPR0356_frame_000437_rgb_anon.png
acdc,Mask2Former-Swin-L,person,GOPR0356/gopr0356_frame_000448.png,0,0,/home/ace/Downloads/rgb_anon_trainvaltest/rgb_anon/night/val_ref/GOPR0356/GOPR0356_frame_000448_rgb_ref_anon.png,/home/ace/Downloads/rgb_anon_trainvaltest/rgb_anon/night/val/GOPR0356/GOPR0356_frame_000448_rgb_anon.png
acdc,Mask2Former-Swin-L,person,GOPR0356/gopr0356_frame_000452.png,0,127,/home/ace/Downloads/rgb_anon_trainvaltest/rgb_anon/night/val_ref/GOPR0356/GOPR0356_frame_000452_rgb_ref_anon.png,/home/ace/Downloads/rgb_anon_trainvaltest/rgb_anon/night/val/GOPR0356/GOPR0356_frame_000452_rgb_anon.png
acdc,Mask2Former-Swin-L,person,GOPR0356/gopr0356_frame_000455.png,67921,0,/home/ace/Downloads/rgb_anon_trainvaltest/rgb_anon/night/val_ref/GOPR0356/GOPR0356_frame_000455_rgb_ref_anon.png,/home/ace/Downloads/rgb_anon_trainvaltest/rgb_anon/night/val/GOPR0356/GOPR0356_frame_000455_rgb_anon.png
acdc,Mask2Former-Swin-L,person,GOPR0356/gopr0356_frame_000458.png,2196,4269,/home/ace/Downloads/rgb_anon_trainvaltest/rgb_anon/night/val_ref/GOPR0356/GOPR0356_frame_000458_rgb_ref_anon.png,/home/ace/Downloads/rgb_anon_trainvaltest/rgb_anon/night/val/GOPR0356/GOPR0356_frame_000458_rgb_anon.png
acdc,Mask2Former-Swin-L,person,GOPR0356/gopr0356_frame_000461.png,327,0,/home/ace/Downloads/rgb_anon_trainvaltest/rgb_anon/night/val_ref/GOPR0356/GOPR0356_frame_000461_rgb_ref_anon.png,/home/ace/Downloads/rgb_anon_trainvaltest/rgb_anon/night/val/GOPR0356/GOPR0356_frame_000461_rgb_anon.png
acdc,Mask2Former-Swin-L,person,GOPR0356/gopr0356_frame_000464.png,1437,0,/home/ace/Downloads/rgb_anon_trainvaltest/rgb_anon/night/val_ref/GOPR0356/GOPR0356_frame_000464_rgb_ref_anon.png,/home/ace/Downloads/rgb_anon_trainvaltest/rgb_anon/night/val/GOPR0356/GOPR0356_frame_000464_rgb_anon.png
acdc,Mask2Former-Swin-L,person,GOPR0356/gopr0356_frame_000467.png,0,0,/home/ace/Downloads/rgb_anon_trainvaltest/rgb_anon/night/val_ref/GOPR0356/GOPR0356_frame_000467_rgb_ref_anon.png,/home/ace/Downloads/rgb_anon_trainvaltest/rgb_anon/night/val/GOPR0356/GOPR0356_frame_000467_rgb_anon.png
acdc,Mask2Former-Swin-L,person,GOPR0356/gopr0356_frame_000470.png,0,0,/home/ace/Downloads/rgb_anon_trainvaltest/rgb_anon/night/val_ref/GOPR0356/GOPR0356_frame_000470_rgb_ref_anon.png,/home/ace/Downloads/rgb_anon_trainvaltest/rgb_anon/night/val/GOPR0356/GOPR0356_frame_000470_rgb_anon.png
acdc,Mask2Former-Swin-L,person,GOPR0356/gopr0356_frame_000473.png,0,0,/home/ace/Downloads/rgb_anon_trainvaltest/rgb_anon/night/val_ref/GOPR0356/GOPR0356_frame_000473_rgb_ref_anon.png,/home/ace/Downloads/rgb_anon_trainvaltest/rgb_anon/night/val/GOPR0356/GOPR0356_frame_000473_rgb_anon.png
acdc,Mask2Former-Swin-L,person,GOPR0356/gopr0356_frame_000476.png,0,265,/home/ace/Downloads/rgb_anon_trainvaltest/rgb_anon/night/val_ref/GOPR0356/GOPR0356_frame_000476_rgb_ref_anon.png,/home/ace/Downloads/rgb_anon_trainvaltest/rgb_anon/night/val/GOPR0356/GOPR0356_frame_000476_rgb_anon.png
acdc,Mask2Former-Swin-L,person,GOPR0356/gopr0356_frame_000479.png,1,0,/home/ace/Downloads/rgb_anon_trainvaltest/rgb_anon/night/val_ref/GOPR0356/GOPR0356_frame_000479_rgb_ref_anon.png,/home/ace/Downloads/rgb_anon_trainvaltest/rgb_anon/night/val/GOPR0356/GOPR0356_frame_000479_rgb_anon.png
acdc,Mask2Former-Swin-L,person,GOPR0356/gopr0356_frame_000482.png,0,0,/home/ace/Downloads/rgb_anon_trainvaltest/rgb_anon/night/val_ref/GOPR0356/GOPR0356_frame_000482_rgb_ref_anon.png,/home/ace/Downloads/rgb_anon_trainvaltest/rgb_anon/night/val/GOPR0356/GOPR0356_frame_000482_rgb_anon.png
acdc,Mask2Former-Swin-L,person,GOPR0356/gopr0356_frame_000485.png,0,0,/home/ace/Downloads/rgb_anon_trainvaltest/rgb_anon/night/val_ref/GOPR0356/GOPR0356_frame_000485_rgb_ref_anon.png,/home/ace/Downloads/rgb_anon_trainvaltest/rgb_anon/night/val/GOPR0356/GOPR0356_frame_000485_rgb_anon.png
acdc,Mask2Former-Swin-L,person,GOPR0356/gopr0356_frame_000488.png,0,0,/home/ace/Downloads/rgb_anon_trainvaltest/rgb_anon/night/val_ref/GOPR0356/GOPR0356_frame_000488_rgb_ref_anon.png,/home/ace/Downloads/rgb_anon_trainvaltest/rgb_anon/night/val/GOPR0356/GOPR0356_frame_000488_rgb_anon.png
our_dataset,Mask2Former-Swin-L,car,10231074,0,0,/home/ace/Downloads/Dataset/Day/10231074_Day_EXTRASUNNY.png,/home/ace/Downloads/Dataset/Night/10231074_Night_EXTRASUNNY.png
our_dataset,Mask2Former-Swin-L,car,108359,11000,0,/home/ace/Downloads/Dataset/Day/108359_Day_EXTRASUNNY.png,/home/ace/Downloads/Dataset/Night/108359_Night_EXTRASUNNY.png
our_dataset,Mask2Former-Swin-L,car,10901081,0,0,/home/ace/Downloads/Dataset/Day/10901081_Day_EXTRASUNNY.png,/home/ace/Downloads/Dataset/Night/10901081_Night_EXTRASUNNY.png
our_dataset,Mask2Former-Swin-L,car,11101250,0,490,/home/ace/Downloads/Dataset/Day/11101250_Day_EXTRASUNNY.png,/home/ace/Downloads/Dataset/Night/11101250_Night_EXTRASUNNY.png
our_dataset,Mask2Former-Swin-L,car,11131433,2,144,/home/ace/Downloads/Dataset/Day/11131433_Day_EXTRASUNNY.png,/home/ace/Downloads/Dataset/Night/11131433_Night_EXTRASUNNY.png
our_dataset,Mask2Former-Swin-L,car,1119803,14471,2234,/home/ace/Downloads/Dataset/Day/1119803_Day_EXTRASUNNY.png,/home/ace/Downloads/Dataset/Night/1119803_Night_EXTRASUNNY.png
our_dataset,Mask2Former-Swin-L,car,112170,0,0,/home/ace/Downloads/Dataset/Day/112170_Day_EXTRASUNNY.png,/home/ace/Downloads/Dataset/Night/112170_Night_EXTRASUNNY.png
our_dataset,Mask2Former-Swin-L,car,1124819,118298,113533,/home/ace/Downloads/Dataset/Day/1124819_Day_EXTRASUNNY.png,/home/ace/Downloads/Dataset/Night/1124819_Night_EXTRASUNNY.png
our_dataset,Mask2Former-Swin-L,car,11281105,137114,135035,/home/ace/Downloads/Dataset/Day/11281105_Day_EXTRASUNNY.png,/home/ace/Downloads/Dataset/Night/11281105_Night_EXTRASUNNY.png
our_dataset,Mask2Former-Swin-L,car,1129575,48918,47215,/home/ace/Downloads/Dataset/Day/1129575_Day_EXTRASUNNY.png,/home/ace/Downloads/Dataset/Night/1129575_Night_EXTRASUNNY.png
our_dataset,Mask2Former-Swin-L,car,1161197,103868,104103,/home/ace/Downloads/Dataset/Day/1161197_Day_EXTRASUNNY.png,/home/ace/Downloads/Dataset/Night/1161197_Night_EXTRASUNNY.png
our_dataset,Mask2Former-Swin-L,car,1162709,30855,29874,/home/ace/Downloads/Dataset/Day/1162709_Day_EXTRASUNNY.png,/home/ace/Downloads/Dataset/Night/1162709_Night_EXTRASUNNY.png
our_dataset,Mask2Former-Swin-L,car,1163548,0,62,/home/ace/Downloads/Dataset/Day/1163548_Day_EXTRASUNNY.png,/home/ace/Downloads/Dataset/Night/1163548_Night_EXTRASUNNY.png
our_dataset,Mask2Former-Swin-L,car,11642190,0,423,/home/ace/Downloads/Dataset/Day/11642190_Day_EXTRASUNNY.png,/home/ace/Downloads/Dataset/Night/11642190_Night_EXTRASUNNY.png
our_dataset,Mask2Former-Swin-L,car,1169181,51643,59282,/home/ace/Downloads/Dataset/Day/1169181_Day_EXTRASUNNY.png,/home/ace/Downloads/Dataset/Night/1169181_Night_EXTRASUNNY.png
our_dataset,Mask2Former-Swin-L,car,11721222,6617,1822,/home/ace/Downloads/Dataset/Day/11721222_Day_EXTRASUNNY.png,/home/ace/Downloads/Dataset/Night/11721222_Night_EXTRASUNNY.png
our_dataset,Mask2Former-Swin-L,car,11802146,2310,5157,/home/ace/Downloads/Dataset/Day/11802146_Day_EXTRASUNNY.png,/home/ace/Downloads/Dataset/Night/11802146_Night_EXTRASUNNY.png
our_dataset,Mask2Former-Swin-L,car,1184775,107501,107014,/home/ace/Downloads/Dataset/Day/1184775_Day_EXTRASUNNY.png,/home/ace/Downloads/Dataset/Night/1184775_Night_EXTRASUNNY.png
our_dataset,Mask2Former-Swin-L,car,11921147,0,1430,/home/ace/Downloads/Dataset/Day/11921147_Day_EXTRASUNNY.png,/home/ace/Downloads/Dataset/Night/11921147_Night_EXTRASUNNY.png
our_dataset,Mask2Former-Swin-L,car,119342,0,0,/home/ace/Downloads/Dataset/Day/119342_Day_EXTRASUNNY.png,/home/ace/Downloads/Dataset/Night/119342_Night_EXTRASUNNY.png
our_dataset,Mask2Former-Swin-L,car,1201777,0,0,/home/ace/Downloads/Dataset/Day/1201777_Day_EXTRASUNNY.png,/home/ace/Downloads/Dataset/Night/1201777_Night_EXTRASUNNY.png
our_dataset,Mask2Former-Swin-L,car,1297251,2612,2116,/home/ace/Downloads/Dataset/Day/1297251_Day_EXTRASUNNY.png,/home/ace/Downloads/Dataset/Night/1297251_Night_EXTRASUNNY.png
our_dataset,Mask2Former-Swin-L,car,1314425,0,0,/home/ace/Downloads/Dataset/Day/1314425_Day_EXTRASUNNY.png,/home/ace/Downloads/Dataset/Night/1314425_Night_EXTRASUNNY.png
our_dataset,Mask2Former-Swin-L,car,13331910,87950,81894,/home/ace/Downloads/Dataset/Day/13331910_Day_EXTRASUNNY.png,/home/ace/Downloads/Dataset/Night/13331910_Night_EXTRASUNNY.png
our_dataset,Mask2Former-Swin-L,car,13551916,4924,2429,/home/ace/Downloads/Dataset/Day/13551916_Day_EXTRASUNNY.png,/home/ace/Downloads/Dataset/Night/13551916_Night_EXTRASUNNY.png
our_dataset,Mask2Former-Swin-L,car,140120,11778,1141,/home/ace/Downloads/Dataset/Day/140120_Day_EXTRASUNNY.png,/home/ace/Downloads/Dataset/Night/140120_Night_EXTRASUNNY.png
our_dataset,Mask2Former-Swin-L,car,14450,14036,12859,/home/ace/Downloads/Dataset/Day/14450_Day_EXTRASUNNY.png,/home/ace/Downloads/Dataset/Night/14450_Night_EXTRASUNNY.png
our_dataset,Mask2Former-Swin-L,car,1481258,0,367,/home/ace/Downloads/Dataset/Day/1481258_Day_EXTRASUNNY.png,/home/ace/Downloads/Dataset/Night/1481258_Night_EXTRASUNNY.png
our_dataset,Mask2Former-Swin-L,car,153373,47837,44576,/home/ace/Downloads/Dataset/Day/153373_Day_EXTRASUNNY.png,/home/ace/Downloads/Dataset/Night/153373_Night_EXTRASUNNY.png
our_dataset,Mask2Former-Swin-L,car,1541895,122873,118230,/home/ace/Downloads/Dataset/Day/1541895_Day_EXTRASUNNY.png,/home/ace/Downloads/Dataset/Night/1541895_Night_EXTRASUNNY.png
our_dataset,Mask2Former-Swin-L,car,1581031,0,0,/home/ace/Downloads/Dataset/Day/1581031_Day_EXTRASUNNY.png,/home/ace/Downloads/Dataset/Night/1581031_Night_EXTRASUNNY.png
our_dataset,Mask2Former-Swin-L,car,159401,0,0,/home/ace/Downloads/Dataset/Day/159401_Day_EXTRASUNNY.png,/home/ace/Downloads/Dataset/Night/159401_Night_EXTRASUNNY.png
our_dataset,Mask2Former-Swin-L,car,182335,11181,1531,/home/ace/Downloads/Dataset/Day/182335_Day_EXTRASUNNY.png,/home/ace/Downloads/Dataset/Night/182335_Night_EXTRASUNNY.png
our_dataset,Mask2Former-Swin-L,car,187713,18905,19031,/home/ace/Downloads/Dataset/Day/187713_Day_EXTRASUNNY.png,/home/ace/Downloads/Dataset/Night/187713_Night_EXTRASUNNY.png
our_dataset,Mask2Former-Swin-L,car,19188,63942,63033,/home/ace/Downloads/Dataset/Day/19188_Day_EXTRASUNNY.png,/home/ace/Downloads/Dataset/Night/19188_Night_EXTRASUNNY.png
our_dataset,Mask2Former-Swin-L,car,196581,0,0,/home/ace/Downloads/Dataset/Day/196581_Day_EXTRASUNNY.png,/home/ace/Downloads/Dataset/Night/196581_Night_EXTRASUNNY.png
our_dataset,Mask2Former-Swin-L,car,2041817,0,0,/home/ace/Downloads/Dataset/Day/2041817_Day_EXTRASUNNY.png,/home/ace/Downloads/Dataset/Night/2041817_Night_EXTRASUNNY.png
our_dataset,Mask2Former-Swin-L,car,21692,0,0,/home/ace/Downloads/Dataset/Day/21692_Day_EXTRASUNNY.png,/home/ace/Downloads/Dataset/Night/21692_Night_EXTRASUNNY.png
our_dataset,Mask2Former-Swin-L,car,2231013,2,2,/home/ace/Downloads/Dataset/Day/2231013_Day_EXTRASUNNY.png,/home/ace/Downloads/Dataset/Night/2231013_Night_EXTRASUNNY.png
our_dataset,Mask2Former-Swin-L,car,223195,2962,3508,/home/ace/Downloads/Dataset/Day/223195_Day_EXTRASUNNY.png,/home/ace/Downloads/Dataset/Night/223195_Night_EXTRASUNNY.png
our_dataset,Mask2Former-Swin-L,car,231037,59179,60173,/home/ace/Downloads/Dataset/Day/231037_Day_EXTRASUNNY.png,/home/ace/Downloads/Dataset/Night/231037_Night_EXTRASUNNY.png
our_dataset,Mask2Former-Swin-L,car,2461888,34073,31409,/home/ace/Downloads/Dataset/Day/2461888_Day_EXTRASUNNY.png,/home/ace/Downloads/Dataset/Night/2461888_Night_EXTRASUNNY.png
our_dataset,Mask2Former-Swin-L,car,2531844,37350,36095,/home/ace/Downloads/Dataset/Day/2531844_Day_EXTRASUNNY.png,/home/ace/Downloads/Dataset/Night/2531844_Night_EXTRASUNNY.png
our_dataset,Mask2Former-Swin-L,car,2711181,22701,13969,/home/ace/Downloads/Dataset/Day/2711181_Day_EXTRASUNNY.png,/home/ace/Downloads/Dataset/Night/2711181_Night_EXTRASUNNY.png
our_dataset,Mask2Former-Swin-L,car,288913,0,0,/home/ace/Downloads/Dataset/Day/288913_Day_EXTRASUNNY.png,/home/ace/Downloads/Dataset/Night/288913_Night_EXTRASUNNY.png
our_dataset,Mask2Former-Swin-L,car,302966,11546,50164,/home/ace/Downloads/Dataset/Day/302966_Day_EXTRASUNNY.png,/home/ace/Downloads/Dataset/Night/302966_Night_EXTRASUNNY.png
our_dataset,Mask2Former-Swin-L,car,320493,223448,225307,/home/ace/Downloads/Dataset/Day/320493_Day_EXTRASUNNY.png,/home/ace/Downloads/Dataset/Night/320493_Night_EXTRASUNNY.png
our_dataset,Mask2Former-Swin-L,car,365202,73084,67706,/home/ace/Downloads/Dataset/Day/365202_Day_EXTRASUNNY.png,/home/ace/Downloads/Dataset/Night/365202_Night_EXTRASUNNY.png
our_dataset,Mask2Former-Swin-L,car,37573,0,5,/home/ace/Downloads/Dataset/Day/37573_Day_EXTRASUNNY.png,/home/ace/Downloads/Dataset/Night/37573_Night_EXTRASUNNY.png
our_dataset,Mask2Former-Swin-L,car,3761910,34784,32489,/home/ace/Downloads/Dataset/Day/3761910_Day_EXTRASUNNY.png,/home/ace/Downloads/Dataset/Night/3761910_Night_EXTRASUNNY.png
our_dataset,Mask2Former-Swin-L,car,400776,0,0,/home/ace/Downloads/Dataset/Day/400776_Day_EXTRASUNNY.png,/home/ace/Downloads/Dataset/Night/400776_Night_EXTRASUNNY.png
our_dataset,Mask2Former-Swin-L,car,43427,18087,13020,/home/ace/Downloads/Dataset/Day/43427_Day_EXTRASUNNY.png,/home/ace/Downloads/Dataset/Night/43427_Night_EXTRASUNNY.png
our_dataset,Mask2Former-Swin-L,car,43428,0,31015,/home/ace/Downloads/Dataset/Day/43428_Day_EXTRASUNNY.png,/home/ace/Downloads/Dataset/Night/43428_Night_EXTRASUNNY.png
our_dataset,Mask2Former-Swin-L,car,4361495,15330,14973,/home/ace/Downloads/Dataset/Day/4361495_Day_EXTRASUNNY.png,/home/ace/Downloads/Dataset/Night/4361495_Night_EXTRASUNNY.png
our_dataset,Mask2Former-Swin-L,car,450967,0,0,/home/ace/Downloads/Dataset/Day/450967_Day_EXTRASUNNY.png,/home/ace/Downloads/Dataset/Night/450967_Night_EXTRASUNNY.png
our_dataset,Mask2Former-Swin-L,car,4561149,0,0,/home/ace/Downloads/Dataset/Day/4561149_Day_EXTRASUNNY.png,/home/ace/Downloads/Dataset/Night/4561149_Night_EXTRASUNNY.png
our_dataset,Mask2Former-Swin-L,car,460731,0,0,/home/ace/Downloads/Dataset/Day/460731_Day_EXTRASUNNY.png,/home/ace/Downloads/Dataset/Night/460731_Night_EXTRASUNNY.png
our_dataset,Mask2Former-Swin-L,car,463639,105139,107086,/home/ace/Downloads/Dataset/Day/463639_Day_EXTRASUNNY.png,/home/ace/Downloads/Dataset/Night/463639_Night_EXTRASUNNY.png
our_dataset,Mask2Former-Swin-L,car,4641194,3268,1401,/home/ace/Downloads/Dataset/Day/4641194_Day_EXTRASUNNY.png,/home/ace/Downloads/Dataset/Night/4641194_Night_EXTRASUNNY.png
our_dataset,Mask2Former-Swin-L,car,471118,635600,0,/home/ace/Downloads/Dataset/Day/471118_Day_EXTRASUNNY.png,/home/ace/Downloads/Dataset/Night/471118_Night_EXTRASUNNY.png
our_dataset,Mask2Former-Swin-L,car,4811864,0,5867,/home/ace/Downloads/Dataset/Day/4811864_Day_EXTRASUNNY.png,/home/ace/Downloads/Dataset/Night/4811864_Night_EXTRASUNNY.png
our_dataset,Mask2Former-Swin-L,car,481618,73046,74868,/home/ace/Downloads/Dataset/Day/481618_Day_EXTRASUNNY.png,/home/ace/Downloads/Dataset/Night/481618_Night_EXTRASUNNY.png
our_dataset,Mask2Former-Swin-L,car,4911785,159,286,/home/ace/Downloads/Dataset/Day/4911785_Day_EXTRASUNNY.png,/home/ace/Downloads/Dataset/Night/4911785_Night_EXTRASUNNY.png
our_dataset,Mask2Former-Swin-L,car,5370,47999,42163,/home/ace/Downloads/Dataset/Day/5370_Day_EXTRASUNNY.png,/home/ace/Downloads/Dataset/Night/5370_Night_EXTRASUNNY.png
our_dataset,Mask2Former-Swin-L,car,550217,0,0,/home/ace/Downloads/Dataset/Day/550217_Day_EXTRASUNNY.png,/home/ace/Downloads/Dataset/Night/550217_Night_EXTRASUNNY.png
our_dataset,Mask2Former-Swin-L,car,564213,21136,20649,/home/ace/Downloads/Dataset/Day/564213_Day_EXTRASUNNY.png,/home/ace/Downloads/Dataset/Night/564213_Night_EXTRASUNNY.png
our_dataset,Mask2Former-Swin-L,car,568243,206,0,/home/ace/Downloads/Dataset/Day/568243_Day_EXTRASUNNY.png,/home/ace/Downloads/Dataset/Night/568243_Night_EXTRASUNNY.png
our_dataset,Mask2Former-Swin-L,car,5791659,52199,51931,/home/ace/Downloads/Dataset/Day/5791659_Day_EXTRASUNNY.png,/home/ace/Downloads/Dataset/Night/5791659_Night_EXTRASUNNY.png
our_dataset,Mask2Former-Swin-L,car,5951694,40424,40570,/home/ace/Downloads/Dataset/Day/5951694_Day_EXTRASUNNY.png,/home/ace/Downloads/Dataset/Night/5951694_Night_EXTRASUNNY.png
our_dataset,Mask2Former-Swin-L,car,596621,20556,185,/home/ace/Downloads/Dataset/Day/596621_Day_EXTRASUNNY.png,/home/ace/Downloads/Dataset/Night/596621_Night_EXTRASUNNY.png
our_dataset,Mask2Former-Swin-L,car,60144,95798,91712,/home/ace/Downloads/Dataset/Day/60144_Day_EXTRASUNNY.png,/home/ace/Downloads/Dataset/Night/60144_Night_EXTRASUNNY.png
our_dataset,Mask2Former-Swin-L,car,602947,0,0,/home/ace/Downloads/Dataset/Day/602947_Day_EXTRASUNNY.png,/home/ace/Downloads/Dataset/Night/602947_Night_EXTRASUNNY.png
our_dataset,Mask2Former-Swin-L,car,611370,177417,175914,/home/ace/Downloads/Dataset/Day/611370_Day_EXTRASUNNY.png,/home/ace/Downloads/Dataset/Night/611370_Night_EXTRASUNNY.png
our_dataset,Mask2Former-Swin-L,car,6461059,0,0,/home/ace/Downloads/Dataset/Day/6461059_Day_EXTRASUNNY.png,/home/ace/Downloads/Dataset/Night/6461059_Night_EXTRASUNNY.png
our_dataset,Mask2Former-Swin-L,car,6521874,24453,23023,/home/ace/Downloads/Dataset/Day/6521874_Day_EXTRASUNNY.png,/home/ace/Downloads/Dataset/Night/6521874_Night_EXTRASUNNY.png
our_dataset,Mask2Former-Swin-L,car,6761290,13996,13871,/home/ace/Downloads/Dataset/Day/6761290_Day_EXTRASUNNY.png,/home/ace/Downloads/Dataset/Night/6761290_Night_EXTRASUNNY.png
our_dataset,Mask2Former-Swin-L,car,677878,472,2,/home/ace/Downloads/Dataset/Day/677878_Day_EXTRASUNNY.png,/home/ace/Downloads/Dataset/Night/677878_Night_EXTRASUNNY.png
our_dataset,Mask2Former-Swin-L,car,6942171,15532,1446,/home/ace/Downloads/Dataset/Day/6942171_Day_EXTRASUNNY.png,/home/ace/Downloads/Dataset/Night/6942171_Night_EXTRASUNNY.png
our_dataset,Mask2Former-Swin-L,car,706997,24610,24639,/home/ace/Downloads/Dataset/Day/706997_Day_EXTRASUNNY.png,/home/ace/Downloads/Dataset/Night/706997_Night_EXTRASUNNY.png
our_dataset,Mask2Former-Swin-L,car,709297,324474,318847,/home/ace/Downloads/Dataset/Day/709297_Day_EXTRASUNNY.png,/home/ace/Downloads/Dataset/Night/709297_Night_EXTRASUNNY.png
our_dataset,Mask2Former-Swin-L,car,721627,0,0,/home/ace/Downloads/Dataset/Day/721627_Day_EXTRASUNNY.png,/home/ace/Downloads/Dataset/Night/721627_Night_EXTRASUNNY.png
our_dataset,Mask2Former-Swin-L,car,730301,0,0,/home/ace/Downloads/Dataset/Day/730301_Day_EXTRASUNNY.png,/home/ace/Downloads/Dataset/Night/730301_Night_EXTRASUNNY.png
our_dataset,Mask2Former-Swin-L,car,7402052,11478,0,/home/ace/Downloads/Dataset/Day/7402052_Day_EXTRASUNNY.png,/home/ace/Downloads/Dataset/Night/7402052_Night_EXTRASUNNY.png
our_dataset,Mask2Former-Swin-L,car,740535,0,120,/home/ace/Downloads/Dataset/Day/740535_Day_EXTRASUNNY.png,/home/ace/Downloads/Dataset/Night/740535_Night_EXTRASUNNY.png
our_dataset,Mask2Former-Swin-L,car,754244,0,0,/home/ace/Downloads/Dataset/Day/754244_Day_EXTRASUNNY.png,/home/ace/Downloads/Dataset/Night/754244_Night_EXTRASUNNY.png
our_dataset,Mask2Former-Swin-L,car,7601172,200,1441,/home/ace/Downloads/Dataset/Day/7601172_Day_EXTRASUNNY.png,/home/ace/Downloads/Dataset/Night/7601172_Night_EXTRASUNNY.png
our_dataset,Mask2Former-Swin-L,car,764275,8,2671,/home/ace/Downloads/Dataset/Day/764275_Day_EXTRASUNNY.png,/home/ace/Downloads/Dataset/Night/764275_Night_EXTRASUNNY.png
our_dataset,Mask2Former-Swin-L,car,80078,0,0,/home/ace/Downloads/Dataset/Day/80078_Day_EXTRASUNNY.png,/home/ace/Downloads/Dataset/Night/80078_Night_EXTRASUNNY.png
our_dataset,Mask2Former-Swin-L,car,802754,603,895,/home/ace/Downloads/Dataset/Day/802754_Day_EXTRASUNNY.png,/home/ace/Downloads/Dataset/Night/802754_Night_EXTRASUNNY.png
our_dataset,Mask2Former-Swin-L,car,807294,132679,128510,/home/ace/Downloads/Dataset/Day/807294_Day_EXTRASUNNY.png,/home/ace/Downloads/Dataset/Night/807294_Night_EXTRASUNNY.png
our_dataset,Mask2Former-Swin-L,car,8211195,0,11,/home/ace/Downloads/Dataset/Day/8211195_Day_EXTRASUNNY.png,/home/ace/Downloads/Dataset/Night/8211195_Night_EXTRASUNNY.png
our_dataset,Mask2Former-Swin-L,car,840214,799,24827,/home/ace/Downloads/Dataset/Day/840214_Day_EXTRASUNNY.png,/home/ace/Downloads/Dataset/Night/840214_Night_EXTRASUNNY.png
our_dataset,Mask2Former-Swin-L,car,849953,0,0,/home/ace/Downloads/Dataset/Day/849953_Day_EXTRASUNNY.png,/home/ace/Downloads/Dataset/Night/849953_Night_EXTRASUNNY.png
our_dataset,Mask2Former-Swin-L,car,863810,173012,155940,/home/ace/Downloads/Dataset/Day/863810_Day_EXTRASUNNY.png,/home/ace/Downloads/Dataset/Night/863810_Night_EXTRASUNNY.png
our_dataset,Mask2Former-Swin-L,car,871354,42243,37291,/home/ace/Downloads/Dataset/Day/871354_Day_EXTRASUNNY.png,/home/ace/Downloads/Dataset/Night/871354_Night_EXTRASUNNY.png
our_dataset,Mask2Former-Swin-L,car,878,18922,19272,/home/ace/Downloads/Dataset/Day/878_Day_EXTRASUNNY.png,/home/ace/Downloads/Dataset/Night/878_Night_EXTRASUNNY.png
our_dataset,Mask2Former-Swin-L,car,8791456,16276,21791,/home/ace/Downloads/Dataset/Day/8791456_Day_EXTRASUNNY.png,/home/ace/Downloads/Dataset/Night/8791456_Night_EXTRASUNNY.png
our_dataset,Mask2Former-Swin-L,car,960645,84,7644,/home/ace/Downloads/Dataset/Day/960645_Day_EXTRASUNNY.png,/home/ace/Downloads/Dataset/Night/960645_Night_EXTRASUNNY.png
our_dataset,Mask2Former-Swin-L,car,973598,8240,17967,/home/ace/Downloads/Dataset/Day/973598_Day_EXTRASUNNY.png,/home/ace/Downloads/Dataset/Night/973598_Night_EXTRASUNNY.png
our_dataset,Mask2Former-Swin-L,car,988137,9016,6797,/home/ace/Downloads/Dataset/Day/988137_Day_EXTRASUNNY.png,/home/ace/Downloads/Dataset/Night/988137_Night_EXTRASUNNY.png
our_dataset,Mask2Former-Swin-L,car,9958,0,0,/home/ace/Downloads/Dataset/Day/9958_Day_EXTRASUNNY.png,/home/ace/Downloads/Dataset/Night/9958_Night_EXTRASUNNY.png
acdc,Mask2Former-Swin-L,car,GOPR0351/gopr0351_frame_000159.png,22593,8993,/home/ace/Downloads/rgb_anon_trainvaltest/rgb_anon/night/train_ref/GOPR0351/GOPR0351_frame_000159_rgb_ref_anon.png,/home/ace/Downloads/rgb_anon_trainvaltest/rgb_anon/night/train/GOPR0351/GOPR0351_frame_000159_rgb_anon.png
acdc,Mask2Former-Swin-L,car,GOPR0351/gopr0351_frame_000161.png,28153,11956,/home/ace/Downloads/rgb_anon_trainvaltest/rgb_anon/night/train_ref/GOPR0351/GOPR0351_frame_000161_rgb_ref_anon.png,/home/ace/Downloads/rgb_anon_trainvaltest/rgb_anon/night/train/GOPR0351/GOPR0351_frame_000161_rgb_anon.png
acdc,Mask2Former-Swin-L,car,GOPR0351/gopr0351_frame_000165.png,85519,42730,/home/ace/Downloads/rgb_anon_trainvaltest/rgb_anon/night/train_ref/GOPR0351/GOPR0351_frame_000165_rgb_ref_anon.png,/home/ace/Downloads/rgb_anon_trainvaltest/rgb_anon/night/train/GOPR0351/GOPR0351_frame_000165_rgb_anon.png
acdc,Mask2Former-Swin-L,car,GOPR0351/gopr0351_frame_000167.png,799,0,/home/ace/Downloads/rgb_anon_trainvaltest/rgb_anon/night/train_ref/GOPR0351/GOPR0351_frame_000167_rgb_ref_anon.png,/home/ace/Downloads/rgb_anon_trainvaltest/rgb_anon/night/train/GOPR0351/GOPR0351_frame_000167_rgb_anon.png
acdc,Mask2Former-Swin-L,car,GOPR0351/gopr0351_frame_000169.png,14746,5667,/home/ace/Downloads/rgb_anon_trainvaltest/rgb_anon/night/train_ref/GOPR0351/GOPR0351_frame_000169_rgb_ref_anon.png,/home/ace/Downloads/rgb_anon_trainvaltest/rgb_anon/night/train/GOPR0351/GOPR0351_frame_000169_rgb_anon.png
acdc,Mask2Former-Swin-L,car,GOPR0351/gopr0351_frame_000173.png,0,68086,/home/ace/Downloads/rgb_anon_trainvaltest/rgb_anon/night/train_ref/GOPR0351/GOPR0351_frame_000173_rgb_ref_anon.png,/home/ace/Downloads/rgb_anon_trainvaltest/rgb_anon/night/train/GOPR0351/GOPR0351_frame_000173_rgb_anon.png
acdc,Mask2Former-Swin-L,car,GOPR0351/gopr0351_frame_000177.png,93004,52911,/home/ace/Downloads/rgb_anon_trainvaltest/rgb_anon/night/train_ref/GOPR0351/GOPR0351_frame_000177_rgb_ref_anon.png,/home/ace/Downloads/rgb_anon_trainvaltest/rgb_anon/night/train/GOPR0351/GOPR0351_frame_000177_rgb_anon.png
acdc,Mask2Former-Swin-L,car,GOPR0351/gopr0351_frame_000179.png,1147,52774,/home/ace/Downloads/rgb_anon_trainvaltest/rgb_anon/night/train_ref/GOPR0351/GOPR0351_frame_000179_rgb_ref_anon.png,/home/ace/Downloads/rgb_anon_trainvaltest/rgb_anon/night/train/GOPR0351/GOPR0351_frame_000179_rgb_anon.png
acdc,Mask2Former-Swin-L,car,GOPR0351/gopr0351_frame_000181.png,28,0,/home/ace/Downloads/rgb_anon_trainvaltest/rgb_anon/night/train_ref/GOPR0351/GOPR0351_frame_000181_rgb_ref_anon.png,/home/ace/Downloads/rgb_anon_trainvaltest/rgb_anon/night/train/GOPR0351/GOPR0351_frame_000181_rgb_anon.png
acdc,Mask2Former-Swin-L,car,GOPR0351/gopr0351_frame_000183.png,1050,52,/home/ace/Downloads/rgb_anon_trainvaltest/rgb_anon/night/train_ref/GOPR0351/GOPR0351_frame_000183_rgb_ref_anon.png,/home/ace/Downloads/rgb_anon_trainvaltest/rgb_anon/night/train/GOPR0351/GOPR0351_frame_000183_rgb_anon.png
acdc,Mask2Former-Swin-L,car,GOPR0351/gopr0351_frame_000185.png,46,928,/home/ace/Downloads/rgb_anon_trainvaltest/rgb_anon/night/train_ref/GOPR0351/GOPR0351_frame_000185_rgb_ref_anon.png,/home/ace/Downloads/rgb_anon_trainvaltest/rgb_anon/night/train/GOPR0351/GOPR0351_frame_000185_rgb_anon.png
acdc,Mask2Former-Swin-L,car,GOPR0351/gopr0351_frame_000187.png,2541,2,/home/ace/Downloads/rgb_anon_trainvaltest/rgb_anon/night/train_ref/GOPR0351/GOPR0351_frame_000187_rgb_ref_anon.png,/home/ace/Downloads/rgb_anon_trainvaltest/rgb_anon/night/train/GOPR0351/GOPR0351_frame_000187_rgb_anon.png
acdc,Mask2Former-Swin-L,car,GOPR0351/gopr0351_frame_000191.png,2727,1455,/home/ace/Downloads/rgb_anon_trainvaltest/rgb_anon/night/train_ref/GOPR0351/GOPR0351_frame_000191_rgb_ref_anon.png,/home/ace/Downloads/rgb_anon_trainvaltest/rgb_anon/night/train/GOPR0351/GOPR0351_frame_000191_rgb_anon.png
acdc,Mask2Former-Swin-L,car,GOPR0351/gopr0351_frame_000195.png,14780,25730,/home/ace/Downloads/rgb_anon_trainvaltest/rgb_anon/night/train_ref/GOPR0351/GOPR0351_frame_000195_rgb_ref_anon.png,/home/ace/Downloads/rgb_anon_trainvaltest/rgb_anon/night/train/GOPR0351/GOPR0351_frame_000195_rgb_anon.png
acdc,Mask2Former-Swin-L,car,GOPR0351/gopr0351_frame_000198.png,27524,529,/home/ace/Downloads/rgb_anon_trainvaltest/rgb_anon/night/train_ref/GOPR0351/GOPR0351_frame_000198_rgb_ref_anon.png,/home/ace/Downloads/rgb_anon_trainvaltest/rgb_anon/night/train/GOPR0351/GOPR0351_frame_000198_rgb_anon.png
acdc,Mask2Former-Swin-L,car,GOPR0351/gopr0351_frame_000200.png,109284,12562,/home/ace/Downloads/rgb_anon_trainvaltest/rgb_anon/night/train_ref/GOPR0351/GOPR0351_frame_000200_rgb_ref_anon.png,/home/ace/Downloads/rgb_anon_trainvaltest/rgb_anon/night/train/GOPR0351/GOPR0351_frame_000200_rgb_anon.png
acdc,Mask2Former-Swin-L,car,GOPR0351/gopr0351_frame_000202.png,23107,0,/home/ace/Downloads/rgb_anon_trainvaltest/rgb_anon/night/train_ref/GOPR0351/GOPR0351_frame_000202_rgb_ref_anon.png,/home/ace/Downloads/rgb_anon_trainvaltest/rgb_anon/night/train/GOPR0351/GOPR0351_frame_000202_rgb_anon.png
acdc,Mask2Former-Swin-L,car,GOPR0351/gopr0351_frame_000204.png,108654,0,/home/ace/Downloads/rgb_anon_trainvaltest/rgb_anon/night/train_ref/GOPR0351/GOPR0351_frame_000204_rgb_ref_anon.png,/home/ace/Downloads/rgb_anon_trainvaltest/rgb_anon/night/train/GOPR0351/GOPR0351_frame_000204_rgb_anon.png
acdc,Mask2Former-Swin-L,car,GOPR0351/gopr0351_frame_000214.png,182,0,/home/ace/Downloads/rgb_anon_trainvaltest/rgb_anon/night/train_ref/GOPR0351/GOPR0351_frame_000214_rgb_ref_anon.png,/home/ace/Downloads/rgb_anon_trainvaltest/rgb_anon/night/train/GOPR0351/GOPR0351_frame_000214_rgb_anon.png
acdc,Mask2Former-Swin-L,car,GOPR0351/gopr0351_frame_000216.png,3848,0,/home/ace/Downloads/rgb_anon_trainvaltest/rgb_anon/night/train_ref/GOPR0351/GOPR0351_frame_000216_rgb_ref_anon.png,/home/ace/Downloads/rgb_anon_trainvaltest/rgb_anon/night/train/GOPR0351/GOPR0351_frame_000216_rgb_anon.png
acdc,Mask2Former-Swin-L,car,GOPR0351/gopr0351_frame_000226.png,195186,0,/home/ace/Downloads/rgb_anon_trainvaltest/rgb_anon/night/train_ref/GOPR0351/GOPR0351_frame_000226_rgb_ref_anon.png,/home/ace/Downloads/rgb_anon_trainvaltest/rgb_anon/night/train/GOPR0351/GOPR0351_frame_000226_rgb_anon.png
acdc,Mask2Former-Swin-L,car,GOPR0351/gopr0351_frame_000230.png,26263,30978,/home/ace/Downloads/rgb_anon_trainvaltest/rgb_anon/night/train_ref/GOPR0351/GOPR0351_frame_000230_rgb_ref_anon.png,/home/ace/Downloads/rgb_anon_trainvaltest/rgb_anon/night/train/GOPR0351/GOPR0351_frame_000230_rgb_anon.png
acdc,Mask2Former-Swin-L,car,GOPR0351/gopr0351_frame_000233.png,9947,52176,/home/ace/Downloads/rgb_anon_trainvaltest/rgb_anon/night/train_ref/GOPR0351/GOPR0351_frame_000233_rgb_ref_anon.png,/home/ace/Downloads/rgb_anon_trainvaltest/rgb_anon/night/train/GOPR0351/GOPR0351_frame_000233_rgb_anon.png
acdc,Mask2Former-Swin-L,car,GOPR0351/gopr0351_frame_000247.png,54892,117448,/home/ace/Downloads/rgb_anon_trainvaltest/rgb_anon/night/train_ref/GOPR0351/GOPR0351_frame_000247_rgb_ref_anon.png,/home/ace/Downloads/rgb_anon_trainvaltest/rgb_anon/night/train/GOPR0351/GOPR0351_frame_000247_rgb_anon.png
acdc,Mask2Former-Swin-L,car,GOPR0351/gopr0351_frame_000253.png,2550,2675,/home/ace/Downloads/rgb_anon_trainvaltest/rgb_anon/night/train_ref/GOPR0351/GOPR0351_frame_000253_rgb_ref_anon.png,/home/ace/Downloads/rgb_anon_trainvaltest/rgb_anon/night/train/GOPR0351/GOPR0351_frame_000253_rgb_anon.png
acdc,Mask2Former-Swin-L,car,GOPR0351/gopr0351_frame_000257.png,0,4,/home/ace/Downloads/rgb_anon_trainvaltest/rgb_anon/night/train_ref/GOPR0351/GOPR0351_frame_000257_rgb_ref_anon.png,/home/ace/Downloads/rgb_anon_trainvaltest/rgb_anon/night/train/GOPR0351/GOPR0351_frame_000257_rgb_anon.png
acdc,Mask2Former-Swin-L,car,GOPR0351/gopr0351_frame_000260.png,0,2219,/home/ace/Downloads/rgb_anon_trainvaltest/rgb_anon/night/train_ref/GOPR0351/GOPR0351_frame_000260_rgb_ref_anon.png,/home/ace/Downloads/rgb_anon_trainvaltest/rgb_anon/night/train/GOPR0351/GOPR0351_frame_000260_rgb_anon.png
acdc,Mask2Former-Swin-L,car,GOPR0351/gopr0351_frame_000263.png,26,802,/home/ace/Downloads/rgb_anon_trainvaltest/rgb_anon/night/train_ref/GOPR0351/GOPR0351_frame_000263_rgb_ref_anon.png,/home/ace/Downloads/rgb_anon_trainvaltest/rgb_anon/night/train/GOPR0351/GOPR0351_frame_000263_rgb_anon.png
acdc,Mask2Former-Swin-L,car,GOPR0351/gopr0351_frame_000267.png,0,785,/home/ace/Downloads/rgb_anon_trainvaltest/rgb_anon/night/train_ref/GOPR0351/GOPR0351_frame_000267_rgb_ref_anon.png,/home/ace/Downloads/rgb_anon_trainvaltest/rgb_anon/night/train/GOPR0351/GOPR0351_frame_000267_rgb_anon.png
acdc,Mask2Former-Swin-L,car,GOPR0351/gopr0351_frame_000271.png,470,0,/home/ace/Downloads/rgb_anon_trainvaltest/rgb_anon/night/train_ref/GOPR0351/GOPR0351_frame_000271_rgb_ref_anon.png,/home/ace/Downloads/rgb_anon_trainvaltest/rgb_anon/night/train/GOPR0351/GOPR0351_frame_000271_rgb_anon.png
acdc,Mask2Former-Swin-L,car,GOPR0351/gopr0351_frame_000276.png,22545,2930,/home/ace/Downloads/rgb_anon_trainvaltest/rgb_anon/night/train_ref/GOPR0351/GOPR0351_frame_000276_rgb_ref_anon.png,/home/ace/Downloads/rgb_anon_trainvaltest/rgb_anon/night/train/GOPR0351/GOPR0351_frame_000276_rgb_anon.png
acdc,Mask2Former-Swin-L,car,GOPR0351/gopr0351_frame_000279.png,29487,3090,/home/ace/Downloads/rgb_anon_trainvaltest/rgb_anon/night/train_ref/GOPR0351/GOPR0351_frame_000279_rgb_ref_anon.png,/home/ace/Downloads/rgb_anon_trainvaltest/rgb_anon/night/train/GOPR0351/GOPR0351_frame_000279_rgb_anon.png
acdc,Mask2Former-Swin-L,car,GOPR0351/gopr0351_frame_000285.png,8340,911,/home/ace/Downloads/rgb_anon_trainvaltest/rgb_anon/night/train_ref/GOPR0351/GOPR0351_frame_000285_rgb_ref_anon.png,/home/ace/Downloads/rgb_anon_trainvaltest/rgb_anon/night/train/GOPR0351/GOPR0351_frame_000285_rgb_anon.png
acdc,Mask2Former-Swin-L,car,GOPR0351/gopr0351_frame_000300.png,41841,7502,/home/ace/Downloads/rgb_anon_trainvaltest/rgb_anon/night/train_ref/GOPR0351/GOPR0351_frame_000300_rgb_ref_anon.png,/home/ace/Downloads/rgb_anon_trainvaltest/rgb_anon/night/train/GOPR0351/GOPR0351_frame_000300_rgb_anon.png
acdc,Mask2Former-Swin-L,car,GOPR0351/gopr0351_frame_000304.png,1852,120791,/home/ace/Downloads/rgb_anon_trainvaltest/rgb_anon/night/train_ref/GOPR0351/GOPR0351_frame_000304_rgb_ref_anon.png,/home/ace/Downloads/rgb_anon_trainvaltest/rgb_anon/night/train/GOPR0351/GOPR0351_frame_000304_rgb_anon.png
acdc,Mask2Former-Swin-L,car,GOPR0351/gopr0351_frame_000307.png,6265,1020,/home/ace/Downloads/rgb_anon_trainvaltest/rgb_anon/night/train_ref/GOPR0351/GOPR0351_frame_000307_rgb_ref_anon.png,/home/ace/Downloads/rgb_anon_trainvaltest/rgb_anon/night/train/GOPR0351/GOPR0351_frame_000307_rgb_anon.png
acdc,Mask2Former-Swin-L,car,GOPR0351/gopr0351_frame_000313.png,5328,7360,/home/ace/Downloads/rgb_anon_trainvaltest/rgb_anon/night/train_ref/GOPR0351/GOPR0351_frame_000313_rgb_ref_anon.png,/home/ace/Downloads/rgb_anon_trainvaltest/rgb_anon/night/train/GOPR0351/GOPR0351_frame_000313_rgb_anon.png
acdc,Mask2Former-Swin-L,car,GOPR0351/gopr0351_frame_000317.png,30895,300,/home/ace/Downloads/rgb_anon_trainvaltest/rgb_anon/night/train_ref/GOPR0351/GOPR0351_frame_000317_rgb_ref_anon.png,/home/ace/Downloads/rgb_anon_trainvaltest/rgb_anon/night/train/GOPR0351/GOPR0351_frame_000317_rgb_anon.png
acdc,Mask2Former-Swin-L,car,GOPR0351/gopr0351_frame_000319.png,256202,0,/home/ace/Downloads/rgb_anon_trainvaltest/rgb_anon/night/train_ref/GOPR0351/GOPR0351_frame_000319_rgb_ref_anon.png,/home/ace/Downloads/rgb_anon_trainvaltest/rgb_anon/night/train/GOPR0351/GOPR0351_frame_000319_rgb_anon.png
acdc,Mask2Former-Swin-L,car,GOPR0351/gopr0351_frame_000323.png,79682,3943,/home/ace/Downloads/rgb_anon_trainvaltest/rgb_anon/night/train_ref/GOPR0351/GOPR0351_frame_000323_rgb_ref_anon.png,/home/ace/Downloads/rgb_anon_trainvaltest/rgb_anon/night/train/GOPR0351/GOPR0351_frame_000323_rgb_anon.png
acdc,Mask2Former-Swin-L,car,GOPR0351/gopr0351_frame_000325.png,94865,130340,/home/ace/Downloads/rgb_anon_trainvaltest/rgb_anon/night/train_ref/GOPR0351/GOPR0351_frame_000325_rgb_ref_anon.png,/home/ace/Downloads/rgb_anon_trainvaltest/rgb_anon/night/train/GOPR0351/GOPR0351_frame_000325_rgb_anon.png
acdc,Mask2Former-Swin-L,car,GOPR0351/gopr0351_frame_000327.png,66584,45802,/home/ace/Downloads/rgb_anon_trainvaltest/rgb_anon/night/train_ref/GOPR0351/GOPR0351_frame_000327_rgb_ref_anon.png,/home/ace/Downloads/rgb_anon_trainvaltest/rgb_anon/night/train/GOPR0351/GOPR0351_frame_000327_rgb_anon.png
acdc,Mask2Former-Swin-L,car,GOPR0351/gopr0351_frame_000329.png,7135,510,/home/ace/Downloads/rgb_anon_trainvaltest/rgb_anon/night/train_ref/GOPR0351/GOPR0351_frame_000329_rgb_ref_anon.png,/home/ace/Downloads/rgb_anon_trainvaltest/rgb_anon/night/train/GOPR0351/GOPR0351_frame_000329_rgb_anon.png
acdc,Mask2Former-Swin-L,car,GOPR0351/gopr0351_frame_000331.png,0,0,/home/ace/Downloads/rgb_anon_trainvaltest/rgb_anon/night/train_ref/GOPR0351/GOPR0351_frame_000331_rgb_ref_anon.png,/home/ace/Downloads/rgb_anon_trainvaltest/rgb_anon/night/train/GOPR0351/GOPR0351_frame_000331_rgb_anon.png
acdc,Mask2Former-Swin-L,car,GOPR0351/gopr0351_frame_000335.png,24994,2075,/home/ace/Downloads/rgb_anon_trainvaltest/rgb_anon/night/train_ref/GOPR0351/GOPR0351_frame_000335_rgb_ref_anon.png,/home/ace/Downloads/rgb_anon_trainvaltest/rgb_anon/night/train/GOPR0351/GOPR0351_frame_000335_rgb_anon.png
acdc,Mask2Former-Swin-L,car,GOPR0351/gopr0351_frame_000337.png,0,20908,/home/ace/Downloads/rgb_anon_trainvaltest/rgb_anon/night/train_ref/GOPR0351/GOPR0351_frame_000337_rgb_ref_anon.png,/home/ace/Downloads/rgb_anon_trainvaltest/rgb_anon/night/train/GOPR0351/GOPR0351_frame_000337_rgb_anon.png
acdc,Mask2Former-Swin-L,car,GOPR0351/gopr0351_frame_000341.png,1339,2997,/home/ace/Downloads/rgb_anon_trainvaltest/rgb_anon/night/train_ref/GOPR0351/GOPR0351_frame_000341_rgb_ref_anon.png,/home/ace/Downloads/rgb_anon_trainvaltest/rgb_anon/night/train/GOPR0351/GOPR0351_frame_000341_rgb_anon.png
acdc,Mask2Former-Swin-L,car,GOPR0351/gopr0351_frame_000347.png,7230,1256,/home/ace/Downloads/rgb_anon_trainvaltest/rgb_anon/night/train_ref/GOPR0351/GOPR0351_frame_000347_rgb_ref_anon.png,/home/ace/Downloads/rgb_anon_trainvaltest/rgb_anon/night/train/GOPR0351/GOPR0351_frame_000347_rgb_anon.png
acdc,Mask2Former-Swin-L,car,GOPR0351/gopr0351_frame_000354.png,189,1160,/home/ace/Downloads/rgb_anon_trainvaltest/rgb_anon/night/train_ref/GOPR0351/GOPR0351_frame_000354_rgb_ref_anon.png,/home/ace/Downloads/rgb_anon_trainvaltest/rgb_anon/night/train/GOPR0351/GOPR0351_frame_000354_rgb_anon.png
acdc,Mask2Former-Swin-L,car,GOPR0351/gopr0351_frame_000368.png,104,0,/home/ace/Downloads/rgb_anon_trainvaltest/rgb_anon/night/train_ref/GOPR0351/GOPR0351_frame_000368_rgb_ref_anon.png,/home/ace/Downloads/rgb_anon_trainvaltest/rgb_anon/night/train/GOPR0351/GOPR0351_frame_000368_rgb_anon.png
acdc,Mask2Former-Swin-L,car,GOPR0351/gopr0351_frame_000376.png,180,0,/home/ace/Downloads/rgb_anon_trainvaltest/rgb_anon/night/train_ref/GOPR0351/GOPR0351_frame_000376_rgb_ref_anon.png,/home/ace/Downloads/rgb_anon_trainvaltest/rgb_anon/night/train/GOPR0351/GOPR0351_frame_000376_rgb_anon.png
acdc,Mask2Former-Swin-L,car,GOPR0351/gopr0351_frame_000378.png,6714,1709,/home/ace/Downloads/rgb_anon_trainvaltest/rgb_anon/night/train_ref/GOPR0351/GOPR0351_frame_000378_rgb_ref_anon.png,/home/ace/Downloads/rgb_anon_trainvaltest/rgb_anon/night/train/GOPR0351/GOPR0351_frame_000378_rgb_anon.png
acdc,Mask2Former-Swin-L,car,GOPR0351/gopr0351_frame_000382.png,9143,440,/home/ace/Downloads/rgb_anon_trainvaltest/rgb_anon/night/train_ref/GOPR0351/GOPR0351_frame_000382_rgb_ref_anon.png,/home/ace/Downloads/rgb_anon_trainvaltest/rgb_anon/night/train/GOPR0351/GOPR0351_frame_000382_rgb_anon.png
acdc,Mask2Former-Swin-L,car,GOPR0351/gopr0351_frame_000386.png,5808,2617,/home/ace/Downloads/rgb_anon_trainvaltest/rgb_anon/night/train_ref/GOPR0351/GOPR0351_frame_000386_rgb_ref_anon.png,/home/ace/Downloads/rgb_anon_trainvaltest/rgb_anon/night/train/GOPR0351/GOPR0351_frame_000386_rgb_anon.png
acdc,Mask2Former-Swin-L,car,GOPR0351/gopr0351_frame_000388.png,28684,12427,/home/ace/Downloads/rgb_anon_trainvaltest/rgb_anon/night/train_ref/GOPR0351/GOPR0351_frame_000388_rgb_ref_anon.png,/home/ace/Downloads/rgb_anon_trainvaltest/rgb_anon/night/train/GOPR0351/GOPR0351_frame_000388_rgb_anon.png
acdc,Mask2Former-Swin-L,car,GOPR0351/gopr0351_frame_000392.png,0,1010,/home/ace/Downloads/rgb_anon_trainvaltest/rgb_anon/night/train_ref/GOPR0351/GOPR0351_frame_000392_rgb_ref_anon.png,/home/ace/Downloads/rgb_anon_trainvaltest/rgb_anon/night/train/GOPR0351/GOPR0351_frame_000392_rgb_anon.png
acdc,Mask2Former-Swin-L,car,GOPR0351/gopr0351_frame_000396.png,0,8927,/home/ace/Downloads/rgb_anon_trainvaltest/rgb_anon/night/train_ref/GOPR0351/GOPR0351_frame_000396_rgb_ref_anon.png,/home/ace/Downloads/rgb_anon_trainvaltest/rgb_anon/night/train/GOPR0351/GOPR0351_frame_000396_rgb_anon.png
acdc,Mask2Former-Swin-L,car,GOPR0351/gopr0351_frame_000399.png,9288,30040,/home/ace/Downloads/rgb_anon_trainvaltest/rgb_anon/night/train_ref/GOPR0351/GOPR0351_frame_000399_rgb_ref_anon.png,/home/ace/Downloads/rgb_anon_trainvaltest/rgb_anon/night/train/GOPR0351/GOPR0351_frame_000399_rgb_anon.png
acdc,Mask2Former-Swin-L,car,GOPR0351/gopr0351_frame_000405.png,19815,2612,/home/ace/Downloads/rgb_anon_trainvaltest/rgb_anon/night/train_ref/GOPR0351/GOPR0351_frame_000405_rgb_ref_anon.png,/home/ace/Downloads/rgb_anon_trainvaltest/rgb_anon/night/train/GOPR0351/GOPR0351_frame_000405_rgb_anon.png
acdc,Mask2Former-Swin-L,car,GOPR0351/gopr0351_frame_000485.png,3701,2653,/home/ace/Downloads/rgb_anon_trainvaltest/rgb_anon/night/train_ref/GOPR0351/GOPR0351_frame_000485_rgb_ref_anon.png,/home/ace/Downloads/rgb_anon_trainvaltest/rgb_anon/night/train/GOPR0351/GOPR0351_frame_000485_rgb_anon.png
acdc,Mask2Former-Swin-L,car,GOPR0351/gopr0351_frame_000487.png,8634,33771,/home/ace/Downloads/rgb_anon_trainvaltest/rgb_anon/night/train_ref/GOPR0351/GOPR0351_frame_000487_rgb_ref_anon.png,/home/ace/Downloads/rgb_anon_trainvaltest/rgb_anon/night/train/GOPR0351/GOPR0351_frame_000487_rgb_anon.png
acdc,Mask2Former-Swin-L,car,GOPR0351/gopr0351_frame_000490.png,5807,35996,/home/ace/Downloads/rgb_anon_trainvaltest/rgb_anon/night/train_ref/GOPR0351/GOPR0351_frame_000490_rgb_ref_anon.png,/home/ace/Downloads/rgb_anon_trainvaltest/rgb_anon/night/train/GOPR0351/GOPR0351_frame_000490_rgb_anon.png
acdc,Mask2Former-Swin-L,car,GOPR0351/gopr0351_frame_000494.png,10454,8914,/home/ace/Downloads/rgb_anon_trainvaltest/rgb_anon/night/train_ref/GOPR0351/GOPR0351_frame_000494_rgb_ref_anon.png,/home/ace/Downloads/rgb_anon_trainvaltest/rgb_anon/night/train/GOPR0351/GOPR0351_frame_000494_rgb_anon.png
acdc,Mask2Former-Swin-L,car,GOPR0351/gopr0351_frame_000498.png,4464,0,/home/ace/Downloads/rgb_anon_trainvaltest/rgb_anon/night/train_ref/GOPR0351/GOPR0351_frame_000498_rgb_ref_anon.png,/home/ace/Downloads/rgb_anon_trainvaltest/rgb_anon/night/train/GOPR0351/GOPR0351_frame_000498_rgb_anon.png
acdc,Mask2Former-Swin-L,car,GOPR0351/gopr0351_frame_000500.png,44291,18606,/home/ace/Downloads/rgb_anon_trainvaltest/rgb_anon/night/train_ref/GOPR0351/GOPR0351_frame_000500_rgb_ref_anon.png,/home/ace/Downloads/rgb_anon_trainvaltest/rgb_anon/night/train/GOPR0351/GOPR0351_frame_000500_rgb_anon.png
acdc,Mask2Former-Swin-L,car,GOPR0351/gopr0351_frame_000502.png,2365,0,/home/ace/Downloads/rgb_anon_trainvaltest/rgb_anon/night/train_ref/GOPR0351/GOPR0351_frame_000502_rgb_ref_anon.png,/home/ace/Downloads/rgb_anon_trainvaltest/rgb_anon/night/train/GOPR0351/GOPR0351_frame_000502_rgb_anon.png
acdc,Mask2Former-Swin-L,car,GOPR0351/gopr0351_frame_000504.png,13011,8,/home/ace/Downloads/rgb_anon_trainvaltest/rgb_anon/night/train_ref/GOPR0351/GOPR0351_frame_000504_rgb_ref_anon.png,/home/ace/Downloads/rgb_anon_trainvaltest/rgb_anon/night/train/GOPR0351/GOPR0351_frame_000504_rgb_anon.png
acdc,Mask2Former-Swin-L,car,GOPR0351/gopr0351_frame_000507.png,57886,17088,/home/ace/Downloads/rgb_anon_trainvaltest/rgb_anon/night/train_ref/GOPR0351/GOPR0351_frame_000507_rgb_ref_anon.png,/home/ace/Downloads/rgb_anon_trainvaltest/rgb_anon/night/train/GOPR0351/GOPR0351_frame_000507_rgb_anon.png
acdc,Mask2Former-Swin-L,car,GOPR0351/gopr0351_frame_000509.png,27767,15052,/home/ace/Downloads/rgb_anon_trainvaltest/rgb_anon/night/train_ref/GOPR0351/GOPR0351_frame_000509_rgb_ref_anon.png,/home/ace/Downloads/rgb_anon_trainvaltest/rgb_anon/night/train/GOPR0351/GOPR0351_frame_000509_rgb_anon.png
acdc,Mask2Former-Swin-L,car,GOPR0351/gopr0351_frame_000513.png,58844,24983,/home/ace/Downloads/rgb_anon_trainvaltest/rgb_anon/night/train_ref/GOPR0351/GOPR0351_frame_000513_rgb_ref_anon.png,/home/ace/Downloads/rgb_anon_trainvaltest/rgb_anon/night/train/GOPR0351/GOPR0351_frame_000513_rgb_anon.png
acdc,Mask2Former-Swin-L,car,GOPR0351/gopr0351_frame_000515.png,47066,10192,/home/ace/Downloads/rgb_anon_trainvaltest/rgb_anon/night/train_ref/GOPR0351/GOPR0351_frame_000515_rgb_ref_anon.png,/home/ace/Downloads/rgb_anon_trainvaltest/rgb_anon/night/train/GOPR0351/GOPR0351_frame_000515_rgb_anon.png
acdc,Mask2Former-Swin-L,car,GOPR0351/gopr0351_frame_000519.png,15186,21099,/home/ace/Downloads/rgb_anon_trainvaltest/rgb_anon/night/train_ref/GOPR0351/GOPR0351_frame_000519_rgb_ref_anon.png,/home/ace/Downloads/rgb_anon_trainvaltest/rgb_anon/night/train/GOPR0351/GOPR0351_frame_000519_rgb_anon.png
acdc,Mask2Former-Swin-L,car,GOPR0351/gopr0351_frame_000534.png,5367,0,/home/ace/Downloads/rgb_anon_trainvaltest/rgb_anon/night/train_ref/GOPR0351/GOPR0351_frame_000534_rgb_ref_anon.png,/home/ace/Downloads/rgb_anon_trainvaltest/rgb_anon/night/train/GOPR0351/GOPR0351_frame_000534_rgb_anon.png
acdc,Mask2Former-Swin-L,car,GOPR0351/gopr0351_frame_000540.png,19294,120,/home/ace/Downloads/rgb_anon_trainvaltest/rgb_anon/night/train_ref/GOPR0351/GOPR0351_frame_000540_rgb_ref_anon.png,/home/ace/Downloads/rgb_anon_trainvaltest/rgb_anon/night/train/GOPR0351/GOPR0351_frame_000540_rgb_anon.png
acdc,Mask2Former-Swin-L,car,GOPR0351/gopr0351_frame_000543.png,54,232,/home/ace/Downloads/rgb_anon_trainvaltest/rgb_anon/night/train_ref/GOPR0351/GOPR0351_frame_000543_rgb_ref_anon.png,/home/ace/Downloads/rgb_anon_trainvaltest/rgb_anon/night/train/GOPR0351/GOPR0351_frame_000543_rgb_anon.png
acdc,Mask2Former-Swin-L,car,GOPR0351/gopr0351_frame_000545.png,1341,1744,/home/ace/Downloads/rgb_anon_trainvaltest/rgb_anon/night/train_ref/GOPR0351/GOPR0351_frame_000545_rgb_ref_anon.png,/home/ace/Downloads/rgb_anon_trainvaltest/rgb_anon/night/train/GOPR0351/GOPR0351_frame_000545_rgb_anon.png
acdc,Mask2Former-Swin-L,car,GOPR0351/gopr0351_frame_000547.png,58613,34404,/home/ace/Downloads/rgb_anon_trainvaltest/rgb_anon/night/train_ref/GOPR0351/GOPR0351_frame_000547_rgb_ref_anon.png,/home/ace/Downloads/rgb_anon_trainvaltest/rgb_anon/night/train/GOPR0351/GOPR0351_frame_000547_rgb_anon.png
acdc,Mask2Former-Swin-L,car,GOPR0351/gopr0351_frame_000551.png,0,270,/home/ace/Downloads/rgb_anon_trainvaltest/rgb_anon/night/train_ref/GOPR0351/GOPR0351_frame_000551_rgb_ref_anon.png,/home/ace/Downloads/rgb_anon_trainvaltest/rgb_anon/night/train/GOPR0351/GOPR0351_frame_000551_rgb_anon.png
acdc,Mask2Former-Swin-L,car,GOPR0351/gopr0351_frame_000553.png,3268,5828,/home/ace/Downloads/rgb_anon_trainvaltest/rgb_anon/night/train_ref/GOPR0351/GOPR0351_frame_000553_rgb_ref_anon.png,/home/ace/Downloads/rgb_anon_trainvaltest/rgb_anon/night/train/GOPR0351/GOPR0351_frame_000553_rgb_anon.png
acdc,Mask2Former-Swin-L,car,GOPR0351/gopr0351_frame_000555.png,471,10764,/home/ace/Downloads/rgb_anon_trainvaltest/rgb_anon/night/train_ref/GOPR0351/GOPR0351_frame_000555_rgb_ref_anon.png,/home/ace/Downloads/rgb_anon_trainvaltest/rgb_anon/night/train/GOPR0351/GOPR0351_frame_000555_rgb_anon.png
acdc,Mask2Former-Swin-L,car,GOPR0351/gopr0351_frame_000557.png,0,113356,/home/ace/Downloads/rgb_anon_trainvaltest/rgb_anon/night/train_ref/GOPR0351/GOPR0351_frame_000557_rgb_ref_anon.png,/home/ace/Downloads/rgb_anon_trainvaltest/rgb_anon/night/train/GOPR0351/GOPR0351_frame_000557_rgb_anon.png
acdc,Mask2Former-Swin-L,car,GOPR0351/gopr0351_frame_000573.png,214,0,/home/ace/Downloads/rgb_anon_trainvaltest/rgb_anon/night/train_ref/GOPR0351/GOPR0351_frame_000573_rgb_ref_anon.png,/home/ace/Downloads/rgb_anon_trainvaltest/rgb_anon/night/train/GOPR0351/GOPR0351_frame_000573_rgb_anon.png
acdc,Mask2Former-Swin-L,car,GOPR0351/gopr0351_frame_000581.png,189466,4889,/home/ace/Downloads/rgb_anon_trainvaltest/rgb_anon/night/train_ref/GOPR0351/GOPR0351_frame_000581_rgb_ref_anon.png,/home/ace/Downloads/rgb_anon_trainvaltest/rgb_anon/night/train/GOPR0351/GOPR0351_frame_000581_rgb_anon.png
acdc,Mask2Former-Swin-L,car,GOPR0351/gopr0351_frame_000595.png,7491,0,/home/ace/Downloads/rgb_anon_trainvaltest/rgb_anon/night/train_ref/GOPR0351/GOPR0351_frame_000595_rgb_ref_anon.png,/home/ace/Downloads/rgb_anon_trainvaltest/rgb_anon/night/train/GOPR0351/GOPR0351_frame_000595_rgb_anon.png
acdc,Mask2Former-Swin-L,car,GOPR0351/gopr0351_frame_000599.png,1977,0,/home/ace/Downloads/rgb_anon_trainvaltest/rgb_anon/night/train_ref/GOPR0351/GOPR0351_frame_000599_rgb_ref_anon.png,/home/ace/Downloads/rgb_anon_trainvaltest/rgb_anon/night/train/GOPR0351/GOPR0351_frame_000599_rgb_anon.png
acdc,Mask2Former-Swin-L,car,GOPR0351/gopr0351_frame_000603.png,1891,9569,/home/ace/Downloads/rgb_anon_trainvaltest/rgb_anon/night/train_ref/GOPR0351/GOPR0351_frame_000603_rgb_ref_anon.png,/home/ace/Downloads/rgb_anon_trainvaltest/rgb_anon/night/train/GOPR0351/GOPR0351_frame_000603_rgb_anon.png
acdc,Mask2Former-Swin-L,car,GOPR0351/gopr0351_frame_000607.png,1909,150,/home/ace/Downloads/rgb_anon_trainvaltest/rgb_anon/night/train_ref/GOPR0351/GOPR0351_frame_000607_rgb_ref_anon.png,/home/ace/Downloads/rgb_anon_trainvaltest/rgb_anon/night/train/GOPR0351/GOPR0351_frame_000607_rgb_anon.png
acdc,Mask2Former-Swin-L,car,GOPR0351/gopr0351_frame_000615.png,8119,184,/home/ace/Downloads/rgb_anon_trainvaltest/rgb_anon/night/train_ref/GOPR0351/GOPR0351_frame_000615_rgb_ref_anon.png,/home/ace/Downloads/rgb_anon_trainvaltest/rgb_anon/night/train/GOPR0351/GOPR0351_frame_000615_rgb_anon.png
acdc,Mask2Former-Swin-L,car,GOPR0351/gopr0351_frame_000619.png,9890,2471,/home/ace/Downloads/rgb_anon_trainvaltest/rgb_anon/night/train_ref/GOPR0351/GOPR0351_frame_000619_rgb_ref_anon.png,/home/ace/Downloads/rgb_anon_trainvaltest/rgb_anon/night/train/GOPR0351/GOPR0351_frame_000619_rgb_anon.png
acdc,Mask2Former-Swin-L,car,GOPR0351/gopr0351_frame_000623.png,325084,234836,/home/ace/Downloads/rgb_anon_trainvaltest/rgb_anon/night/train_ref/GOPR0351/GOPR0351_frame_000623_rgb_ref_anon.png,/home/ace/Downloads/rgb_anon_trainvaltest/rgb_anon/night/train/GOPR0351/GOPR0351_frame_000623_rgb_anon.png
acdc,Mask2Former-Swin-L,car,GOPR0351/gopr0351_frame_000627.png,201172,98668,/home/ace/Downloads/rgb_anon_trainvaltest/rgb_anon/night/train_ref/GOPR0351/GOPR0351_frame_000627_rgb_ref_anon.png,/home/ace/Downloads/rgb_anon_trainvaltest/rgb_anon/night/train/GOPR0351/GOPR0351_frame_000627_rgb_anon.png
acdc,Mask2Former-Swin-L,car,GOPR0351/gopr0351_frame_000633.png,9445,0,/home/ace/Downloads/rgb_anon_trainvaltest/rgb_anon/night/train_ref/GOPR0351/GOPR0351_frame_000633_rgb_ref_anon.png,/home/ace/Downloads/rgb_anon_trainvaltest/rgb_anon/night/train/GOPR0351/GOPR0351_frame_000633_rgb_anon.png
acdc,Mask2Former-Swin-L,car,GOPR0351/gopr0351_frame_000639.png,393379,140017,/home/ace/Downloads/rgb_anon_trainvaltest/rgb_anon/night/train_ref/GOPR0351/GOPR0351_frame_000639_rgb_ref_anon.png,/home/ace/Downloads/rgb_anon_trainvaltest/rgb_anon/night/train/GOPR0351/GOPR0351_frame_000639_rgb_anon.png
acdc,Mask2Former-Swin-L,car,GOPR0376/gopr0376_frame_000034.png,0,0,/home/ace/Downloads/rgb_anon_trainvaltest/rgb_anon/night/train_ref/GOPR0376/GOPR0376_frame_000034_rgb_ref_anon.png,/home/ace/Downloads/rgb_anon_trainvaltest/rgb_anon/night/train/GOPR0376/GOPR0376_frame_000034_rgb_anon.png
acdc,Mask2Former-Swin-L,car,GOPR0376/gopr0376_frame_000038.png,8,0,/home/ace/Downloads/rgb_anon_trainvaltest/rgb_anon/night/train_ref/GOPR0376/GOPR0376_frame_000038_rgb_ref_anon.png,/home/ace/Downloads/rgb_anon_trainvaltest/rgb_anon/night/train/GOPR0376/GOPR0376_frame_000038_rgb_anon.png
acdc,Mask2Former-Swin-L,car,GOPR0376/gopr0376_frame_000042.png,0,0,/home/ace/Downloads/rgb_anon_trainvaltest/rgb_anon/night/train_ref/GOPR0376/GOPR0376_frame_000042_rgb_ref_anon.png,/home/ace/Downloads/rgb_anon_trainvaltest/rgb_anon/night/train/GOPR0376/GOPR0376_frame_000042_rgb_anon.png
acdc,Mask2Former-Swin-L,car,GOPR0376/gopr0376_frame_000046.png,63,0,/home/ace/Downloads/rgb_anon_trainvaltest/rgb_anon/night/train_ref/GOPR0376/GOPR0376_frame_000046_rgb_ref_anon.png,/home/ace/Downloads/rgb_anon_trainvaltest/rgb_anon/night/train/GOPR0376/GOPR0376_frame_000046_rgb_anon.png
acdc,Mask2Former-Swin-L,car,GOPR0376/gopr0376_frame_000050.png,3891,2863,/home/ace/Downloads/rgb_anon_trainvaltest/rgb_anon/night/train_ref/GOPR0376/GOPR0376_frame_000050_rgb_ref_anon.png,/home/ace/Downloads/rgb_anon_trainvaltest/rgb_anon/night/train/GOPR0376/GOPR0376_frame_000050_rgb_anon.png
acdc,Mask2Former-Swin-L,car,GOPR0376/gopr0376_frame_000054.png,1005,0,/home/ace/Downloads/rgb_anon_trainvaltest/rgb_anon/night/train_ref/GOPR0376/GOPR0376_frame_000054_rgb_ref_anon.png,/home/ace/Downloads/rgb_anon_trainvaltest/rgb_anon/night/train/GOPR0376/GOPR0376_frame_000054_rgb_anon.png
acdc,Mask2Former-Swin-L,car,GOPR0376/gopr0376_frame_000058.png,4238,13130,/home/ace/Downloads/rgb_anon_trainvaltest/rgb_anon/night/train_ref/GOPR0376/GOPR0376_frame_000058_rgb_ref_anon.png,/home/ace/Downloads/rgb_anon_trainvaltest/rgb_anon/night/train/GOPR0376/GOPR0376_frame_000058_rgb_anon.png
acdc,Mask2Former-Swin-L,car,GOPR0376/gopr0376_frame_000067.png,9328,6939,/home/ace/Downloads/rgb_anon_trainvaltest/rgb_anon/night/train_ref/GOPR0376/GOPR0376_frame_000067_rgb_ref_anon.png,/home/ace/Downloads/rgb_anon_trainvaltest/rgb_anon/night/train/GOPR0376/GOPR0376_frame_000067_rgb_anon.png
acdc,Mask2Former-Swin-L,car,GOPR0376/gopr0376_frame_000089.png,2174,0,/home/ace/Downloads/rgb_anon_trainvaltest/rgb_anon/night/train_ref/GOPR0376/GOPR0376_frame_000089_rgb_ref_anon.png,/home/ace/Downloads/rgb_anon_trainvaltest/rgb_anon/night/train/GOPR0376/GOPR0376_frame_000089_rgb_anon.png
acdc,Mask2Former-Swin-L,car,GOPR0376/gopr0376_frame_000097.png,1967,6874,/home/ace/Downloads/rgb_anon_trainvaltest/rgb_anon/night/train_ref/GOPR0376/GOPR0376_frame_000097_rgb_ref_anon.png,/home/ace/Downloads/rgb_anon_trainvaltest/rgb_anon/night/train/GOPR0376/GOPR0376_frame_000097_rgb_anon.png
acdc,Mask2Former-Swin-L,car,GOPR0376/gopr0376_frame_000101.png,1336,4680,/home/ace/Downloads/rgb_anon_trainvaltest/rgb_anon/night/train_ref/GOPR0376/GOPR0376_frame_000101_rgb_ref_anon.png,/home/ace/Downloads/rgb_anon_trainvaltest/rgb_anon/night/train/GOPR0376/GOPR0376_frame_000101_rgb_anon.png
acdc,Mask2Former-Swin-L,car,GOPR0376/gopr0376_frame_000105.png,3688,635,/home/ace/Downloads/rgb_anon_trainvaltest/rgb_anon/night/train_ref/GOPR0376/GOPR0376_frame_000105_rgb_ref_anon.png,/home/ace/Downloads/rgb_anon_trainvaltest/rgb_anon/night/train/GOPR0376/GOPR0376_frame_000105_rgb_anon.png
acdc,Mask2Former-Swin-L,car,GOPR0376/gopr0376_frame_000109.png,123,3337,/home/ace/Downloads/rgb_anon_trainvaltest/rgb_anon/night/train_ref/GOPR0376/GOPR0376_frame_000109_rgb_ref_anon.png,/home/ace/Downloads/rgb_anon_trainvaltest/rgb_anon/night/train/GOPR0376/GOPR0376_frame_000109_rgb_anon.png
acdc,Mask2Former-Swin-L,car,GOPR0376/gopr0376_frame_000113.png,4035,4303,/home/ace/Downloads/rgb_anon_trainvaltest/rgb_anon/night/train_ref/GOPR0376/GOPR0376_frame_000113_rgb_ref_anon.png,/home/ace/Downloads/rgb_anon_trainvaltest/rgb_anon/night/train/GOPR0376/GOPR0376_frame_000113_rgb_anon.png
acdc,Mask2Former-Swin-L,car,GOPR0376/gopr0376_frame_000117.png,5137,1125,/home/ace/Downloads/rgb_anon_trainvaltest/rgb_anon/night/train_ref/GOPR0376/GOPR0376_frame_000117_rgb_ref_anon.png,/home/ace/Downloads/rgb_anon_trainvaltest/rgb_anon/night/train/GOPR0376/GOPR0376_frame_000117_rgb_anon.png
acdc,Mask2Former-Swin-L,car,GOPR0376/gopr0376_frame_000122.png,22717,18915,/home/ace/Downloads/rgb_anon_trainvaltest/rgb_anon/night/train_ref/GOPR0376/GOPR0376_frame_000122_rgb_ref_anon.png,/home/ace/Downloads/rgb_anon_trainvaltest/rgb_anon/night/train/GOPR0376/GOPR0376_frame_000122_rgb_anon.png
acdc,Mask2Former-Swin-L,car,GOPR0376/gopr0376_frame_000142.png,25651,9800,/home/ace/Downloads/rgb_anon_trainvaltest/rgb_anon/night/train_ref/GOPR0376/GOPR0376_frame_000142_rgb_ref_anon.png,/home/ace/Downloads/rgb_anon_trainvaltest/rgb_anon/night/train/GOPR0376/GOPR0376_frame_000142_rgb_anon.png
acdc,Mask2Former-Swin-L,car,GOPR0376/gopr0376_frame_000146.png,8615,19370,/home/ace/Downloads/rgb_anon_trainvaltest/rgb_anon/night/train_ref/GOPR0376/GOPR0376_frame_000146_rgb_ref_anon.png,/home/ace/Downloads/rgb_anon_trainvaltest/rgb_anon/night/train/GOPR0376/GOPR0376_frame_000146_rgb_anon.png
acdc,Mask2Former-Swin-L,car,GOPR0376/gopr0376_frame_000150.png,45833,76319,/home/ace/Downloads/rgb_anon_trainvaltest/rgb_anon/night/train_ref/GOPR0376/GOPR0376_frame_000150_rgb_ref_anon.png,/home/ace/Downloads/rgb_anon_trainvaltest/rgb_anon/night/train/GOPR0376/GOPR0376_frame_000150_rgb_anon.png
acdc,Mask2Former-Swin-L,car,GOPR0376/gopr0376_frame_000157.png,17794,19441,/home/ace/Downloads/rgb_anon_trainvaltest/rgb_anon/night/train_ref/GOPR0376/GOPR0376_frame_000157_rgb_ref_anon.png,/home/ace/Downloads/rgb_anon_trainvaltest/rgb_anon/night/train/GOPR0376/GOPR0376_frame_000157_rgb_anon.png
acdc,Mask2Former-Swin-L,car,GOPR0376/gopr0376_frame_000161.png,10807,41856,/home/ace/Downloads/rgb_anon_trainvaltest/rgb_anon/night/train_ref/GOPR0376/GOPR0376_frame_000161_rgb_ref_anon.png,/home/ace/Downloads/rgb_anon_trainvaltest/rgb_anon/night/train/GOPR0376/GOPR0376_frame_000161_rgb_anon.png
acdc,Mask2Former-Swin-L,car,GOPR0376/gopr0376_frame_000165.png,6113,0,/home/ace/Downloads/rgb_anon_trainvaltest/rgb_anon/night/train_ref/GOPR0376/GOPR0376_frame_000165_rgb_ref_anon.png,/home/ace/Downloads/rgb_anon_trainvaltest/rgb_anon/night/train/GOPR0376/GOPR0376_frame_000165_rgb_anon.png
acdc,Mask2Former-Swin-L,car,GOPR0376/gopr0376_frame_000169.png,5129,1352,/home/ace/Downloads/rgb_anon_trainvaltest/rgb_anon/night/train_ref/GOPR0376/GOPR0376_frame_000169_rgb_ref_anon.png,/home/ace/Downloads/rgb_anon_trainvaltest/rgb_anon/night/train/GOPR0376/GOPR0376_frame_000169_rgb_anon.png
acdc,Mask2Former-Swin-L,car,GOPR0376/gopr0376_frame_000173.png,5102,1468,/home/ace/Downloads/rgb_anon_trainvaltest/rgb_anon/night/train_ref/GOPR0376/GOPR0376_frame_000173_rgb_ref_anon.png,/home/ace/Downloads/rgb_anon_trainvaltest/rgb_anon/night/train/GOPR0376/GOPR0376_frame_000173_rgb_anon.png
acdc,Mask2Former-Swin-L,car,GOPR0376/gopr0376_frame_000177.png,0,133,/home/ace/Downloads/rgb_anon_trainvaltest/rgb_anon/night/train_ref/GOPR0376/GOPR0376_frame_000177_rgb_ref_anon.png,/home/ace/Downloads/rgb_anon_trainvaltest/rgb_anon/night/train/GOPR0376/GOPR0376_frame_000177_rgb_anon.png
acdc,Mask2Former-Swin-L,car,GOPR0376/gopr0376_frame_000181.png,0,116,/home/ace/Downloads/rgb_anon_trainvaltest/rgb_anon/night/train_ref/GOPR0376/GOPR0376_frame_000181_rgb_ref_anon.png,/home/ace/Downloads/rgb_anon_trainvaltest/rgb_anon/night/train/GOPR0376/GOPR0376_frame_000181_rgb_anon.png
acdc,Mask2Former-Swin-L,car,GOPR0376/gopr0376_frame_000185.png,22312,0,/home/ace/Downloads/rgb_anon_trainvaltest/rgb_anon/night/train_ref/GOPR0376/GOPR0376_frame_000185_rgb_ref_anon.png,/home/ace/Downloads/rgb_anon_trainvaltest/rgb_anon/night/train/GOPR0376/GOPR0376_frame_000185_rgb_anon.png
acdc,Mask2Former-Swin-L,car,GOPR0376/gopr0376_frame_000189.png,4148,0,/home/ace/Downloads/rgb_anon_trainvaltest/rgb_anon/night/train_ref/GOPR0376/GOPR0376_frame_000189_rgb_ref_anon.png,/home/ace/Downloads/rgb_anon_trainvaltest/rgb_anon/night/train/GOPR0376/GOPR0376_frame_000189_rgb_anon.png
acdc,Mask2Former-Swin-L,car,GOPR0376/gopr0376_frame_000193.png,13015,6641,/home/ace/Downloads/rgb_anon_trainvaltest/rgb_anon/night/train_ref/GOPR0376/GOPR0376_frame_000193_rgb_ref_anon.png,/home/ace/Downloads/rgb_anon_trainvaltest/rgb_anon/night/train/GOPR0376/GOPR0376_frame_000193_rgb_anon.png
acdc,Mask2Former-Swin-L,car,GOPR0376/gopr0376_frame_000198.png,91250,76733,/home/ace/Downloads/rgb_anon_trainvaltest/rgb_anon/night/train_ref/GOPR0376/GOPR0376_frame_000198_rgb_ref_anon.png,/home/ace/Downloads/rgb_anon_trainvaltest/rgb_anon/night/train/GOPR0376/GOPR0376_frame_000198_rgb_anon.png
acdc,Mask2Former-Swin-L,car,GOPR0376/gopr0376_frame_000214.png,99790,91243,/home/ace/Downloads/rgb_anon_trainvaltest/rgb_anon/night/train_ref/GOPR0376/GOPR0376_frame_000214_rgb_ref_anon.png,/home/ace/Downloads/rgb_anon_trainvaltest/rgb_anon/night/train/GOPR0376/GOPR0376_frame_000214_rgb_anon.png
acdc,Mask2Former-Swin-L,car,GOPR0376/gopr0376_frame_000229.png,32045,3936,/home/ace/Downloads/rgb_anon_trainvaltest/rgb_anon/night/train_ref/GOPR0376/GOPR0376_frame_000229_rgb_ref_anon.png,/home/ace/Downloads/rgb_anon_trainvaltest/rgb_anon/night/train/GOPR0376/GOPR0376_frame_000229_rgb_anon.png
acdc,Mask2Former-Swin-L,car,GOPR0376/gopr0376_frame_000257.png,8600,4425,/home/ace/Downloads/rgb_anon_trainvaltest/rgb_anon/night/train_ref/GOPR0376/GOPR0376_frame_000257_rgb_ref_anon.png,/home/ace/Downloads/rgb_anon_trainvaltest/rgb_anon/night/train/GOPR0376/GOPR0376_frame_000257_rgb_anon.png
acdc,Mask2Former-Swin-L,car,GOPR0376/gopr0376_frame_000268.png,158,24247,/home/ace/Downloads/rgb_anon_trainvaltest/rgb_anon/night/train_ref/GOPR0376/GOPR0376_frame_000268_rgb_ref_anon.png,/home/ace/Downloads/rgb_anon_trainvaltest/rgb_anon/night/train/GOPR0376/GOPR0376_frame_000268_rgb_anon.png
acdc,Mask2Former-Swin-L,car,GOPR0376/gopr0376_frame_000272.png,1195,13962,/home/ace/Downloads/rgb_anon_trainvaltest/rgb_anon/night/train_ref/GOPR0376/GOPR0376_frame_000272_rgb_ref_anon.png,/home/ace/Downloads/rgb_anon_trainvaltest/rgb_anon/night/train/GOPR0376/GOPR0376_frame_000272_rgb_anon.png
acdc,Mask2Former-Swin-L,car,GOPR0376/gopr0376_frame_000276.png,3293,3183,/home/ace/Downloads/rgb_anon_trainvaltest/rgb_anon/night/train_ref/GOPR0376/GOPR0376_frame_000276_rgb_ref_anon.png,/home/ace/Downloads/rgb_anon_trainvaltest/rgb_anon/night/train/GOPR0376/GOPR0376_frame_000276_rgb_anon.png
acdc,Mask2Former-Swin-L,car,GOPR0376/gopr0376_frame_000280.png,53312,36,/home/ace/Downloads/rgb_anon_trainvaltest/rgb_anon/night/train_ref/GOPR0376/GOPR0376_frame_000280_rgb_ref_anon.png,/home/ace/Downloads/rgb_anon_trainvaltest/rgb_anon/night/train/GOPR0376/GOPR0376_frame_000280_rgb_anon.png
acdc,Mask2Former-Swin-L,car,GOPR0376/gopr0376_frame_000284.png,4339,39,/home/ace/Downloads/rgb_anon_trainvaltest/rgb_anon/night/train_ref/GOPR0376/GOPR0376_frame_000284_rgb_ref_anon.png,/home/ace/Downloads/rgb_anon_trainvaltest/rgb_anon/night/train/GOPR0376/GOPR0376_frame_000284_rgb_anon.png
acdc,Mask2Former-Swin-L,car,GOPR0376/gopr0376_frame_000288.png,82752,49996,/home/ace/Downloads/rgb_anon_trainvaltest/rgb_anon/night/train_ref/GOPR0376/GOPR0376_frame_000288_rgb_ref_anon.png,/home/ace/Downloads/rgb_anon_trainvaltest/rgb_anon/night/train/GOPR0376/GOPR0376_frame_000288_rgb_anon.png
acdc,Mask2Former-Swin-L,car,GOPR0376/gopr0376_frame_000292.png,49994,30970,/home/ace/Downloads/rgb_anon_trainvaltest/rgb_anon/night/train_ref/GOPR0376/GOPR0376_frame_000292_rgb_ref_anon.png,/home/ace/Downloads/rgb_anon_trainvaltest/rgb_anon/night/train/GOPR0376/GOPR0376_frame_000292_rgb_anon.png
acdc,Mask2Former-Swin-L,car,GOPR0376/gopr0376_frame_000298.png,83642,828,/home/ace/Downloads/rgb_anon_trainvaltest/rgb_anon/night/train_ref/GOPR0376/GOPR0376_frame_000298_rgb_ref_anon.png,/home/ace/Downloads/rgb_anon_trainvaltest/rgb_anon/night/train/GOPR0376/GOPR0376_frame_000298_rgb_anon.png
acdc,Mask2Former-Swin-L,car,GOPR0376/gopr0376_frame_000302.png,15100,19870,/home/ace/Downloads/rgb_anon_trainvaltest/rgb_anon/night/train_ref/GOPR0376/GOPR0376_frame_000302_rgb_ref_anon.png,/home/ace/Downloads/rgb_anon_trainvaltest/rgb_anon/night/train/GOPR0376/GOPR0376_frame_000302_rgb_anon.png
acdc,Mask2Former-Swin-L,car,GOPR0376/gopr0376_frame_000306.png,7955,15271,/home/ace/Downloads/rgb_anon_trainvaltest/rgb_anon/night/train_ref/GOPR0376/GOPR0376_frame_000306_rgb_ref_anon.png,/home/ace/Downloads/rgb_anon_trainvaltest/rgb_anon/night/train/GOPR0376/GOPR0376_frame_000306_rgb_anon.png
acdc,Mask2Former-Swin-L,car,GOPR0376/gopr0376_frame_000310.png,46283,34100,/home/ace/Downloads/rgb_anon_trainvaltest/rgb_anon/night/train_ref/GOPR0376/GOPR0376_frame_000310_rgb_ref_anon.png,/home/ace/Downloads/rgb_anon_trainvaltest/rgb_anon/night/train/GOPR0376/GOPR0376_frame_000310_rgb_anon.png
acdc,Mask2Former-Swin-L,car,GOPR0376/gopr0376_frame_000315.png,4251,1657,/home/ace/Downloads/rgb_anon_trainvaltest/rgb_anon/night/train_ref/GOPR0376/GOPR0376_frame_000315_rgb_ref_anon.png,/home/ace/Downloads/rgb_anon_trainvaltest/rgb_anon/night/train/GOPR0376/GOPR0376_frame_000315_rgb_anon.png
acdc,Mask2Former-Swin-L,car,GOPR0376/gopr0376_frame_000324.png,13989,30485,/home/ace/Downloads/rgb_anon_trainvaltest/rgb_anon/night/train_ref/GOPR0376/GOPR0376_frame_000324_rgb_ref_anon.png,/home/ace/Downloads/rgb_anon_trainvaltest/rgb_anon/night/train/GOPR0376/GOPR0376_frame_000324_rgb_anon.png
acdc,Mask2Former-Swin-L,car,GOPR0376/gopr0376_frame_000328.png,2052,47136,/home/ace/Downloads/rgb_anon_trainvaltest/rgb_anon/night/train_ref/GOPR0376/GOPR0376_frame_000328_rgb_ref_anon.png,/home/ace/Downloads/rgb_anon_trainvaltest/rgb_anon/night/train/GOPR0376/GOPR0376_frame_000328_rgb_anon.png
acdc,Mask2Former-Swin-L,car,GOPR0376/gopr0376_frame_000332.png,54450,25766,/home/ace/Downloads/rgb_anon_trainvaltest/rgb_anon/night/train_ref/GOPR0376/GOPR0376_frame_000332_rgb_ref_anon.png,/home/ace/Downloads/rgb_anon_trainvaltest/rgb_anon/night/train/GOPR0376/GOPR0376_frame_000332_rgb_anon.png
acdc,Mask2Former-Swin-L,car,GOPR0376/gopr0376_frame_000336.png,10408,5947,/home/ace/Downloads/rgb_anon_trainvaltest/rgb_anon/night/train_ref/GOPR0376/GOPR0376_frame_000336_rgb_ref_anon.png,/home/ace/Downloads/rgb_anon_trainvaltest/rgb_anon/night/train/GOPR0376/GOPR0376_frame_000336_rgb_anon.png
acdc,Mask2Former-Swin-L,car,GOPR0376/gopr0376_frame_000340.png,21995,1496,/home/ace/Downloads/rgb_anon_trainvaltest/rgb_anon/night/train_ref/GOPR0376/GOPR0376_frame_000340_rgb_ref_anon.png,/home/ace/Downloads/rgb_anon_trainvaltest/rgb_anon/night/train/GOPR0376/GOPR0376_frame_000340_rgb_anon.png
acdc,Mask2Former-Swin-L,car,GOPR0376/gopr0376_frame_000344.png,4801,4459,/home/ace/Downloads/rgb_anon_trainvaltest/rgb_anon/night/train_ref/GOPR0376/GOPR0376_frame_000344_rgb_ref_anon.png,/home/ace/Downloads/rgb_anon_trainvaltest/rgb_anon/night/train/GOPR0376/GOPR0376_frame_000344_rgb_anon.png
acdc,Mask2Former-Swin-L,car,GOPR0376/gopr0376_frame_000349.png,38296,28222,/home/ace/Downloads/rgb_anon_trainvaltest/rgb_anon/night/train_ref/GOPR0376/GOPR0376_frame_000349_rgb_ref_anon.png,/home/ace/Downloads/rgb_anon_trainvaltest/rgb_anon/night/train/GOPR0376/GOPR0376_frame_000349_rgb_anon.png
acdc,Mask2Former-Swin-L,car,GOPR0376/gopr0376_frame_000363.png,2616,40643,/home/ace/Downloads/rgb_anon_trainvaltest/rgb_anon/night/train_ref/GOPR0376/GOPR0376_frame_000363_rgb_ref_anon.png,/home/ace/Downloads/rgb_anon_trainvaltest/rgb_anon/night/train/GOPR0376/GOPR0376_frame_000363_rgb_anon.png
acdc,Mask2Former-Swin-L,car,GOPR0376/gopr0376_frame_000369.png,8585,3623,/home/ace/Downloads/rgb_anon_trainvaltest/rgb_anon/night/train_ref/GOPR0376/GOPR0376_frame_000369_rgb_ref_anon.png,/home/ace/Downloads/rgb_anon_trainvaltest/rgb_anon/night/train/GOPR0376/GOPR0376_frame_000369_rgb_anon.png
acdc,Mask2Former-Swin-L,car,GOPR0376/gopr0376_frame_000374.png,132909,126561,/home/ace/Downloads/rgb_anon_trainvaltest/rgb_anon/night/train_ref/GOPR0376/GOPR0376_frame_000374_rgb_ref_anon.png,/home/ace/Downloads/rgb_anon_trainvaltest/rgb_anon/night/train/GOPR0376/GOPR0376_frame_000374_rgb_anon.png
acdc,Mask2Former-Swin-L,car,GOPR0376/gopr0376_frame_000382.png,11797,13579,/home/ace/Downloads/rgb_anon_trainvaltest/rgb_anon/night/train_ref/GOPR0376/GOPR0376_frame_000382_rgb_ref_anon.png,/home/ace/Downloads/rgb_anon_trainvaltest/rgb_anon/night/train/GOPR0376/GOPR0376_frame_000382_rgb_anon.png
acdc,Mask2Former-Swin-L,car,GOPR0376/gopr0376_frame_000391.png,26390,156076,/home/ace/Downloads/rgb_anon_trainvaltest/rgb_anon/night/train_ref/GOPR0376/GOPR0376_frame_000391_rgb_ref_anon.png,/home/ace/Downloads/rgb_anon_trainvaltest/rgb_anon/night/train/GOPR0376/GOPR0376_frame_000391_rgb_anon.png
acdc,Mask2Former-Swin-L,car,GOPR0376/gopr0376_frame_000418.png,31756,172708,/home/ace/Downloads/rgb_anon_trainvaltest/rgb_anon/night/train_ref/GOPR0376/GOPR0376_frame_000418_rgb_ref_anon.png,/home/ace/Downloads/rgb_anon_trainvaltest/rgb_anon/night/train/GOPR0376/GOPR0376_frame_000418_rgb_anon.png
acdc,Mask2Former-Swin-L,car,GOPR0376/gopr0376_frame_000428.png,14982,43108,/home/ace/Downloads/rgb_anon_trainvaltest/rgb_anon/night/train_ref/GOPR0376/GOPR0376_frame_000428_rgb_ref_anon.png,/home/ace/Downloads/rgb_anon_trainvaltest/rgb_anon/night/train/GOPR0376/GOPR0376_frame_000428_rgb_anon.png
acdc,Mask2Former-Swin-L,car,GOPR0376/gopr0376_frame_000435.png,45664,205857,/home/ace/Downloads/rgb_anon_trainvaltest/rgb_anon/night/train_ref/GOPR0376/GOPR0376_frame_000435_rgb_ref_anon.png,/home/ace/Downloads/rgb_anon_trainvaltest/rgb_anon/night/train/GOPR0376/GOPR0376_frame_000435_rgb_anon.png
acdc,Mask2Former-Swin-L,car,GOPR0376/gopr0376_frame_000441.png,32301,266267,/home/ace/Downloads/rgb_anon_trainvaltest/rgb_anon/night/train_ref/GOPR0376/GOPR0376_frame_000441_rgb_ref_anon.png,/home/ace/Downloads/rgb_anon_trainvaltest/rgb_anon/night/train/GOPR0376/GOPR0376_frame_000441_rgb_anon.png
acdc,Mask2Former-Swin-L,car,GOPR0376/gopr0376_frame_000466.png,43429,56502,/home/ace/Downloads/rgb_anon_trainvaltest/rgb_anon/night/train_ref/GOPR0376/GOPR0376_frame_000466_rgb_ref_anon.png,/home/ace/Downloads/rgb_anon_trainvaltest/rgb_anon/night/train/GOPR0376/GOPR0376_frame_000466_rgb_anon.png
acdc,Mask2Former-Swin-L,car,GOPR0376/gopr0376_frame_000472.png,80424,76523,/home/ace/Downloads/rgb_anon_trainvaltest/rgb_anon/night/train_ref/GOPR0376/GOPR0376_frame_000472_rgb_ref_anon.png,/home/ace/Downloads/rgb_anon_trainvaltest/rgb_anon/night/train/GOPR0376/GOPR0376_frame_000472_rgb_anon.png
acdc,Mask2Former-Swin-L,car,GOPR0376/gopr0376_frame_000478.png,1446,2600,/home/ace/Downloads/rgb_anon_trainvaltest/rgb_anon/night/train_ref/GOPR0376/GOPR0376_frame_000478_rgb_ref_anon.png,/home/ace/Downloads/rgb_anon_trainvaltest/rgb_anon/night/train/GOPR0376/GOPR0376_frame_000478_rgb_anon.png
acdc,Mask2Former-Swin-L,car,GOPR0376/gopr0376_frame_000482.png,46179,924,/home/ace/Downloads/rgb_anon_trainvaltest/rgb_anon/night/train_ref/GOPR0376/GOPR0376_frame_000482_rgb_ref_anon.png,/home/ace/Downloads/rgb_anon_trainvaltest/rgb_anon/night/train/GOPR0376/GOPR0376_frame_000482_rgb_anon.png
acdc,Mask2Former-Swin-L,car,GOPR0376/gopr0376_frame_000486.png,4179,11673,/home/ace/Downloads/rgb_anon_trainvaltest/rgb_anon/night/train_ref/GOPR0376/GOPR0376_frame_000486_rgb_ref_anon.png,/home/ace/Downloads/rgb_anon_trainvaltest/rgb_anon/night/train/GOPR0376/GOPR0376_frame_000486_rgb_anon.png
acdc,Mask2Former-Swin-L,car,GOPR0376/gopr0376_frame_000491.png,2196,32534,/home/ace/Downloads/rgb_anon_trainvaltest/rgb_anon/night/train_ref/GOPR0376/GOPR0376_frame_000491_rgb_ref_anon.png,/home/ace/Downloads/rgb_anon_trainvaltest/rgb_anon/night/train/GOPR0376/GOPR0376_frame_000491_rgb_anon.png
acdc,Mask2Former-Swin-L,car,GOPR0376/gopr0376_frame_000496.png,15299,6257,/home/ace/Downloads/rgb_anon_trainvaltest/rgb_anon/night/train_ref/GOPR0376/GOPR0376_frame_000496_rgb_ref_anon.png,/home/ace/Downloads/rgb_anon_trainvaltest/rgb_anon/night/train/GOPR0376/GOPR0376_frame_000496_rgb_anon.png
acdc,Mask2Former-Swin-L,car,GOPR0376/gopr0376_frame_000507.png,60874,1072,/home/ace/Downloads/rgb_anon_trainvaltest/rgb_anon/night/train_ref/GOPR0376/GOPR0376_frame_000507_rgb_ref_anon.png,/home/ace/Downloads/rgb_anon_trainvaltest/rgb_anon/night/train/GOPR0376/GOPR0376_frame_000507_rgb_anon.png
acdc,Mask2Former-Swin-L,car,GOPR0376/gopr0376_frame_000511.png,35028,1034,/home/ace/Downloads/rgb_anon_trainvaltest/rgb_anon/night/train_ref/GOPR0376/GOPR0376_frame_000511_rgb_ref_anon.png,/home/ace/Downloads/rgb_anon_trainvaltest/rgb_anon/night/train/GOPR0376/GOPR0376_frame_000511_rgb_anon.png
acdc,Mask2Former-Swin-L,car,GOPR0376/gopr0376_frame_000516.png,99714,72029,/home/ace/Downloads/rgb_anon_trainvaltest/rgb_anon/night/train_ref/GOPR0376/GOPR0376_frame_000516_rgb_ref_anon.png,/home/ace/Downloads/rgb_anon_trainvaltest/rgb_anon/night/train/GOPR0376/GOPR0376_frame_000516_rgb_anon.png
acdc,Mask2Former-Swin-L,car,GOPR0376/gopr0376_frame_000533.png,41320,36942,/home/ace/Downloads/rgb_anon_trainvaltest/rgb_anon/night/train_ref/GOPR0376/GOPR0376_frame_000533_rgb_ref_anon.png,/home/ace/Downloads/rgb_anon_trainvaltest/rgb_anon/night/train/GOPR0376/GOPR0376_frame_000533_rgb_anon.png
acdc,Mask2Former-Swin-L,car,GOPR0376/gopr0376_frame_000542.png,41784,33365,/home/ace/Downloads/rgb_anon_trainvaltest/rgb_anon/night/train_ref/GOPR0376/GOPR0376_frame_000542_rgb_ref_anon.png,/home/ace/Downloads/rgb_anon_trainvaltest/rgb_anon/night/train/GOPR0376/GOPR0376_frame_000542_rgb_anon.png
acdc,Mask2Former-Swin-L,car,GOPR0376/gopr0376_frame_000548.png,0,63320,/home/ace/Downloads/rgb_anon_trainvaltest/rgb_anon/night/train_ref/GOPR0376/GOPR0376_frame_000548_rgb_ref_anon.png,/home/ace/Downloads/rgb_anon_trainvaltest/rgb_anon/night/train/GOPR0376/GOPR0376_frame_000548_rgb_anon.png
acdc,Mask2Former-Swin-L,car,GOPR0376/gopr0376_frame_000557.png,5954,1288,/home/ace/Downloads/rgb_anon_trainvaltest/rgb_anon/night/train_ref/GOPR0376/GOPR0376_frame_000557_rgb_ref_anon.png,/home/ace/Downloads/rgb_anon_trainvaltest/rgb_anon/night/train/GOPR0376/GOPR0376_frame_000557_rgb_anon.png
acdc,Mask2Former-Swin-L,car,GOPR0376/gopr0376_frame_000565.png,85896,3812,/home/ace/Downloads/rgb_anon_trainvaltest/rgb_anon/night/train_ref/GOPR0376/GOPR0376_frame_000565_rgb_ref_anon.png,/home/ace/Downloads/rgb_anon_trainvaltest/rgb_anon/night/train/GOPR0376/GOPR0376_frame_000565_rgb_anon.png
acdc,Mask2Former-Swin-L,car,GOPR0376/gopr0376_frame_000570.png,7577,10318,/home/ace/Downloads/rgb_anon_trainvaltest/rgb_anon/night/train_ref/GOPR0376/GOPR0376_frame_000570_rgb_ref_anon.png,/home/ace/Downloads/rgb_anon_trainvaltest/rgb_anon/night/train/GOPR0376/GOPR0376_frame_000570_rgb_anon.png
acdc,Mask2Former-Swin-L,car,GOPR0376/gopr0376_frame_000576.png,0,80887,/home/ace/Downloads/rgb_anon_trainvaltest/rgb_anon/night/train_ref/GOPR0376/GOPR0376_frame_000576_rgb_ref_anon.png,/home/ace/Downloads/rgb_anon_trainvaltest/rgb_anon/night/train/GOPR0376/GOPR0376_frame_000576_rgb_anon.png
acdc,Mask2Former-Swin-L,car,GOPR0376/gopr0376_frame_000584.png,0,0,/home/ace/Downloads/rgb_anon_trainvaltest/rgb_anon/night/train_ref/GOPR0376/GOPR0376_frame_000584_rgb_ref_anon.png,/home/ace/Downloads/rgb_anon_trainvaltest/rgb_anon/night/train/GOPR0376/GOPR0376_frame_000584_rgb_anon.png
acdc,Mask2Former-Swin-L,car,GOPR0376/gopr0376_frame_000590.png,0,0,/home/ace/Downloads/rgb_anon_trainvaltest/rgb_anon/night/train_ref/GOPR0376/GOPR0376_frame_000590_rgb_ref_anon.png,/home/ace/Downloads/rgb_anon_trainvaltest/rgb_anon/night/train/GOPR0376/GOPR0376_frame_000590_rgb_anon.png
acdc,Mask2Former-Swin-L,car,GOPR0376/gopr0376_frame_000598.png,0,0,/home/ace/Downloads/rgb_anon_trainvaltest/rgb_anon/night/train_ref/GOPR0376/GOPR0376_frame_000598_rgb_ref_anon.png,/home/ace/Downloads/rgb_anon_trainvaltest/rgb_anon/night/train/GOPR0376/GOPR0376_frame_000598_rgb_anon.png
acdc,Mask2Former-Swin-L,car,GOPR0376/gopr0376_frame_000608.png,0,220,/home/ace/Downloads/rgb_anon_trainvaltest/rgb_anon/night/train_ref/GOPR0376/GOPR0376_frame_000608_rgb_ref_anon.png,/home/ace/Downloads/rgb_anon_trainvaltest/rgb_anon/night/train/GOPR0376/GOPR0376_frame_000608_rgb_anon.png
acdc,Mask2Former-Swin-L,car,GOPR0376/gopr0376_frame_000615.png,6813,524,/home/ace/Downloads/rgb_anon_trainvaltest/rgb_anon/night/train_ref/GOPR0376/GOPR0376_frame_000615_rgb_ref_anon.png,/home/ace/Downloads/rgb_anon_trainvaltest/rgb_anon/night/train/GOPR0376/GOPR0376_frame_000615_rgb_anon.png
acdc,Mask2Former-Swin-L,car,GOPR0376/gopr0376_frame_000621.png,54268,4148,/home/ace/Downloads/rgb_anon_trainvaltest/rgb_anon/night/train_ref/GOPR0376/GOPR0376_frame_000621_rgb_ref_anon.png,/home/ace/Downloads/rgb_anon_trainvaltest/rgb_anon/night/train/GOPR0376/GOPR0376_frame_000621_rgb_anon.png
acdc,Mask2Former-Swin-L,car,GOPR0376/gopr0376_frame_000627.png,8136,1085,/home/ace/Downloads/rgb_anon_trainvaltest/rgb_anon/night/train_ref/GOPR0376/GOPR0376_frame_000627_rgb_ref_anon.png,/home/ace/Downloads/rgb_anon_trainvaltest/rgb_anon/night/train/GOPR0376/GOPR0376_frame_000627_rgb_anon.png
acdc,Mask2Former-Swin-L,car,GOPR0376/gopr0376_frame_000633.png,6993,149449,/home/ace/Downloads/rgb_anon_trainvaltest/rgb_anon/night/train_ref/GOPR0376/GOPR0376_frame_000633_rgb_ref_anon.png,/home/ace/Downloads/rgb_anon_trainvaltest/rgb_anon/night/train/GOPR0376/GOPR0376_frame_000633_rgb_anon.png
acdc,Mask2Former-Swin-L,car,GOPR0376/gopr0376_frame_000639.png,13860,82,/home/ace/Downloads/rgb_anon_trainvaltest/rgb_anon/night/train_ref/GOPR0376/GOPR0376_frame_000639_rgb_ref_anon.png,/home/ace/Downloads/rgb_anon_trainvaltest/rgb_anon/night/train/GOPR0376/GOPR0376_frame_000639_rgb_anon.png
acdc,Mask2Former-Swin-L,car,GOPR0376/gopr0376_frame_000650.png,0,4704,/home/ace/Downloads/rgb_anon_trainvaltest/rgb_anon/night/train_ref/GOPR0376/GOPR0376_frame_000650_rgb_ref_anon.png,/home/ace/Downloads/rgb_anon_trainvaltest/rgb_anon/night/train/GOPR0376/GOPR0376_frame_000650_rgb_anon.png
acdc,Mask2Former-Swin-L,car,GOPR0376/gopr0376_frame_000657.png,150442,150855,/home/ace/Downloads/rgb_anon_trainvaltest/rgb_anon/night/train_ref/GOPR0376/GOPR0376_frame_000657_rgb_ref_anon.png,/home/ace/Downloads/rgb_anon_trainvaltest/rgb_anon/night/train/GOPR0376/GOPR0376_frame_000657_rgb_anon.png
acdc,Mask2Former-Swin-L,car,GOPR0376/gopr0376_frame_000663.png,98745,138587,/home/ace/Downloads/rgb_anon_trainvaltest/rgb_anon/night/train_ref/GOPR0376/GOPR0376_frame_000663_rgb_ref_anon.png,/home/ace/Downloads/rgb_anon_trainvaltest/rgb_anon/night/train/GOPR0376/GOPR0376_frame_000663_rgb_anon.png
acdc,Mask2Former-Swin-L,car,GOPR0376/gopr0376_frame_000678.png,69480,100637,/home/ace/Downloads/rgb_anon_trainvaltest/rgb_anon/night/train_ref/GOPR0376/GOPR0376_frame_000678_rgb_ref_anon.png,/home/ace/Downloads/rgb_anon_trainvaltest/rgb_anon/night/train/GOPR0376/GOPR0376_frame_000678_rgb_anon.png
acdc,Mask2Former-Swin-L,car,GOPR0376/gopr0376_frame_000690.png,9834,9020,/home/ace/Downloads/rgb_anon_trainvaltest/rgb_anon/night/train_ref/GOPR0376/GOPR0376_frame_000690_rgb_ref_anon.png,/home/ace/Downloads/rgb_anon_trainvaltest/rgb_anon/night/train/GOPR0376/GOPR0376_frame_000690_rgb_anon.png
acdc,Mask2Former-Swin-L,car,GOPR0376/gopr0376_frame_000695.png,3395,14436,/home/ace/Downloads/rgb_anon_trainvaltest/rgb_anon/night/train_ref/GOPR0376/GOPR0376_frame_000695_rgb_ref_anon.png,/home/ace/Downloads/rgb_anon_trainvaltest/rgb_anon/night/train/GOPR0376/GOPR0376_frame_000695_rgb_anon.png
acdc,Mask2Former-Swin-L,car,GOPR0376/gopr0376_frame_000699.png,314,0,/home/ace/Downloads/rgb_anon_trainvaltest/rgb_anon/night/train_ref/GOPR0376/GOPR0376_frame_000699_rgb_ref_anon.png,/home/ace/Downloads/rgb_anon_trainvaltest/rgb_anon/night/train/GOPR0376/GOPR0376_frame_000699_rgb_anon.png
acdc,Mask2Former-Swin-L,car,GOPR0376/gopr0376_frame_000703.png,105,44,/home/ace/Downloads/rgb_anon_trainvaltest/rgb_anon/night/train_ref/GOPR0376/GOPR0376_frame_000703_rgb_ref_anon.png,/home/ace/Downloads/rgb_anon_trainvaltest/rgb_anon/night/train/GOPR0376/GOPR0376_frame_000703_rgb_anon.png
acdc,Mask2Former-Swin-L,car,GOPR0376/gopr0376_frame_000709.png,1009,1582,/home/ace/Downloads/rgb_anon_trainvaltest/rgb_anon/night/train_ref/GOPR0376/GOPR0376_frame_000709_rgb_ref_anon.png,/home/ace/Downloads/rgb_anon_trainvaltest/rgb_anon/night/train/GOPR0376/GOPR0376_frame_000709_rgb_anon.png
acdc,Mask2Former-Swin-L,car,GOPR0376/gopr0376_frame_000715.png,202,30,/home/ace/Downloads/rgb_anon_trainvaltest/rgb_anon/night/train_ref/GOPR0376/GOPR0376_frame_000715_rgb_ref_anon.png,/home/ace/Downloads/rgb_anon_trainvaltest/rgb_anon/night/train/GOPR0376/GOPR0376_frame_000715_rgb_anon.png
acdc,Mask2Former-Swin-L,car,GOPR0376/gopr0376_frame_000721.png,11,18183,/home/ace/Downloads/rgb_anon_trainvaltest/rgb_anon/night/train_ref/GOPR0376/GOPR0376_frame_000721_rgb_ref_anon.png,/home/ace/Downloads/rgb_anon_trainvaltest/rgb_anon/night/train/GOPR0376/GOPR0376_frame_000721_rgb_anon.png
acdc,Mask2Former-Swin-L,car,GOPR0376/gopr0376_frame_000727.png,180856,124552,/home/ace/Downloads/rgb_anon_trainvaltest/rgb_anon/night/train_ref/GOPR0376/GOPR0376_frame_000727_rgb_ref_anon.png,/home/ace/Downloads/rgb_anon_trainvaltest/rgb_anon/night/train/GOPR0376/GOPR0376_frame_000727_rgb_anon.png
acdc,Mask2Former-Swin-L,car,GOPR0376/gopr0376_frame_000733.png,134139,180145,/home/ace/Downloads/rgb_anon_trainvaltest/rgb_anon/night/train_ref/GOPR0376/GOPR0376_frame_000733_rgb_ref_anon.png,/home/ace/Downloads/rgb_anon_trainvaltest/rgb_anon/night/train/GOPR0376/GOPR0376_frame_000733_rgb_anon.png
acdc,Mask2Former-Swin-L,car,GOPR0376/gopr0376_frame_000744.png,248638,157572,/home/ace/Downloads/rgb_anon_trainvaltest/rgb_anon/night/train_ref/GOPR0376/GOPR0376_frame_000744_rgb_ref_anon.png,/home/ace/Downloads/rgb_anon_trainvaltest/rgb_anon/night/train/GOPR0376/GOPR0376_frame_000744_rgb_anon.png
acdc,Mask2Former-Swin-L,car,GOPR0376/gopr0376_frame_000749.png,11785,4769,/home/ace/Downloads/rgb_anon_trainvaltest/rgb_anon/night/train_ref/GOPR0376/GOPR0376_frame_000749_rgb_ref_anon.png,/home/ace/Downloads/rgb_anon_trainvaltest/rgb_anon/night/train/GOPR0376/GOPR0376_frame_000749_rgb_anon.png
acdc,Mask2Former-Swin-L,car,GOPR0376/gopr0376_frame_000759.png,14894,12669,/home/ace/Downloads/rgb_anon_trainvaltest/rgb_anon/night/train_ref/GOPR0376/GOPR0376_frame_000759_rgb_ref_anon.png,/home/ace/Downloads/rgb_anon_trainvaltest/rgb_anon/night/train/GOPR0376/GOPR0376_frame_000759_rgb_anon.png
acdc,Mask2Former-Swin-L,car,GOPR0376/gopr0376_frame_000764.png,15989,1637,/home/ace/Downloads/rgb_anon_trainvaltest/rgb_anon/night/train_ref/GOPR0376/GOPR0376_frame_000764_rgb_ref_anon.png,/home/ace/Downloads/rgb_anon_trainvaltest/rgb_anon/night/train/GOPR0376/GOPR0376_frame_000764_rgb_anon.png
acdc,Mask2Former-Swin-L,car,GOPR0376/gopr0376_frame_000769.png,26772,33114,/home/ace/Downloads/rgb_anon_trainvaltest/rgb_anon/night/train_ref/GOPR0376/GOPR0376_frame_000769_rgb_ref_anon.png,/home/ace/Downloads/rgb_anon_trainvaltest/rgb_anon/night/train/GOPR0376/GOPR0376_frame_000769_rgb_anon.png
acdc,Mask2Former-Swin-L,car,GOPR0376/gopr0376_frame_000788.png,95566,128788,/home/ace/Downloads/rgb_anon_trainvaltest/rgb_anon/night/train_ref/GOPR0376/GOPR0376_frame_000788_rgb_ref_anon.png,/home/ace/Downloads/rgb_anon_trainvaltest/rgb_anon/night/train/GOPR0376/GOPR0376_frame_000788_rgb_anon.png
acdc,Mask2Former-Swin-L,car,GOPR0376/gopr0376_frame_000807.png,14902,13712,/home/ace/Downloads/rgb_anon_trainvaltest/rgb_anon/night/train_ref/GOPR0376/GOPR0376_frame_000807_rgb_ref_anon.png,/home/ace/Downloads/rgb_anon_trainvaltest/rgb_anon/night/train/GOPR0376/GOPR0376_frame_000807_rgb_anon.png
acdc,Mask2Former-Swin-L,car,GOPR0376/gopr0376_frame_000818.png,12743,1077,/home/ace/Downloads/rgb_anon_trainvaltest/rgb_anon/night/train_ref/GOPR0376/GOPR0376_frame_000818_rgb_ref_anon.png,/home/ace/Downloads/rgb_anon_trainvaltest/rgb_anon/night/train/GOPR0376/GOPR0376_frame_000818_rgb_anon.png
acdc,Mask2Former-Swin-L,car,GOPR0376/gopr0376_frame_000822.png,54781,61815,/home/ace/Downloads/rgb_anon_trainvaltest/rgb_anon/night/train_ref/GOPR0376/GOPR0376_frame_000822_rgb_ref_anon.png,/home/ace/Downloads/rgb_anon_trainvaltest/rgb_anon/night/train/GOPR0376/GOPR0376_frame_000822_rgb_anon.png
acdc,Mask2Former-Swin-L,car,GOPR0376/gopr0376_frame_000826.png,152194,3895,/home/ace/Downloads/rgb_anon_trainvaltest/rgb_anon/night/train_ref/GOPR0376/GOPR0376_frame_000826_rgb_ref_anon.png,/home/ace/Downloads/rgb_anon_trainvaltest/rgb_anon/night/train/GOPR0376/GOPR0376_frame_000826_rgb_anon.png
acdc,Mask2Former-Swin-L,car,GOPR0376/gopr0376_frame_000835.png,123150,225299,/home/ace/Downloads/rgb_anon_trainvaltest/rgb_anon/night/train_ref/GOPR0376/GOPR0376_frame_000835_rgb_ref_anon.png,/home/ace/Downloads/rgb_anon_trainvaltest/rgb_anon/night/train/GOPR0376/GOPR0376_frame_000835_rgb_anon.png
acdc,Mask2Former-Swin-L,car,GOPR0376/gopr0376_frame_000843.png,219358,2607,/home/ace/Downloads/rgb_anon_trainvaltest/rgb_anon/night/train_ref/GOPR0376/GOPR0376_frame_000843_rgb_ref_anon.png,/home/ace/Downloads/rgb_anon_trainvaltest/rgb_anon/night/train/GOPR0376/GOPR0376_frame_000843_rgb_anon.png
acdc,Mask2Former-Swin-L,car,GOPR0376/gopr0376_frame_000847.png,776370,117645,/home/ace/Downloads/rgb_anon_trainvaltest/rgb_anon/night/train_ref/GOPR0376/GOPR0376_frame_000847_rgb_ref_anon.png,/home/ace/Downloads/rgb_anon_trainvaltest/rgb_anon/night/train/GOPR0376/GOPR0376_frame_000847_rgb_anon.png
acdc,Mask2Former-Swin-L,car,GOPR0376/gopr0376_frame_000851.png,123666,10761,/home/ace/Downloads/rgb_anon_trainvaltest/rgb_anon/night/train_ref/GOPR0376/GOPR0376_frame_000851_rgb_ref_anon.png,/home/ace/Downloads/rgb_anon_trainvaltest/rgb_anon/night/train/GOPR0376/GOPR0376_frame_000851_rgb_anon.png
acdc,Mask2Former-Swin-L,car,GOPR0376/gopr0376_frame_000857.png,22520,2725,/home/ace/Downloads/rgb_anon_trainvaltest/rgb_anon/night/train_ref/GOPR0376/GOPR0376_frame_000857_rgb_ref_anon.png,/home/ace/Downloads/rgb_anon_trainvaltest/rgb_anon/night/train/GOPR0376/GOPR0376_frame_000857_rgb_anon.png
acdc,Mask2Former-Swin-L,car,GOPR0376/gopr0376_frame_000862.png,22611,766,/home/ace/Downloads/rgb_anon_trainvaltest/rgb_anon/night/train_ref/GOPR0376/GOPR0376_frame_000862_rgb_ref_anon.png,/home/ace/Downloads/rgb_anon_trainvaltest/rgb_anon/night/train/GOPR0376/GOPR0376_frame_000862_rgb_anon.png
acdc,Mask2Former-Swin-L,car,GOPR0376/gopr0376_frame_000866.png,6891,1693,/home/ace/Downloads/rgb_anon_trainvaltest/rgb_anon/night/train_ref/GOPR0376/GOPR0376_frame_000866_rgb_ref_anon.png,/home/ace/Downloads/rgb_anon_trainvaltest/rgb_anon/night/train/GOPR0376/GOPR0376_frame_000866_rgb_anon.png
acdc,Mask2Former-Swin-L,car,GOPR0376/gopr0376_frame_000870.png,30672,36704,/home/ace/Downloads/rgb_anon_trainvaltest/rgb_anon/night/train_ref/GOPR0376/GOPR0376_frame_000870_rgb_ref_anon.png,/home/ace/Downloads/rgb_anon_trainvaltest/rgb_anon/night/train/GOPR0376/GOPR0376_frame_000870_rgb_anon.png
acdc,Mask2Former-Swin-L,car,GOPR0376/gopr0376_frame_000874.png,314531,215295,/home/ace/Downloads/rgb_anon_trainvaltest/rgb_anon/night/train_ref/GOPR0376/GOPR0376_frame_000874_rgb_ref_anon.png,/home/ace/Downloads/rgb_anon_trainvaltest/rgb_anon/night/train/GOPR0376/GOPR0376_frame_000874_rgb_anon.png
acdc,Mask2Former-Swin-L,car,GOPR0376/gopr0376_frame_000878.png,193562,218679,/home/ace/Downloads/rgb_anon_trainvaltest/rgb_anon/night/train_ref/GOPR0376/GOPR0376_frame_000878_rgb_ref_anon.png,/home/ace/Downloads/rgb_anon_trainvaltest/rgb_anon/night/train/GOPR0376/GOPR0376_frame_000878_rgb_anon.png
acdc,Mask2Former-Swin-L,car,GOPR0376/gopr0376_frame_000882.png,293717,244923,/home/ace/Downloads/rgb_anon_trainvaltest/rgb_anon/night/train_ref/GOPR0376/GOPR0376_frame_000882_rgb_ref_anon.png,/home/ace/Downloads/rgb_anon_trainvaltest/rgb_anon/night/train/GOPR0376/GOPR0376_frame_000882_rgb_anon.png
acdc,Mask2Former-Swin-L,car,GOPR0376/gopr0376_frame_000887.png,347261,245114,/home/ace/Downloads/rgb_anon_trainvaltest/rgb_anon/night/train_ref/GOPR0376/GOPR0376_frame_000887_rgb_ref_anon.png,/home/ace/Downloads/rgb_anon_trainvaltest/rgb_anon/night/train/GOPR0376/GOPR0376_frame_000887_rgb_anon.png
acdc,Mask2Former-Swin-L,car,GOPR0376/gopr0376_frame_000909.png,239127,274745,/home/ace/Downloads/rgb_anon_trainvaltest/rgb_anon/night/train_ref/GOPR0376/GOPR0376_frame_000909_rgb_ref_anon.png,/home/ace/Downloads/rgb_anon_trainvaltest/rgb_anon/night/train/GOPR0376/GOPR0376_frame_000909_rgb_anon.png
acdc,Mask2Former-Swin-L,car,GOPR0376/gopr0376_frame_000916.png,18839,9812,/home/ace/Downloads/rgb_anon_trainvaltest/rgb_anon/night/train_ref/GOPR0376/GOPR0376_frame_000916_rgb_ref_anon.png,/home/ace/Downloads/rgb_anon_trainvaltest/rgb_anon/night/train/GOPR0376/GOPR0376_frame_000916_rgb_anon.png
acdc,Mask2Former-Swin-L,car,GOPR0376/gopr0376_frame_000922.png,9194,6510,/home/ace/Downloads/rgb_anon_trainvaltest/rgb_anon/night/train_ref/GOPR0376/GOPR0376_frame_000922_rgb_ref_anon.png,/home/ace/Downloads/rgb_anon_trainvaltest/rgb_anon/night/train/GOPR0376/GOPR0376_frame_000922_rgb_anon.png
acdc,Mask2Former-Swin-L,car,GOPR0376/gopr0376_frame_000927.png,56382,11912,/home/ace/Downloads/rgb_anon_trainvaltest/rgb_anon/night/train_ref/GOPR0376/GOPR0376_frame_000927_rgb_ref_anon.png,/home/ace/Downloads/rgb_anon_trainvaltest/rgb_anon/night/train/GOPR0376/GOPR0376_frame_000927_rgb_anon.png
acdc,Mask2Former-Swin-L,car,GOPR0376/gopr0376_frame_000936.png,111135,156213,/home/ace/Downloads/rgb_anon_trainvaltest/rgb_anon/night/train_ref/GOPR0376/GOPR0376_frame_000936_rgb_ref_anon.png,/home/ace/Downloads/rgb_anon_trainvaltest/rgb_anon/night/train/GOPR0376/GOPR0376_frame_000936_rgb_anon.png
acdc,Mask2Former-Swin-L,car,GOPR0376/gopr0376_frame_000954.png,111211,158208,/home/ace/Downloads/rgb_anon_trainvaltest/rgb_anon/night/train_ref/GOPR0376/GOPR0376_frame_000954_rgb_ref_anon.png,/home/ace/Downloads/rgb_anon_trainvaltest/rgb_anon/night/train/GOPR0376/GOPR0376_frame_000954_rgb_anon.png
acdc,Mask2Former-Swin-L,car,GOPR0376/gopr0376_frame_000959.png,3396,3939,/home/ace/Downloads/rgb_anon_trainvaltest/rgb_anon/night/train_ref/GOPR0376/GOPR0376_frame_000959_rgb_ref_anon.png,/home/ace/Downloads/rgb_anon_trainvaltest/rgb_anon/night/train/GOPR0376/GOPR0376_frame_000959_rgb_anon.png
acdc,Mask2Former-Swin-L,car,GOPR0376/gopr0376_frame_000963.png,10667,38,/home/ace/Downloads/rgb_anon_trainvaltest/rgb_anon/night/train_ref/GOPR0376/GOPR0376_frame_000963_rgb_ref_anon.png,/home/ace/Downloads/rgb_anon_trainvaltest/rgb_anon/night/train/GOPR0376/GOPR0376_frame_000963_rgb_anon.png
acdc,Mask2Former-Swin-L,car,GOPR0376/gopr0376_frame_000967.png,5459,5916,/home/ace/Downloads/rgb_anon_trainvaltest/rgb_anon/night/train_ref/GOPR0376/GOPR0376_frame_000967_rgb_ref_anon.png,/home/ace/Downloads/rgb_anon_trainvaltest/rgb_anon/night/train/GOPR0376/GOPR0376_frame_000967_rgb_anon.png
acdc,Mask2Former-Swin-L,car,GOPR0376/gopr0376_frame_000971.png,4216,0,/home/ace/Downloads/rgb_anon_trainvaltest/rgb_anon/night/train_ref/GOPR0376/GOPR0376_frame_000971_rgb_ref_anon.png,/home/ace/Downloads/rgb_anon_trainvaltest/rgb_anon/night/train/GOPR0376/GOPR0376_frame_000971_rgb_anon.png
acdc,Mask2Former-Swin-L,car,GOPR0376/gopr0376_frame_000975.png,3901,0,/home/ace/Downloads/rgb_anon_trainvaltest/rgb_anon/night/train_ref/GOPR0376/GOPR0376_frame_000975_rgb_ref_anon.png,/home/ace/Downloads/rgb_anon_trainvaltest/rgb_anon/night/train/GOPR0376/GOPR0376_frame_000975_rgb_anon.png
acdc,Mask2Former-Swin-L,car,GOPR0376/gopr0376_frame_000979.png,11771,15335,/home/ace/Downloads/rgb_anon_trainvaltest/rgb_anon/night/train_ref/GOPR0376/GOPR0376_frame_000979_rgb_ref_anon.png,/home/ace/Downloads/rgb_anon_trainvaltest/rgb_anon/night/train/GOPR0376/GOPR0376_frame_000979_rgb_anon.png
acdc,Mask2Former-Swin-L,car,GOPR0376/gopr0376_frame_000983.png,22606,10803,/home/ace/Downloads/rgb_anon_trainvaltest/rgb_anon/night/train_ref/GOPR0376/GOPR0376_frame_000983_rgb_ref_anon.png,/home/ace/Downloads/rgb_anon_trainvaltest/rgb_anon/night/train/GOPR0376/GOPR0376_frame_000983_rgb_anon.png
acdc,Mask2Former-Swin-L,car,GOPR0376/gopr0376_frame_000991.png,6864,67928,/home/ace/Downloads/rgb_anon_trainvaltest/rgb_anon/night/train_ref/GOPR0376/GOPR0376_frame_000991_rgb_ref_anon.png,/home/ace/Downloads/rgb_anon_trainvaltest/rgb_anon/night/train/GOPR0376/GOPR0376_frame_000991_rgb_anon.png
acdc,Mask2Former-Swin-L,car,GOPR0376/gopr0376_frame_001001.png,25508,14420,/home/ace/Downloads/rgb_anon_trainvaltest/rgb_anon/night/train_ref/GOPR0376/GOPR0376_frame_001001_rgb_ref_anon.png,/home/ace/Downloads/rgb_anon_trainvaltest/rgb_anon/night/train/GOPR0376/GOPR0376_frame_001001_rgb_anon.png
acdc,Mask2Former-Swin-L,car,GOPR0376/gopr0376_frame_001005.png,3327,23405,/home/ace/Downloads/rgb_anon_trainvaltest/rgb_anon/night/train_ref/GOPR0376/GOPR0376_frame_001005_rgb_ref_anon.png,/home/ace/Downloads/rgb_anon_trainvaltest/rgb_anon/night/train/GOPR0376/GOPR0376_frame_001005_rgb_anon.png
acdc,Mask2Former-Swin-L,car,GOPR0376/gopr0376_frame_001009.png,93407,65768,/home/ace/Downloads/rgb_anon_trainvaltest/rgb_anon/night/train_ref/GOPR0376/GOPR0376_frame_001009_rgb_ref_anon.png,/home/ace/Downloads/rgb_anon_trainvaltest/rgb_anon/night/train/GOPR0376/GOPR0376_frame_001009_rgb_anon.png
acdc,Mask2Former-Swin-L,car,GOPR0376/gopr0376_frame_001013.png,19143,5409,/home/ace/Downloads/rgb_anon_trainvaltest/rgb_anon/night/train_ref/GOPR0376/GOPR0376_frame_001013_rgb_ref_anon.png,/home/ace/Downloads/rgb_anon_trainvaltest/rgb_anon/night/train/GOPR0376/GOPR0376_frame_001013_rgb_anon.png
acdc,Mask2Former-Swin-L,car,GOPR0376/gopr0376_frame_001017.png,13276,0,/home/ace/Downloads/rgb_anon_trainvaltest/rgb_anon/night/train_ref/GOPR0376/GOPR0376_frame_001017_rgb_ref_anon.png,/home/ace/Downloads/rgb_anon_trainvaltest/rgb_anon/night/train/GOPR0376/GOPR0376_frame_001017_rgb_anon.png
acdc,Mask2Former-Swin-L,car,GOPR0376/gopr0376_frame_001021.png,6078,486,/home/ace/Downloads/rgb_anon_trainvaltest/rgb_anon/night/train_ref/GOPR0376/GOPR0376_frame_001021_rgb_ref_anon.png,/home/ace/Downloads/rgb_anon_trainvaltest/rgb_anon/night/train/GOPR0376/GOPR0376_frame_001021_rgb_anon.png
acdc,Mask2Former-Swin-L,car,GOPR0376/gopr0376_frame_001025.png,37602,92157,/home/ace/Downloads/rgb_anon_trainvaltest/rgb_anon/night/train_ref/GOPR0376/GOPR0376_frame_001025_rgb_ref_anon.png,/home/ace/Downloads/rgb_anon_trainvaltest/rgb_anon/night/train/GOPR0376/GOPR0376_frame_001025_rgb_anon.png
acdc,Mask2Former-Swin-L,car,GOPR0376/gopr0376_frame_001032.png,10766,3594,/home/ace/Downloads/rgb_anon_trainvaltest/rgb_anon/night/train_ref/GOPR0376/GOPR0376_frame_001032_rgb_ref_anon.png,/home/ace/Downloads/rgb_anon_trainvaltest/rgb_anon/night/train/GOPR0376/GOPR0376_frame_001032_rgb_anon.png
acdc,Mask2Former-Swin-L,car,GOPR0376/gopr0376_frame_001050.png,6525,0,/home/ace/Downloads/rgb_anon_trainvaltest/rgb_anon/night/train_ref/GOPR0376/GOPR0376_frame_001050_rgb_ref_anon.png,/home/ace/Downloads/rgb_anon_trainvaltest/rgb_anon/night/train/GOPR0376/GOPR0376_frame_001050_rgb_anon.png
acdc,Mask2Former-Swin-L,car,GOPR0376/gopr0376_frame_001054.png,2923,0,/home/ace/Downloads/rgb_anon_trainvaltest/rgb_anon/night/train_ref/GOPR0376/GOPR0376_frame_001054_rgb_ref_anon.png,/home/ace/Downloads/rgb_anon_trainvaltest/rgb_anon/night/train/GOPR0376/GOPR0376_frame_001054_rgb_anon.png
acdc,Mask2Former-Swin-L,car,GOPR0376/gopr0376_frame_001058.png,731,0,/home/ace/Downloads/rgb_anon_trainvaltest/rgb_anon/night/train_ref/GOPR0376/GOPR0376_frame_001058_rgb_ref_anon.png,/home/ace/Downloads/rgb_anon_trainvaltest/rgb_anon/night/train/GOPR0376/GOPR0376_frame_001058_rgb_anon.png
acdc,Mask2Former-Swin-L,car,GP010376/gp010376_frame_000001.png,367,41882,/home/ace/Downloads/rgb_anon_trainvaltest/rgb_anon/night/train_ref/GP010376/GP010376_frame_000001_rgb_ref_anon.png,/home/ace/Downloads/rgb_anon_trainvaltest/rgb_anon/night/train/GP010376/GP010376_frame_000001_rgb_anon.png
acdc,Mask2Former-Swin-L,car,GP010376/gp010376_frame_000005.png,805,8291,/home/ace/Downloads/rgb_anon_trainvaltest/rgb_anon/night/train_ref/GP010376/GP010376_frame_000005_rgb_ref_anon.png,/home/ace/Downloads/rgb_anon_trainvaltest/rgb_anon/night/train/GP010376/GP010376_frame_000005_rgb_anon.png
acdc,Mask2Former-Swin-L,car,GP010376/gp010376_frame_000009.png,12,31,/home/ace/Downloads/rgb_anon_trainvaltest/rgb_anon/night/train_ref/GP010376/GP010376_frame_000009_rgb_ref_anon.png,/home/ace/Downloads/rgb_anon_trainvaltest/rgb_anon/night/train/GP010376/GP010376_frame_000009_rgb_anon.png
acdc,Mask2Former-Swin-L,car,GP010376/gp010376_frame_000013.png,7015,0,/home/ace/Downloads/rgb_anon_trainvaltest/rgb_anon/night/train_ref/GP010376/GP010376_frame_000013_rgb_ref_anon.png,/home/ace/Downloads/rgb_anon_trainvaltest/rgb_anon/night/train/GP010376/GP010376_frame_000013_rgb_anon.png
acdc,Mask2Former-Swin-L,car,GP010376/gp010376_frame_000020.png,3341,5,/home/ace/Downloads/rgb_anon_trainvaltest/rgb_anon/night/train_ref/GP010376/GP010376_frame_000020_rgb_ref_anon.png,/home/ace/Downloads/rgb_anon_trainvaltest/rgb_anon/night/train/GP010376/GP010376_frame_000020_rgb_anon.png
acdc,Mask2Former-Swin-L,car,GP010376/gp010376_frame_000024.png,13198,8626,/home/ace/Downloads/rgb_anon_trainvaltest/rgb_anon/night/train_ref/GP010376/GP010376_frame_000024_rgb_ref_anon.png,/home/ace/Downloads/rgb_anon_trainvaltest/rgb_anon/night/train/GP010376/GP010376_frame_000024_rgb_anon.png
acdc,Mask2Former-Swin-L,car,GP010376/gp010376_frame_000028.png,9002,27170,/home/ace/Downloads/rgb_anon_trainvaltest/rgb_anon/night/train_ref/GP010376/GP010376_frame_000028_rgb_ref_anon.png,/home/ace/Downloads/rgb_anon_trainvaltest/rgb_anon/night/train/GP010376/GP010376_frame_000028_rgb_anon.png
acdc,Mask2Former-Swin-L,car,GP010376/gp010376_frame_000032.png,10560,85,/home/ace/Downloads/rgb_anon_trainvaltest/rgb_anon/night/train_ref/GP010376/GP010376_frame_000032_rgb_ref_anon.png,/home/ace/Downloads/rgb_anon_trainvaltest/rgb_anon/night/train/GP010376/GP010376_frame_000032_rgb_anon.png
acdc,Mask2Former-Swin-L,car,GP010376/gp010376_frame_000036.png,5882,0,/home/ace/Downloads/rgb_anon_trainvaltest/rgb_anon/night/train_ref/GP010376/GP010376_frame_000036_rgb_ref_anon.png,/home/ace/Downloads/rgb_anon_trainvaltest/rgb_anon/night/train/GP010376/GP010376_frame_000036_rgb_anon.png
acdc,Mask2Former-Swin-L,car,GP010376/gp010376_frame_000040.png,19213,0,/home/ace/Downloads/rgb_anon_trainvaltest/rgb_anon/night/train_ref/GP010376/GP010376_frame_000040_rgb_ref_anon.png,/home/ace/Downloads/rgb_anon_trainvaltest/rgb_anon/night/train/GP010376/GP010376_frame_000040_rgb_anon.png
acdc,Mask2Former-Swin-L,car,GP010376/gp010376_frame_000044.png,31553,7581,/home/ace/Downloads/rgb_anon_trainvaltest/rgb_anon/night/train_ref/GP010376/GP010376_frame_000044_rgb_ref_anon.png,/home/ace/Downloads/rgb_anon_trainvaltest/rgb_anon/night/train/GP010376/GP010376_frame_000044_rgb_anon.png
acdc,Mask2Former-Swin-L,car,GP010376/gp010376_frame_000049.png,234896,28,/home/ace/Downloads/rgb_anon_trainvaltest/rgb_anon/night/train_ref/GP010376/GP010376_frame_000049_rgb_ref_anon.png,/home/ace/Downloads/rgb_anon_trainvaltest/rgb_anon/night/train/GP010376/GP010376_frame_000049_rgb_anon.png
acdc,Mask2Former-Swin-L,car,GP010376/gp010376_frame_000084.png,20625,803,/home/ace/Downloads/rgb_anon_trainvaltest/rgb_anon/night/train_ref/GP010376/GP010376_frame_000084_rgb_ref_anon.png,/home/ace/Downloads/rgb_anon_trainvaltest/rgb_anon/night/train/GP010376/GP010376_frame_000084_rgb_anon.png
acdc,Mask2Former-Swin-L,car,GP010376/gp010376_frame_000124.png,14437,74459,/home/ace/Downloads/rgb_anon_trainvaltest/rgb_anon/night/train_ref/GP010376/GP010376_frame_000124_rgb_ref_anon.png,/home/ace/Downloads/rgb_anon_trainvaltest/rgb_anon/night/train/GP010376/GP010376_frame_000124_rgb_anon.png
acdc,Mask2Former-Swin-L,car,GP010376/gp010376_frame_000129.png,130241,70066,/home/ace/Downloads/rgb_anon_trainvaltest/rgb_anon/night/train_ref/GP010376/GP010376_frame_000129_rgb_ref_anon.png,/home/ace/Downloads/rgb_anon_trainvaltest/rgb_anon/night/train/GP010376/GP010376_frame_000129_rgb_anon.png
acdc,Mask2Former-Swin-L,car,GP010376/gp010376_frame_000133.png,14685,23395,/home/ace/Downloads/rgb_anon_trainvaltest/rgb_anon/night/train_ref/GP010376/GP010376_frame_000133_rgb_ref_anon.png,/home/ace/Downloads/rgb_anon_trainvaltest/rgb_anon/night/train/GP010376/GP010376_frame_000133_rgb_anon.png
acdc,Mask2Former-Swin-L,car,GP010376/gp010376_frame_000137.png,155858,149873,/home/ace/Downloads/rgb_anon_trainvaltest/rgb_anon/night/train_ref/GP010376/GP010376_frame_000137_rgb_ref_anon.png,/home/ace/Downloads/rgb_anon_trainvaltest/rgb_anon/night/train/GP010376/GP010376_frame_000137_rgb_anon.png
acdc,Mask2Former-Swin-L,car,GP010376/gp010376_frame_000141.png,123893,83789,/home/ace/Downloads/rgb_anon_trainvaltest/rgb_anon/night/train_ref/GP010376/GP010376_frame_000141_rgb_ref_anon.png,/home/ace/Downloads/rgb_anon_trainvaltest/rgb_anon/night/train/GP010376/GP010376_frame_000141_rgb_anon.png
acdc,Mask2Former-Swin-L,car,GP010376/gp010376_frame_000145.png,1432,66,/home/ace/Downloads/rgb_anon_trainvaltest/rgb_anon/night/train_ref/GP010376/GP010376_frame_000145_rgb_ref_anon.png,/home/ace/Downloads/rgb_anon_trainvaltest/rgb_anon/night/train/GP010376/GP010376_frame_000145_rgb_anon.png
acdc,Mask2Former-Swin-L,car,GP010376/gp010376_frame_000149.png,20437,17573,/home/ace/Downloads/rgb_anon_trainvaltest/rgb_anon/night/train_ref/GP010376/GP010376_frame_000149_rgb_ref_anon.png,/home/ace/Downloads/rgb_anon_trainvaltest/rgb_anon/night/train/GP010376/GP010376_frame_000149_rgb_anon.png
acdc,Mask2Former-Swin-L,car,GP010376/gp010376_frame_000153.png,177502,13354,/home/ace/Downloads/rgb_anon_trainvaltest/rgb_anon/night/train_ref/GP010376/GP010376_frame_000153_rgb_ref_anon.png,/home/ace/Downloads/rgb_anon_trainvaltest/rgb_anon/night/train/GP010376/GP010376_frame_000153_rgb_anon.png
acdc,Mask2Former-Swin-L,car,GP010376/gp010376_frame_000171.png,99159,92114,/home/ace/Downloads/rgb_anon_trainvaltest/rgb_anon/night/train_ref/GP010376/GP010376_frame_000171_rgb_ref_anon.png,/home/ace/Downloads/rgb_anon_trainvaltest/rgb_anon/night/train/GP010376/GP010376_frame_000171_rgb_anon.png
acdc,Mask2Former-Swin-L,car,GP010376/gp010376_frame_000177.png,20751,2015,/home/ace/Downloads/rgb_anon_trainvaltest/rgb_anon/night/train_ref/GP010376/GP010376_frame_000177_rgb_ref_anon.png,/home/ace/Downloads/rgb_anon_trainvaltest/rgb_anon/night/train/GP010376/GP010376_frame_000177_rgb_anon.png
acdc,Mask2Former-Swin-L,car,GP010376/gp010376_frame_000181.png,49850,55,/home/ace/Downloads/rgb_anon_trainvaltest/rgb_anon/night/train_ref/GP010376/GP010376_frame_000181_rgb_ref_anon.png,/home/ace/Downloads/rgb_anon_trainvaltest/rgb_anon/night/train/GP010376/GP010376_frame_000181_rgb_anon.png
acdc,Mask2Former-Swin-L,car,GP010376/gp010376_frame_000185.png,109232,1664,/home/ace/Downloads/rgb_anon_trainvaltest/rgb_anon/night/train_ref/GP010376/GP010376_frame_000185_rgb_ref_anon.png,/home/ace/Downloads/rgb_anon_trainvaltest/rgb_anon/night/train/GP010376/GP010376_frame_000185_rgb_anon.png
acdc,Mask2Former-Swin-L,car,GP010376/gp010376_frame_000189.png,2116,162,/home/ace/Downloads/rgb_anon_trainvaltest/rgb_anon/night/train_ref/GP010376/GP010376_frame_000189_rgb_ref_anon.png,/home/ace/Downloads/rgb_anon_trainvaltest/rgb_anon/night/train/GP010376/GP010376_frame_000189_rgb_anon.png
acdc,Mask2Former-Swin-L,car,GP010376/gp010376_frame_000193.png,54089,54624,/home/ace/Downloads/rgb_anon_trainvaltest/rgb_anon/night/train_ref/GP010376/GP010376_frame_000193_rgb_ref_anon.png,/home/ace/Downloads/rgb_anon_trainvaltest/rgb_anon/night/train/GP010376/GP010376_frame_000193_rgb_anon.png
acdc,Mask2Former-Swin-L,car,GP010376/gp010376_frame_000197.png,6122,11324,/home/ace/Downloads/rgb_anon_trainvaltest/rgb_anon/night/train_ref/GP010376/GP010376_frame_000197_rgb_ref_anon.png,/home/ace/Downloads/rgb_anon_trainvaltest/rgb_anon/night/train/GP010376/GP010376_frame_000197_rgb_anon.png
acdc,Mask2Former-Swin-L,car,GP010376/gp010376_frame_000201.png,135916,7157,/home/ace/Downloads/rgb_anon_trainvaltest/rgb_anon/night/train_ref/GP010376/GP010376_frame_000201_rgb_ref_anon.png,/home/ace/Downloads/rgb_anon_trainvaltest/rgb_anon/night/train/GP010376/GP010376_frame_000201_rgb_anon.png
acdc,Mask2Former-Swin-L,car,GP010376/gp010376_frame_000206.png,4470,53,/home/ace/Downloads/rgb_anon_trainvaltest/rgb_anon/night/train_ref/GP010376/GP010376_frame_000206_rgb_ref_anon.png,/home/ace/Downloads/rgb_anon_trainvaltest/rgb_anon/night/train/GP010376/GP010376_frame_000206_rgb_anon.png
acdc,Mask2Former-Swin-L,car,GP010376/gp010376_frame_000213.png,6274,811,/home/ace/Downloads/rgb_anon_trainvaltest/rgb_anon/night/train_ref/GP010376/GP010376_frame_000213_rgb_ref_anon.png,/home/ace/Downloads/rgb_anon_trainvaltest/rgb_anon/night/train/GP010376/GP010376_frame_000213_rgb_anon.png
acdc,Mask2Former-Swin-L,car,GP010376/gp010376_frame_000219.png,211,26,/home/ace/Downloads/rgb_anon_trainvaltest/rgb_anon/night/train_ref/GP010376/GP010376_frame_000219_rgb_ref_anon.png,/home/ace/Downloads/rgb_anon_trainvaltest/rgb_anon/night/train/GP010376/GP010376_frame_000219_rgb_anon.png
acdc,Mask2Former-Swin-L,car,GP010376/gp010376_frame_000223.png,2548,818,/home/ace/Downloads/rgb_anon_trainvaltest/rgb_anon/night/train_ref/GP010376/GP010376_frame_000223_rgb_ref_anon.png,/home/ace/Downloads/rgb_anon_trainvaltest/rgb_anon/night/train/GP010376/GP010376_frame_000223_rgb_anon.png
acdc,Mask2Former-Swin-L,car,GP010376/gp010376_frame_000227.png,24,0,/home/ace/Downloads/rgb_anon_trainvaltest/rgb_anon/night/train_ref/GP010376/GP010376_frame_000227_rgb_ref_anon.png,/home/ace/Downloads/rgb_anon_trainvaltest/rgb_anon/night/train/GP010376/GP010376_frame_000227_rgb_anon.png
acdc,Mask2Former-Swin-L,car,GP010376/gp010376_frame_000231.png,9791,8308,/home/ace/Downloads/rgb_anon_trainvaltest/rgb_anon/night/train_ref/GP010376/GP010376_frame_000231_rgb_ref_anon.png,/home/ace/Downloads/rgb_anon_trainvaltest/rgb_anon/night/train/GP010376/GP010376_frame_000231_rgb_anon.png
acdc,Mask2Former-Swin-L,car,GP010376/gp010376_frame_000235.png,6038,0,/home/ace/Downloads/rgb_anon_trainvaltest/rgb_anon/night/train_ref/GP010376/GP010376_frame_000235_rgb_ref_anon.png,/home/ace/Downloads/rgb_anon_trainvaltest/rgb_anon/night/train/GP010376/GP010376_frame_000235_rgb_anon.png
acdc,Mask2Former-Swin-L,car,GP010376/gp010376_frame_000239.png,467,0,/home/ace/Downloads/rgb_anon_trainvaltest/rgb_anon/night/train_ref/GP010376/GP010376_frame_000239_rgb_ref_anon.png,/home/ace/Downloads/rgb_anon_trainvaltest/rgb_anon/night/train/GP010376/GP010376_frame_000239_rgb_anon.png
acdc,Mask2Former-Swin-L,car,GP010376/gp010376_frame_000243.png,4768,0,/home/ace/Downloads/rgb_anon_trainvaltest/rgb_anon/night/train_ref/GP010376/GP010376_frame_000243_rgb_ref_anon.png,/home/ace/Downloads/rgb_anon_trainvaltest/rgb_anon/night/train/GP010376/GP010376_frame_000243_rgb_anon.png
acdc,Mask2Former-Swin-L,car,GP010376/gp010376_frame_000247.png,6378,0,/home/ace/Downloads/rgb_anon_trainvaltest/rgb_anon/night/train_ref/GP010376/GP010376_frame_000247_rgb_ref_anon.png,/home/ace/Downloads/rgb_anon_trainvaltest/rgb_anon/night/train/GP010376/GP010376_frame_000247_rgb_anon.png
acdc,Mask2Former-Swin-L,car,GP010376/gp010376_frame_000251.png,1312,0,/home/ace/Downloads/rgb_anon_trainvaltest/rgb_anon/night/train_ref/GP010376/GP010376_frame_000251_rgb_ref_anon.png,/home/ace/Downloads/rgb_anon_trainvaltest/rgb_anon/night/train/GP010376/GP010376_frame_000251_rgb_anon.png
acdc,Mask2Former-Swin-L,car,GP010376/gp010376_frame_000255.png,820,0,/home/ace/Downloads/rgb_anon_trainvaltest/rgb_anon/night/train_ref/GP010376/GP010376_frame_000255_rgb_ref_anon.png,/home/ace/Downloads/rgb_anon_trainvaltest/rgb_anon/night/train/GP010376/GP010376_frame_000255_rgb_anon.png
acdc,Mask2Former-Swin-L,car,GP010376/gp010376_frame_000259.png,2976,0,/home/ace/Downloads/rgb_anon_trainvaltest/rgb_anon/night/train_ref/GP010376/GP010376_frame_000259_rgb_ref_anon.png,/home/ace/Downloads/rgb_anon_trainvaltest/rgb_anon/night/train/GP010376/GP010376_frame_000259_rgb_anon.png
acdc,Mask2Former-Swin-L,car,GP010376/gp010376_frame_000263.png,1629,145,/home/ace/Downloads/rgb_anon_trainvaltest/rgb_anon/night/train_ref/GP010376/GP010376_frame_000263_rgb_ref_anon.png,/home/ace/Downloads/rgb_anon_trainvaltest/rgb_anon/night/train/GP010376/GP010376_frame_000263_rgb_anon.png
acdc,Mask2Former-Swin-L,car,GP010376/gp010376_frame_000267.png,876,0,/home/ace/Downloads/rgb_anon_trainvaltest/rgb_anon/night/train_ref/GP010376/GP010376_frame_000267_rgb_ref_anon.png,/home/ace/Downloads/rgb_anon_trainvaltest/rgb_anon/night/train/GP010376/GP010376_frame_000267_rgb_anon.png
acdc,Mask2Former-Swin-L,car,GP010376/gp010376_frame_000271.png,2263,880,/home/ace/Downloads/rgb_anon_trainvaltest/rgb_anon/night/train_ref/GP010376/GP010376_frame_000271_rgb_ref_anon.png,/home/ace/Downloads/rgb_anon_trainvaltest/rgb_anon/night/train/GP010376/GP010376_frame_000271_rgb_anon.png
acdc,Mask2Former-Swin-L,car,GP010376/gp010376_frame_000275.png,341,215,/home/ace/Downloads/rgb_anon_trainvaltest/rgb_anon/night/train_ref/GP010376/GP010376_frame_000275_rgb_ref_anon.png,/home/ace/Downloads/rgb_anon_trainvaltest/rgb_anon/night/train/GP010376/GP010376_frame_000275_rgb_anon.png
acdc,Mask2Former-Swin-L,car,GP010376/gp010376_frame_000279.png,178545,78,/home/ace/Downloads/rgb_anon_trainvaltest/rgb_anon/night/train_ref/GP010376/GP010376_frame_000279_rgb_ref_anon.png,/home/ace/Downloads/rgb_anon_trainvaltest/rgb_anon/night/train/GP010376/GP010376_frame_000279_rgb_anon.png
acdc,Mask2Former-Swin-L,car,GP010376/gp010376_frame_000283.png,8350,0,/home/ace/Downloads/rgb_anon_trainvaltest/rgb_anon/night/train_ref/GP010376/GP010376_frame_000283_rgb_ref_anon.png,/home/ace/Downloads/rgb_anon_trainvaltest/rgb_anon/night/train/GP010376/GP010376_frame_000283_rgb_anon.png
acdc,Mask2Former-Swin-L,car,GP010376/gp010376_frame_000287.png,5294,1084,/home/ace/Downloads/rgb_anon_trainvaltest/rgb_anon/night/train_ref/GP010376/GP010376_frame_000287_rgb_ref_anon.png,/home/ace/Downloads/rgb_anon_trainvaltest/rgb_anon/night/train/GP010376/GP010376_frame_000287_rgb_anon.png
acdc,Mask2Former-Swin-L,car,GP010376/gp010376_frame_000291.png,209,0,/home/ace/Downloads/rgb_anon_trainvaltest/rgb_anon/night/train_ref/GP010376/GP010376_frame_000291_rgb_ref_anon.png,/home/ace/Downloads/rgb_anon_trainvaltest/rgb_anon/night/train/GP010376/GP010376_frame_000291_rgb_anon.png
acdc,Mask2Former-Swin-L,car,GP010376/gp010376_frame_000295.png,213896,207944,/home/ace/Downloads/rgb_anon_trainvaltest/rgb_anon/night/train_ref/GP010376/GP010376_frame_000295_rgb_ref_anon.png,/home/ace/Downloads/rgb_anon_trainvaltest/rgb_anon/night/train/GP010376/GP010376_frame_000295_rgb_anon.png
acdc,Mask2Former-Swin-L,car,GP010376/gp010376_frame_000299.png,5840,5809,/home/ace/Downloads/rgb_anon_trainvaltest/rgb_anon/night/train_ref/GP010376/GP010376_frame_000299_rgb_ref_anon.png,/home/ace/Downloads/rgb_anon_trainvaltest/rgb_anon/night/train/GP010376/GP010376_frame_000299_rgb_anon.png
acdc,Mask2Former-Swin-L,car,GP010376/gp010376_frame_000303.png,7,3883,/home/ace/Downloads/rgb_anon_trainvaltest/rgb_anon/night/train_ref/GP010376/GP010376_frame_000303_rgb_ref_anon.png,/home/ace/Downloads/rgb_anon_trainvaltest/rgb_anon/night/train/GP010376/GP010376_frame_000303_rgb_anon.png
acdc,Mask2Former-Swin-L,car,GP010376/gp010376_frame_000307.png,0,22,/home/ace/Downloads/rgb_anon_trainvaltest/rgb_anon/night/train_ref/GP010376/GP010376_frame_000307_rgb_ref_anon.png,/home/ace/Downloads/rgb_anon_trainvaltest/rgb_anon/night/train/GP010376/GP010376_frame_000307_rgb_anon.png
acdc,Mask2Former-Swin-L,car,GP010376/gp010376_frame_000311.png,2887,2746,/home/ace/Downloads/rgb_anon_trainvaltest/rgb_anon/night/train_ref/GP010376/GP010376_frame_000311_rgb_ref_anon.png,/home/ace/Downloads/rgb_anon_trainvaltest/rgb_anon/night/train/GP010376/GP010376_frame_000311_rgb_anon.png
acdc,Mask2Former-Swin-L,car,GP010376/gp010376_frame_000319.png,114880,69325,/home/ace/Downloads/rgb_anon_trainvaltest/rgb_anon/night/train_ref/GP010376/GP010376_frame_000319_rgb_ref_anon.png,/home/ace/Downloads/rgb_anon_trainvaltest/rgb_anon/night/train/GP010376/GP010376_frame_000319_rgb_anon.png
acdc,Mask2Former-Swin-L,car,GP010397/gp010397_frame_000037.png,5676,448,/home/ace/Downloads/rgb_anon_trainvaltest/rgb_anon/night/train_ref/GP010397/GP010397_frame_000037_rgb_ref_anon.png,/home/ace/Downloads/rgb_anon_trainvaltest/rgb_anon/night/train/GP010397/GP010397_frame_000037_rgb_anon.png
acdc,Mask2Former-Swin-L,car,GP010397/gp010397_frame_000056.png,5932,2036,/home/ace/Downloads/rgb_anon_trainvaltest/rgb_anon/night/train_ref/GP010397/GP010397_frame_000056_rgb_ref_anon.png,/home/ace/Downloads/rgb_anon_trainvaltest/rgb_anon/night/train/GP010397/GP010397_frame_000056_rgb_anon.png
acdc,Mask2Former-Swin-L,car,GP010397/gp010397_frame_000063.png,40297,102769,/home/ace/Downloads/rgb_anon_trainvaltest/rgb_anon/night/train_ref/GP010397/GP010397_frame_000063_rgb_ref_anon.png,/home/ace/Downloads/rgb_anon_trainvaltest/rgb_anon/night/train/GP010397/GP010397_frame_000063_rgb_anon.png
acdc,Mask2Former-Swin-L,car,GP010397/gp010397_frame_000074.png,65008,45357,/home/ace/Downloads/rgb_anon_trainvaltest/rgb_anon/night/train_ref/GP010397/GP010397_frame_000074_rgb_ref_anon.png,/home/ace/Downloads/rgb_anon_trainvaltest/rgb_anon/night/train/GP010397/GP010397_frame_000074_rgb_anon.png
acdc,Mask2Former-Swin-L,car,GP010397/gp010397_frame_000080.png,86711,10673,/home/ace/Downloads/rgb_anon_trainvaltest/rgb_anon/night/train_ref/GP010397/GP010397_frame_000080_rgb_ref_anon.png,/home/ace/Downloads/rgb_anon_trainvaltest/rgb_anon/night/train/GP010397/GP010397_frame_000080_rgb_anon.png
acdc,Mask2Former-Swin-L,car,GP010397/gp010397_frame_000096.png,13717,50181,/home/ace/Downloads/rgb_anon_trainvaltest/rgb_anon/night/train_ref/GP010397/GP010397_frame_000096_rgb_ref_anon.png,/home/ace/Downloads/rgb_anon_trainvaltest/rgb_anon/night/train/GP010397/GP010397_frame_000096_rgb_anon.png
acdc,Mask2Former-Swin-L,car,GP010397/gp010397_frame_000102.png,280700,141320,/home/ace/Downloads/rgb_anon_trainvaltest/rgb_anon/night/train_ref/GP010397/GP010397_frame_000102_rgb_ref_anon.png,/home/ace/Downloads/rgb_anon_trainvaltest/rgb_anon/night/train/GP010397/GP010397_frame_000102_rgb_anon.png
acdc,Mask2Former-Swin-L,car,GP010397/gp010397_frame_000127.png,71507,86007,/home/ace/Downloads/rgb_anon_trainvaltest/rgb_anon/night/train_ref/GP010397/GP010397_frame_000127_rgb_ref_anon.png,/home/ace/Downloads/rgb_anon_trainvaltest/rgb_anon/night/train/GP010397/GP010397_frame_000127_rgb_anon.png
acdc,Mask2Former-Swin-L,car,GP010397/gp010397_frame_000166.png,42833,107789,/home/ace/Downloads/rgb_anon_trainvaltest/rgb_anon/night/train_ref/GP010397/GP010397_frame_000166_rgb_ref_anon.png,/home/ace/Downloads/rgb_anon_trainvaltest/rgb_anon/night/train/GP010397/GP010397_frame_000166_rgb_anon.png
acdc,Mask2Former-Swin-L,car,GP010397/gp010397_frame_000171.png,59794,107342,/home/ace/Downloads/rgb_anon_trainvaltest/rgb_anon/night/train_ref/GP010397/GP010397_frame_000171_rgb_ref_anon.png,/home/ace/Downloads/rgb_anon_trainvaltest/rgb_anon/night/train/GP010397/GP010397_frame_000171_rgb_anon.png
acdc,Mask2Former-Swin-L,car,GP010397/gp010397_frame_000176.png,6666,4260,/home/ace/Downloads/rgb_anon_trainvaltest/rgb_anon/night/train_ref/GP010397/GP010397_frame_000176_rgb_ref_anon.png,/home/ace/Downloads/rgb_anon_trainvaltest/rgb_anon/night/train/GP010397/GP010397_frame_000176_rgb_anon.png
acdc,Mask2Former-Swin-L,car,GP010397/gp010397_frame_000182.png,48186,60403,/home/ace/Downloads/rgb_anon_trainvaltest/rgb_anon/night/train_ref/GP010397/GP010397_frame_000182_rgb_ref_anon.png,/home/ace/Downloads/rgb_anon_trainvaltest/rgb_anon/night/train/GP010397/GP010397_frame_000182_rgb_anon.png
acdc,Mask2Former-Swin-L,car,GP010397/gp010397_frame_000193.png,73836,145632,/home/ace/Downloads/rgb_anon_trainvaltest/rgb_anon/night/train_ref/GP010397/GP010397_frame_000193_rgb_ref_anon.png,/home/ace/Downloads/rgb_anon_trainvaltest/rgb_anon/night/train/GP010397/GP010397_frame_000193_rgb_anon.png
acdc,Mask2Former-Swin-L,car,GP010397/gp010397_frame_000198.png,56713,26851,/home/ace/Downloads/rgb_anon_trainvaltest/rgb_anon/night/train_ref/GP010397/GP010397_frame_000198_rgb_ref_anon.png,/home/ace/Downloads/rgb_anon_trainvaltest/rgb_anon/night/train/GP010397/GP010397_frame_000198_rgb_anon.png
acdc,Mask2Former-Swin-L,car,GP010397/gp010397_frame_000211.png,19431,22557,/home/ace/Downloads/rgb_anon_trainvaltest/rgb_anon/night/train_ref/GP010397/GP010397_frame_000211_rgb_ref_anon.png,/home/ace/Downloads/rgb_anon_trainvaltest/rgb_anon/night/train/GP010397/GP010397_frame_000211_rgb_anon.png
acdc,Mask2Former-Swin-L,car,GP010397/gp010397_frame_000216.png,45288,11948,/home/ace/Downloads/rgb_anon_trainvaltest/rgb_anon/night/train_ref/GP010397/GP010397_frame_000216_rgb_ref_anon.png,/home/ace/Downloads/rgb_anon_trainvaltest/rgb_anon/night/train/GP010397/GP010397_frame_000216_rgb_anon.png
acdc,Mask2Former-Swin-L,car,GP010397/gp010397_frame_000222.png,0,4050,/home/ace/Downloads/rgb_anon_trainvaltest/rgb_anon/night/train_ref/GP010397/GP010397_frame_000222_rgb_ref_anon.png,/home/ace/Downloads/rgb_anon_trainvaltest/rgb_anon/night/train/GP010397/GP010397_frame_000222_rgb_anon.png
acdc,Mask2Former-Swin-L,car,GP010397/gp010397_frame_000276.png,31375,4738,/home/ace/Downloads/rgb_anon_trainvaltest/rgb_anon/night/train_ref/GP010397/GP010397_frame_000276_rgb_ref_anon.png,/home/ace/Downloads/rgb_anon_trainvaltest/rgb_anon/night/train/GP010397/GP010397_frame_000276_rgb_anon.png
acdc,Mask2Former-Swin-L,car,GP010397/gp010397_frame_000337.png,0,0,/home/ace/Downloads/rgb_anon_trainvaltest/rgb_anon/night/train_ref/GP010397/GP010397_frame_000337_rgb_ref_anon.png,/home/ace/Downloads/rgb_anon_trainvaltest/rgb_anon/night/train/GP010397/GP010397_frame_000337_rgb_anon.png
acdc,Mask2Former-Swin-L,car,GP010397/gp010397_frame_000401.png,1442,0,/home/ace/Downloads/rgb_anon_trainvaltest/rgb_anon/night/train_ref/GP010397/GP010397_frame_000401_rgb_ref_anon.png,/home/ace/Downloads/rgb_anon_trainvaltest/rgb_anon/night/train/GP010397/GP010397_frame_000401_rgb_anon.png
acdc,Mask2Former-Swin-L,car,GP010397/gp010397_frame_000411.png,17671,58170,/home/ace/Downloads/rgb_anon_trainvaltest/rgb_anon/night/train_ref/GP010397/GP010397_frame_000411_rgb_ref_anon.png,/home/ace/Downloads/rgb_anon_trainvaltest/rgb_anon/night/train/GP010397/GP010397_frame_000411_rgb_anon.png
acdc,Mask2Former-Swin-L,car,GP010397/gp010397_frame_000444.png,10622,745,/home/ace/Downloads/rgb_anon_trainvaltest/rgb_anon/night/train_ref/GP010397/GP010397_frame_000444_rgb_ref_anon.png,/home/ace/Downloads/rgb_anon_trainvaltest/rgb_anon/night/train/GP010397/GP010397_frame_000444_rgb_anon.png
acdc,Mask2Former-Swin-L,car,GP010397/gp010397_frame_000464.png,8476,10097,/home/ace/Downloads/rgb_anon_trainvaltest/rgb_anon/night/train_ref/GP010397/GP010397_frame_000464_rgb_ref_anon.png,/home/ace/Downloads/rgb_anon_trainvaltest/rgb_anon/night/train/GP010397/GP010397_frame_000464_rgb_anon.png
acdc,Mask2Former-Swin-L,car,GP010397/gp010397_frame_000498.png,338861,79275,/home/ace/Downloads/rgb_anon_trainvaltest/rgb_anon/night/train_ref/GP010397/GP010397_frame_000498_rgb_ref_anon.png,/home/ace/Downloads/rgb_anon_trainvaltest/rgb_anon/night/train/GP010397/GP010397_frame_000498_rgb_anon.png
acdc,Mask2Former-Swin-L,car,GP010397/gp010397_frame_000558.png,35024,4857,/home/ace/Downloads/rgb_anon_trainvaltest/rgb_anon/night/train_ref/GP010397/GP010397_frame_000558_rgb_ref_anon.png,/home/ace/Downloads/rgb_anon_trainvaltest/rgb_anon/night/train/GP010397/GP010397_frame_000558_rgb_anon.png
acdc,Mask2Former-Swin-L,car,GP010397/gp010397_frame_000565.png,39808,12843,/home/ace/Downloads/rgb_anon_trainvaltest/rgb_anon/night/train_ref/GP010397/GP010397_frame_000565_rgb_ref_anon.png,/home/ace/Downloads/rgb_anon_trainvaltest/rgb_anon/night/train/GP010397/GP010397_frame_000565_rgb_anon.png
acdc,Mask2Former-Swin-L,car,GP010397/gp010397_frame_000577.png,147430,11816,/home/ace/Downloads/rgb_anon_trainvaltest/rgb_anon/night/train_ref/GP010397/GP010397_frame_000577_rgb_ref_anon.png,/home/ace/Downloads/rgb_anon_trainvaltest/rgb_anon/night/train/GP010397/GP010397_frame_000577_rgb_anon.png
acdc,Mask2Former-Swin-L,car,GP010397/gp010397_frame_000597.png,49062,207000,/home/ace/Downloads/rgb_anon_trainvaltest/rgb_anon/night/train_ref/GP010397/GP010397_frame_000597_rgb_ref_anon.png,/home/ace/Downloads/rgb_anon_trainvaltest/rgb_anon/night/train/GP010397/GP010397_frame_000597_rgb_anon.png
acdc,Mask2Former-Swin-L,car,GP010397/gp010397_frame_000630.png,26056,31212,/home/ace/Downloads/rgb_anon_trainvaltest/rgb_anon/night/train_ref/GP010397/GP010397_frame_000630_rgb_ref_anon.png,/home/ace/Downloads/rgb_anon_trainvaltest/rgb_anon/night/train/GP010397/GP010397_frame_000630_rgb_anon.png
acdc,Mask2Former-Swin-L,car,GP010397/gp010397_frame_000636.png,268877,135357,/home/ace/Downloads/rgb_anon_trainvaltest/rgb_anon/night/train_ref/GP010397/GP010397_frame_000636_rgb_ref_anon.png,/home/ace/Downloads/rgb_anon_trainvaltest/rgb_anon/night/train/GP010397/GP010397_frame_000636_rgb_anon.png
acdc,Mask2Former-Swin-L,car,GP010397/gp010397_frame_000663.png,47492,49275,/home/ace/Downloads/rgb_anon_trainvaltest/rgb_anon/night/train_ref/GP010397/GP010397_frame_000663_rgb_ref_anon.png,/home/ace/Downloads/rgb_anon_trainvaltest/rgb_anon/night/train/GP010397/GP010397_frame_000663_rgb_anon.png
acdc,Mask2Former-Swin-L,car,GP010397/gp010397_frame_000685.png,1578,24126,/home/ace/Downloads/rgb_anon_trainvaltest/rgb_anon/night/train_ref/GP010397/GP010397_frame_000685_rgb_ref_anon.png,/home/ace/Downloads/rgb_anon_trainvaltest/rgb_anon/night/train/GP010397/GP010397_frame_000685_rgb_anon.png
acdc,Mask2Former-Swin-L,car,GP010397/gp010397_frame_000697.png,23709,33085,/home/ace/Downloads/rgb_anon_trainvaltest/rgb_anon/night/train_ref/GP010397/GP010397_frame_000697_rgb_ref_anon.png,/home/ace/Downloads/rgb_anon_trainvaltest/rgb_anon/night/train/GP010397/GP010397_frame_000697_rgb_anon.png
acdc,Mask2Former-Swin-L,car,GP010397/gp010397_frame_000717.png,30344,34644,/home/ace/Downloads/rgb_anon_trainvaltest/rgb_anon/night/train_ref/GP010397/GP010397_frame_000717_rgb_ref_anon.png,/home/ace/Downloads/rgb_anon_trainvaltest/rgb_anon/night/train/GP010397/GP010397_frame_000717_rgb_anon.png
acdc,Mask2Former-Swin-L,car,GP010397/gp010397_frame_000728.png,74267,55773,/home/ace/Downloads/rgb_anon_trainvaltest/rgb_anon/night/train_ref/GP010397/GP010397_frame_000728_rgb_ref_anon.png,/home/ace/Downloads/rgb_anon_trainvaltest/rgb_anon/night/train/GP010397/GP010397_frame_000728_rgb_anon.png
acdc,Mask2Former-Swin-L,car,GP010397/gp010397_frame_000735.png,349,249853,/home/ace/Downloads/rgb_anon_trainvaltest/rgb_anon/night/train_ref/GP010397/GP010397_frame_000735_rgb_ref_anon.png,/home/ace/Downloads/rgb_anon_trainvaltest/rgb_anon/night/train/GP010397/GP010397_frame_000735_rgb_anon.png
acdc,Mask2Former-Swin-L,car,GP010397/gp010397_frame_000775.png,15057,348123,/home/ace/Downloads/rgb_anon_trainvaltest/rgb_anon/night/train_ref/GP010397/GP010397_frame_000775_rgb_ref_anon.png,/home/ace/Downloads/rgb_anon_trainvaltest/rgb_anon/night/train/GP010397/GP010397_frame_000775_rgb_anon.png
acdc,Mask2Former-Swin-L,car,GP010397/gp010397_frame_000796.png,50873,52478,/home/ace/Downloads/rgb_anon_trainvaltest/rgb_anon/night/train_ref/GP010397/GP010397_frame_000796_rgb_ref_anon.png,/home/ace/Downloads/rgb_anon_trainvaltest/rgb_anon/night/train/GP010397/GP010397_frame_000796_rgb_anon.png
acdc,Mask2Former-Swin-L,car,GP010397/gp010397_frame_000800.png,4403,1696,/home/ace/Downloads/rgb_anon_trainvaltest/rgb_anon/night/train_ref/GP010397/GP010397_frame_000800_rgb_ref_anon.png,/home/ace/Downloads/rgb_anon_trainvaltest/rgb_anon/night/train/GP010397/GP010397_frame_000800_rgb_anon.png
acdc,Mask2Former-Swin-L,car,GP010397/gp010397_frame_000810.png,7175,1602,/home/ace/Downloads/rgb_anon_trainvaltest/rgb_anon/night/train_ref/GP010397/GP010397_frame_000810_rgb_ref_anon.png,/home/ace/Downloads/rgb_anon_trainvaltest/rgb_anon/night/train/GP010397/GP010397_frame_000810_rgb_anon.png
acdc,Mask2Former-Swin-L,car,GP010397/gp010397_frame_000835.png,37808,1207,/home/ace/Downloads/rgb_anon_trainvaltest/rgb_anon/night/train_ref/GP010397/GP010397_frame_000835_rgb_ref_anon.png,/home/ace/Downloads/rgb_anon_trainvaltest/rgb_anon/night/train/GP010397/GP010397_frame_000835_rgb_anon.png
acdc,Mask2Former-Swin-L,car,GP010397/gp010397_frame_000849.png,1018,22,/home/ace/Downloads/rgb_anon_trainvaltest/rgb_anon/night/train_ref/GP010397/GP010397_frame_000849_rgb_ref_anon.png,/home/ace/Downloads/rgb_anon_trainvaltest/rgb_anon/night/train/GP010397/GP010397_frame_000849_rgb_anon.png
acdc,Mask2Former-Swin-L,car,GP010397/gp010397_frame_000864.png,4808,113,/home/ace/Downloads/rgb_anon_trainvaltest/rgb_anon/night/train_ref/GP010397/GP010397_frame_000864_rgb_ref_anon.png,/home/ace/Downloads/rgb_anon_trainvaltest/rgb_anon/night/train/GP010397/GP010397_frame_000864_rgb_anon.png
acdc,Mask2Former-Swin-L,car,GP010397/gp010397_frame_000869.png,28235,13601,/home/ace/Downloads/rgb_anon_trainvaltest/rgb_anon/night/train_ref/GP010397/GP010397_frame_000869_rgb_ref_anon.png,/home/ace/Downloads/rgb_anon_trainvaltest/rgb_anon/night/train/GP010397/GP010397_frame_000869_rgb_anon.png
acdc,Mask2Former-Swin-L,car,GP010397/gp010397_frame_000902.png,22806,9159,/home/ace/Downloads/rgb_anon_trainvaltest/rgb_anon/night/train_ref/GP010397/GP010397_frame_000902_rgb_ref_anon.png,/home/ace/Downloads/rgb_anon_trainvaltest/rgb_anon/night/train/GP010397/GP010397_frame_000902_rgb_anon.png
acdc,Mask2Former-Swin-L,car,GP010397/gp010397_frame_000906.png,41931,3502,/home/ace/Downloads/rgb_anon_trainvaltest/rgb_anon/night/train_ref/GP010397/GP010397_frame_000906_rgb_ref_anon.png,/home/ace/Downloads/rgb_anon_trainvaltest/rgb_anon/night/train/GP010397/GP010397_frame_000906_rgb_anon.png
acdc,Mask2Former-Swin-L,car,GP010397/gp010397_frame_000910.png,24789,156,/home/ace/Downloads/rgb_anon_trainvaltest/rgb_anon/night/train_ref/GP010397/GP010397_frame_000910_rgb_ref_anon.png,/home/ace/Downloads/rgb_anon_trainvaltest/rgb_anon/night/train/GP010397/GP010397_frame_000910_rgb_anon.png
acdc,Mask2Former-Swin-L,car,GP010397/gp010397_frame_000922.png,142851,67818,/home/ace/Downloads/rgb_anon_trainvaltest/rgb_anon/night/train_ref/GP010397/GP010397_frame_000922_rgb_ref_anon.png,/home/ace/Downloads/rgb_anon_trainvaltest/rgb_anon/night/train/GP010397/GP010397_frame_000922_rgb_anon.png
acdc,Mask2Former-Swin-L,car,GP010397/gp010397_frame_000938.png,13449,0,/home/ace/Downloads/rgb_anon_trainvaltest/rgb_anon/night/train_ref/GP010397/GP010397_frame_000938_rgb_ref_anon.png,/home/ace/Downloads/rgb_anon_trainvaltest/rgb_anon/night/train/GP010397/GP010397_frame_000938_rgb_anon.png
acdc,Mask2Former-Swin-L,car,GP010397/gp010397_frame_000946.png,64210,3084,/home/ace/Downloads/rgb_anon_trainvaltest/rgb_anon/night/train_ref/GP010397/GP010397_frame_000946_rgb_ref_anon.png,/home/ace/Downloads/rgb_anon_trainvaltest/rgb_anon/night/train/GP010397/GP010397_frame_000946_rgb_anon.png
acdc,Mask2Former-Swin-L,car,GP010397/gp010397_frame_000950.png,144948,2401,/home/ace/Downloads/rgb_anon_trainvaltest/rgb_anon/night/train_ref/GP010397/GP010397_frame_000950_rgb_ref_anon.png,/home/ace/Downloads/rgb_anon_trainvaltest/rgb_anon/night/train/GP010397/GP010397_frame_000950_rgb_anon.png
acdc,Mask2Former-Swin-L,car,GP010397/gp010397_frame_000962.png,37403,0,/home/ace/Downloads/rgb_anon_trainvaltest/rgb_anon/night/train_ref/GP010397/GP010397_frame_000962_rgb_ref_anon.png,/home/ace/Downloads/rgb_anon_trainvaltest/rgb_anon/night/train/GP010397/GP010397_frame_000962_rgb_anon.png
acdc,Mask2Former-Swin-L,car,GP010397/gp010397_frame_000970.png,30596,10040,/home/ace/Downloads/rgb_anon_trainvaltest/rgb_anon/night/train_ref/GP010397/GP010397_frame_000970_rgb_ref_anon.png,/home/ace/Downloads/rgb_anon_trainvaltest/rgb_anon/night/train/GP010397/GP010397_frame_000970_rgb_anon.png
acdc,Mask2Former-Swin-L,car,GP010397/gp010397_frame_000999.png,36084,30148,/home/ace/Downloads/rgb_anon_trainvaltest/rgb_anon/night/train_ref/GP010397/GP010397_frame_000999_rgb_ref_anon.png,/home/ace/Downloads/rgb_anon_trainvaltest/rgb_anon/night/train/GP010397/GP010397_frame_000999_rgb_anon.png
acdc,Mask2Former-Swin-L,car,GP010397/gp010397_frame_001006.png,13996,127475,/home/ace/Downloads/rgb_anon_trainvaltest/rgb_anon/night/train_ref/GP010397/GP010397_frame_001006_rgb_ref_anon.png,/home/ace/Downloads/rgb_anon_trainvaltest/rgb_anon/night/train/GP010397/GP010397_frame_001006_rgb_anon.png
acdc,Mask2Former-Swin-L,car,GP010397/gp010397_frame_001011.png,48601,192960,/home/ace/Downloads/rgb_anon_trainvaltest/rgb_anon/night/train_ref/GP010397/GP010397_frame_001011_rgb_ref_anon.png,/home/ace/Downloads/rgb_anon_trainvaltest/rgb_anon/night/train/GP010397/GP010397_frame_001011_rgb_anon.png
acdc,Mask2Former-Swin-L,car,GP010397/gp010397_frame_001019.png,20112,24530,/home/ace/Downloads/rgb_anon_trainvaltest/rgb_anon/night/train_ref/GP010397/GP010397_frame_001019_rgb_ref_anon.png,/home/ace/Downloads/rgb_anon_trainvaltest/rgb_anon/night/train/GP010397/GP010397_frame_001019_rgb_anon.png
acdc,Mask2Former-Swin-L,car,GP010397/gp010397_frame_001028.png,85673,11454,/home/ace/Downloads/rgb_anon_trainvaltest/rgb_anon/night/train_ref/GP010397/GP010397_frame_001028_rgb_ref_anon.png,/home/ace/Downloads/rgb_anon_trainvaltest/rgb_anon/night/train/GP010397/GP010397_frame_001028_rgb_anon.png
acdc,Mask2Former-Swin-L,car,GP010397/gp010397_frame_001042.png,48503,41090,/home/ace/Downloads/rgb_anon_trainvaltest/rgb_anon/night/train_ref/GP010397/GP010397_frame_001042_rgb_ref_anon.png,/home/ace/Downloads/rgb_anon_trainvaltest/rgb_anon/night/train/GP010397/GP010397_frame_001042_rgb_anon.png
acdc,Mask2Former-Swin-L,car,GP010397/gp010397_frame_001047.png,72093,29522,/home/ace/Downloads/rgb_anon_trainvaltest/rgb_anon/night/train_ref/GP010397/GP010397_frame_001047_rgb_ref_anon.png,/home/ace/Downloads/rgb_anon_trainvaltest/rgb_anon/night/train/GP010397/GP010397_frame_001047_rgb_anon.png
acdc,Mask2Former-Swin-L,car,GP020397/gp020397_frame_000001.png,0,3131,/home/ace/Downloads/rgb_anon_trainvaltest/rgb_anon/night/train_ref/GP020397/GP020397_frame_000001_rgb_ref_anon.png,/home/ace/Downloads/rgb_anon_trainvaltest/rgb_anon/night/train/GP020397/GP020397_frame_000001_rgb_anon.png
acdc,Mask2Former-Swin-L,car,GP020397/gp020397_frame_000030.png,59,7057,/home/ace/Downloads/rgb_anon_trainvaltest/rgb_anon/night/train_ref/GP020397/GP020397_frame_000030_rgb_ref_anon.png,/home/ace/Downloads/rgb_anon_trainvaltest/rgb_anon/night/train/GP020397/GP020397_frame_000030_rgb_anon.png
acdc,Mask2Former-Swin-L,car,GP020397/gp020397_frame_000042.png,3468,960,/home/ace/Downloads/rgb_anon_trainvaltest/rgb_anon/night/train_ref/GP020397/GP020397_frame_000042_rgb_ref_anon.png,/home/ace/Downloads/rgb_anon_trainvaltest/rgb_anon/night/train/GP020397/GP020397_frame_000042_rgb_anon.png
acdc,Mask2Former-Swin-L,car,GP020397/gp020397_frame_000069.png,9082,15088,/home/ace/Downloads/rgb_anon_trainvaltest/rgb_anon/night/train_ref/GP020397/GP020397_frame_000069_rgb_ref_anon.png,/home/ace/Downloads/rgb_anon_trainvaltest/rgb_anon/night/train/GP020397/GP020397_frame_000069_rgb_anon.png
acdc,Mask2Former-Swin-L,car,GP020397/gp020397_frame_000079.png,1431,30606,/home/ace/Downloads/rgb_anon_trainvaltest/rgb_anon/night/train_ref/GP020397/GP020397_frame_000079_rgb_ref_anon.png,/home/ace/Downloads/rgb_anon_trainvaltest/rgb_anon/night/train/GP020397/GP020397_frame_000079_rgb_anon.png
acdc,Mask2Former-Swin-L,car,GP020397/gp020397_frame_000087.png,17897,18334,/home/ace/Downloads/rgb_anon_trainvaltest/rgb_anon/night/train_ref/GP020397/GP020397_frame_000087_rgb_ref_anon.png,/home/ace/Downloads/rgb_anon_trainvaltest/rgb_anon/night/train/GP020397/GP020397_frame_000087_rgb_anon.png
acdc,Mask2Former-Swin-L,car,GP020397/gp020397_frame_000111.png,366,18512,/home/ace/Downloads/rgb_anon_trainvaltest/rgb_anon/night/train_ref/GP020397/GP020397_frame_000111_rgb_ref_anon.png,/home/ace/Downloads/rgb_anon_trainvaltest/rgb_anon/night/train/GP020397/GP020397_frame_000111_rgb_anon.png
acdc,Mask2Former-Swin-L,car,GP020397/gp020397_frame_000116.png,9015,2625,/home/ace/Downloads/rgb_anon_trainvaltest/rgb_anon/night/train_ref/GP020397/GP020397_frame_000116_rgb_ref_anon.png,/home/ace/Downloads/rgb_anon_trainvaltest/rgb_anon/night/train/GP020397/GP020397_frame_000116_rgb_anon.png
acdc,Mask2Former-Swin-L,car,GP020397/gp020397_frame_000121.png,4264,4544,/home/ace/Downloads/rgb_anon_trainvaltest/rgb_anon/night/train_ref/GP020397/GP020397_frame_000121_rgb_ref_anon.png,/home/ace/Downloads/rgb_anon_trainvaltest/rgb_anon/night/train/GP020397/GP020397_frame_000121_rgb_anon.png
acdc,Mask2Former-Swin-L,car,GP020397/gp020397_frame_000147.png,196619,419573,/home/ace/Downloads/rgb_anon_trainvaltest/rgb_anon/night/train_ref/GP020397/GP020397_frame_000147_rgb_ref_anon.png,/home/ace/Downloads/rgb_anon_trainvaltest/rgb_anon/night/train/GP020397/GP020397_frame_000147_rgb_anon.png
acdc,Mask2Former-Swin-L,car,GP020397/gp020397_frame_000167.png,6389,71335,/home/ace/Downloads/rgb_anon_trainvaltest/rgb_anon/night/train_ref/GP020397/GP020397_frame_000167_rgb_ref_anon.png,/home/ace/Downloads/rgb_anon_trainvaltest/rgb_anon/night/train/GP020397/GP020397_frame_000167_rgb_anon.png
acdc,Mask2Former-Swin-L,car,GP020397/gp020397_frame_000177.png,11510,40754,/home/ace/Downloads/rgb_anon_trainvaltest/rgb_anon/night/train_ref/GP020397/GP020397_frame_000177_rgb_ref_anon.png,/home/ace/Downloads/rgb_anon_trainvaltest/rgb_anon/night/train/GP020397/GP020397_frame_000177_rgb_anon.png
acdc,Mask2Former-Swin-L,car,GP020397/gp020397_frame_000191.png,114,4759,/home/ace/Downloads/rgb_anon_trainvaltest/rgb_anon/night/train_ref/GP020397/GP020397_frame_000191_rgb_ref_anon.png,/home/ace/Downloads/rgb_anon_trainvaltest/rgb_anon/night/train/GP020397/GP020397_frame_000191_rgb_anon.png
acdc,Mask2Former-Swin-L,car,GP020397/gp020397_frame_000202.png,5349,15179,/home/ace/Downloads/rgb_anon_trainvaltest/rgb_anon/night/train_ref/GP020397/GP020397_frame_000202_rgb_ref_anon.png,/home/ace/Downloads/rgb_anon_trainvaltest/rgb_anon/night/train/GP020397/GP020397_frame_000202_rgb_anon.png
acdc,Mask2Former-Swin-L,car,GP020397/gp020397_frame_000236.png,69,2657,/home/ace/Downloads/rgb_anon_trainvaltest/rgb_anon/night/train_ref/GP020397/GP020397_frame_000236_rgb_ref_anon.png,/home/ace/Downloads/rgb_anon_trainvaltest/rgb_anon/night/train/GP020397/GP020397_frame_000236_rgb_anon.png
acdc,Mask2Former-Swin-L,car,GP020397/gp020397_frame_000241.png,66149,0,/home/ace/Downloads/rgb_anon_trainvaltest/rgb_anon/night/train_ref/GP020397/GP020397_frame_000241_rgb_ref_anon.png,/home/ace/Downloads/rgb_anon_trainvaltest/rgb_anon/night/train/GP020397/GP020397_frame_000241_rgb_anon.png
acdc,Mask2Former-Swin-L,car,GP020397/gp020397_frame_000256.png,0,10937,/home/ace/Downloads/rgb_anon_trainvaltest/rgb_anon/night/train_ref/GP020397/GP020397_frame_000256_rgb_ref_anon.png,/home/ace/Downloads/rgb_anon_trainvaltest/rgb_anon/night/train/GP020397/GP020397_frame_000256_rgb_anon.png
acdc,Mask2Former-Swin-L,car,GP020397/gp020397_frame_000261.png,56140,0,/home/ace/Downloads/rgb_anon_trainvaltest/rgb_anon/night/train_ref/GP020397/GP020397_frame_000261_rgb_ref_anon.png,/home/ace/Downloads/rgb_anon_trainvaltest/rgb_anon/night/train/GP020397/GP020397_frame_000261_rgb_anon.png
acdc,Mask2Former-Swin-L,car,GP020397/gp020397_frame_000266.png,16633,67809,/home/ace/Downloads/rgb_anon_trainvaltest/rgb_anon/night/train_ref/GP020397/GP020397_frame_000266_rgb_ref_anon.png,/home/ace/Downloads/rgb_anon_trainvaltest/rgb_anon/night/train/GP020397/GP020397_frame_000266_rgb_anon.png
acdc,Mask2Former-Swin-L,car,GP020397/gp020397_frame_000281.png,8998,20633,/home/ace/Downloads/rgb_anon_trainvaltest/rgb_anon/night/train_ref/GP020397/GP020397_frame_000281_rgb_ref_anon.png,/home/ace/Downloads/rgb_anon_trainvaltest/rgb_anon/night/train/GP020397/GP020397_frame_000281_rgb_anon.png
acdc,Mask2Former-Swin-L,car,GP020397/gp020397_frame_000286.png,143412,1353,/home/ace/Downloads/rgb_anon_trainvaltest/rgb_anon/night/train_ref/GP020397/GP020397_frame_000286_rgb_ref_anon.png,/home/ace/Downloads/rgb_anon_trainvaltest/rgb_anon/night/train/GP020397/GP020397_frame_000286_rgb_anon.png
acdc,Mask2Former-Swin-L,car,GP020397/gp020397_frame_000291.png,127483,29444,/home/ace/Downloads/rgb_anon_trainvaltest/rgb_anon/night/train_ref/GP020397/GP020397_frame_000291_rgb_ref_anon.png,/home/ace/Downloads/rgb_anon_trainvaltest/rgb_anon/night/train/GP020397/GP020397_frame_000291_rgb_anon.png
acdc,Mask2Former-Swin-L,car,GP020397/gp020397_frame_000322.png,32403,1452,/home/ace/Downloads/rgb_anon_trainvaltest/rgb_anon/night/train_ref/GP020397/GP020397_frame_000322_rgb_ref_anon.png,/home/ace/Downloads/rgb_anon_trainvaltest/rgb_anon/night/train/GP020397/GP020397_frame_000322_rgb_anon.png
acdc,Mask2Former-Swin-L,car,GP020397/gp020397_frame_000326.png,663,1048,/home/ace/Downloads/rgb_anon_trainvaltest/rgb_anon/night/train_ref/GP020397/GP020397_frame_000326_rgb_ref_anon.png,/home/ace/Downloads/rgb_anon_trainvaltest/rgb_anon/night/train/GP020397/GP020397_frame_000326_rgb_anon.png
acdc,Mask2Former-Swin-L,car,GP020397/gp020397_frame_000330.png,776,4432,/home/ace/Downloads/rgb_anon_trainvaltest/rgb_anon/night/train_ref/GP020397/GP020397_frame_000330_rgb_ref_anon.png,/home/ace/Downloads/rgb_anon_trainvaltest/rgb_anon/night/train/GP020397/GP020397_frame_000330_rgb_anon.png
acdc,Mask2Former-Swin-L,car,GP020397/gp020397_frame_000335.png,218621,40096,/home/ace/Downloads/rgb_anon_trainvaltest/rgb_anon/night/train_ref/GP020397/GP020397_frame_000335_rgb_ref_anon.png,/home/ace/Downloads/rgb_anon_trainvaltest/rgb_anon/night/train/GP020397/GP020397_frame_000335_rgb_anon.png
acdc,Mask2Former-Swin-L,car,GP020397/gp020397_frame_000345.png,10755,174354,/home/ace/Downloads/rgb_anon_trainvaltest/rgb_anon/night/train_ref/GP020397/GP020397_frame_000345_rgb_ref_anon.png,/home/ace/Downloads/rgb_anon_trainvaltest/rgb_anon/night/train/GP020397/GP020397_frame_000345_rgb_anon.png
acdc,Mask2Former-Swin-L,car,GP020397/gp020397_frame_000379.png,168731,2174,/home/ace/Downloads/rgb_anon_trainvaltest/rgb_anon/night/train_ref/GP020397/GP020397_frame_000379_rgb_ref_anon.png,/home/ace/Downloads/rgb_anon_trainvaltest/rgb_anon/night/train/GP020397/GP020397_frame_000379_rgb_anon.png
acdc,Mask2Former-Swin-L,car,GP020397/gp020397_frame_000385.png,36199,253463,/home/ace/Downloads/rgb_anon_trainvaltest/rgb_anon/night/train_ref/GP020397/GP020397_frame_000385_rgb_ref_anon.png,/home/ace/Downloads/rgb_anon_trainvaltest/rgb_anon/night/train/GP020397/GP020397_frame_000385_rgb_anon.png
acdc,Mask2Former-Swin-L,car,GP020397/gp020397_frame_000400.png,33625,4293,/home/ace/Downloads/rgb_anon_trainvaltest/rgb_anon/night/train_ref/GP020397/GP020397_frame_000400_rgb_ref_anon.png,/home/ace/Downloads/rgb_anon_trainvaltest/rgb_anon/night/train/GP020397/GP020397_frame_000400_rgb_anon.png
acdc,Mask2Former-Swin-L,car,GP020397/gp020397_frame_000410.png,2889,19264,/home/ace/Downloads/rgb_anon_trainvaltest/rgb_anon/night/train_ref/GP020397/GP020397_frame_000410_rgb_ref_anon.png,/home/ace/Downloads/rgb_anon_trainvaltest/rgb_anon/night/train/GP020397/GP020397_frame_000410_rgb_anon.png
acdc,Mask2Former-Swin-L,car,GP020397/gp020397_frame_000420.png,12295,1551,/home/ace/Downloads/rgb_anon_trainvaltest/rgb_anon/night/train_ref/GP020397/GP020397_frame_000420_rgb_ref_anon.png,/home/ace/Downloads/rgb_anon_trainvaltest/rgb_anon/night/train/GP020397/GP020397_frame_000420_rgb_anon.png
acdc,Mask2Former-Swin-L,car,GP020397/gp020397_frame_000425.png,65540,0,/home/ace/Downloads/rgb_anon_trainvaltest/rgb_anon/night/train_ref/GP020397/GP020397_frame_000425_rgb_ref_anon.png,/home/ace/Downloads/rgb_anon_trainvaltest/rgb_anon/night/train/GP020397/GP020397_frame_000425_rgb_anon.png
acdc,Mask2Former-Swin-L,car,GP020397/gp020397_frame_000443.png,26307,13426,/home/ace/Downloads/rgb_anon_trainvaltest/rgb_anon/night/train_ref/GP020397/GP020397_frame_000443_rgb_ref_anon.png,/home/ace/Downloads/rgb_anon_trainvaltest/rgb_anon/night/train/GP020397/GP020397_frame_000443_rgb_anon.png
acdc,Mask2Former-Swin-L,car,GP020397/gp020397_frame_000448.png,37218,9943,/home/ace/Downloads/rgb_anon_trainvaltest/rgb_anon/night/train_ref/GP020397/GP020397_frame_000448_rgb_ref_anon.png,/home/ace/Downloads/rgb_anon_trainvaltest/rgb_anon/night/train/GP020397/GP020397_frame_000448_rgb_anon.png
acdc,Mask2Former-Swin-L,car,GP020397/gp020397_frame_000459.png,27103,10804,/home/ace/Downloads/rgb_anon_trainvaltest/rgb_anon/night/train_ref/GP020397/GP020397_frame_000459_rgb_ref_anon.png,/home/ace/Downloads/rgb_anon_trainvaltest/rgb_anon/night/train/GP020397/GP020397_frame_000459_rgb_anon.png
acdc,Mask2Former-Swin-L,car,GP020397/gp020397_frame_000479.png,18650,13787,/home/ace/Downloads/rgb_anon_trainvaltest/rgb_anon/night/train_ref/GP020397/GP020397_frame_000479_rgb_ref_anon.png,/home/ace/Downloads/rgb_anon_trainvaltest/rgb_anon/night/train/GP020397/GP020397_frame_000479_rgb_anon.png
acdc,Mask2Former-Swin-L,car,GP020397/gp020397_frame_000499.png,47157,4,/home/ace/Downloads/rgb_anon_trainvaltest/rgb_anon/night/train_ref/GP020397/GP020397_frame_000499_rgb_ref_anon.png,/home/ace/Downloads/rgb_anon_trainvaltest/rgb_anon/night/train/GP020397/GP020397_frame_000499_rgb_anon.png
acdc,Mask2Former-Swin-L,car,GP020397/gp020397_frame_000531.png,0,4650,/home/ace/Downloads/rgb_anon_trainvaltest/rgb_anon/night/train_ref/GP020397/GP020397_frame_000531_rgb_ref_anon.png,/home/ace/Downloads/rgb_anon_trainvaltest/rgb_anon/night/train/GP020397/GP020397_frame_000531_rgb_anon.png
acdc,Mask2Former-Swin-L,car,GP020397/gp020397_frame_000551.png,0,148793,/home/ace/Downloads/rgb_anon_trainvaltest/rgb_anon/night/train_ref/GP020397/GP020397_frame_000551_rgb_ref_anon.png,/home/ace/Downloads/rgb_anon_trainvaltest/rgb_anon/night/train/GP020397/GP020397_frame_000551_rgb_anon.png
acdc,Mask2Former-Swin-L,car,GP020397/gp020397_frame_000611.png,0,157071,/home/ace/Downloads/rgb_anon_trainvaltest/rgb_anon/night/train_ref/GP020397/GP020397_frame_000611_rgb_ref_anon.png,/home/ace/Downloads/rgb_anon_trainvaltest/rgb_anon/night/train/GP020397/GP020397_frame_000611_rgb_anon.png
acdc,Mask2Former-Swin-L,car,GP020397/gp020397_frame_000631.png,6,4816,/home/ace/Downloads/rgb_anon_trainvaltest/rgb_anon/night/train_ref/GP020397/GP020397_frame_000631_rgb_ref_anon.png,/home/ace/Downloads/rgb_anon_trainvaltest/rgb_anon/night/train/GP020397/GP020397_frame_000631_rgb_anon.png
acdc,Mask2Former-Swin-L,car,GP020397/gp020397_frame_000643.png,0,70,/home/ace/Downloads/rgb_anon_trainvaltest/rgb_anon/night/train_ref/GP020397/GP020397_frame_000643_rgb_ref_anon.png,/home/ace/Downloads/rgb_anon_trainvaltest/rgb_anon/night/train/GP020397/GP020397_frame_000643_rgb_anon.png
acdc,Mask2Former-Swin-L,car,GP020397/gp020397_frame_000723.png,1342,931,/home/ace/Downloads/rgb_anon_trainvaltest/rgb_anon/night/train_ref/GP020397/GP020397_frame_000723_rgb_ref_anon.png,/home/ace/Downloads/rgb_anon_trainvaltest/rgb_anon/night/train/GP020397/GP020397_frame_000723_rgb_anon.png
acdc,Mask2Former-Swin-L,car,GOPR0351/gopr0351_frame_000033.png,0,0,/home/ace/Downloads/rgb_anon_trainvaltest/rgb_anon/night/val_ref/GOPR0351/GOPR0351_frame_000033_rgb_ref_anon.png,/home/ace/Downloads/rgb_anon_trainvaltest/rgb_anon/night/val/GOPR0351/GOPR0351_frame_000033_rgb_anon.png
acdc,Mask2Former-Swin-L,car,GOPR0351/gopr0351_frame_000039.png,61,1,/home/ace/Downloads/rgb_anon_trainvaltest/rgb_anon/night/val_ref/GOPR0351/GOPR0351_frame_000039_rgb_ref_anon.png,/home/ace/Downloads/rgb_anon_trainvaltest/rgb_anon/night/val/GOPR0351/GOPR0351_frame_000039_rgb_anon.png
acdc,Mask2Former-Swin-L,car,GOPR0351/gopr0351_frame_000043.png,2984,89,/home/ace/Downloads/rgb_anon_trainvaltest/rgb_anon/night/val_ref/GOPR0351/GOPR0351_frame_000043_rgb_ref_anon.png,/home/ace/Downloads/rgb_anon_trainvaltest/rgb_anon/night/val/GOPR0351/GOPR0351_frame_000043_rgb_anon.png
acdc,Mask2Former-Swin-L,car,GOPR0351/gopr0351_frame_000047.png,4364,0,/home/ace/Downloads/rgb_anon_trainvaltest/rgb_anon/night/val_ref/GOPR0351/GOPR0351_frame_000047_rgb_ref_anon.png,/home/ace/Downloads/rgb_anon_trainvaltest/rgb_anon/night/val/GOPR0351/GOPR0351_frame_000047_rgb_anon.png
acdc,Mask2Former-Swin-L,car,GOPR0351/gopr0351_frame_000049.png,1567,1053,/home/ace/Downloads/rgb_anon_trainvaltest/rgb_anon/night/val_ref/GOPR0351/GOPR0351_frame_000049_rgb_ref_anon.png,/home/ace/Downloads/rgb_anon_trainvaltest/rgb_anon/night/val/GOPR0351/GOPR0351_frame_000049_rgb_anon.png
acdc,Mask2Former-Swin-L,car,GOPR0351/gopr0351_frame_000053.png,3597,776,/home/ace/Downloads/rgb_anon_trainvaltest/rgb_anon/night/val_ref/GOPR0351/GOPR0351_frame_000053_rgb_ref_anon.png,/home/ace/Downloads/rgb_anon_trainvaltest/rgb_anon/night/val/GOPR0351/GOPR0351_frame_000053_rgb_anon.png
acdc,Mask2Former-Swin-L,car,GOPR0351/gopr0351_frame_000055.png,0,0,/home/ace/Downloads/rgb_anon_trainvaltest/rgb_anon/night/val_ref/GOPR0351/GOPR0351_frame_000055_rgb_ref_anon.png,/home/ace/Downloads/rgb_anon_trainvaltest/rgb_anon/night/val/GOPR0351/GOPR0351_frame_000055_rgb_anon.png
acdc,Mask2Former-Swin-L,car,GOPR0351/gopr0351_frame_000057.png,0,13360,/home/ace/Downloads/rgb_anon_trainvaltest/rgb_anon/night/val_ref/GOPR0351/GOPR0351_frame_000057_rgb_ref_anon.png,/home/ace/Downloads/rgb_anon_trainvaltest/rgb_anon/night/val/GOPR0351/GOPR0351_frame_000057_rgb_anon.png
acdc,Mask2Former-Swin-L,car,GOPR0351/gopr0351_frame_000059.png,0,0,/home/ace/Downloads/rgb_anon_trainvaltest/rgb_anon/night/val_ref/GOPR0351/GOPR0351_frame_000059_rgb_ref_anon.png,/home/ace/Downloads/rgb_anon_trainvaltest/rgb_anon/night/val/GOPR0351/GOPR0351_frame_000059_rgb_anon.png
acdc,Mask2Former-Swin-L,car,GOPR0351/gopr0351_frame_000061.png,0,0,/home/ace/Downloads/rgb_anon_trainvaltest/rgb_anon/night/val_ref/GOPR0351/GOPR0351_frame_000061_rgb_ref_anon.png,/home/ace/Downloads/rgb_anon_trainvaltest/rgb_anon/night/val/GOPR0351/GOPR0351_frame_000061_rgb_anon.png
acdc,Mask2Former-Swin-L,car,GOPR0351/gopr0351_frame_000063.png,0,0,/home/ace/Downloads/rgb_anon_trainvaltest/rgb_anon/night/val_ref/GOPR0351/GOPR0351_frame_000063_rgb_ref_anon.png,/home/ace/Downloads/rgb_anon_trainvaltest/rgb_anon/night/val/GOPR0351/GOPR0351_frame_000063_rgb_anon.png
acdc,Mask2Former-Swin-L,car,GOPR0351/gopr0351_frame_000065.png,0,4097,/home/ace/Downloads/rgb_anon_trainvaltest/rgb_anon/night/val_ref/GOPR0351/GOPR0351_frame_000065_rgb_ref_anon.png,/home/ace/Downloads/rgb_anon_trainvaltest/rgb_anon/night/val/GOPR0351/GOPR0351_frame_000065_rgb_anon.png
acdc,Mask2Former-Swin-L,car,GOPR0351/gopr0351_frame_000067.png,2631,0,/home/ace/Downloads/rgb_anon_trainvaltest/rgb_anon/night/val_ref/GOPR0351/GOPR0351_frame_000067_rgb_ref_anon.png,/home/ace/Downloads/rgb_anon_trainvaltest/rgb_anon/night/val/GOPR0351/GOPR0351_frame_000067_rgb_anon.png
acdc,Mask2Former-Swin-L,car,GOPR0351/gopr0351_frame_000069.png,729,0,/home/ace/Downloads/rgb_anon_trainvaltest/rgb_anon/night/val_ref/GOPR0351/GOPR0351_frame_000069_rgb_ref_anon.png,/home/ace/Downloads/rgb_anon_trainvaltest/rgb_anon/night/val/GOPR0351/GOPR0351_frame_000069_rgb_anon.png
acdc,Mask2Former-Swin-L,car,GOPR0351/gopr0351_frame_000071.png,3039,16,/home/ace/Downloads/rgb_anon_trainvaltest/rgb_anon/night/val_ref/GOPR0351/GOPR0351_frame_000071_rgb_ref_anon.png,/home/ace/Downloads/rgb_anon_trainvaltest/rgb_anon/night/val/GOPR0351/GOPR0351_frame_000071_rgb_anon.png
acdc,Mask2Former-Swin-L,car,GOPR0351/gopr0351_frame_000079.png,4312,0,/home/ace/Downloads/rgb_anon_trainvaltest/rgb_anon/night/val_ref/GOPR0351/GOPR0351_frame_000079_rgb_ref_anon.png,/home/ace/Downloads/rgb_anon_trainvaltest/rgb_anon/night/val/GOPR0351/GOPR0351_frame_000079_rgb_anon.png
acdc,Mask2Former-Swin-L,car,GOPR0351/gopr0351_frame_000081.png,54630,0,/home/ace/Downloads/rgb_anon_trainvaltest/rgb_anon/night/val_ref/GOPR0351/GOPR0351_frame_000081_rgb_ref_anon.png,/home/ace/Downloads/rgb_anon_trainvaltest/rgb_anon/night/val/GOPR0351/GOPR0351_frame_000081_rgb_anon.png
acdc,Mask2Former-Swin-L,car,GOPR0351/gopr0351_frame_000083.png,48507,0,/home/ace/Downloads/rgb_anon_trainvaltest/rgb_anon/night/val_ref/GOPR0351/GOPR0351_frame_000083_rgb_ref_anon.png,/home/ace/Downloads/rgb_anon_trainvaltest/rgb_anon/night/val/GOPR0351/GOPR0351_frame_000083_rgb_anon.png
acdc,Mask2Former-Swin-L,car,GOPR0351/gopr0351_frame_000085.png,8243,0,/home/ace/Downloads/rgb_anon_trainvaltest/rgb_anon/night/val_ref/GOPR0351/GOPR0351_frame_000085_rgb_ref_anon.png,/home/ace/Downloads/rgb_anon_trainvaltest/rgb_anon/night/val/GOPR0351/GOPR0351_frame_000085_rgb_anon.png
acdc,Mask2Former-Swin-L,car,GOPR0351/gopr0351_frame_000087.png,0,2231,/home/ace/Downloads/rgb_anon_trainvaltest/rgb_anon/night/val_ref/GOPR0351/GOPR0351_frame_000087_rgb_ref_anon.png,/home/ace/Downloads/rgb_anon_trainvaltest/rgb_anon/night/val/GOPR0351/GOPR0351_frame_000087_rgb_anon.png
acdc,Mask2Former-Swin-L,car,GOPR0351/gopr0351_frame_000089.png,0,12,/home/ace/Downloads/rgb_anon_trainvaltest/rgb_anon/night/val_ref/GOPR0351/GOPR0351_frame_000089_rgb_ref_anon.png,/home/ace/Downloads/rgb_anon_trainvaltest/rgb_anon/night/val/GOPR0351/GOPR0351_frame_000089_rgb_anon.png
acdc,Mask2Former-Swin-L,car,GOPR0351/gopr0351_frame_000091.png,0,680,/home/ace/Downloads/rgb_anon_trainvaltest/rgb_anon/night/val_ref/GOPR0351/GOPR0351_frame_000091_rgb_ref_anon.png,/home/ace/Downloads/rgb_anon_trainvaltest/rgb_anon/night/val/GOPR0351/GOPR0351_frame_000091_rgb_anon.png
acdc,Mask2Former-Swin-L,car,GOPR0351/gopr0351_frame_000093.png,0,998,/home/ace/Downloads/rgb_anon_trainvaltest/rgb_anon/night/val_ref/GOPR0351/GOPR0351_frame_000093_rgb_ref_anon.png,/home/ace/Downloads/rgb_anon_trainvaltest/rgb_anon/night/val/GOPR0351/GOPR0351_frame_000093_rgb_anon.png
acdc,Mask2Former-Swin-L,car,GOPR0351/gopr0351_frame_000095.png,2929,8978,/home/ace/Downloads/rgb_anon_trainvaltest/rgb_anon/night/val_ref/GOPR0351/GOPR0351_frame_000095_rgb_ref_anon.png,/home/ace/Downloads/rgb_anon_trainvaltest/rgb_anon/night/val/GOPR0351/GOPR0351_frame_000095_rgb_anon.png
acdc,Mask2Former-Swin-L,car,GOPR0351/gopr0351_frame_000099.png,33,3141,/home/ace/Downloads/rgb_anon_trainvaltest/rgb_anon/night/val_ref/GOPR0351/GOPR0351_frame_000099_rgb_ref_anon.png,/home/ace/Downloads/rgb_anon_trainvaltest/rgb_anon/night/val/GOPR0351/GOPR0351_frame_000099_rgb_anon.png
acdc,Mask2Former-Swin-L,car,GOPR0351/gopr0351_frame_000101.png,0,2640,/home/ace/Downloads/rgb_anon_trainvaltest/rgb_anon/night/val_ref/GOPR0351/GOPR0351_frame_000101_rgb_ref_anon.png,/home/ace/Downloads/rgb_anon_trainvaltest/rgb_anon/night/val/GOPR0351/GOPR0351_frame_000101_rgb_anon.png
acdc,Mask2Former-Swin-L,car,GOPR0351/gopr0351_frame_000105.png,21845,8221,/home/ace/Downloads/rgb_anon_trainvaltest/rgb_anon/night/val_ref/GOPR0351/GOPR0351_frame_000105_rgb_ref_anon.png,/home/ace/Downloads/rgb_anon_trainvaltest/rgb_anon/night/val/GOPR0351/GOPR0351_frame_000105_rgb_anon.png
acdc,Mask2Former-Swin-L,car,GOPR0351/gopr0351_frame_000111.png,0,1647,/home/ace/Downloads/rgb_anon_trainvaltest/rgb_anon/night/val_ref/GOPR0351/GOPR0351_frame_000111_rgb_ref_anon.png,/home/ace/Downloads/rgb_anon_trainvaltest/rgb_anon/night/val/GOPR0351/GOPR0351_frame_000111_rgb_anon.png
acdc,Mask2Former-Swin-L,car,GOPR0351/gopr0351_frame_000113.png,0,4947,/home/ace/Downloads/rgb_anon_trainvaltest/rgb_anon/night/val_ref/GOPR0351/GOPR0351_frame_000113_rgb_ref_anon.png,/home/ace/Downloads/rgb_anon_trainvaltest/rgb_anon/night/val/GOPR0351/GOPR0351_frame_000113_rgb_anon.png
acdc,Mask2Former-Swin-L,car,GOPR0351/gopr0351_frame_000115.png,0,2815,/home/ace/Downloads/rgb_anon_trainvaltest/rgb_anon/night/val_ref/GOPR0351/GOPR0351_frame_000115_rgb_ref_anon.png,/home/ace/Downloads/rgb_anon_trainvaltest/rgb_anon/night/val/GOPR0351/GOPR0351_frame_000115_rgb_anon.png
acdc,Mask2Former-Swin-L,car,GOPR0351/gopr0351_frame_000121.png,0,7954,/home/ace/Downloads/rgb_anon_trainvaltest/rgb_anon/night/val_ref/GOPR0351/GOPR0351_frame_000121_rgb_ref_anon.png,/home/ace/Downloads/rgb_anon_trainvaltest/rgb_anon/night/val/GOPR0351/GOPR0351_frame_000121_rgb_anon.png
acdc,Mask2Former-Swin-L,car,GOPR0351/gopr0351_frame_000124.png,991,37348,/home/ace/Downloads/rgb_anon_trainvaltest/rgb_anon/night/val_ref/GOPR0351/GOPR0351_frame_000124_rgb_ref_anon.png,/home/ace/Downloads/rgb_anon_trainvaltest/rgb_anon/night/val/GOPR0351/GOPR0351_frame_000124_rgb_anon.png
acdc,Mask2Former-Swin-L,car,GOPR0351/gopr0351_frame_000128.png,1883,542,/home/ace/Downloads/rgb_anon_trainvaltest/rgb_anon/night/val_ref/GOPR0351/GOPR0351_frame_000128_rgb_ref_anon.png,/home/ace/Downloads/rgb_anon_trainvaltest/rgb_anon/night/val/GOPR0351/GOPR0351_frame_000128_rgb_anon.png
acdc,Mask2Former-Swin-L,car,GOPR0351/gopr0351_frame_000132.png,6375,110,/home/ace/Downloads/rgb_anon_trainvaltest/rgb_anon/night/val_ref/GOPR0351/GOPR0351_frame_000132_rgb_ref_anon.png,/home/ace/Downloads/rgb_anon_trainvaltest/rgb_anon/night/val/GOPR0351/GOPR0351_frame_000132_rgb_anon.png
acdc,Mask2Former-Swin-L,car,GOPR0351/gopr0351_frame_000141.png,0,0,/home/ace/Downloads/rgb_anon_trainvaltest/rgb_anon/night/val_ref/GOPR0351/GOPR0351_frame_000141_rgb_ref_anon.png,/home/ace/Downloads/rgb_anon_trainvaltest/rgb_anon/night/val/GOPR0351/GOPR0351_frame_000141_rgb_anon.png
acdc,Mask2Former-Swin-L,car,GOPR0351/gopr0351_frame_000143.png,583,0,/home/ace/Downloads/rgb_anon_trainvaltest/rgb_anon/night/val_ref/GOPR0351/GOPR0351_frame_000143_rgb_ref_anon.png,/home/ace/Downloads/rgb_anon_trainvaltest/rgb_anon/night/val/GOPR0351/GOPR0351_frame_000143_rgb_anon.png
acdc,Mask2Former-Swin-L,car,GOPR0351/gopr0351_frame_000651.png,37767,2556,/home/ace/Downloads/rgb_anon_trainvaltest/rgb_anon/night/val_ref/GOPR0351/GOPR0351_frame_000651_rgb_ref_anon.png,/home/ace/Downloads/rgb_anon_trainvaltest/rgb_anon/night/val/GOPR0351/GOPR0351_frame_000651_rgb_anon.png
acdc,Mask2Former-Swin-L,car,GOPR0351/gopr0351_frame_000654.png,100249,11,/home/ace/Downloads/rgb_anon_trainvaltest/rgb_anon/night/val_ref/GOPR0351/GOPR0351_frame_000654_rgb_ref_anon.png,/home/ace/Downloads/rgb_anon_trainvaltest/rgb_anon/night/val/GOPR0351/GOPR0351_frame_000654_rgb_anon.png
acdc,Mask2Former-Swin-L,car,GOPR0351/gopr0351_frame_000706.png,76576,8182,/home/ace/Downloads/rgb_anon_trainvaltest/rgb_anon/night/val_ref/GOPR0351/GOPR0351_frame_000706_rgb_ref_anon.png,/home/ace/Downloads/rgb_anon_trainvaltest/rgb_anon/night/val/GOPR0351/GOPR0351_frame_000706_rgb_anon.png
acdc,Mask2Former-Swin-L,car,GOPR0351/gopr0351_frame_000709.png,102679,4541,/home/ace/Downloads/rgb_anon_trainvaltest/rgb_anon/night/val_ref/GOPR0351/GOPR0351_frame_000709_rgb_ref_anon.png,/home/ace/Downloads/rgb_anon_trainvaltest/rgb_anon/night/val/GOPR0351/GOPR0351_frame_000709_rgb_anon.png
acdc,Mask2Former-Swin-L,car,GOPR0351/gopr0351_frame_000712.png,299323,568,/home/ace/Downloads/rgb_anon_trainvaltest/rgb_anon/night/val_ref/GOPR0351/GOPR0351_frame_000712_rgb_ref_anon.png,/home/ace/Downloads/rgb_anon_trainvaltest/rgb_anon/night/val/GOPR0351/GOPR0351_frame_000712_rgb_anon.png
acdc,Mask2Former-Swin-L,car,GOPR0351/gopr0351_frame_000718.png,125498,0,/home/ace/Downloads/rgb_anon_trainvaltest/rgb_anon/night/val_ref/GOPR0351/GOPR0351_frame_000718_rgb_ref_anon.png,/home/ace/Downloads/rgb_anon_trainvaltest/rgb_anon/night/val/GOPR0351/GOPR0351_frame_000718_rgb_anon.png
acdc,Mask2Former-Swin-L,car,GOPR0351/gopr0351_frame_000724.png,53190,3407,/home/ace/Downloads/rgb_anon_trainvaltest/rgb_anon/night/val_ref/GOPR0351/GOPR0351_frame_000724_rgb_ref_anon.png,/home/ace/Downloads/rgb_anon_trainvaltest/rgb_anon/night/val/GOPR0351/GOPR0351_frame_000724_rgb_anon.png
acdc,Mask2Former-Swin-L,car,GOPR0351/gopr0351_frame_000727.png,12570,2278,/home/ace/Downloads/rgb_anon_trainvaltest/rgb_anon/night/val_ref/GOPR0351/GOPR0351_frame_000727_rgb_ref_anon.png,/home/ace/Downloads/rgb_anon_trainvaltest/rgb_anon/night/val/GOPR0351/GOPR0351_frame_000727_rgb_anon.png
acdc,Mask2Former-Swin-L,car,GOPR0351/gopr0351_frame_000742.png,13159,7191,/home/ace/Downloads/rgb_anon_trainvaltest/rgb_anon/night/val_ref/GOPR0351/GOPR0351_frame_000742_rgb_ref_anon.png,/home/ace/Downloads/rgb_anon_trainvaltest/rgb_anon/night/val/GOPR0351/GOPR0351_frame_000742_rgb_anon.png
acdc,Mask2Former-Swin-L,car,GOPR0351/gopr0351_frame_000745.png,14294,12280,/home/ace/Downloads/rgb_anon_trainvaltest/rgb_anon/night/val_ref/GOPR0351/GOPR0351_frame_000745_rgb_ref_anon.png,/home/ace/Downloads/rgb_anon_trainvaltest/rgb_anon/night/val/GOPR0351/GOPR0351_frame_000745_rgb_anon.png
acdc,Mask2Former-Swin-L,car,GOPR0351/gopr0351_frame_000748.png,26715,4843,/home/ace/Downloads/rgb_anon_trainvaltest/rgb_anon/night/val_ref/GOPR0351/GOPR0351_frame_000748_rgb_ref_anon.png,/home/ace/Downloads/rgb_anon_trainvaltest/rgb_anon/night/val/GOPR0351/GOPR0351_frame_000748_rgb_anon.png
acdc,Mask2Former-Swin-L,car,GOPR0351/gopr0351_frame_000754.png,8161,0,/home/ace/Downloads/rgb_anon_trainvaltest/rgb_anon/night/val_ref/GOPR0351/GOPR0351_frame_000754_rgb_ref_anon.png,/home/ace/Downloads/rgb_anon_trainvaltest/rgb_anon/night/val/GOPR0351/GOPR0351_frame_000754_rgb_anon.png
acdc,Mask2Former-Swin-L,car,GOPR0351/gopr0351_frame_000761.png,8507,0,/home/ace/Downloads/rgb_anon_trainvaltest/rgb_anon/night/val_ref/GOPR0351/GOPR0351_frame_000761_rgb_ref_anon.png,/home/ace/Downloads/rgb_anon_trainvaltest/rgb_anon/night/val/GOPR0351/GOPR0351_frame_000761_rgb_anon.png
acdc,Mask2Former-Swin-L,car,GOPR0351/gopr0351_frame_000770.png,11573,0,/home/ace/Downloads/rgb_anon_trainvaltest/rgb_anon/night/val_ref/GOPR0351/GOPR0351_frame_000770_rgb_ref_anon.png,/home/ace/Downloads/rgb_anon_trainvaltest/rgb_anon/night/val/GOPR0351/GOPR0351_frame_000770_rgb_anon.png
acdc,Mask2Former-Swin-L,car,GOPR0351/gopr0351_frame_000774.png,15680,0,/home/ace/Downloads/rgb_anon_trainvaltest/rgb_anon/night/val_ref/GOPR0351/GOPR0351_frame_000774_rgb_ref_anon.png,/home/ace/Downloads/rgb_anon_trainvaltest/rgb_anon/night/val/GOPR0351/GOPR0351_frame_000774_rgb_anon.png
acdc,Mask2Former-Swin-L,car,GOPR0351/gopr0351_frame_000809.png,8519,3326,/home/ace/Downloads/rgb_anon_trainvaltest/rgb_anon/night/val_ref/GOPR0351/GOPR0351_frame_000809_rgb_ref_anon.png,/home/ace/Downloads/rgb_anon_trainvaltest/rgb_anon/night/val/GOPR0351/GOPR0351_frame_000809_rgb_anon.png
acdc,Mask2Former-Swin-L,car,GOPR0351/gopr0351_frame_000814.png,4,3030,/home/ace/Downloads/rgb_anon_trainvaltest/rgb_anon/night/val_ref/GOPR0351/GOPR0351_frame_000814_rgb_ref_anon.png,/home/ace/Downloads/rgb_anon_trainvaltest/rgb_anon/night/val/GOPR0351/GOPR0351_frame_000814_rgb_anon.png
acdc,Mask2Former-Swin-L,car,GOPR0351/gopr0351_frame_000818.png,0,1360,/home/ace/Downloads/rgb_anon_trainvaltest/rgb_anon/night/val_ref/GOPR0351/GOPR0351_frame_000818_rgb_ref_anon.png,/home/ace/Downloads/rgb_anon_trainvaltest/rgb_anon/night/val/GOPR0351/GOPR0351_frame_000818_rgb_anon.png
acdc,Mask2Former-Swin-L,car,GOPR0351/gopr0351_frame_000822.png,0,2465,/home/ace/Downloads/rgb_anon_trainvaltest/rgb_anon/night/val_ref/GOPR0351/GOPR0351_frame_000822_rgb_ref_anon.png,/home/ace/Downloads/rgb_anon_trainvaltest/rgb_anon/night/val/GOPR0351/GOPR0351_frame_000822_rgb_anon.png
acdc,Mask2Former-Swin-L,car,GOPR0351/gopr0351_frame_000825.png,5365,5713,/home/ace/Downloads/rgb_anon_trainvaltest/rgb_anon/night/val_ref/GOPR0351/GOPR0351_frame_000825_rgb_ref_anon.png,/home/ace/Downloads/rgb_anon_trainvaltest/rgb_anon/night/val/GOPR0351/GOPR0351_frame_000825_rgb_anon.png
acdc,Mask2Former-Swin-L,car,GOPR0356/gopr0356_frame_000321.png,1414,2939,/home/ace/Downloads/rgb_anon_trainvaltest/rgb_anon/night/val_ref/GOPR0356/GOPR0356_frame_000321_rgb_ref_anon.png,/home/ace/Downloads/rgb_anon_trainvaltest/rgb_anon/night/val/GOPR0356/GOPR0356_frame_000321_rgb_anon.png
acdc,Mask2Former-Swin-L,car,GOPR0356/gopr0356_frame_000324.png,500,0,/home/ace/Downloads/rgb_anon_trainvaltest/rgb_anon/night/val_ref/GOPR0356/GOPR0356_frame_000324_rgb_ref_anon.png,/home/ace/Downloads/rgb_anon_trainvaltest/rgb_anon/night/val/GOPR0356/GOPR0356_frame_000324_rgb_anon.png
acdc,Mask2Former-Swin-L,car,GOPR0356/gopr0356_frame_000327.png,12337,74,/home/ace/Downloads/rgb_anon_trainvaltest/rgb_anon/night/val_ref/GOPR0356/GOPR0356_frame_000327_rgb_ref_anon.png,/home/ace/Downloads/rgb_anon_trainvaltest/rgb_anon/night/val/GOPR0356/GOPR0356_frame_000327_rgb_anon.png
acdc,Mask2Former-Swin-L,car,GOPR0356/gopr0356_frame_000330.png,2594,274,/home/ace/Downloads/rgb_anon_trainvaltest/rgb_anon/night/val_ref/GOPR0356/GOPR0356_frame_000330_rgb_ref_anon.png,/home/ace/Downloads/rgb_anon_trainvaltest/rgb_anon/night/val/GOPR0356/GOPR0356_frame_000330_rgb_anon.png
acdc,Mask2Former-Swin-L,car,GOPR0356/gopr0356_frame_000333.png,35697,0,/home/ace/Downloads/rgb_anon_trainvaltest/rgb_anon/night/val_ref/GOPR0356/GOPR0356_frame_000333_rgb_ref_anon.png,/home/ace/Downloads/rgb_anon_trainvaltest/rgb_anon/night/val/GOPR0356/GOPR0356_frame_000333_rgb_anon.png
acdc,Mask2Former-Swin-L,car,GOPR0356/gopr0356_frame_000336.png,22,18,/home/ace/Downloads/rgb_anon_trainvaltest/rgb_anon/night/val_ref/GOPR0356/GOPR0356_frame_000336_rgb_ref_anon.png,/home/ace/Downloads/rgb_anon_trainvaltest/rgb_anon/night/val/GOPR0356/GOPR0356_frame_000336_rgb_anon.png
acdc,Mask2Former-Swin-L,car,GOPR0356/gopr0356_frame_000339.png,131,132,/home/ace/Downloads/rgb_anon_trainvaltest/rgb_anon/night/val_ref/GOPR0356/GOPR0356_frame_000339_rgb_ref_anon.png,/home/ace/Downloads/rgb_anon_trainvaltest/rgb_anon/night/val/GOPR0356/GOPR0356_frame_000339_rgb_anon.png
acdc,Mask2Former-Swin-L,car,GOPR0356/gopr0356_frame_000342.png,10,324,/home/ace/Downloads/rgb_anon_trainvaltest/rgb_anon/night/val_ref/GOPR0356/GOPR0356_frame_000342_rgb_ref_anon.png,/home/ace/Downloads/rgb_anon_trainvaltest/rgb_anon/night/val/GOPR0356/GOPR0356_frame_000342_rgb_anon.png
acdc,Mask2Former-Swin-L,car,GOPR0356/gopr0356_frame_000345.png,0,0,/home/ace/Downloads/rgb_anon_trainvaltest/rgb_anon/night/val_ref/GOPR0356/GOPR0356_frame_000345_rgb_ref_anon.png,/home/ace/Downloads/rgb_anon_trainvaltest/rgb_anon/night/val/GOPR0356/GOPR0356_frame_000345_rgb_anon.png
acdc,Mask2Former-Swin-L,car,GOPR0356/gopr0356_frame_000348.png,4068,53,/home/ace/Downloads/rgb_anon_trainvaltest/rgb_anon/night/val_ref/GOPR0356/GOPR0356_frame_000348_rgb_ref_anon.png,/home/ace/Downloads/rgb_anon_trainvaltest/rgb_anon/night/val/GOPR0356/GOPR0356_frame_000348_rgb_anon.png
acdc,Mask2Former-Swin-L,car,GOPR0356/gopr0356_frame_000351.png,4000,1255,/home/ace/Downloads/rgb_anon_trainvaltest/rgb_anon/night/val_ref/GOPR0356/GOPR0356_frame_000351_rgb_ref_anon.png,/home/ace/Downloads/rgb_anon_trainvaltest/rgb_anon/night/val/GOPR0356/GOPR0356_frame_000351_rgb_anon.png
acdc,Mask2Former-Swin-L,car,GOPR0356/gopr0356_frame_000354.png,615,5514,/home/ace/Downloads/rgb_anon_trainvaltest/rgb_anon/night/val_ref/GOPR0356/GOPR0356_frame_000354_rgb_ref_anon.png,/home/ace/Downloads/rgb_anon_trainvaltest/rgb_anon/night/val/GOPR0356/GOPR0356_frame_000354_rgb_anon.png
acdc,Mask2Former-Swin-L,car,GOPR0356/gopr0356_frame_000357.png,12120,14639,/home/ace/Downloads/rgb_anon_trainvaltest/rgb_anon/night/val_ref/GOPR0356/GOPR0356_frame_000357_rgb_ref_anon.png,/home/ace/Downloads/rgb_anon_trainvaltest/rgb_anon/night/val/GOPR0356/GOPR0356_frame_000357_rgb_anon.png
acdc,Mask2Former-Swin-L,car,GOPR0356/gopr0356_frame_000360.png,37832,33714,/home/ace/Downloads/rgb_anon_trainvaltest/rgb_anon/night/val_ref/GOPR0356/GOPR0356_frame_000360_rgb_ref_anon.png,/home/ace/Downloads/rgb_anon_trainvaltest/rgb_anon/night/val/GOPR0356/GOPR0356_frame_000360_rgb_anon.png
acdc,Mask2Former-Swin-L,car,GOPR0356/gopr0356_frame_000363.png,0,0,/home/ace/Downloads/rgb_anon_trainvaltest/rgb_anon/night/val_ref/GOPR0356/GOPR0356_frame_000363_rgb_ref_anon.png,/home/ace/Downloads/rgb_anon_trainvaltest/rgb_anon/night/val/GOPR0356/GOPR0356_frame_000363_rgb_anon.png
acdc,Mask2Former-Swin-L,car,GOPR0356/gopr0356_frame_000366.png,1286,120,/home/ace/Downloads/rgb_anon_trainvaltest/rgb_anon/night/val_ref/GOPR0356/GOPR0356_frame_000366_rgb_ref_anon.png,/home/ace/Downloads/rgb_anon_trainvaltest/rgb_anon/night/val/GOPR0356/GOPR0356_frame_000366_rgb_anon.png
acdc,Mask2Former-Swin-L,car,GOPR0356/gopr0356_frame_000369.png,27803,1273,/home/ace/Downloads/rgb_anon_trainvaltest/rgb_anon/night/val_ref/GOPR0356/GOPR0356_frame_000369_rgb_ref_anon.png,/home/ace/Downloads/rgb_anon_trainvaltest/rgb_anon/night/val/GOPR0356/GOPR0356_frame_000369_rgb_anon.png
acdc,Mask2Former-Swin-L,car,GOPR0356/gopr0356_frame_000372.png,54574,2084,/home/ace/Downloads/rgb_anon_trainvaltest/rgb_anon/night/val_ref/GOPR0356/GOPR0356_frame_000372_rgb_ref_anon.png,/home/ace/Downloads/rgb_anon_trainvaltest/rgb_anon/night/val/GOPR0356/GOPR0356_frame_000372_rgb_anon.png
acdc,Mask2Former-Swin-L,car,GOPR0356/gopr0356_frame_000375.png,32057,10567,/home/ace/Downloads/rgb_anon_trainvaltest/rgb_anon/night/val_ref/GOPR0356/GOPR0356_frame_000375_rgb_ref_anon.png,/home/ace/Downloads/rgb_anon_trainvaltest/rgb_anon/night/val/GOPR0356/GOPR0356_frame_000375_rgb_anon.png
acdc,Mask2Former-Swin-L,car,GOPR0356/gopr0356_frame_000378.png,101497,47409,/home/ace/Downloads/rgb_anon_trainvaltest/rgb_anon/night/val_ref/GOPR0356/GOPR0356_frame_000378_rgb_ref_anon.png,/home/ace/Downloads/rgb_anon_trainvaltest/rgb_anon/night/val/GOPR0356/GOPR0356_frame_000378_rgb_anon.png
acdc,Mask2Former-Swin-L,car,GOPR0356/gopr0356_frame_000382.png,194861,76757,/home/ace/Downloads/rgb_anon_trainvaltest/rgb_anon/night/val_ref/GOPR0356/GOPR0356_frame_000382_rgb_ref_anon.png,/home/ace/Downloads/rgb_anon_trainvaltest/rgb_anon/night/val/GOPR0356/GOPR0356_frame_000382_rgb_anon.png
acdc,Mask2Former-Swin-L,car,GOPR0356/gopr0356_frame_000386.png,1846,21579,/home/ace/Downloads/rgb_anon_trainvaltest/rgb_anon/night/val_ref/GOPR0356/GOPR0356_frame_000386_rgb_ref_anon.png,/home/ace/Downloads/rgb_anon_trainvaltest/rgb_anon/night/val/GOPR0356/GOPR0356_frame_000386_rgb_anon.png
acdc,Mask2Former-Swin-L,car,GOPR0356/gopr0356_frame_000391.png,0,0,/home/ace/Downloads/rgb_anon_trainvaltest/rgb_anon/night/val_ref/GOPR0356/GOPR0356_frame_000391_rgb_ref_anon.png,/home/ace/Downloads/rgb_anon_trainvaltest/rgb_anon/night/val/GOPR0356/GOPR0356_frame_000391_rgb_anon.png
acdc,Mask2Former-Swin-L,car,GOPR0356/gopr0356_frame_000395.png,0,0,/home/ace/Downloads/rgb_anon_trainvaltest/rgb_anon/night/val_ref/GOPR0356/GOPR0356_frame_000395_rgb_ref_anon.png,/home/ace/Downloads/rgb_anon_trainvaltest/rgb_anon/night/val/GOPR0356/GOPR0356_frame_000395_rgb_anon.png
acdc,Mask2Former-Swin-L,car,GOPR0356/gopr0356_frame_000398.png,0,0,/home/ace/Downloads/rgb_anon_trainvaltest/rgb_anon/night/val_ref/GOPR0356/GOPR0356_frame_000398_rgb_ref_anon.png,/home/ace/Downloads/rgb_anon_trainvaltest/rgb_anon/night/val/GOPR0356/GOPR0356_frame_000398_rgb_anon.png
acdc,Mask2Former-Swin-L,car,GOPR0356/gopr0356_frame_000401.png,2708,1348,/home/ace/Downloads/rgb_anon_trainvaltest/rgb_anon/night/val_ref/GOPR0356/GOPR0356_frame_000401_rgb_ref_anon.png,/home/ace/Downloads/rgb_anon_trainvaltest/rgb_anon/night/val/GOPR0356/GOPR0356_frame_000401_rgb_anon.png
acdc,Mask2Former-Swin-L,car,GOPR0356/gopr0356_frame_000404.png,15713,4841,/home/ace/Downloads/rgb_anon_trainvaltest/rgb_anon/night/val_ref/GOPR0356/GOPR0356_frame_000404_rgb_ref_anon.png,/home/ace/Downloads/rgb_anon_trainvaltest/rgb_anon/night/val/GOPR0356/GOPR0356_frame_000404_rgb_anon.png
acdc,Mask2Former-Swin-L,car,GOPR0356/gopr0356_frame_000408.png,0,0,/home/ace/Downloads/rgb_anon_trainvaltest/rgb_anon/night/val_ref/GOPR0356/GOPR0356_frame_000408_rgb_ref_anon.png,/home/ace/Downloads/rgb_anon_trainvaltest/rgb_anon/night/val/GOPR0356/GOPR0356_frame_000408_rgb_anon.png
acdc,Mask2Former-Swin-L,car,GOPR0356/gopr0356_frame_000414.png,262,2298,/home/ace/Downloads/rgb_anon_trainvaltest/rgb_anon/night/val_ref/GOPR0356/GOPR0356_frame_000414_rgb_ref_anon.png,/home/ace/Downloads/rgb_anon_trainvaltest/rgb_anon/night/val/GOPR0356/GOPR0356_frame_000414_rgb_anon.png
acdc,Mask2Former-Swin-L,car,GOPR0356/gopr0356_frame_000418.png,7770,21687,/home/ace/Downloads/rgb_anon_trainvaltest/rgb_anon/night/val_ref/GOPR0356/GOPR0356_frame_000418_rgb_ref_anon.png,/home/ace/Downloads/rgb_anon_trainvaltest/rgb_anon/night/val/GOPR0356/GOPR0356_frame_000418_rgb_anon.png
acdc,Mask2Former-Swin-L,car,GOPR0356/gopr0356_frame_000421.png,30649,47848,/home/ace/Downloads/rgb_anon_trainvaltest/rgb_anon/night/val_ref/GOPR0356/GOPR0356_frame_000421_rgb_ref_anon.png,/home/ace/Downloads/rgb_anon_trainvaltest/rgb_anon/night/val/GOPR0356/GOPR0356_frame_000421_rgb_anon.png
acdc,Mask2Former-Swin-L,car,GOPR0356/gopr0356_frame_000424.png,96485,84196,/home/ace/Downloads/rgb_anon_trainvaltest/rgb_anon/night/val_ref/GOPR0356/GOPR0356_frame_000424_rgb_ref_anon.png,/home/ace/Downloads/rgb_anon_trainvaltest/rgb_anon/night/val/GOPR0356/GOPR0356_frame_000424_rgb_anon.png
acdc,Mask2Former-Swin-L,car,GOPR0356/gopr0356_frame_000427.png,22686,15006,/home/ace/Downloads/rgb_anon_trainvaltest/rgb_anon/night/val_ref/GOPR0356/GOPR0356_frame_000427_rgb_ref_anon.png,/home/ace/Downloads/rgb_anon_trainvaltest/rgb_anon/night/val/GOPR0356/GOPR0356_frame_000427_rgb_anon.png
acdc,Mask2Former-Swin-L,car,GOPR0356/gopr0356_frame_000430.png,0,31,/home/ace/Downloads/rgb_anon_trainvaltest/rgb_anon/night/val_ref/GOPR0356/GOPR0356_frame_000430_rgb_ref_anon.png,/home/ace/Downloads/rgb_anon_trainvaltest/rgb_anon/night/val/GOPR0356/GOPR0356_frame_000430_rgb_anon.png
acdc,Mask2Former-Swin-L,car,GOPR0356/gopr0356_frame_000433.png,0,0,/home/ace/Downloads/rgb_anon_trainvaltest/rgb_anon/night/val_ref/GOPR0356/GOPR0356_frame_000433_rgb_ref_anon.png,/home/ace/Downloads/rgb_anon_trainvaltest/rgb_anon/night/val/GOPR0356/GOPR0356_frame_000433_rgb_anon.png
acdc,Mask2Former-Swin-L,car,GOPR0356/gopr0356_frame_000437.png,0,39,/home/ace/Downloads/rgb_anon_trainvaltest/rgb_anon/night/val_ref/GOPR0356/GOPR0356_frame_000437_rgb_ref_anon.png,/home/ace/Downloads/rgb_anon_trainvaltest/rgb_anon/night/val/GOPR0356/GOPR0356_frame_000437_rgb_anon.png
acdc,Mask2Former-Swin-L,car,GOPR0356/gopr0356_frame_000448.png,0,0,/home/ace/Downloads/rgb_anon_trainvaltest/rgb_anon/night/val_ref/GOPR0356/GOPR0356_frame_000448_rgb_ref_anon.png,/home/ace/Downloads/rgb_anon_trainvaltest/rgb_anon/night/val/GOPR0356/GOPR0356_frame_000448_rgb_anon.png
acdc,Mask2Former-Swin-L,car,GOPR0356/gopr0356_frame_000452.png,0,0,/home/ace/Downloads/rgb_anon_trainvaltest/rgb_anon/night/val_ref/GOPR0356/GOPR0356_frame_000452_rgb_ref_anon.png,/home/ace/Downloads/rgb_anon_trainvaltest/rgb_anon/night/val/GOPR0356/GOPR0356_frame_000452_rgb_anon.png
acdc,Mask2Former-Swin-L,car,GOPR0356/gopr0356_frame_000455.png,3783,0,/home/ace/Downloads/rgb_anon_trainvaltest/rgb_anon/night/val_ref/GOPR0356/GOPR0356_frame_000455_rgb_ref_anon.png,/home/ace/Downloads/rgb_anon_trainvaltest/rgb_anon/night/val/GOPR0356/GOPR0356_frame_000455_rgb_anon.png
acdc,Mask2Former-Swin-L,car,GOPR0356/gopr0356_frame_000458.png,958,4,/home/ace/Downloads/rgb_anon_trainvaltest/rgb_anon/night/val_ref/GOPR0356/GOPR0356_frame_000458_rgb_ref_anon.png,/home/ace/Downloads/rgb_anon_trainvaltest/rgb_anon/night/val/GOPR0356/GOPR0356_frame_000458_rgb_anon.png
acdc,Mask2Former-Swin-L,car,GOPR0356/gopr0356_frame_000461.png,2335,1556,/home/ace/Downloads/rgb_anon_trainvaltest/rgb_anon/night/val_ref/GOPR0356/GOPR0356_frame_000461_rgb_ref_anon.png,/home/ace/Downloads/rgb_anon_trainvaltest/rgb_anon/night/val/GOPR0356/GOPR0356_frame_000461_rgb_anon.png
acdc,Mask2Former-Swin-L,car,GOPR0356/gopr0356_frame_000464.png,32062,39548,/home/ace/Downloads/rgb_anon_trainvaltest/rgb_anon/night/val_ref/GOPR0356/GOPR0356_frame_000464_rgb_ref_anon.png,/home/ace/Downloads/rgb_anon_trainvaltest/rgb_anon/night/val/GOPR0356/GOPR0356_frame_000464_rgb_anon.png
acdc,Mask2Former-Swin-L,car,GOPR0356/gopr0356_frame_000467.png,421,0,/home/ace/Downloads/rgb_anon_trainvaltest/rgb_anon/night/val_ref/GOPR0356/GOPR0356_frame_000467_rgb_ref_anon.png,/home/ace/Downloads/rgb_anon_trainvaltest/rgb_anon/night/val/GOPR0356/GOPR0356_frame_000467_rgb_anon.png
acdc,Mask2Former-Swin-L,car,GOPR0356/gopr0356_frame_000470.png,123565,43166,/home/ace/Downloads/rgb_anon_trainvaltest/rgb_anon/night/val_ref/GOPR0356/GOPR0356_frame_000470_rgb_ref_anon.png,/home/ace/Downloads/rgb_anon_trainvaltest/rgb_anon/night/val/GOPR0356/GOPR0356_frame_000470_rgb_anon.png
acdc,Mask2Former-Swin-L,car,GOPR0356/gopr0356_frame_000473.png,16194,0,/home/ace/Downloads/rgb_anon_trainvaltest/rgb_anon/night/val_ref/GOPR0356/GOPR0356_frame_000473_rgb_ref_anon.png,/home/ace/Downloads/rgb_anon_trainvaltest/rgb_anon/night/val/GOPR0356/GOPR0356_frame_000473_rgb_anon.png
acdc,Mask2Former-Swin-L,car,GOPR0356/gopr0356_frame_000476.png,15782,22927,/home/ace/Downloads/rgb_anon_trainvaltest/rgb_anon/night/val_ref/GOPR0356/GOPR0356_frame_000476_rgb_ref_anon.png,/home/ace/Downloads/rgb_anon_trainvaltest/rgb_anon/night/val/GOPR0356/GOPR0356_frame_000476_rgb_anon.png
acdc,Mask2Former-Swin-L,car,GOPR0356/gopr0356_frame_000479.png,1082,0,/home/ace/Downloads/rgb_anon_trainvaltest/rgb_anon/night/val_ref/GOPR0356/GOPR0356_frame_000479_rgb_ref_anon.png,/home/ace/Downloads/rgb_anon_trainvaltest/rgb_anon/night/val/GOPR0356/GOPR0356_frame_000479_rgb_anon.png
acdc,Mask2Former-Swin-L,car,GOPR0356/gopr0356_frame_000482.png,7133,0,/home/ace/Downloads/rgb_anon_trainvaltest/rgb_anon/night/val_ref/GOPR0356/GOPR0356_frame_000482_rgb_ref_anon.png,/home/ace/Downloads/rgb_anon_trainvaltest/rgb_anon/night/val/GOPR0356/GOPR0356_frame_000482_rgb_anon.png
acdc,Mask2Former-Swin-L,car,GOPR0356/gopr0356_frame_000485.png,4361,8908,/home/ace/Downloads/rgb_anon_trainvaltest/rgb_anon/night/val_ref/GOPR0356/GOPR0356_frame_000485_rgb_ref_anon.png,/home/ace/Downloads/rgb_anon_trainvaltest/rgb_anon/night/val/GOPR0356/GOPR0356_frame_000485_rgb_anon.png
acdc,Mask2Former-Swin-L,car,GOPR0356/gopr0356_frame_000488.png,5898,928,/home/ace/Downloads/rgb_anon_trainvaltest/rgb_anon/night/val_ref/GOPR0356/GOPR0356_frame_000488_rgb_ref_anon.png,/home/ace/Downloads/rgb_anon_trainvaltest/rgb_anon/night/val/GOPR0356/GOPR0356_frame_000488_rgb_anon.png
