model,location_key,sec_condition,sec_illumination,sec_weather,pixel_agreement_masked,conf_threshold
SegFormer-B0,10231074,Day-FOGGY,Day,FOGGY,0.9942131638526917,0.8
SegFormer-B0,10231074,Day-RAIN,Day,RAIN,0.9950730800628662,0.8
SegFormer-B0,10231074,Sunset-EXTRASUNNY,Sunset,EXTRASUNNY,0.8425049185752869,0.8
SegFormer-B0,10231074,Sunset-FOGGY,Sunset,FOGGY,0.9551110863685608,0.8
SegFormer-B0,10231074,Sunset-RAIN,Sunset,RAIN,0.9943426251411438,0.8
SegFormer-B0,10231074,Night-EXTRASUNNY,Night,EXTRASUNNY,0.7911983132362366,0.8
SegFormer-B0,10231074,Night-FOGGY,Night,FOGGY,0.6420423984527588,0.8
SegFormer-B0,10231074,Night-RAIN,Night,RAIN,0.7873921990394592,0.8
SegFormer-B0,108359,Day-FOGGY,Day,FOGGY,0.964414119720459,0.8
SegFormer-B0,108359,Day-RAIN,Day,RAIN,0.9339874386787415,0.8
SegFormer-B0,108359,Sunset-EXTRASUNNY,Sunset,EXTRASUNNY,0.9170893430709839,0.8
SegFormer-B0,108359,Sunset-FOGGY,Sunset,FOGGY,0.8777959942817688,0.8
SegFormer-B0,108359,Sunset-RAIN,Sunset,RAIN,0.9004351496696472,0.8
SegFormer-B0,108359,Night-EXTRASUNNY,Night,EXTRASUNNY,0.5753517150878906,0.8
SegFormer-B0,108359,Night-FOGGY,Night,FOGGY,0.7041748762130737,0.8
SegFormer-B0,108359,Night-RAIN,Night,RAIN,0.5602316856384277,0.8
SegFormer-B0,10901081,Day-FOGGY,Day,FOGGY,0.983278214931488,0.8
SegFormer-B0,10901081,Day-RAIN,Day,RAIN,0.9426778554916382,0.8
SegFormer-B0,10901081,Sunset-EXTRASUNNY,Sunset,EXTRASUNNY,0.95213383436203,0.8
SegFormer-B0,10901081,Sunset-FOGGY,Sunset,FOGGY,0.9125655293464661,0.8
SegFormer-B0,10901081,Sunset-RAIN,Sunset,RAIN,0.9253478050231934,0.8
SegFormer-B0,10901081,Night-EXTRASUNNY,Night,EXTRASUNNY,0.7587391138076782,0.8
SegFormer-B0,10901081,Night-FOGGY,Night,FOGGY,0.9335871934890747,0.8
SegFormer-B0,10901081,Night-RAIN,Night,RAIN,0.7855836153030396,0.8
SegFormer-B0,11101250,Day-FOGGY,Day,FOGGY,0.9259674549102783,0.8
SegFormer-B0,11101250,Day-RAIN,Day,RAIN,0.9884077906608582,0.8
SegFormer-B0,11101250,Sunset-EXTRASUNNY,Sunset,EXTRASUNNY,0.8945868015289307,0.8
SegFormer-B0,11101250,Sunset-FOGGY,Sunset,FOGGY,0.524540364742279,0.8
SegFormer-B0,11101250,Sunset-RAIN,Sunset,RAIN,0.9800153970718384,0.8
SegFormer-B0,11101250,Night-EXTRASUNNY,Night,EXTRASUNNY,0.7467091083526611,0.8
SegFormer-B0,11101250,Night-FOGGY,Night,FOGGY,0.53708416223526,0.8
SegFormer-B0,11101250,Night-RAIN,Night,RAIN,0.5819639563560486,0.8
SegFormer-B0,11131433,Day-FOGGY,Day,FOGGY,0.7726316452026367,0.8
SegFormer-B0,11131433,Day-RAIN,Day,RAIN,0.9700742363929749,0.8
SegFormer-B0,11131433,Sunset-EXTRASUNNY,Sunset,EXTRASUNNY,0.6615663766860962,0.8
SegFormer-B0,11131433,Sunset-FOGGY,Sunset,FOGGY,0.4777275621891022,0.8
SegFormer-B0,11131433,Sunset-RAIN,Sunset,RAIN,0.9403643608093262,0.8
SegFormer-B0,11131433,Night-EXTRASUNNY,Night,EXTRASUNNY,0.4821607768535614,0.8
SegFormer-B0,11131433,Night-FOGGY,Night,FOGGY,0.43738654255867004,0.8
SegFormer-B0,11131433,Night-RAIN,Night,RAIN,0.45373231172561646,0.8
SegFormer-B0,1119803,Day-FOGGY,Day,FOGGY,0.9505236744880676,0.8
SegFormer-B0,1119803,Day-RAIN,Day,RAIN,0.9915473461151123,0.8
SegFormer-B0,1119803,Sunset-EXTRASUNNY,Sunset,EXTRASUNNY,0.9905794262886047,0.8
SegFormer-B0,1119803,Sunset-FOGGY,Sunset,FOGGY,0.8774004578590393,0.8
SegFormer-B0,1119803,Sunset-RAIN,Sunset,RAIN,0.9722802042961121,0.8
SegFormer-B0,1119803,Night-EXTRASUNNY,Night,EXTRASUNNY,0.7076807022094727,0.8
SegFormer-B0,1119803,Night-FOGGY,Night,FOGGY,0.6453598737716675,0.8
SegFormer-B0,1119803,Night-RAIN,Night,RAIN,0.6679657697677612,0.8
SegFormer-B0,112170,Day-FOGGY,Day,FOGGY,0.8959581255912781,0.8
SegFormer-B0,112170,Day-RAIN,Day,RAIN,0.9414933323860168,0.8
SegFormer-B0,112170,Sunset-EXTRASUNNY,Sunset,EXTRASUNNY,0.9434211850166321,0.8
SegFormer-B0,112170,Sunset-FOGGY,Sunset,FOGGY,0.6190914511680603,0.8
SegFormer-B0,112170,Sunset-RAIN,Sunset,RAIN,0.9139457941055298,0.8
SegFormer-B0,112170,Night-EXTRASUNNY,Night,EXTRASUNNY,0.6212490797042847,0.8
SegFormer-B0,112170,Night-FOGGY,Night,FOGGY,0.4858556389808655,0.8
SegFormer-B0,112170,Night-RAIN,Night,RAIN,0.6086609363555908,0.8
SegFormer-B0,1124819,Day-FOGGY,Day,FOGGY,0.8624240756034851,0.8
SegFormer-B0,1124819,Day-RAIN,Day,RAIN,0.902960479259491,0.8
SegFormer-B0,1124819,Sunset-EXTRASUNNY,Sunset,EXTRASUNNY,0.9144963026046753,0.8
SegFormer-B0,1124819,Sunset-FOGGY,Sunset,FOGGY,0.9113207459449768,0.8
SegFormer-B0,1124819,Sunset-RAIN,Sunset,RAIN,0.941227912902832,0.8
SegFormer-B0,1124819,Night-EXTRASUNNY,Night,EXTRASUNNY,0.6667550206184387,0.8
SegFormer-B0,1124819,Night-FOGGY,Night,FOGGY,0.6898539066314697,0.8
SegFormer-B0,1124819,Night-RAIN,Night,RAIN,0.5180413722991943,0.8
SegFormer-B0,11281105,Day-FOGGY,Day,FOGGY,0.9091885089874268,0.8
SegFormer-B0,11281105,Day-RAIN,Day,RAIN,0.9310625195503235,0.8
SegFormer-B0,11281105,Sunset-EXTRASUNNY,Sunset,EXTRASUNNY,0.9815149307250977,0.8
SegFormer-B0,11281105,Sunset-FOGGY,Sunset,FOGGY,0.8787494897842407,0.8
SegFormer-B0,11281105,Sunset-RAIN,Sunset,RAIN,0.8614036440849304,0.8
SegFormer-B0,11281105,Night-EXTRASUNNY,Night,EXTRASUNNY,0.9683805704116821,0.8
SegFormer-B0,11281105,Night-FOGGY,Night,FOGGY,0.9436244964599609,0.8
SegFormer-B0,11281105,Night-RAIN,Night,RAIN,0.5480819940567017,0.8
SegFormer-B0,1129575,Day-FOGGY,Day,FOGGY,0.988447368144989,0.8
SegFormer-B0,1129575,Day-RAIN,Day,RAIN,0.9954777359962463,0.8
SegFormer-B0,1129575,Sunset-EXTRASUNNY,Sunset,EXTRASUNNY,0.9855989217758179,0.8
SegFormer-B0,1129575,Sunset-FOGGY,Sunset,FOGGY,0.9623932838439941,0.8
SegFormer-B0,1129575,Sunset-RAIN,Sunset,RAIN,0.9837715029716492,0.8
SegFormer-B0,1129575,Night-EXTRASUNNY,Night,EXTRASUNNY,0.7451328635215759,0.8
SegFormer-B0,1129575,Night-FOGGY,Night,FOGGY,0.5641807913780212,0.8
SegFormer-B0,1129575,Night-RAIN,Night,RAIN,0.8091444373130798,0.8
SegFormer-B0,1161197,Day-FOGGY,Day,FOGGY,0.9897350668907166,0.8
SegFormer-B0,1161197,Day-RAIN,Day,RAIN,0.9113333821296692,0.8
SegFormer-B0,1161197,Sunset-EXTRASUNNY,Sunset,EXTRASUNNY,0.8973066210746765,0.8
SegFormer-B0,1161197,Sunset-FOGGY,Sunset,FOGGY,0.8843533396720886,0.8
SegFormer-B0,1161197,Sunset-RAIN,Sunset,RAIN,0.9562813639640808,0.8
SegFormer-B0,1161197,Night-EXTRASUNNY,Night,EXTRASUNNY,0.822206974029541,0.8
SegFormer-B0,1161197,Night-FOGGY,Night,FOGGY,0.8234109282493591,0.8
SegFormer-B0,1161197,Night-RAIN,Night,RAIN,0.8113598227500916,0.8
SegFormer-B0,1162709,Day-FOGGY,Day,FOGGY,0.8576147556304932,0.8
SegFormer-B0,1162709,Day-RAIN,Day,RAIN,0.9686158299446106,0.8
SegFormer-B0,1162709,Sunset-EXTRASUNNY,Sunset,EXTRASUNNY,0.9903014302253723,0.8
SegFormer-B0,1162709,Sunset-FOGGY,Sunset,FOGGY,0.8091554045677185,0.8
SegFormer-B0,1162709,Sunset-RAIN,Sunset,RAIN,0.8536487221717834,0.8
SegFormer-B0,1162709,Night-EXTRASUNNY,Night,EXTRASUNNY,0.9081674218177795,0.8
SegFormer-B0,1162709,Night-FOGGY,Night,FOGGY,0.9157156348228455,0.8
SegFormer-B0,1162709,Night-RAIN,Night,RAIN,0.9471993446350098,0.8
SegFormer-B0,1163548,Day-FOGGY,Day,FOGGY,0.9894888997077942,0.8
SegFormer-B0,1163548,Day-RAIN,Day,RAIN,0.9538699388504028,0.8
SegFormer-B0,1163548,Sunset-EXTRASUNNY,Sunset,EXTRASUNNY,0.8665847182273865,0.8
SegFormer-B0,1163548,Sunset-FOGGY,Sunset,FOGGY,0.8417690396308899,0.8
SegFormer-B0,1163548,Sunset-RAIN,Sunset,RAIN,0.9535351395606995,0.8
SegFormer-B0,1163548,Night-EXTRASUNNY,Night,EXTRASUNNY,0.91086745262146,0.8
SegFormer-B0,1163548,Night-FOGGY,Night,FOGGY,0.7472279667854309,0.8
SegFormer-B0,1163548,Night-RAIN,Night,RAIN,0.8390006422996521,0.8
SegFormer-B0,11642190,Day-FOGGY,Day,FOGGY,0.8902319073677063,0.8
SegFormer-B0,11642190,Day-RAIN,Day,RAIN,0.8899478316307068,0.8
SegFormer-B0,11642190,Sunset-EXTRASUNNY,Sunset,EXTRASUNNY,0.8910509347915649,0.8
SegFormer-B0,11642190,Sunset-FOGGY,Sunset,FOGGY,0.8841217160224915,0.8
SegFormer-B0,11642190,Sunset-RAIN,Sunset,RAIN,0.8671462535858154,0.8
SegFormer-B0,11642190,Night-EXTRASUNNY,Night,EXTRASUNNY,0.8669120073318481,0.8
SegFormer-B0,11642190,Night-FOGGY,Night,FOGGY,0.8275760412216187,0.8
SegFormer-B0,11642190,Night-RAIN,Night,RAIN,0.8299998044967651,0.8
SegFormer-B0,1169181,Day-FOGGY,Day,FOGGY,0.9741780757904053,0.8
SegFormer-B0,1169181,Day-RAIN,Day,RAIN,0.9703459739685059,0.8
SegFormer-B0,1169181,Sunset-EXTRASUNNY,Sunset,EXTRASUNNY,0.9718822836875916,0.8
SegFormer-B0,1169181,Sunset-FOGGY,Sunset,FOGGY,0.9600358605384827,0.8
SegFormer-B0,1169181,Sunset-RAIN,Sunset,RAIN,0.9736005067825317,0.8
SegFormer-B0,1169181,Night-EXTRASUNNY,Night,EXTRASUNNY,0.9554713368415833,0.8
SegFormer-B0,1169181,Night-FOGGY,Night,FOGGY,0.948910653591156,0.8
SegFormer-B0,1169181,Night-RAIN,Night,RAIN,0.7753934860229492,0.8
SegFormer-B0,11721222,Day-FOGGY,Day,FOGGY,0.998059093952179,0.8
SegFormer-B0,11721222,Day-RAIN,Day,RAIN,0.9952651858329773,0.8
SegFormer-B0,11721222,Sunset-EXTRASUNNY,Sunset,EXTRASUNNY,0.9942029714584351,0.8
SegFormer-B0,11721222,Sunset-FOGGY,Sunset,FOGGY,0.9804155230522156,0.8
SegFormer-B0,11721222,Sunset-RAIN,Sunset,RAIN,0.9961652755737305,0.8
SegFormer-B0,11721222,Night-EXTRASUNNY,Night,EXTRASUNNY,0.940548837184906,0.8
SegFormer-B0,11721222,Night-FOGGY,Night,FOGGY,0.7879902720451355,0.8
SegFormer-B0,11721222,Night-RAIN,Night,RAIN,0.9321988224983215,0.8
SegFormer-B0,11802146,Day-FOGGY,Day,FOGGY,0.950826108455658,0.8
SegFormer-B0,11802146,Day-RAIN,Day,RAIN,0.9904054999351501,0.8
SegFormer-B0,11802146,Sunset-EXTRASUNNY,Sunset,EXTRASUNNY,0.9753483533859253,0.8
SegFormer-B0,11802146,Sunset-FOGGY,Sunset,FOGGY,0.9042606353759766,0.8
SegFormer-B0,11802146,Sunset-RAIN,Sunset,RAIN,0.9848482608795166,0.8
SegFormer-B0,11802146,Night-EXTRASUNNY,Night,EXTRASUNNY,0.8857586979866028,0.8
SegFormer-B0,11802146,Night-FOGGY,Night,FOGGY,0.6454300880432129,0.8
SegFormer-B0,11802146,Night-RAIN,Night,RAIN,0.8904411792755127,0.8
SegFormer-B0,1184775,Day-FOGGY,Day,FOGGY,0.9545993804931641,0.8
SegFormer-B0,1184775,Day-RAIN,Day,RAIN,0.975053071975708,0.8
SegFormer-B0,1184775,Sunset-EXTRASUNNY,Sunset,EXTRASUNNY,0.9767459034919739,0.8
SegFormer-B0,1184775,Sunset-FOGGY,Sunset,FOGGY,0.9199514389038086,0.8
SegFormer-B0,1184775,Sunset-RAIN,Sunset,RAIN,0.971856415271759,0.8
SegFormer-B0,1184775,Night-EXTRASUNNY,Night,EXTRASUNNY,0.6532426476478577,0.8
SegFormer-B0,1184775,Night-FOGGY,Night,FOGGY,0.4803829789161682,0.8
SegFormer-B0,1184775,Night-RAIN,Night,RAIN,0.5780146718025208,0.8
SegFormer-B0,11921147,Day-FOGGY,Day,FOGGY,0.9532116055488586,0.8
SegFormer-B0,11921147,Day-RAIN,Day,RAIN,0.966763973236084,0.8
SegFormer-B0,11921147,Sunset-EXTRASUNNY,Sunset,EXTRASUNNY,0.8626412153244019,0.8
SegFormer-B0,11921147,Sunset-FOGGY,Sunset,FOGGY,0.7674967646598816,0.8
SegFormer-B0,11921147,Sunset-RAIN,Sunset,RAIN,0.965962827205658,0.8
SegFormer-B0,11921147,Night-EXTRASUNNY,Night,EXTRASUNNY,0.8791292905807495,0.8
SegFormer-B0,11921147,Night-FOGGY,Night,FOGGY,0.5991037487983704,0.8
SegFormer-B0,11921147,Night-RAIN,Night,RAIN,0.6175267696380615,0.8
SegFormer-B0,119342,Day-FOGGY,Day,FOGGY,0.9824240207672119,0.8
SegFormer-B0,119342,Day-RAIN,Day,RAIN,0.9521232843399048,0.8
SegFormer-B0,119342,Sunset-EXTRASUNNY,Sunset,EXTRASUNNY,0.9311354756355286,0.8
SegFormer-B0,119342,Sunset-FOGGY,Sunset,FOGGY,0.8893449902534485,0.8
SegFormer-B0,119342,Sunset-RAIN,Sunset,RAIN,0.9169713854789734,0.8
SegFormer-B0,119342,Night-EXTRASUNNY,Night,EXTRASUNNY,0.8354523181915283,0.8
SegFormer-B0,119342,Night-FOGGY,Night,FOGGY,0.5921435356140137,0.8
SegFormer-B0,119342,Night-RAIN,Night,RAIN,0.831615149974823,0.8
SegFormer-B0,1201777,Day-FOGGY,Day,FOGGY,0.945636510848999,0.8
SegFormer-B0,1201777,Day-RAIN,Day,RAIN,0.9744041562080383,0.8
SegFormer-B0,1201777,Sunset-EXTRASUNNY,Sunset,EXTRASUNNY,0.911552906036377,0.8
SegFormer-B0,1201777,Sunset-FOGGY,Sunset,FOGGY,0.7826331257820129,0.8
SegFormer-B0,1201777,Sunset-RAIN,Sunset,RAIN,0.8557136654853821,0.8
SegFormer-B0,1201777,Night-EXTRASUNNY,Night,EXTRASUNNY,0.5706655979156494,0.8
SegFormer-B0,1201777,Night-FOGGY,Night,FOGGY,0.5376678109169006,0.8
SegFormer-B0,1201777,Night-RAIN,Night,RAIN,0.4730609953403473,0.8
SegFormer-B0,1297251,Day-FOGGY,Day,FOGGY,0.9092584252357483,0.8
SegFormer-B0,1297251,Day-RAIN,Day,RAIN,0.9478534460067749,0.8
SegFormer-B0,1297251,Sunset-EXTRASUNNY,Sunset,EXTRASUNNY,0.9297191500663757,0.8
SegFormer-B0,1297251,Sunset-FOGGY,Sunset,FOGGY,0.8301243782043457,0.8
SegFormer-B0,1297251,Sunset-RAIN,Sunset,RAIN,0.9602407813072205,0.8
SegFormer-B0,1297251,Night-EXTRASUNNY,Night,EXTRASUNNY,0.7635124921798706,0.8
SegFormer-B0,1297251,Night-FOGGY,Night,FOGGY,0.4819410741329193,0.8
SegFormer-B0,1297251,Night-RAIN,Night,RAIN,0.6837694644927979,0.8
SegFormer-B0,1314425,Day-FOGGY,Day,FOGGY,0.9858463406562805,0.8
SegFormer-B0,1314425,Day-RAIN,Day,RAIN,0.9432873725891113,0.8
SegFormer-B0,1314425,Sunset-EXTRASUNNY,Sunset,EXTRASUNNY,0.925233781337738,0.8
SegFormer-B0,1314425,Sunset-FOGGY,Sunset,FOGGY,0.8263531923294067,0.8
SegFormer-B0,1314425,Sunset-RAIN,Sunset,RAIN,0.9480334520339966,0.8
SegFormer-B0,1314425,Night-EXTRASUNNY,Night,EXTRASUNNY,0.8436713218688965,0.8
SegFormer-B0,1314425,Night-FOGGY,Night,FOGGY,0.6544841527938843,0.8
SegFormer-B0,1314425,Night-RAIN,Night,RAIN,0.8323311805725098,0.8
SegFormer-B0,13331910,Day-FOGGY,Day,FOGGY,0.9113636016845703,0.8
SegFormer-B0,13331910,Day-RAIN,Day,RAIN,0.9252746105194092,0.8
SegFormer-B0,13331910,Sunset-EXTRASUNNY,Sunset,EXTRASUNNY,0.8374687433242798,0.8
SegFormer-B0,13331910,Sunset-FOGGY,Sunset,FOGGY,0.8222639560699463,0.8
SegFormer-B0,13331910,Sunset-RAIN,Sunset,RAIN,0.9134613275527954,0.8
SegFormer-B0,13331910,Night-EXTRASUNNY,Night,EXTRASUNNY,0.935061514377594,0.8
SegFormer-B0,13331910,Night-FOGGY,Night,FOGGY,0.8277420401573181,0.8
SegFormer-B0,13331910,Night-RAIN,Night,RAIN,0.8515722155570984,0.8
SegFormer-B0,13551916,Day-FOGGY,Day,FOGGY,0.92013019323349,0.8
SegFormer-B0,13551916,Day-RAIN,Day,RAIN,0.9347400069236755,0.8
SegFormer-B0,13551916,Sunset-EXTRASUNNY,Sunset,EXTRASUNNY,0.8971385359764099,0.8
SegFormer-B0,13551916,Sunset-FOGGY,Sunset,FOGGY,0.8235877752304077,0.8
SegFormer-B0,13551916,Sunset-RAIN,Sunset,RAIN,0.946709394454956,0.8
SegFormer-B0,13551916,Night-EXTRASUNNY,Night,EXTRASUNNY,0.8048161268234253,0.8
SegFormer-B0,13551916,Night-FOGGY,Night,FOGGY,0.4294167459011078,0.8
SegFormer-B0,13551916,Night-RAIN,Night,RAIN,0.8237800598144531,0.8
SegFormer-B0,140120,Day-FOGGY,Day,FOGGY,0.993947446346283,0.8
SegFormer-B0,140120,Day-RAIN,Day,RAIN,0.9943757653236389,0.8
SegFormer-B0,140120,Sunset-EXTRASUNNY,Sunset,EXTRASUNNY,0.9841653108596802,0.8
SegFormer-B0,140120,Sunset-FOGGY,Sunset,FOGGY,0.9836192727088928,0.8
SegFormer-B0,140120,Sunset-RAIN,Sunset,RAIN,0.9906957149505615,0.8
SegFormer-B0,140120,Night-EXTRASUNNY,Night,EXTRASUNNY,0.7518326044082642,0.8
SegFormer-B0,140120,Night-FOGGY,Night,FOGGY,0.5811144113540649,0.8
SegFormer-B0,140120,Night-RAIN,Night,RAIN,0.7258858680725098,0.8
SegFormer-B0,14450,Day-FOGGY,Day,FOGGY,0.9926848411560059,0.8
SegFormer-B0,14450,Day-RAIN,Day,RAIN,0.9743759036064148,0.8
SegFormer-B0,14450,Sunset-EXTRASUNNY,Sunset,EXTRASUNNY,0.8292917013168335,0.8
SegFormer-B0,14450,Sunset-FOGGY,Sunset,FOGGY,0.805121660232544,0.8
SegFormer-B0,14450,Sunset-RAIN,Sunset,RAIN,0.9397379159927368,0.8
SegFormer-B0,14450,Night-EXTRASUNNY,Night,EXTRASUNNY,0.8465427756309509,0.8
SegFormer-B0,14450,Night-FOGGY,Night,FOGGY,0.7712686061859131,0.8
SegFormer-B0,14450,Night-RAIN,Night,RAIN,0.8499994874000549,0.8
SegFormer-B0,1481258,Day-FOGGY,Day,FOGGY,0.9477052092552185,0.8
SegFormer-B0,1481258,Day-RAIN,Day,RAIN,0.9693792462348938,0.8
SegFormer-B0,1481258,Sunset-EXTRASUNNY,Sunset,EXTRASUNNY,0.8946632742881775,0.8
SegFormer-B0,1481258,Sunset-FOGGY,Sunset,FOGGY,0.8186551332473755,0.8
SegFormer-B0,1481258,Sunset-RAIN,Sunset,RAIN,0.9638461470603943,0.8
SegFormer-B0,1481258,Night-EXTRASUNNY,Night,EXTRASUNNY,0.8028818964958191,0.8
SegFormer-B0,1481258,Night-FOGGY,Night,FOGGY,0.8206024765968323,0.8
SegFormer-B0,1481258,Night-RAIN,Night,RAIN,0.7220929861068726,0.8
SegFormer-B0,153373,Day-FOGGY,Day,FOGGY,0.9776438474655151,0.8
SegFormer-B0,153373,Day-RAIN,Day,RAIN,0.9679738879203796,0.8
SegFormer-B0,153373,Sunset-EXTRASUNNY,Sunset,EXTRASUNNY,0.9569785594940186,0.8
SegFormer-B0,153373,Sunset-FOGGY,Sunset,FOGGY,0.9318683743476868,0.8
SegFormer-B0,153373,Sunset-RAIN,Sunset,RAIN,0.973120927810669,0.8
SegFormer-B0,153373,Night-EXTRASUNNY,Night,EXTRASUNNY,0.8709436655044556,0.8
SegFormer-B0,153373,Night-FOGGY,Night,FOGGY,0.8897671103477478,0.8
SegFormer-B0,153373,Night-RAIN,Night,RAIN,0.8902647495269775,0.8
SegFormer-B0,1541895,Day-FOGGY,Day,FOGGY,0.9812756776809692,0.8
SegFormer-B0,1541895,Day-RAIN,Day,RAIN,0.9920981526374817,0.8
SegFormer-B0,1541895,Sunset-EXTRASUNNY,Sunset,EXTRASUNNY,0.9209534525871277,0.8
SegFormer-B0,1541895,Sunset-FOGGY,Sunset,FOGGY,0.9392877817153931,0.8
SegFormer-B0,1541895,Sunset-RAIN,Sunset,RAIN,0.941101610660553,0.8
SegFormer-B0,1541895,Night-EXTRASUNNY,Night,EXTRASUNNY,0.8056814074516296,0.8
SegFormer-B0,1541895,Night-FOGGY,Night,FOGGY,0.6604864001274109,0.8
SegFormer-B0,1541895,Night-RAIN,Night,RAIN,0.6441875100135803,0.8
SegFormer-B0,1581031,Day-FOGGY,Day,FOGGY,0.8820117115974426,0.8
SegFormer-B0,1581031,Day-RAIN,Day,RAIN,0.9277298450469971,0.8
SegFormer-B0,1581031,Sunset-EXTRASUNNY,Sunset,EXTRASUNNY,0.9016196727752686,0.8
SegFormer-B0,1581031,Sunset-FOGGY,Sunset,FOGGY,0.7795376777648926,0.8
SegFormer-B0,1581031,Sunset-RAIN,Sunset,RAIN,0.9451013207435608,0.8
SegFormer-B0,1581031,Night-EXTRASUNNY,Night,EXTRASUNNY,0.7783849239349365,0.8
SegFormer-B0,1581031,Night-FOGGY,Night,FOGGY,0.6934217214584351,0.8
SegFormer-B0,1581031,Night-RAIN,Night,RAIN,0.8110852241516113,0.8
SegFormer-B0,159401,Day-FOGGY,Day,FOGGY,0.976438581943512,0.8
SegFormer-B0,159401,Day-RAIN,Day,RAIN,0.9100008606910706,0.8
SegFormer-B0,159401,Sunset-EXTRASUNNY,Sunset,EXTRASUNNY,0.9442530274391174,0.8
SegFormer-B0,159401,Sunset-FOGGY,Sunset,FOGGY,0.9396955370903015,0.8
SegFormer-B0,159401,Sunset-RAIN,Sunset,RAIN,0.9361820220947266,0.8
SegFormer-B0,159401,Night-EXTRASUNNY,Night,EXTRASUNNY,0.9256234169006348,0.8
SegFormer-B0,159401,Night-FOGGY,Night,FOGGY,0.5449565052986145,0.8
SegFormer-B0,159401,Night-RAIN,Night,RAIN,0.8943802118301392,0.8
SegFormer-B0,182335,Day-FOGGY,Day,FOGGY,0.9724469184875488,0.8
SegFormer-B0,182335,Day-RAIN,Day,RAIN,0.9724556803703308,0.8
SegFormer-B0,182335,Sunset-EXTRASUNNY,Sunset,EXTRASUNNY,0.9671943783760071,0.8
SegFormer-B0,182335,Sunset-FOGGY,Sunset,FOGGY,0.9397011995315552,0.8
SegFormer-B0,182335,Sunset-RAIN,Sunset,RAIN,0.9638805389404297,0.8
SegFormer-B0,182335,Night-EXTRASUNNY,Night,EXTRASUNNY,0.8227021098136902,0.8
SegFormer-B0,182335,Night-FOGGY,Night,FOGGY,0.8206435441970825,0.8
SegFormer-B0,182335,Night-RAIN,Night,RAIN,0.8065423965454102,0.8
SegFormer-B0,187713,Day-FOGGY,Day,FOGGY,0.9859083890914917,0.8
SegFormer-B0,187713,Day-RAIN,Day,RAIN,0.986104428768158,0.8
SegFormer-B0,187713,Sunset-EXTRASUNNY,Sunset,EXTRASUNNY,0.9552186131477356,0.8
SegFormer-B0,187713,Sunset-FOGGY,Sunset,FOGGY,0.9451619982719421,0.8
SegFormer-B0,187713,Sunset-RAIN,Sunset,RAIN,0.9809443950653076,0.8
SegFormer-B0,187713,Night-EXTRASUNNY,Night,EXTRASUNNY,0.8496417999267578,0.8
SegFormer-B0,187713,Night-FOGGY,Night,FOGGY,0.9260798692703247,0.8
SegFormer-B0,187713,Night-RAIN,Night,RAIN,0.8532810211181641,0.8
SegFormer-B0,19188,Day-FOGGY,Day,FOGGY,0.9956427812576294,0.8
SegFormer-B0,19188,Day-RAIN,Day,RAIN,0.9573917984962463,0.8
SegFormer-B0,19188,Sunset-EXTRASUNNY,Sunset,EXTRASUNNY,0.9945943355560303,0.8
SegFormer-B0,19188,Sunset-FOGGY,Sunset,FOGGY,0.9689993262290955,0.8
SegFormer-B0,19188,Sunset-RAIN,Sunset,RAIN,0.9543352127075195,0.8
SegFormer-B0,19188,Night-EXTRASUNNY,Night,EXTRASUNNY,0.6320966482162476,0.8
SegFormer-B0,19188,Night-FOGGY,Night,FOGGY,0.615086555480957,0.8
SegFormer-B0,19188,Night-RAIN,Night,RAIN,0.6342406272888184,0.8
SegFormer-B0,196581,Day-FOGGY,Day,FOGGY,0.9913713335990906,0.8
SegFormer-B0,196581,Day-RAIN,Day,RAIN,0.9873015284538269,0.8
SegFormer-B0,196581,Sunset-EXTRASUNNY,Sunset,EXTRASUNNY,0.8801063299179077,0.8
SegFormer-B0,196581,Sunset-FOGGY,Sunset,FOGGY,0.8720356225967407,0.8
SegFormer-B0,196581,Sunset-RAIN,Sunset,RAIN,0.94243985414505,0.8
SegFormer-B0,196581,Night-EXTRASUNNY,Night,EXTRASUNNY,0.6783807277679443,0.8
SegFormer-B0,196581,Night-FOGGY,Night,FOGGY,0.5604858994483948,0.8
SegFormer-B0,196581,Night-RAIN,Night,RAIN,0.657446026802063,0.8
SegFormer-B0,2041817,Day-FOGGY,Day,FOGGY,0.8906219601631165,0.8
SegFormer-B0,2041817,Day-RAIN,Day,RAIN,0.8885182738304138,0.8
SegFormer-B0,2041817,Sunset-EXTRASUNNY,Sunset,EXTRASUNNY,0.8854267001152039,0.8
SegFormer-B0,2041817,Sunset-FOGGY,Sunset,FOGGY,0.820719838142395,0.8
SegFormer-B0,2041817,Sunset-RAIN,Sunset,RAIN,0.8728692531585693,0.8
SegFormer-B0,2041817,Night-EXTRASUNNY,Night,EXTRASUNNY,0.80267333984375,0.8
SegFormer-B0,2041817,Night-FOGGY,Night,FOGGY,0.4437984526157379,0.8
SegFormer-B0,2041817,Night-RAIN,Night,RAIN,0.5503666996955872,0.8
SegFormer-B0,21692,Day-FOGGY,Day,FOGGY,0.9284108877182007,0.8
SegFormer-B0,21692,Day-RAIN,Day,RAIN,0.9447944164276123,0.8
SegFormer-B0,21692,Sunset-EXTRASUNNY,Sunset,EXTRASUNNY,0.7984877824783325,0.8
SegFormer-B0,21692,Sunset-FOGGY,Sunset,FOGGY,0.7014469504356384,0.8
SegFormer-B0,21692,Sunset-RAIN,Sunset,RAIN,0.9783404469490051,0.8
SegFormer-B0,21692,Night-EXTRASUNNY,Night,EXTRASUNNY,0.8784734010696411,0.8
SegFormer-B0,21692,Night-FOGGY,Night,FOGGY,0.8668087720870972,0.8
SegFormer-B0,21692,Night-RAIN,Night,RAIN,0.5716078281402588,0.8
SegFormer-B0,2231013,Day-FOGGY,Day,FOGGY,0.9735039472579956,0.8
SegFormer-B0,2231013,Day-RAIN,Day,RAIN,0.9723069071769714,0.8
SegFormer-B0,2231013,Sunset-EXTRASUNNY,Sunset,EXTRASUNNY,0.9338260889053345,0.8
SegFormer-B0,2231013,Sunset-FOGGY,Sunset,FOGGY,0.8413577675819397,0.8
SegFormer-B0,2231013,Sunset-RAIN,Sunset,RAIN,0.9206693172454834,0.8
SegFormer-B0,2231013,Night-EXTRASUNNY,Night,EXTRASUNNY,0.7597371339797974,0.8
SegFormer-B0,2231013,Night-FOGGY,Night,FOGGY,0.6293327808380127,0.8
SegFormer-B0,2231013,Night-RAIN,Night,RAIN,0.6583296060562134,0.8
SegFormer-B0,223195,Day-FOGGY,Day,FOGGY,0.925762414932251,0.8
SegFormer-B0,223195,Day-RAIN,Day,RAIN,0.9831059575080872,0.8
SegFormer-B0,223195,Sunset-EXTRASUNNY,Sunset,EXTRASUNNY,0.9855930209159851,0.8
SegFormer-B0,223195,Sunset-FOGGY,Sunset,FOGGY,0.7905985713005066,0.8
SegFormer-B0,223195,Sunset-RAIN,Sunset,RAIN,0.9600954055786133,0.8
SegFormer-B0,223195,Night-EXTRASUNNY,Night,EXTRASUNNY,0.802505612373352,0.8
SegFormer-B0,223195,Night-FOGGY,Night,FOGGY,0.8174029588699341,0.8
SegFormer-B0,223195,Night-RAIN,Night,RAIN,0.8008083701133728,0.8
SegFormer-B0,231037,Day-FOGGY,Day,FOGGY,0.9883081912994385,0.8
SegFormer-B0,231037,Day-RAIN,Day,RAIN,0.9656171798706055,0.8
SegFormer-B0,231037,Sunset-EXTRASUNNY,Sunset,EXTRASUNNY,0.9887666702270508,0.8
SegFormer-B0,231037,Sunset-FOGGY,Sunset,FOGGY,0.8738577961921692,0.8
SegFormer-B0,231037,Sunset-RAIN,Sunset,RAIN,0.9358863234519958,0.8
SegFormer-B0,231037,Night-EXTRASUNNY,Night,EXTRASUNNY,0.9393524527549744,0.8
SegFormer-B0,231037,Night-FOGGY,Night,FOGGY,0.9719042778015137,0.8
SegFormer-B0,231037,Night-RAIN,Night,RAIN,0.910416305065155,0.8
SegFormer-B0,2461888,Day-FOGGY,Day,FOGGY,0.9427075982093811,0.8
SegFormer-B0,2461888,Day-RAIN,Day,RAIN,0.9715700745582581,0.8
SegFormer-B0,2461888,Sunset-EXTRASUNNY,Sunset,EXTRASUNNY,0.9465732574462891,0.8
SegFormer-B0,2461888,Sunset-FOGGY,Sunset,FOGGY,0.793244481086731,0.8
SegFormer-B0,2461888,Sunset-RAIN,Sunset,RAIN,0.9189054369926453,0.8
SegFormer-B0,2461888,Night-EXTRASUNNY,Night,EXTRASUNNY,0.6528372168540955,0.8
SegFormer-B0,2461888,Night-FOGGY,Night,FOGGY,0.46243366599082947,0.8
SegFormer-B0,2461888,Night-RAIN,Night,RAIN,0.554919421672821,0.8
SegFormer-B0,2531844,Day-FOGGY,Day,FOGGY,0.992567777633667,0.8
SegFormer-B0,2531844,Day-RAIN,Day,RAIN,0.9914430975914001,0.8
SegFormer-B0,2531844,Sunset-EXTRASUNNY,Sunset,EXTRASUNNY,0.8539265394210815,0.8
SegFormer-B0,2531844,Sunset-FOGGY,Sunset,FOGGY,0.8480597138404846,0.8
SegFormer-B0,2531844,Sunset-RAIN,Sunset,RAIN,0.9956260919570923,0.8
SegFormer-B0,2531844,Night-EXTRASUNNY,Night,EXTRASUNNY,0.5745590925216675,0.8
SegFormer-B0,2531844,Night-FOGGY,Night,FOGGY,0.8250402212142944,0.8
SegFormer-B0,2531844,Night-RAIN,Night,RAIN,0.7358056306838989,0.8
SegFormer-B0,2711181,Day-FOGGY,Day,FOGGY,0.9748774170875549,0.8
SegFormer-B0,2711181,Day-RAIN,Day,RAIN,0.9682911038398743,0.8
SegFormer-B0,2711181,Sunset-EXTRASUNNY,Sunset,EXTRASUNNY,0.9743158221244812,0.8
SegFormer-B0,2711181,Sunset-FOGGY,Sunset,FOGGY,0.9310494065284729,0.8
SegFormer-B0,2711181,Sunset-RAIN,Sunset,RAIN,0.9248703718185425,0.8
SegFormer-B0,2711181,Night-EXTRASUNNY,Night,EXTRASUNNY,0.9393888115882874,0.8
SegFormer-B0,2711181,Night-FOGGY,Night,FOGGY,0.9125815629959106,0.8
SegFormer-B0,2711181,Night-RAIN,Night,RAIN,0.9165543913841248,0.8
SegFormer-B0,288913,Day-FOGGY,Day,FOGGY,0.9831828474998474,0.8
SegFormer-B0,288913,Day-RAIN,Day,RAIN,0.9643728137016296,0.8
SegFormer-B0,288913,Sunset-EXTRASUNNY,Sunset,EXTRASUNNY,0.9238666892051697,0.8
SegFormer-B0,288913,Sunset-FOGGY,Sunset,FOGGY,0.9577869772911072,0.8
SegFormer-B0,288913,Sunset-RAIN,Sunset,RAIN,0.9576819539070129,0.8
SegFormer-B0,288913,Night-EXTRASUNNY,Night,EXTRASUNNY,0.9092003107070923,0.8
SegFormer-B0,288913,Night-FOGGY,Night,FOGGY,0.9295275211334229,0.8
SegFormer-B0,288913,Night-RAIN,Night,RAIN,0.8667339086532593,0.8
SegFormer-B0,302966,Day-FOGGY,Day,FOGGY,0.9699745774269104,0.8
SegFormer-B0,302966,Day-RAIN,Day,RAIN,0.9892767667770386,0.8
SegFormer-B0,302966,Sunset-EXTRASUNNY,Sunset,EXTRASUNNY,0.9817474484443665,0.8
SegFormer-B0,302966,Sunset-FOGGY,Sunset,FOGGY,0.9429618716239929,0.8
SegFormer-B0,302966,Sunset-RAIN,Sunset,RAIN,0.994953989982605,0.8
SegFormer-B0,302966,Night-EXTRASUNNY,Night,EXTRASUNNY,0.5974260568618774,0.8
SegFormer-B0,302966,Night-FOGGY,Night,FOGGY,0.541886031627655,0.8
SegFormer-B0,302966,Night-RAIN,Night,RAIN,0.6251100897789001,0.8
SegFormer-B0,320493,Day-FOGGY,Day,FOGGY,0.9693382382392883,0.8
SegFormer-B0,320493,Day-RAIN,Day,RAIN,0.9116219282150269,0.8
SegFormer-B0,320493,Sunset-EXTRASUNNY,Sunset,EXTRASUNNY,0.9081434011459351,0.8
SegFormer-B0,320493,Sunset-FOGGY,Sunset,FOGGY,0.8507605791091919,0.8
SegFormer-B0,320493,Sunset-RAIN,Sunset,RAIN,0.9048959612846375,0.8
SegFormer-B0,320493,Night-EXTRASUNNY,Night,EXTRASUNNY,0.8365963697433472,0.8
SegFormer-B0,320493,Night-FOGGY,Night,FOGGY,0.7376335859298706,0.8
SegFormer-B0,320493,Night-RAIN,Night,RAIN,0.7106675505638123,0.8
SegFormer-B0,365202,Day-FOGGY,Day,FOGGY,0.9966685175895691,0.8
SegFormer-B0,365202,Day-RAIN,Day,RAIN,0.9900221228599548,0.8
SegFormer-B0,365202,Sunset-EXTRASUNNY,Sunset,EXTRASUNNY,0.9947185516357422,0.8
SegFormer-B0,365202,Sunset-FOGGY,Sunset,FOGGY,0.9376911520957947,0.8
SegFormer-B0,365202,Sunset-RAIN,Sunset,RAIN,0.9898338317871094,0.8
SegFormer-B0,365202,Night-EXTRASUNNY,Night,EXTRASUNNY,0.8907437920570374,0.8
SegFormer-B0,365202,Night-FOGGY,Night,FOGGY,0.739147961139679,0.8
SegFormer-B0,365202,Night-RAIN,Night,RAIN,0.7761425375938416,0.8
SegFormer-B0,37573,Day-FOGGY,Day,FOGGY,0.9923754334449768,0.8
SegFormer-B0,37573,Day-RAIN,Day,RAIN,0.9765896797180176,0.8
SegFormer-B0,37573,Sunset-EXTRASUNNY,Sunset,EXTRASUNNY,0.9249957799911499,0.8
SegFormer-B0,37573,Sunset-FOGGY,Sunset,FOGGY,0.9515244960784912,0.8
SegFormer-B0,37573,Sunset-RAIN,Sunset,RAIN,0.9643094539642334,0.8
SegFormer-B0,37573,Night-EXTRASUNNY,Night,EXTRASUNNY,0.8645738363265991,0.8
SegFormer-B0,37573,Night-FOGGY,Night,FOGGY,0.8425513505935669,0.8
SegFormer-B0,37573,Night-RAIN,Night,RAIN,0.8403700590133667,0.8
SegFormer-B0,3761910,Day-FOGGY,Day,FOGGY,0.9900602102279663,0.8
SegFormer-B0,3761910,Day-RAIN,Day,RAIN,0.9729470610618591,0.8
SegFormer-B0,3761910,Sunset-EXTRASUNNY,Sunset,EXTRASUNNY,0.8290560245513916,0.8
SegFormer-B0,3761910,Sunset-FOGGY,Sunset,FOGGY,0.5649317502975464,0.8
SegFormer-B0,3761910,Sunset-RAIN,Sunset,RAIN,0.9608246088027954,0.8
SegFormer-B0,3761910,Night-EXTRASUNNY,Night,EXTRASUNNY,0.6936812400817871,0.8
SegFormer-B0,3761910,Night-FOGGY,Night,FOGGY,0.48186397552490234,0.8
SegFormer-B0,3761910,Night-RAIN,Night,RAIN,0.4938092827796936,0.8
SegFormer-B0,400776,Day-FOGGY,Day,FOGGY,0.950713574886322,0.8
SegFormer-B0,400776,Day-RAIN,Day,RAIN,0.9363784790039062,0.8
SegFormer-B0,400776,Sunset-EXTRASUNNY,Sunset,EXTRASUNNY,0.9206798672676086,0.8
SegFormer-B0,400776,Sunset-FOGGY,Sunset,FOGGY,0.8335999846458435,0.8
SegFormer-B0,400776,Sunset-RAIN,Sunset,RAIN,0.9383293390274048,0.8
SegFormer-B0,400776,Night-EXTRASUNNY,Night,EXTRASUNNY,0.5791839957237244,0.8
SegFormer-B0,400776,Night-FOGGY,Night,FOGGY,0.6123437881469727,0.8
SegFormer-B0,400776,Night-RAIN,Night,RAIN,0.5932852029800415,0.8
SegFormer-B0,43427,Day-FOGGY,Day,FOGGY,0.969192624092102,0.8
SegFormer-B0,43427,Day-RAIN,Day,RAIN,0.9398140907287598,0.8
SegFormer-B0,43427,Sunset-EXTRASUNNY,Sunset,EXTRASUNNY,0.9549745321273804,0.8
SegFormer-B0,43427,Sunset-FOGGY,Sunset,FOGGY,0.8983758687973022,0.8
SegFormer-B0,43427,Sunset-RAIN,Sunset,RAIN,0.9480757117271423,0.8
SegFormer-B0,43427,Night-EXTRASUNNY,Night,EXTRASUNNY,0.7108350396156311,0.8
SegFormer-B0,43427,Night-FOGGY,Night,FOGGY,0.6622997522354126,0.8
SegFormer-B0,43427,Night-RAIN,Night,RAIN,0.7602459192276001,0.8
SegFormer-B0,43428,Day-FOGGY,Day,FOGGY,0.8362478017807007,0.8
SegFormer-B0,43428,Day-RAIN,Day,RAIN,0.9871126413345337,0.8
SegFormer-B0,43428,Sunset-EXTRASUNNY,Sunset,EXTRASUNNY,0.981006383895874,0.8
SegFormer-B0,43428,Sunset-FOGGY,Sunset,FOGGY,0.8160834908485413,0.8
SegFormer-B0,43428,Sunset-RAIN,Sunset,RAIN,0.9793004393577576,0.8
SegFormer-B0,43428,Night-EXTRASUNNY,Night,EXTRASUNNY,0.7796626091003418,0.8
SegFormer-B0,43428,Night-FOGGY,Night,FOGGY,0.8008344769477844,0.8
SegFormer-B0,43428,Night-RAIN,Night,RAIN,0.8001754283905029,0.8
SegFormer-B0,4361495,Day-FOGGY,Day,FOGGY,0.9862120151519775,0.8
SegFormer-B0,4361495,Day-RAIN,Day,RAIN,0.9674394130706787,0.8
SegFormer-B0,4361495,Sunset-EXTRASUNNY,Sunset,EXTRASUNNY,0.9255980849266052,0.8
SegFormer-B0,4361495,Sunset-FOGGY,Sunset,FOGGY,0.9410232901573181,0.8
SegFormer-B0,4361495,Sunset-RAIN,Sunset,RAIN,0.9813504815101624,0.8
SegFormer-B0,4361495,Night-EXTRASUNNY,Night,EXTRASUNNY,0.7231475710868835,0.8
SegFormer-B0,4361495,Night-FOGGY,Night,FOGGY,0.602947473526001,0.8
SegFormer-B0,4361495,Night-RAIN,Night,RAIN,0.7201055884361267,0.8
SegFormer-B0,450967,Day-FOGGY,Day,FOGGY,0.9861871004104614,0.8
SegFormer-B0,450967,Day-RAIN,Day,RAIN,0.978420078754425,0.8
SegFormer-B0,450967,Sunset-EXTRASUNNY,Sunset,EXTRASUNNY,0.957820475101471,0.8
SegFormer-B0,450967,Sunset-FOGGY,Sunset,FOGGY,0.9616849422454834,0.8
SegFormer-B0,450967,Sunset-RAIN,Sunset,RAIN,0.9938295483589172,0.8
SegFormer-B0,450967,Night-EXTRASUNNY,Night,EXTRASUNNY,0.8333472609519958,0.8
SegFormer-B0,450967,Night-FOGGY,Night,FOGGY,0.6786918640136719,0.8
SegFormer-B0,450967,Night-RAIN,Night,RAIN,0.630549967288971,0.8
SegFormer-B0,4561149,Day-FOGGY,Day,FOGGY,0.9867786169052124,0.8
SegFormer-B0,4561149,Day-RAIN,Day,RAIN,0.9886994361877441,0.8
SegFormer-B0,4561149,Sunset-EXTRASUNNY,Sunset,EXTRASUNNY,0.6673597097396851,0.8
SegFormer-B0,4561149,Sunset-FOGGY,Sunset,FOGGY,0.8308848738670349,0.8
SegFormer-B0,4561149,Sunset-RAIN,Sunset,RAIN,0.9849443435668945,0.8
SegFormer-B0,4561149,Night-EXTRASUNNY,Night,EXTRASUNNY,0.5829910039901733,0.8
SegFormer-B0,4561149,Night-FOGGY,Night,FOGGY,0.3062840402126312,0.8
SegFormer-B0,4561149,Night-RAIN,Night,RAIN,0.30952373147010803,0.8
SegFormer-B0,460731,Day-FOGGY,Day,FOGGY,0.99913090467453,0.8
SegFormer-B0,460731,Day-RAIN,Day,RAIN,0.9761204719543457,0.8
SegFormer-B0,460731,Sunset-EXTRASUNNY,Sunset,EXTRASUNNY,0.9784137010574341,0.8
SegFormer-B0,460731,Sunset-FOGGY,Sunset,FOGGY,0.9699323773384094,0.8
SegFormer-B0,460731,Sunset-RAIN,Sunset,RAIN,0.9710186123847961,0.8
SegFormer-B0,460731,Night-EXTRASUNNY,Night,EXTRASUNNY,0.825222373008728,0.8
SegFormer-B0,460731,Night-FOGGY,Night,FOGGY,0.42739009857177734,0.8
SegFormer-B0,460731,Night-RAIN,Night,RAIN,0.800212562084198,0.8
SegFormer-B0,463639,Day-FOGGY,Day,FOGGY,0.9763641953468323,0.8
SegFormer-B0,463639,Day-RAIN,Day,RAIN,0.9838556051254272,0.8
SegFormer-B0,463639,Sunset-EXTRASUNNY,Sunset,EXTRASUNNY,0.8446966409683228,0.8
SegFormer-B0,463639,Sunset-FOGGY,Sunset,FOGGY,0.9094789028167725,0.8
SegFormer-B0,463639,Sunset-RAIN,Sunset,RAIN,0.9739641547203064,0.8
SegFormer-B0,463639,Night-EXTRASUNNY,Night,EXTRASUNNY,0.9361122250556946,0.8
SegFormer-B0,463639,Night-FOGGY,Night,FOGGY,0.9456889033317566,0.8
SegFormer-B0,463639,Night-RAIN,Night,RAIN,0.9407758712768555,0.8
SegFormer-B0,4641194,Day-FOGGY,Day,FOGGY,0.965326189994812,0.8
SegFormer-B0,4641194,Day-RAIN,Day,RAIN,0.9880716800689697,0.8
SegFormer-B0,4641194,Sunset-EXTRASUNNY,Sunset,EXTRASUNNY,0.9487910270690918,0.8
SegFormer-B0,4641194,Sunset-FOGGY,Sunset,FOGGY,0.8044899702072144,0.8
SegFormer-B0,4641194,Sunset-RAIN,Sunset,RAIN,0.9279440641403198,0.8
SegFormer-B0,4641194,Night-EXTRASUNNY,Night,EXTRASUNNY,0.731463611125946,0.8
SegFormer-B0,4641194,Night-FOGGY,Night,FOGGY,0.574924886226654,0.8
SegFormer-B0,4641194,Night-RAIN,Night,RAIN,0.5280271172523499,0.8
SegFormer-B0,471118,Day-FOGGY,Day,FOGGY,0.9077281951904297,0.8
SegFormer-B0,471118,Day-RAIN,Day,RAIN,0.8745262622833252,0.8
SegFormer-B0,471118,Sunset-EXTRASUNNY,Sunset,EXTRASUNNY,0.9330083727836609,0.8
SegFormer-B0,471118,Sunset-FOGGY,Sunset,FOGGY,0.7818644642829895,0.8
SegFormer-B0,471118,Sunset-RAIN,Sunset,RAIN,0.8001090884208679,0.8
SegFormer-B0,471118,Night-EXTRASUNNY,Night,EXTRASUNNY,0.6346479654312134,0.8
SegFormer-B0,471118,Night-FOGGY,Night,FOGGY,0.6868476867675781,0.8
SegFormer-B0,471118,Night-RAIN,Night,RAIN,0.7079919576644897,0.8
SegFormer-B0,4811864,Day-FOGGY,Day,FOGGY,0.9235520958900452,0.8
SegFormer-B0,4811864,Day-RAIN,Day,RAIN,0.9572169780731201,0.8
SegFormer-B0,4811864,Sunset-EXTRASUNNY,Sunset,EXTRASUNNY,0.9376649260520935,0.8
SegFormer-B0,4811864,Sunset-FOGGY,Sunset,FOGGY,0.9286568760871887,0.8
SegFormer-B0,4811864,Sunset-RAIN,Sunset,RAIN,0.9568427205085754,0.8
SegFormer-B0,4811864,Night-EXTRASUNNY,Night,EXTRASUNNY,0.5637983679771423,0.8
SegFormer-B0,4811864,Night-FOGGY,Night,FOGGY,0.561062216758728,0.8
SegFormer-B0,4811864,Night-RAIN,Night,RAIN,0.5926703214645386,0.8
SegFormer-B0,481618,Day-FOGGY,Day,FOGGY,0.958085834980011,0.8
SegFormer-B0,481618,Day-RAIN,Day,RAIN,0.918870747089386,0.8
SegFormer-B0,481618,Sunset-EXTRASUNNY,Sunset,EXTRASUNNY,0.8923223614692688,0.8
SegFormer-B0,481618,Sunset-FOGGY,Sunset,FOGGY,0.8857308030128479,0.8
SegFormer-B0,481618,Sunset-RAIN,Sunset,RAIN,0.9119305610656738,0.8
SegFormer-B0,481618,Night-EXTRASUNNY,Night,EXTRASUNNY,0.8838875889778137,0.8
SegFormer-B0,481618,Night-FOGGY,Night,FOGGY,0.84674072265625,0.8
SegFormer-B0,481618,Night-RAIN,Night,RAIN,0.8894680142402649,0.8
SegFormer-B0,4911785,Day-FOGGY,Day,FOGGY,0.9901849031448364,0.8
SegFormer-B0,4911785,Day-RAIN,Day,RAIN,0.9814056754112244,0.8
SegFormer-B0,4911785,Sunset-EXTRASUNNY,Sunset,EXTRASUNNY,0.9455828666687012,0.8
SegFormer-B0,4911785,Sunset-FOGGY,Sunset,FOGGY,0.8687809705734253,0.8
SegFormer-B0,4911785,Sunset-RAIN,Sunset,RAIN,0.972348690032959,0.8
SegFormer-B0,4911785,Night-EXTRASUNNY,Night,EXTRASUNNY,0.535987138748169,0.8
SegFormer-B0,4911785,Night-FOGGY,Night,FOGGY,0.6218466758728027,0.8
SegFormer-B0,4911785,Night-RAIN,Night,RAIN,0.7801587581634521,0.8
SegFormer-B0,5370,Day-FOGGY,Day,FOGGY,0.9637318253517151,0.8
SegFormer-B0,5370,Day-RAIN,Day,RAIN,0.9540988802909851,0.8
SegFormer-B0,5370,Sunset-EXTRASUNNY,Sunset,EXTRASUNNY,0.7751531600952148,0.8
SegFormer-B0,5370,Sunset-FOGGY,Sunset,FOGGY,0.7897326350212097,0.8
SegFormer-B0,5370,Sunset-RAIN,Sunset,RAIN,0.7774841785430908,0.8
SegFormer-B0,5370,Night-EXTRASUNNY,Night,EXTRASUNNY,0.8129481077194214,0.8
SegFormer-B0,5370,Night-FOGGY,Night,FOGGY,0.6600340604782104,0.8
SegFormer-B0,5370,Night-RAIN,Night,RAIN,0.8080583214759827,0.8
SegFormer-B0,550217,Day-FOGGY,Day,FOGGY,0.9910216927528381,0.8
SegFormer-B0,550217,Day-RAIN,Day,RAIN,0.9700132012367249,0.8
SegFormer-B0,550217,Sunset-EXTRASUNNY,Sunset,EXTRASUNNY,0.9732180237770081,0.8
SegFormer-B0,550217,Sunset-FOGGY,Sunset,FOGGY,0.8960376381874084,0.8
SegFormer-B0,550217,Sunset-RAIN,Sunset,RAIN,0.9192826747894287,0.8
SegFormer-B0,550217,Night-EXTRASUNNY,Night,EXTRASUNNY,0.8692460060119629,0.8
SegFormer-B0,550217,Night-FOGGY,Night,FOGGY,0.7970662117004395,0.8
SegFormer-B0,550217,Night-RAIN,Night,RAIN,0.8775361776351929,0.8
SegFormer-B0,564213,Day-FOGGY,Day,FOGGY,0.9775896072387695,0.8
SegFormer-B0,564213,Day-RAIN,Day,RAIN,0.9506096243858337,0.8
SegFormer-B0,564213,Sunset-EXTRASUNNY,Sunset,EXTRASUNNY,0.9408882260322571,0.8
SegFormer-B0,564213,Sunset-FOGGY,Sunset,FOGGY,0.8523291945457458,0.8
SegFormer-B0,564213,Sunset-RAIN,Sunset,RAIN,0.9539896249771118,0.8
SegFormer-B0,564213,Night-EXTRASUNNY,Night,EXTRASUNNY,0.5109593272209167,0.8
SegFormer-B0,564213,Night-FOGGY,Night,FOGGY,0.47228118777275085,0.8
SegFormer-B0,564213,Night-RAIN,Night,RAIN,0.5195127725601196,0.8
SegFormer-B0,568243,Day-FOGGY,Day,FOGGY,0.9876562356948853,0.8
SegFormer-B0,568243,Day-RAIN,Day,RAIN,0.990319550037384,0.8
SegFormer-B0,568243,Sunset-EXTRASUNNY,Sunset,EXTRASUNNY,0.9568086266517639,0.8
SegFormer-B0,568243,Sunset-FOGGY,Sunset,FOGGY,0.9626607894897461,0.8
SegFormer-B0,568243,Sunset-RAIN,Sunset,RAIN,0.9487289190292358,0.8
SegFormer-B0,568243,Night-EXTRASUNNY,Night,EXTRASUNNY,0.6716492772102356,0.8
SegFormer-B0,568243,Night-FOGGY,Night,FOGGY,0.8112933039665222,0.8
SegFormer-B0,568243,Night-RAIN,Night,RAIN,0.725741446018219,0.8
SegFormer-B0,5791659,Day-FOGGY,Day,FOGGY,0.945098340511322,0.8
SegFormer-B0,5791659,Day-RAIN,Day,RAIN,0.9063523411750793,0.8
SegFormer-B0,5791659,Sunset-EXTRASUNNY,Sunset,EXTRASUNNY,0.9655054211616516,0.8
SegFormer-B0,5791659,Sunset-FOGGY,Sunset,FOGGY,0.9098945260047913,0.8
SegFormer-B0,5791659,Sunset-RAIN,Sunset,RAIN,0.9511894583702087,0.8
SegFormer-B0,5791659,Night-EXTRASUNNY,Night,EXTRASUNNY,0.8546342253684998,0.8
SegFormer-B0,5791659,Night-FOGGY,Night,FOGGY,0.6282938122749329,0.8
SegFormer-B0,5791659,Night-RAIN,Night,RAIN,0.8172605037689209,0.8
SegFormer-B0,5951694,Day-FOGGY,Day,FOGGY,0.9778645634651184,0.8
SegFormer-B0,5951694,Day-RAIN,Day,RAIN,0.9712666869163513,0.8
SegFormer-B0,5951694,Sunset-EXTRASUNNY,Sunset,EXTRASUNNY,0.7652004361152649,0.8
SegFormer-B0,5951694,Sunset-FOGGY,Sunset,FOGGY,0.8874599933624268,0.8
SegFormer-B0,5951694,Sunset-RAIN,Sunset,RAIN,0.9733196496963501,0.8
SegFormer-B0,5951694,Night-EXTRASUNNY,Night,EXTRASUNNY,0.8577572107315063,0.8
SegFormer-B0,5951694,Night-FOGGY,Night,FOGGY,0.40650275349617004,0.8
SegFormer-B0,5951694,Night-RAIN,Night,RAIN,0.5030185580253601,0.8
SegFormer-B0,596621,Day-FOGGY,Day,FOGGY,0.9851740598678589,0.8
SegFormer-B0,596621,Day-RAIN,Day,RAIN,0.9344725608825684,0.8
SegFormer-B0,596621,Sunset-EXTRASUNNY,Sunset,EXTRASUNNY,0.9899673461914062,0.8
SegFormer-B0,596621,Sunset-FOGGY,Sunset,FOGGY,0.6991966962814331,0.8
SegFormer-B0,596621,Sunset-RAIN,Sunset,RAIN,0.9778460264205933,0.8
SegFormer-B0,596621,Night-EXTRASUNNY,Night,EXTRASUNNY,0.7278538346290588,0.8
SegFormer-B0,596621,Night-FOGGY,Night,FOGGY,0.8756150603294373,0.8
SegFormer-B0,596621,Night-RAIN,Night,RAIN,0.8243577480316162,0.8
SegFormer-B0,60144,Day-FOGGY,Day,FOGGY,0.9855877161026001,0.8
SegFormer-B0,60144,Day-RAIN,Day,RAIN,0.9457498788833618,0.8
SegFormer-B0,60144,Sunset-EXTRASUNNY,Sunset,EXTRASUNNY,0.8641211986541748,0.8
SegFormer-B0,60144,Sunset-FOGGY,Sunset,FOGGY,0.8141594529151917,0.8
SegFormer-B0,60144,Sunset-RAIN,Sunset,RAIN,0.9361411929130554,0.8
SegFormer-B0,60144,Night-EXTRASUNNY,Night,EXTRASUNNY,0.7761978507041931,0.8
SegFormer-B0,60144,Night-FOGGY,Night,FOGGY,0.6830386519432068,0.8
SegFormer-B0,60144,Night-RAIN,Night,RAIN,0.7776508331298828,0.8
SegFormer-B0,602947,Day-FOGGY,Day,FOGGY,0.9955635666847229,0.8
SegFormer-B0,602947,Day-RAIN,Day,RAIN,0.9708357453346252,0.8
SegFormer-B0,602947,Sunset-EXTRASUNNY,Sunset,EXTRASUNNY,0.788884699344635,0.8
SegFormer-B0,602947,Sunset-FOGGY,Sunset,FOGGY,0.7175140380859375,0.8
SegFormer-B0,602947,Sunset-RAIN,Sunset,RAIN,0.9614096879959106,0.8
SegFormer-B0,602947,Night-EXTRASUNNY,Night,EXTRASUNNY,0.8189762830734253,0.8
SegFormer-B0,602947,Night-FOGGY,Night,FOGGY,0.9146166443824768,0.8
SegFormer-B0,602947,Night-RAIN,Night,RAIN,0.8214278817176819,0.8
SegFormer-B0,611370,Day-FOGGY,Day,FOGGY,0.9911474585533142,0.8
SegFormer-B0,611370,Day-RAIN,Day,RAIN,0.9819644689559937,0.8
SegFormer-B0,611370,Sunset-EXTRASUNNY,Sunset,EXTRASUNNY,0.8867906928062439,0.8
SegFormer-B0,611370,Sunset-FOGGY,Sunset,FOGGY,0.9075796008110046,0.8
SegFormer-B0,611370,Sunset-RAIN,Sunset,RAIN,0.9826892018318176,0.8
SegFormer-B0,611370,Night-EXTRASUNNY,Night,EXTRASUNNY,0.7480993866920471,0.8
SegFormer-B0,611370,Night-FOGGY,Night,FOGGY,0.9233846664428711,0.8
SegFormer-B0,611370,Night-RAIN,Night,RAIN,0.7945101261138916,0.8
SegFormer-B0,6461059,Day-FOGGY,Day,FOGGY,0.994745135307312,0.8
SegFormer-B0,6461059,Day-RAIN,Day,RAIN,0.9760627150535583,0.8
SegFormer-B0,6461059,Sunset-EXTRASUNNY,Sunset,EXTRASUNNY,0.8298027515411377,0.8
SegFormer-B0,6461059,Sunset-FOGGY,Sunset,FOGGY,0.9603457450866699,0.8
SegFormer-B0,6461059,Sunset-RAIN,Sunset,RAIN,0.9828235507011414,0.8
SegFormer-B0,6461059,Night-EXTRASUNNY,Night,EXTRASUNNY,0.930404543876648,0.8
SegFormer-B0,6461059,Night-FOGGY,Night,FOGGY,0.9633124470710754,0.8
SegFormer-B0,6461059,Night-RAIN,Night,RAIN,0.8043504357337952,0.8
SegFormer-B0,6521874,Day-FOGGY,Day,FOGGY,0.953909158706665,0.8
SegFormer-B0,6521874,Day-RAIN,Day,RAIN,0.9423826336860657,0.8
SegFormer-B0,6521874,Sunset-EXTRASUNNY,Sunset,EXTRASUNNY,0.7603787183761597,0.8
SegFormer-B0,6521874,Sunset-FOGGY,Sunset,FOGGY,0.5569698810577393,0.8
SegFormer-B0,6521874,Sunset-RAIN,Sunset,RAIN,0.9670140743255615,0.8
SegFormer-B0,6521874,Night-EXTRASUNNY,Night,EXTRASUNNY,0.38011282682418823,0.8
SegFormer-B0,6521874,Night-FOGGY,Night,FOGGY,0.31139248609542847,0.8
SegFormer-B0,6521874,Night-RAIN,Night,RAIN,0.3347139358520508,0.8
SegFormer-B0,6761290,Day-FOGGY,Day,FOGGY,0.801945149898529,0.8
SegFormer-B0,6761290,Day-RAIN,Day,RAIN,0.9768080115318298,0.8
SegFormer-B0,6761290,Sunset-EXTRASUNNY,Sunset,EXTRASUNNY,0.8343879580497742,0.8
SegFormer-B0,6761290,Sunset-FOGGY,Sunset,FOGGY,0.6616906523704529,0.8
SegFormer-B0,6761290,Sunset-RAIN,Sunset,RAIN,0.9178562760353088,0.8
SegFormer-B0,6761290,Night-EXTRASUNNY,Night,EXTRASUNNY,0.5622243881225586,0.8
SegFormer-B0,6761290,Night-FOGGY,Night,FOGGY,0.4423988163471222,0.8
SegFormer-B0,6761290,Night-RAIN,Night,RAIN,0.4654352366924286,0.8
SegFormer-B0,677878,Day-FOGGY,Day,FOGGY,0.9527711868286133,0.8
SegFormer-B0,677878,Day-RAIN,Day,RAIN,0.9577152132987976,0.8
SegFormer-B0,677878,Sunset-EXTRASUNNY,Sunset,EXTRASUNNY,0.9546830058097839,0.8
SegFormer-B0,677878,Sunset-FOGGY,Sunset,FOGGY,0.9160516262054443,0.8
SegFormer-B0,677878,Sunset-RAIN,Sunset,RAIN,0.9406614899635315,0.8
SegFormer-B0,677878,Night-EXTRASUNNY,Night,EXTRASUNNY,0.8314149379730225,0.8
SegFormer-B0,677878,Night-FOGGY,Night,FOGGY,0.6598675847053528,0.8
SegFormer-B0,677878,Night-RAIN,Night,RAIN,0.7611626386642456,0.8
SegFormer-B0,6942171,Day-FOGGY,Day,FOGGY,0.7192233800888062,0.8
SegFormer-B0,6942171,Day-RAIN,Day,RAIN,0.9808493852615356,0.8
SegFormer-B0,6942171,Sunset-EXTRASUNNY,Sunset,EXTRASUNNY,0.9429402351379395,0.8
SegFormer-B0,6942171,Sunset-FOGGY,Sunset,FOGGY,0.686892032623291,0.8
SegFormer-B0,6942171,Sunset-RAIN,Sunset,RAIN,0.9370942711830139,0.8
SegFormer-B0,6942171,Night-EXTRASUNNY,Night,EXTRASUNNY,0.5726452469825745,0.8
SegFormer-B0,6942171,Night-FOGGY,Night,FOGGY,0.5146079659461975,0.8
SegFormer-B0,6942171,Night-RAIN,Night,RAIN,0.583277702331543,0.8
SegFormer-B0,706997,Day-FOGGY,Day,FOGGY,0.9951726198196411,0.8
SegFormer-B0,706997,Day-RAIN,Day,RAIN,0.9807929396629333,0.8
SegFormer-B0,706997,Sunset-EXTRASUNNY,Sunset,EXTRASUNNY,0.82852703332901,0.8
SegFormer-B0,706997,Sunset-FOGGY,Sunset,FOGGY,0.9280274510383606,0.8
SegFormer-B0,706997,Sunset-RAIN,Sunset,RAIN,0.9926632046699524,0.8
SegFormer-B0,706997,Night-EXTRASUNNY,Night,EXTRASUNNY,0.6897435784339905,0.8
SegFormer-B0,706997,Night-FOGGY,Night,FOGGY,0.8760815858840942,0.8
SegFormer-B0,706997,Night-RAIN,Night,RAIN,0.5018542408943176,0.8
SegFormer-B0,709297,Day-FOGGY,Day,FOGGY,0.98084956407547,0.8
SegFormer-B0,709297,Day-RAIN,Day,RAIN,0.9614160060882568,0.8
SegFormer-B0,709297,Sunset-EXTRASUNNY,Sunset,EXTRASUNNY,0.7605466246604919,0.8
SegFormer-B0,709297,Sunset-FOGGY,Sunset,FOGGY,0.777999997138977,0.8
SegFormer-B0,709297,Sunset-RAIN,Sunset,RAIN,0.9651694893836975,0.8
SegFormer-B0,709297,Night-EXTRASUNNY,Night,EXTRASUNNY,0.7517477869987488,0.8
SegFormer-B0,709297,Night-FOGGY,Night,FOGGY,0.7635490298271179,0.8
SegFormer-B0,709297,Night-RAIN,Night,RAIN,0.7500749826431274,0.8
SegFormer-B0,721627,Day-FOGGY,Day,FOGGY,0.9964508414268494,0.8
SegFormer-B0,721627,Day-RAIN,Day,RAIN,0.9941809177398682,0.8
SegFormer-B0,721627,Sunset-EXTRASUNNY,Sunset,EXTRASUNNY,0.8596293330192566,0.8
SegFormer-B0,721627,Sunset-FOGGY,Sunset,FOGGY,0.8440049290657043,0.8
SegFormer-B0,721627,Sunset-RAIN,Sunset,RAIN,0.9896993637084961,0.8
SegFormer-B0,721627,Night-EXTRASUNNY,Night,EXTRASUNNY,0.8621571660041809,0.8
SegFormer-B0,721627,Night-FOGGY,Night,FOGGY,0.806759774684906,0.8
SegFormer-B0,721627,Night-RAIN,Night,RAIN,0.8627535700798035,0.8
SegFormer-B0,730301,Day-FOGGY,Day,FOGGY,0.8781723976135254,0.8
SegFormer-B0,730301,Day-RAIN,Day,RAIN,0.9701703190803528,0.8
SegFormer-B0,730301,Sunset-EXTRASUNNY,Sunset,EXTRASUNNY,0.9693955183029175,0.8
SegFormer-B0,730301,Sunset-FOGGY,Sunset,FOGGY,0.9678849577903748,0.8
SegFormer-B0,730301,Sunset-RAIN,Sunset,RAIN,0.9667491912841797,0.8
SegFormer-B0,730301,Night-EXTRASUNNY,Night,EXTRASUNNY,0.7028023600578308,0.8
SegFormer-B0,730301,Night-FOGGY,Night,FOGGY,0.8552670478820801,0.8
SegFormer-B0,730301,Night-RAIN,Night,RAIN,0.6613818407058716,0.8
SegFormer-B0,7402052,Day-FOGGY,Day,FOGGY,0.918097972869873,0.8
SegFormer-B0,7402052,Day-RAIN,Day,RAIN,0.9686791896820068,0.8
SegFormer-B0,7402052,Sunset-EXTRASUNNY,Sunset,EXTRASUNNY,0.7517426609992981,0.8
SegFormer-B0,7402052,Sunset-FOGGY,Sunset,FOGGY,0.6124429106712341,0.8
SegFormer-B0,7402052,Sunset-RAIN,Sunset,RAIN,0.963248074054718,0.8
SegFormer-B0,7402052,Night-EXTRASUNNY,Night,EXTRASUNNY,0.6636321544647217,0.8
SegFormer-B0,7402052,Night-FOGGY,Night,FOGGY,0.5621080994606018,0.8
SegFormer-B0,7402052,Night-RAIN,Night,RAIN,0.596600353717804,0.8
SegFormer-B0,740535,Day-FOGGY,Day,FOGGY,0.990271270275116,0.8
SegFormer-B0,740535,Day-RAIN,Day,RAIN,0.9888021945953369,0.8
SegFormer-B0,740535,Sunset-EXTRASUNNY,Sunset,EXTRASUNNY,0.9901924729347229,0.8
SegFormer-B0,740535,Sunset-FOGGY,Sunset,FOGGY,0.9503662586212158,0.8
SegFormer-B0,740535,Sunset-RAIN,Sunset,RAIN,0.976059079170227,0.8
SegFormer-B0,740535,Night-EXTRASUNNY,Night,EXTRASUNNY,0.7215211391448975,0.8
SegFormer-B0,740535,Night-FOGGY,Night,FOGGY,0.4606960415840149,0.8
SegFormer-B0,740535,Night-RAIN,Night,RAIN,0.6843741536140442,0.8
SegFormer-B0,754244,Day-FOGGY,Day,FOGGY,0.9765447378158569,0.8
SegFormer-B0,754244,Day-RAIN,Day,RAIN,0.9785564541816711,0.8
SegFormer-B0,754244,Sunset-EXTRASUNNY,Sunset,EXTRASUNNY,0.9765806198120117,0.8
SegFormer-B0,754244,Sunset-FOGGY,Sunset,FOGGY,0.9353009462356567,0.8
SegFormer-B0,754244,Sunset-RAIN,Sunset,RAIN,0.9896767735481262,0.8
SegFormer-B0,754244,Night-EXTRASUNNY,Night,EXTRASUNNY,0.7992790937423706,0.8
SegFormer-B0,754244,Night-FOGGY,Night,FOGGY,0.6259086728096008,0.8
SegFormer-B0,754244,Night-RAIN,Night,RAIN,0.6938439607620239,0.8
SegFormer-B0,7601172,Day-FOGGY,Day,FOGGY,0.9631544351577759,0.8
SegFormer-B0,7601172,Day-RAIN,Day,RAIN,0.7884157299995422,0.8
SegFormer-B0,7601172,Sunset-EXTRASUNNY,Sunset,EXTRASUNNY,0.7444730997085571,0.8
SegFormer-B0,7601172,Sunset-FOGGY,Sunset,FOGGY,0.5425644516944885,0.8
SegFormer-B0,7601172,Sunset-RAIN,Sunset,RAIN,0.9529079794883728,0.8
SegFormer-B0,7601172,Night-EXTRASUNNY,Night,EXTRASUNNY,0.5576675534248352,0.8
SegFormer-B0,7601172,Night-FOGGY,Night,FOGGY,0.7167396545410156,0.8
SegFormer-B0,7601172,Night-RAIN,Night,RAIN,0.5189473628997803,0.8
SegFormer-B0,764275,Day-FOGGY,Day,FOGGY,0.703904390335083,0.8
SegFormer-B0,764275,Day-RAIN,Day,RAIN,0.9542372822761536,0.8
SegFormer-B0,764275,Sunset-EXTRASUNNY,Sunset,EXTRASUNNY,0.8846533894538879,0.8
SegFormer-B0,764275,Sunset-FOGGY,Sunset,FOGGY,0.6373850107192993,0.8
SegFormer-B0,764275,Sunset-RAIN,Sunset,RAIN,0.890212893486023,0.8
SegFormer-B0,764275,Night-EXTRASUNNY,Night,EXTRASUNNY,0.5964682698249817,0.8
SegFormer-B0,764275,Night-FOGGY,Night,FOGGY,0.6042454242706299,0.8
SegFormer-B0,764275,Night-RAIN,Night,RAIN,0.620921790599823,0.8
SegFormer-B0,80078,Day-FOGGY,Day,FOGGY,0.9929717779159546,0.8
SegFormer-B0,80078,Day-RAIN,Day,RAIN,0.9875777959823608,0.8
SegFormer-B0,80078,Sunset-EXTRASUNNY,Sunset,EXTRASUNNY,0.9850117564201355,0.8
SegFormer-B0,80078,Sunset-FOGGY,Sunset,FOGGY,0.9825506806373596,0.8
SegFormer-B0,80078,Sunset-RAIN,Sunset,RAIN,0.9826700687408447,0.8
SegFormer-B0,80078,Night-EXTRASUNNY,Night,EXTRASUNNY,0.7924212217330933,0.8
SegFormer-B0,80078,Night-FOGGY,Night,FOGGY,0.5007755756378174,0.8
SegFormer-B0,80078,Night-RAIN,Night,RAIN,0.7273966670036316,0.8
SegFormer-B0,802754,Day-FOGGY,Day,FOGGY,0.9820365905761719,0.8
SegFormer-B0,802754,Day-RAIN,Day,RAIN,0.9925505518913269,0.8
SegFormer-B0,802754,Sunset-EXTRASUNNY,Sunset,EXTRASUNNY,0.9765356183052063,0.8
SegFormer-B0,802754,Sunset-FOGGY,Sunset,FOGGY,0.9213085770606995,0.8
SegFormer-B0,802754,Sunset-RAIN,Sunset,RAIN,0.979750394821167,0.8
SegFormer-B0,802754,Night-EXTRASUNNY,Night,EXTRASUNNY,0.7898290753364563,0.8
SegFormer-B0,802754,Night-FOGGY,Night,FOGGY,0.7410404682159424,0.8
SegFormer-B0,802754,Night-RAIN,Night,RAIN,0.737742006778717,0.8
SegFormer-B0,807294,Day-FOGGY,Day,FOGGY,0.9445940256118774,0.8
SegFormer-B0,807294,Day-RAIN,Day,RAIN,0.7727323174476624,0.8
SegFormer-B0,807294,Sunset-EXTRASUNNY,Sunset,EXTRASUNNY,0.7626463770866394,0.8
SegFormer-B0,807294,Sunset-FOGGY,Sunset,FOGGY,0.7776678204536438,0.8
SegFormer-B0,807294,Sunset-RAIN,Sunset,RAIN,0.9126240015029907,0.8
SegFormer-B0,807294,Night-EXTRASUNNY,Night,EXTRASUNNY,0.7728995084762573,0.8
SegFormer-B0,807294,Night-FOGGY,Night,FOGGY,0.7474774122238159,0.8
SegFormer-B0,807294,Night-RAIN,Night,RAIN,0.756382942199707,0.8
SegFormer-B0,8211195,Day-FOGGY,Day,FOGGY,0.9781119227409363,0.8
SegFormer-B0,8211195,Day-RAIN,Day,RAIN,0.9772313237190247,0.8
SegFormer-B0,8211195,Sunset-EXTRASUNNY,Sunset,EXTRASUNNY,0.9741854667663574,0.8
SegFormer-B0,8211195,Sunset-FOGGY,Sunset,FOGGY,0.9043512940406799,0.8
SegFormer-B0,8211195,Sunset-RAIN,Sunset,RAIN,0.9643507599830627,0.8
SegFormer-B0,8211195,Night-EXTRASUNNY,Night,EXTRASUNNY,0.5289021730422974,0.8
SegFormer-B0,8211195,Night-FOGGY,Night,FOGGY,0.30820462107658386,0.8
SegFormer-B0,8211195,Night-RAIN,Night,RAIN,0.5010969638824463,0.8
SegFormer-B0,840214,Day-FOGGY,Day,FOGGY,0.9727933406829834,0.8
SegFormer-B0,840214,Day-RAIN,Day,RAIN,0.9417290091514587,0.8
SegFormer-B0,840214,Sunset-EXTRASUNNY,Sunset,EXTRASUNNY,0.9633272886276245,0.8
SegFormer-B0,840214,Sunset-FOGGY,Sunset,FOGGY,0.9383946061134338,0.8
SegFormer-B0,840214,Sunset-RAIN,Sunset,RAIN,0.9612377882003784,0.8
SegFormer-B0,840214,Night-EXTRASUNNY,Night,EXTRASUNNY,0.6103437542915344,0.8
SegFormer-B0,840214,Night-FOGGY,Night,FOGGY,0.6583298444747925,0.8
SegFormer-B0,840214,Night-RAIN,Night,RAIN,0.642673134803772,0.8
SegFormer-B0,849953,Day-FOGGY,Day,FOGGY,0.9081441760063171,0.8
SegFormer-B0,849953,Day-RAIN,Day,RAIN,0.849545955657959,0.8
SegFormer-B0,849953,Sunset-EXTRASUNNY,Sunset,EXTRASUNNY,0.8823292255401611,0.8
SegFormer-B0,849953,Sunset-FOGGY,Sunset,FOGGY,0.7470473051071167,0.8
SegFormer-B0,849953,Sunset-RAIN,Sunset,RAIN,0.8179042339324951,0.8
SegFormer-B0,849953,Night-EXTRASUNNY,Night,EXTRASUNNY,0.7926506996154785,0.8
SegFormer-B0,849953,Night-FOGGY,Night,FOGGY,0.652400553226471,0.8
SegFormer-B0,849953,Night-RAIN,Night,RAIN,0.6837993264198303,0.8
SegFormer-B0,863810,Day-FOGGY,Day,FOGGY,0.9925411939620972,0.8
SegFormer-B0,863810,Day-RAIN,Day,RAIN,0.94926518201828,0.8
SegFormer-B0,863810,Sunset-EXTRASUNNY,Sunset,EXTRASUNNY,0.983066976070404,0.8
SegFormer-B0,863810,Sunset-FOGGY,Sunset,FOGGY,0.985254168510437,0.8
SegFormer-B0,863810,Sunset-RAIN,Sunset,RAIN,0.9729935526847839,0.8
SegFormer-B0,863810,Night-EXTRASUNNY,Night,EXTRASUNNY,0.6384010314941406,0.8
SegFormer-B0,863810,Night-FOGGY,Night,FOGGY,0.9361371397972107,0.8
SegFormer-B0,863810,Night-RAIN,Night,RAIN,0.6344770193099976,0.8
SegFormer-B0,871354,Day-FOGGY,Day,FOGGY,0.9335411190986633,0.8
SegFormer-B0,871354,Day-RAIN,Day,RAIN,0.9831688404083252,0.8
SegFormer-B0,871354,Sunset-EXTRASUNNY,Sunset,EXTRASUNNY,0.9453452229499817,0.8
SegFormer-B0,871354,Sunset-FOGGY,Sunset,FOGGY,0.831238329410553,0.8
SegFormer-B0,871354,Sunset-RAIN,Sunset,RAIN,0.9866822957992554,0.8
SegFormer-B0,871354,Night-EXTRASUNNY,Night,EXTRASUNNY,0.5397393703460693,0.8
SegFormer-B0,871354,Night-FOGGY,Night,FOGGY,0.6633992791175842,0.8
SegFormer-B0,871354,Night-RAIN,Night,RAIN,0.6709226369857788,0.8
SegFormer-B0,878,Day-FOGGY,Day,FOGGY,0.9845531582832336,0.8
SegFormer-B0,878,Day-RAIN,Day,RAIN,0.9802045226097107,0.8
SegFormer-B0,878,Sunset-EXTRASUNNY,Sunset,EXTRASUNNY,0.943638265132904,0.8
SegFormer-B0,878,Sunset-FOGGY,Sunset,FOGGY,0.878146231174469,0.8
SegFormer-B0,878,Sunset-RAIN,Sunset,RAIN,0.9323804974555969,0.8
SegFormer-B0,878,Night-EXTRASUNNY,Night,EXTRASUNNY,0.8437393307685852,0.8
SegFormer-B0,878,Night-FOGGY,Night,FOGGY,0.7331856489181519,0.8
SegFormer-B0,878,Night-RAIN,Night,RAIN,0.8214181065559387,0.8
SegFormer-B0,8791456,Day-FOGGY,Day,FOGGY,0.8833147883415222,0.8
SegFormer-B0,8791456,Day-RAIN,Day,RAIN,0.9575892686843872,0.8
SegFormer-B0,8791456,Sunset-EXTRASUNNY,Sunset,EXTRASUNNY,0.8483923673629761,0.8
SegFormer-B0,8791456,Sunset-FOGGY,Sunset,FOGGY,0.7416088581085205,0.8
SegFormer-B0,8791456,Sunset-RAIN,Sunset,RAIN,0.9434049129486084,0.8
SegFormer-B0,8791456,Night-EXTRASUNNY,Night,EXTRASUNNY,0.5515624284744263,0.8
SegFormer-B0,8791456,Night-FOGGY,Night,FOGGY,0.519805908203125,0.8
SegFormer-B0,8791456,Night-RAIN,Night,RAIN,0.48656848073005676,0.8
SegFormer-B0,960645,Day-FOGGY,Day,FOGGY,0.9499447345733643,0.8
SegFormer-B0,960645,Day-RAIN,Day,RAIN,0.9391762614250183,0.8
SegFormer-B0,960645,Sunset-EXTRASUNNY,Sunset,EXTRASUNNY,0.9239208102226257,0.8
SegFormer-B0,960645,Sunset-FOGGY,Sunset,FOGGY,0.9196345806121826,0.8
SegFormer-B0,960645,Sunset-RAIN,Sunset,RAIN,0.9716625809669495,0.8
SegFormer-B0,960645,Night-EXTRASUNNY,Night,EXTRASUNNY,0.7669174671173096,0.8
SegFormer-B0,960645,Night-FOGGY,Night,FOGGY,0.42635849118232727,0.8
SegFormer-B0,960645,Night-RAIN,Night,RAIN,0.7570102214813232,0.8
SegFormer-B0,973598,Day-FOGGY,Day,FOGGY,0.9609187841415405,0.8
SegFormer-B0,973598,Day-RAIN,Day,RAIN,0.9619080424308777,0.8
SegFormer-B0,973598,Sunset-EXTRASUNNY,Sunset,EXTRASUNNY,0.9403885006904602,0.8
SegFormer-B0,973598,Sunset-FOGGY,Sunset,FOGGY,0.9023150205612183,0.8
SegFormer-B0,973598,Sunset-RAIN,Sunset,RAIN,0.9619457125663757,0.8
SegFormer-B0,973598,Night-EXTRASUNNY,Night,EXTRASUNNY,0.564189076423645,0.8
SegFormer-B0,973598,Night-FOGGY,Night,FOGGY,0.4869185984134674,0.8
SegFormer-B0,973598,Night-RAIN,Night,RAIN,0.5593206882476807,0.8
SegFormer-B0,988137,Day-FOGGY,Day,FOGGY,0.9778806567192078,0.8
SegFormer-B0,988137,Day-RAIN,Day,RAIN,0.9713588953018188,0.8
SegFormer-B0,988137,Sunset-EXTRASUNNY,Sunset,EXTRASUNNY,0.9273771643638611,0.8
SegFormer-B0,988137,Sunset-FOGGY,Sunset,FOGGY,0.9288225173950195,0.8
SegFormer-B0,988137,Sunset-RAIN,Sunset,RAIN,0.9741755127906799,0.8
SegFormer-B0,988137,Night-EXTRASUNNY,Night,EXTRASUNNY,0.6180887222290039,0.8
SegFormer-B0,988137,Night-FOGGY,Night,FOGGY,0.8546386957168579,0.8
SegFormer-B0,988137,Night-RAIN,Night,RAIN,0.6151384115219116,0.8
SegFormer-B0,9958,Day-FOGGY,Day,FOGGY,0.9926807880401611,0.8
SegFormer-B0,9958,Day-RAIN,Day,RAIN,0.9754737615585327,0.8
SegFormer-B0,9958,Sunset-EXTRASUNNY,Sunset,EXTRASUNNY,0.9629269242286682,0.8
SegFormer-B0,9958,Sunset-FOGGY,Sunset,FOGGY,0.9123483300209045,0.8
SegFormer-B0,9958,Sunset-RAIN,Sunset,RAIN,0.9251766204833984,0.8
SegFormer-B0,9958,Night-EXTRASUNNY,Night,EXTRASUNNY,0.8112202286720276,0.8
SegFormer-B0,9958,Night-FOGGY,Night,FOGGY,0.7065809965133667,0.8
SegFormer-B0,9958,Night-RAIN,Night,RAIN,0.6351390480995178,0.8
SegFormer-B2,10231074,Day-FOGGY,Day,FOGGY,0.9725972414016724,0.8
SegFormer-B2,10231074,Day-RAIN,Day,RAIN,0.9531239867210388,0.8
SegFormer-B2,10231074,Sunset-EXTRASUNNY,Sunset,EXTRASUNNY,0.9587739109992981,0.8
SegFormer-B2,10231074,Sunset-FOGGY,Sunset,FOGGY,0.9516786336898804,0.8
SegFormer-B2,10231074,Sunset-RAIN,Sunset,RAIN,0.9179527163505554,0.8
SegFormer-B2,10231074,Night-EXTRASUNNY,Night,EXTRASUNNY,0.7249386310577393,0.8
SegFormer-B2,10231074,Night-FOGGY,Night,FOGGY,0.7833777070045471,0.8
SegFormer-B2,10231074,Night-RAIN,Night,RAIN,0.8005355596542358,0.8
SegFormer-B2,108359,Day-FOGGY,Day,FOGGY,0.9942753911018372,0.8
SegFormer-B2,108359,Day-RAIN,Day,RAIN,0.9417510628700256,0.8
SegFormer-B2,108359,Sunset-EXTRASUNNY,Sunset,EXTRASUNNY,0.9662681818008423,0.8
SegFormer-B2,108359,Sunset-FOGGY,Sunset,FOGGY,0.922598123550415,0.8
SegFormer-B2,108359,Sunset-RAIN,Sunset,RAIN,0.9202703833580017,0.8
SegFormer-B2,108359,Night-EXTRASUNNY,Night,EXTRASUNNY,0.5783308148384094,0.8
SegFormer-B2,108359,Night-FOGGY,Night,FOGGY,0.5698165893554688,0.8
SegFormer-B2,108359,Night-RAIN,Night,RAIN,0.5537950992584229,0.8
SegFormer-B2,10901081,Day-FOGGY,Day,FOGGY,0.9922699928283691,0.8
SegFormer-B2,10901081,Day-RAIN,Day,RAIN,0.9851616024971008,0.8
SegFormer-B2,10901081,Sunset-EXTRASUNNY,Sunset,EXTRASUNNY,0.9809452295303345,0.8
SegFormer-B2,10901081,Sunset-FOGGY,Sunset,FOGGY,0.9578585624694824,0.8
SegFormer-B2,10901081,Sunset-RAIN,Sunset,RAIN,0.9876810312271118,0.8
SegFormer-B2,10901081,Night-EXTRASUNNY,Night,EXTRASUNNY,0.9490593075752258,0.8
SegFormer-B2,10901081,Night-FOGGY,Night,FOGGY,0.9549696445465088,0.8
SegFormer-B2,10901081,Night-RAIN,Night,RAIN,0.9129449129104614,0.8
SegFormer-B2,11101250,Day-FOGGY,Day,FOGGY,0.9776535630226135,0.8
SegFormer-B2,11101250,Day-RAIN,Day,RAIN,0.9504155516624451,0.8
SegFormer-B2,11101250,Sunset-EXTRASUNNY,Sunset,EXTRASUNNY,0.9654008746147156,0.8
SegFormer-B2,11101250,Sunset-FOGGY,Sunset,FOGGY,0.8943429589271545,0.8
SegFormer-B2,11101250,Sunset-RAIN,Sunset,RAIN,0.9435267448425293,0.8
SegFormer-B2,11101250,Night-EXTRASUNNY,Night,EXTRASUNNY,0.7051726579666138,0.8
SegFormer-B2,11101250,Night-FOGGY,Night,FOGGY,0.56697016954422,0.8
SegFormer-B2,11101250,Night-RAIN,Night,RAIN,0.576862633228302,0.8
SegFormer-B2,11131433,Day-FOGGY,Day,FOGGY,0.909920871257782,0.8
SegFormer-B2,11131433,Day-RAIN,Day,RAIN,0.9704927206039429,0.8
SegFormer-B2,11131433,Sunset-EXTRASUNNY,Sunset,EXTRASUNNY,0.9666152596473694,0.8
SegFormer-B2,11131433,Sunset-FOGGY,Sunset,FOGGY,0.5440729260444641,0.8
SegFormer-B2,11131433,Sunset-RAIN,Sunset,RAIN,0.9601123332977295,0.8
SegFormer-B2,11131433,Night-EXTRASUNNY,Night,EXTRASUNNY,0.5312294363975525,0.8
SegFormer-B2,11131433,Night-FOGGY,Night,FOGGY,0.4581431746482849,0.8
SegFormer-B2,11131433,Night-RAIN,Night,RAIN,0.4742138385772705,0.8
SegFormer-B2,1119803,Day-FOGGY,Day,FOGGY,0.944251537322998,0.8
SegFormer-B2,1119803,Day-RAIN,Day,RAIN,0.9899907112121582,0.8
SegFormer-B2,1119803,Sunset-EXTRASUNNY,Sunset,EXTRASUNNY,0.9924312233924866,0.8
SegFormer-B2,1119803,Sunset-FOGGY,Sunset,FOGGY,0.8845174908638,0.8
SegFormer-B2,1119803,Sunset-RAIN,Sunset,RAIN,0.9800812602043152,0.8
SegFormer-B2,1119803,Night-EXTRASUNNY,Night,EXTRASUNNY,0.7181602120399475,0.8
SegFormer-B2,1119803,Night-FOGGY,Night,FOGGY,0.6508284211158752,0.8
SegFormer-B2,1119803,Night-RAIN,Night,RAIN,0.6896459460258484,0.8
SegFormer-B2,112170,Day-FOGGY,Day,FOGGY,0.9156805276870728,0.8
SegFormer-B2,112170,Day-RAIN,Day,RAIN,0.949087917804718,0.8
SegFormer-B2,112170,Sunset-EXTRASUNNY,Sunset,EXTRASUNNY,0.9381827712059021,0.8
SegFormer-B2,112170,Sunset-FOGGY,Sunset,FOGGY,0.9305590987205505,0.8
SegFormer-B2,112170,Sunset-RAIN,Sunset,RAIN,0.9206905961036682,0.8
SegFormer-B2,112170,Night-EXTRASUNNY,Night,EXTRASUNNY,0.7906784415245056,0.8
SegFormer-B2,112170,Night-FOGGY,Night,FOGGY,0.585504949092865,0.8
SegFormer-B2,112170,Night-RAIN,Night,RAIN,0.6008152365684509,0.8
SegFormer-B2,1124819,Day-FOGGY,Day,FOGGY,0.8926689624786377,0.8
SegFormer-B2,1124819,Day-RAIN,Day,RAIN,0.8920310735702515,0.8
SegFormer-B2,1124819,Sunset-EXTRASUNNY,Sunset,EXTRASUNNY,0.9444522261619568,0.8
SegFormer-B2,1124819,Sunset-FOGGY,Sunset,FOGGY,0.85042804479599,0.8
SegFormer-B2,1124819,Sunset-RAIN,Sunset,RAIN,0.8777125477790833,0.8
SegFormer-B2,1124819,Night-EXTRASUNNY,Night,EXTRASUNNY,0.4588402807712555,0.8
SegFormer-B2,1124819,Night-FOGGY,Night,FOGGY,0.44475212693214417,0.8
SegFormer-B2,1124819,Night-RAIN,Night,RAIN,0.4174276292324066,0.8
SegFormer-B2,11281105,Day-FOGGY,Day,FOGGY,0.9004945755004883,0.8
SegFormer-B2,11281105,Day-RAIN,Day,RAIN,0.9474542140960693,0.8
SegFormer-B2,11281105,Sunset-EXTRASUNNY,Sunset,EXTRASUNNY,0.9574414491653442,0.8
SegFormer-B2,11281105,Sunset-FOGGY,Sunset,FOGGY,0.7169336080551147,0.8
SegFormer-B2,11281105,Sunset-RAIN,Sunset,RAIN,0.9070039391517639,0.8
SegFormer-B2,11281105,Night-EXTRASUNNY,Night,EXTRASUNNY,0.910922110080719,0.8
SegFormer-B2,11281105,Night-FOGGY,Night,FOGGY,0.8799641728401184,0.8
SegFormer-B2,11281105,Night-RAIN,Night,RAIN,0.4565262794494629,0.8
SegFormer-B2,1129575,Day-FOGGY,Day,FOGGY,0.985478937625885,0.8
SegFormer-B2,1129575,Day-RAIN,Day,RAIN,0.9892114996910095,0.8
SegFormer-B2,1129575,Sunset-EXTRASUNNY,Sunset,EXTRASUNNY,0.982944130897522,0.8
SegFormer-B2,1129575,Sunset-FOGGY,Sunset,FOGGY,0.9443808794021606,0.8
SegFormer-B2,1129575,Sunset-RAIN,Sunset,RAIN,0.9734218120574951,0.8
SegFormer-B2,1129575,Night-EXTRASUNNY,Night,EXTRASUNNY,0.851803183555603,0.8
SegFormer-B2,1129575,Night-FOGGY,Night,FOGGY,0.4734959900379181,0.8
SegFormer-B2,1129575,Night-RAIN,Night,RAIN,0.6821278929710388,0.8
SegFormer-B2,1161197,Day-FOGGY,Day,FOGGY,0.988907516002655,0.8
SegFormer-B2,1161197,Day-RAIN,Day,RAIN,0.951216459274292,0.8
SegFormer-B2,1161197,Sunset-EXTRASUNNY,Sunset,EXTRASUNNY,0.903010904788971,0.8
SegFormer-B2,1161197,Sunset-FOGGY,Sunset,FOGGY,0.9213318824768066,0.8
SegFormer-B2,1161197,Sunset-RAIN,Sunset,RAIN,0.9426814913749695,0.8
SegFormer-B2,1161197,Night-EXTRASUNNY,Night,EXTRASUNNY,0.8165501356124878,0.8
SegFormer-B2,1161197,Night-FOGGY,Night,FOGGY,0.8774792551994324,0.8
SegFormer-B2,1161197,Night-RAIN,Night,RAIN,0.8214823603630066,0.8
SegFormer-B2,1162709,Day-FOGGY,Day,FOGGY,0.9086054563522339,0.8
SegFormer-B2,1162709,Day-RAIN,Day,RAIN,0.9091252088546753,0.8
SegFormer-B2,1162709,Sunset-EXTRASUNNY,Sunset,EXTRASUNNY,0.9649762511253357,0.8
SegFormer-B2,1162709,Sunset-FOGGY,Sunset,FOGGY,0.8623231649398804,0.8
SegFormer-B2,1162709,Sunset-RAIN,Sunset,RAIN,0.9191387295722961,0.8
SegFormer-B2,1162709,Night-EXTRASUNNY,Night,EXTRASUNNY,0.8904388546943665,0.8
SegFormer-B2,1162709,Night-FOGGY,Night,FOGGY,0.888463020324707,0.8
SegFormer-B2,1162709,Night-RAIN,Night,RAIN,0.8050835132598877,0.8
SegFormer-B2,1163548,Day-FOGGY,Day,FOGGY,0.962656557559967,0.8
SegFormer-B2,1163548,Day-RAIN,Day,RAIN,0.9198411107063293,0.8
SegFormer-B2,1163548,Sunset-EXTRASUNNY,Sunset,EXTRASUNNY,0.8554447293281555,0.8
SegFormer-B2,1163548,Sunset-FOGGY,Sunset,FOGGY,0.9102297425270081,0.8
SegFormer-B2,1163548,Sunset-RAIN,Sunset,RAIN,0.9106982350349426,0.8
SegFormer-B2,1163548,Night-EXTRASUNNY,Night,EXTRASUNNY,0.8465924859046936,0.8
SegFormer-B2,1163548,Night-FOGGY,Night,FOGGY,0.8658819794654846,0.8
SegFormer-B2,1163548,Night-RAIN,Night,RAIN,0.8059933185577393,0.8
SegFormer-B2,11642190,Day-FOGGY,Day,FOGGY,0.98640376329422,0.8
SegFormer-B2,11642190,Day-RAIN,Day,RAIN,0.9199431538581848,0.8
SegFormer-B2,11642190,Sunset-EXTRASUNNY,Sunset,EXTRASUNNY,0.9780656099319458,0.8
SegFormer-B2,11642190,Sunset-FOGGY,Sunset,FOGGY,0.9498416781425476,0.8
SegFormer-B2,11642190,Sunset-RAIN,Sunset,RAIN,0.9474077224731445,0.8
SegFormer-B2,11642190,Night-EXTRASUNNY,Night,EXTRASUNNY,0.9089458584785461,0.8
SegFormer-B2,11642190,Night-FOGGY,Night,FOGGY,0.8580480813980103,0.8
SegFormer-B2,11642190,Night-RAIN,Night,RAIN,0.9083178043365479,0.8
SegFormer-B2,1169181,Day-FOGGY,Day,FOGGY,0.956578254699707,0.8
SegFormer-B2,1169181,Day-RAIN,Day,RAIN,0.9386724233627319,0.8
SegFormer-B2,1169181,Sunset-EXTRASUNNY,Sunset,EXTRASUNNY,0.9566541910171509,0.8
SegFormer-B2,1169181,Sunset-FOGGY,Sunset,FOGGY,0.9234710335731506,0.8
SegFormer-B2,1169181,Sunset-RAIN,Sunset,RAIN,0.9398006200790405,0.8
SegFormer-B2,1169181,Night-EXTRASUNNY,Night,EXTRASUNNY,0.7008643746376038,0.8
SegFormer-B2,1169181,Night-FOGGY,Night,FOGGY,0.7243852019309998,0.8
SegFormer-B2,1169181,Night-RAIN,Night,RAIN,0.6453315615653992,0.8
SegFormer-B2,11721222,Day-FOGGY,Day,FOGGY,0.9933199882507324,0.8
SegFormer-B2,11721222,Day-RAIN,Day,RAIN,0.9949350357055664,0.8
SegFormer-B2,11721222,Sunset-EXTRASUNNY,Sunset,EXTRASUNNY,0.9940982460975647,0.8
SegFormer-B2,11721222,Sunset-FOGGY,Sunset,FOGGY,0.9903573393821716,0.8
SegFormer-B2,11721222,Sunset-RAIN,Sunset,RAIN,0.9914435148239136,0.8
SegFormer-B2,11721222,Night-EXTRASUNNY,Night,EXTRASUNNY,0.877036452293396,0.8
SegFormer-B2,11721222,Night-FOGGY,Night,FOGGY,0.8046746850013733,0.8
SegFormer-B2,11721222,Night-RAIN,Night,RAIN,0.793715238571167,0.8
SegFormer-B2,11802146,Day-FOGGY,Day,FOGGY,0.9635476469993591,0.8
SegFormer-B2,11802146,Day-RAIN,Day,RAIN,0.9670573472976685,0.8
SegFormer-B2,11802146,Sunset-EXTRASUNNY,Sunset,EXTRASUNNY,0.9811632633209229,0.8
SegFormer-B2,11802146,Sunset-FOGGY,Sunset,FOGGY,0.9401763081550598,0.8
SegFormer-B2,11802146,Sunset-RAIN,Sunset,RAIN,0.9815783500671387,0.8
SegFormer-B2,11802146,Night-EXTRASUNNY,Night,EXTRASUNNY,0.9041301012039185,0.8
SegFormer-B2,11802146,Night-FOGGY,Night,FOGGY,0.6229641437530518,0.8
SegFormer-B2,11802146,Night-RAIN,Night,RAIN,0.7521829009056091,0.8
SegFormer-B2,1184775,Day-FOGGY,Day,FOGGY,0.9681123495101929,0.8
SegFormer-B2,1184775,Day-RAIN,Day,RAIN,0.9869341254234314,0.8
SegFormer-B2,1184775,Sunset-EXTRASUNNY,Sunset,EXTRASUNNY,0.9852400422096252,0.8
SegFormer-B2,1184775,Sunset-FOGGY,Sunset,FOGGY,0.9564070105552673,0.8
SegFormer-B2,1184775,Sunset-RAIN,Sunset,RAIN,0.98264080286026,0.8
SegFormer-B2,1184775,Night-EXTRASUNNY,Night,EXTRASUNNY,0.6131030321121216,0.8
SegFormer-B2,1184775,Night-FOGGY,Night,FOGGY,0.4829874336719513,0.8
SegFormer-B2,1184775,Night-RAIN,Night,RAIN,0.5973168015480042,0.8
SegFormer-B2,11921147,Day-FOGGY,Day,FOGGY,0.994659960269928,0.8
SegFormer-B2,11921147,Day-RAIN,Day,RAIN,0.9835847616195679,0.8
SegFormer-B2,11921147,Sunset-EXTRASUNNY,Sunset,EXTRASUNNY,0.9882894158363342,0.8
SegFormer-B2,11921147,Sunset-FOGGY,Sunset,FOGGY,0.8027324080467224,0.8
SegFormer-B2,11921147,Sunset-RAIN,Sunset,RAIN,0.9815759658813477,0.8
SegFormer-B2,11921147,Night-EXTRASUNNY,Night,EXTRASUNNY,0.9483036994934082,0.8
SegFormer-B2,11921147,Night-FOGGY,Night,FOGGY,0.6432662606239319,0.8
SegFormer-B2,11921147,Night-RAIN,Night,RAIN,0.6515591144561768,0.8
SegFormer-B2,119342,Day-FOGGY,Day,FOGGY,0.9857537150382996,0.8
SegFormer-B2,119342,Day-RAIN,Day,RAIN,0.9378500580787659,0.8
SegFormer-B2,119342,Sunset-EXTRASUNNY,Sunset,EXTRASUNNY,0.9598538279533386,0.8
SegFormer-B2,119342,Sunset-FOGGY,Sunset,FOGGY,0.8472365140914917,0.8
SegFormer-B2,119342,Sunset-RAIN,Sunset,RAIN,0.9672020673751831,0.8
SegFormer-B2,119342,Night-EXTRASUNNY,Night,EXTRASUNNY,0.880160927772522,0.8
SegFormer-B2,119342,Night-FOGGY,Night,FOGGY,0.7316876649856567,0.8
SegFormer-B2,119342,Night-RAIN,Night,RAIN,0.8759884834289551,0.8
SegFormer-B2,1201777,Day-FOGGY,Day,FOGGY,0.9877628087997437,0.8
SegFormer-B2,1201777,Day-RAIN,Day,RAIN,0.9487249851226807,0.8
SegFormer-B2,1201777,Sunset-EXTRASUNNY,Sunset,EXTRASUNNY,0.9742364287376404,0.8
SegFormer-B2,1201777,Sunset-FOGGY,Sunset,FOGGY,0.97425776720047,0.8
SegFormer-B2,1201777,Sunset-RAIN,Sunset,RAIN,0.9832205772399902,0.8
SegFormer-B2,1201777,Night-EXTRASUNNY,Night,EXTRASUNNY,0.6733285188674927,0.8
SegFormer-B2,1201777,Night-FOGGY,Night,FOGGY,0.4704645872116089,0.8
SegFormer-B2,1201777,Night-RAIN,Night,RAIN,0.4746134579181671,0.8
SegFormer-B2,1297251,Day-FOGGY,Day,FOGGY,0.9457662105560303,0.8
SegFormer-B2,1297251,Day-RAIN,Day,RAIN,0.9616624116897583,0.8
SegFormer-B2,1297251,Sunset-EXTRASUNNY,Sunset,EXTRASUNNY,0.9187576770782471,0.8
SegFormer-B2,1297251,Sunset-FOGGY,Sunset,FOGGY,0.8274503350257874,0.8
SegFormer-B2,1297251,Sunset-RAIN,Sunset,RAIN,0.9460374116897583,0.8
SegFormer-B2,1297251,Night-EXTRASUNNY,Night,EXTRASUNNY,0.7770074605941772,0.8
SegFormer-B2,1297251,Night-FOGGY,Night,FOGGY,0.44534897804260254,0.8
SegFormer-B2,1297251,Night-RAIN,Night,RAIN,0.4624496400356293,0.8
SegFormer-B2,1314425,Day-FOGGY,Day,FOGGY,0.9401501417160034,0.8
SegFormer-B2,1314425,Day-RAIN,Day,RAIN,0.9099006056785583,0.8
SegFormer-B2,1314425,Sunset-EXTRASUNNY,Sunset,EXTRASUNNY,0.9127205014228821,0.8
SegFormer-B2,1314425,Sunset-FOGGY,Sunset,FOGGY,0.872779130935669,0.8
SegFormer-B2,1314425,Sunset-RAIN,Sunset,RAIN,0.9207238554954529,0.8
SegFormer-B2,1314425,Night-EXTRASUNNY,Night,EXTRASUNNY,0.6737480759620667,0.8
SegFormer-B2,1314425,Night-FOGGY,Night,FOGGY,0.6122553944587708,0.8
SegFormer-B2,1314425,Night-RAIN,Night,RAIN,0.6291904449462891,0.8
SegFormer-B2,13331910,Day-FOGGY,Day,FOGGY,0.9750221371650696,0.8
SegFormer-B2,13331910,Day-RAIN,Day,RAIN,0.9447250366210938,0.8
SegFormer-B2,13331910,Sunset-EXTRASUNNY,Sunset,EXTRASUNNY,0.929279625415802,0.8
SegFormer-B2,13331910,Sunset-FOGGY,Sunset,FOGGY,0.9405367970466614,0.8
SegFormer-B2,13331910,Sunset-RAIN,Sunset,RAIN,0.9658702611923218,0.8
SegFormer-B2,13331910,Night-EXTRASUNNY,Night,EXTRASUNNY,0.9587815999984741,0.8
SegFormer-B2,13331910,Night-FOGGY,Night,FOGGY,0.8541735410690308,0.8
SegFormer-B2,13331910,Night-RAIN,Night,RAIN,0.7702875733375549,0.8
SegFormer-B2,13551916,Day-FOGGY,Day,FOGGY,0.9906755089759827,0.8
SegFormer-B2,13551916,Day-RAIN,Day,RAIN,0.9848917126655579,0.8
SegFormer-B2,13551916,Sunset-EXTRASUNNY,Sunset,EXTRASUNNY,0.9747889041900635,0.8
SegFormer-B2,13551916,Sunset-FOGGY,Sunset,FOGGY,0.9521582722663879,0.8
SegFormer-B2,13551916,Sunset-RAIN,Sunset,RAIN,0.986605167388916,0.8
SegFormer-B2,13551916,Night-EXTRASUNNY,Night,EXTRASUNNY,0.8931624889373779,0.8
SegFormer-B2,13551916,Night-FOGGY,Night,FOGGY,0.7796216011047363,0.8
SegFormer-B2,13551916,Night-RAIN,Night,RAIN,0.7776651382446289,0.8
SegFormer-B2,140120,Day-FOGGY,Day,FOGGY,0.9920250177383423,0.8
SegFormer-B2,140120,Day-RAIN,Day,RAIN,0.9842446446418762,0.8
SegFormer-B2,140120,Sunset-EXTRASUNNY,Sunset,EXTRASUNNY,0.9772391319274902,0.8
SegFormer-B2,140120,Sunset-FOGGY,Sunset,FOGGY,0.9715473651885986,0.8
SegFormer-B2,140120,Sunset-RAIN,Sunset,RAIN,0.9744924306869507,0.8
SegFormer-B2,140120,Night-EXTRASUNNY,Night,EXTRASUNNY,0.7519317865371704,0.8
SegFormer-B2,140120,Night-FOGGY,Night,FOGGY,0.6794541478157043,0.8
SegFormer-B2,140120,Night-RAIN,Night,RAIN,0.6851180791854858,0.8
SegFormer-B2,14450,Day-FOGGY,Day,FOGGY,0.972970187664032,0.8
SegFormer-B2,14450,Day-RAIN,Day,RAIN,0.9633576273918152,0.8
SegFormer-B2,14450,Sunset-EXTRASUNNY,Sunset,EXTRASUNNY,0.8117856383323669,0.8
SegFormer-B2,14450,Sunset-FOGGY,Sunset,FOGGY,0.7764698266983032,0.8
SegFormer-B2,14450,Sunset-RAIN,Sunset,RAIN,0.8792140483856201,0.8
SegFormer-B2,14450,Night-EXTRASUNNY,Night,EXTRASUNNY,0.8340726494789124,0.8
SegFormer-B2,14450,Night-FOGGY,Night,FOGGY,0.7377455830574036,0.8
SegFormer-B2,14450,Night-RAIN,Night,RAIN,0.8395357131958008,0.8
SegFormer-B2,1481258,Day-FOGGY,Day,FOGGY,0.9695426821708679,0.8
SegFormer-B2,1481258,Day-RAIN,Day,RAIN,0.970636248588562,0.8
SegFormer-B2,1481258,Sunset-EXTRASUNNY,Sunset,EXTRASUNNY,0.973828911781311,0.8
SegFormer-B2,1481258,Sunset-FOGGY,Sunset,FOGGY,0.9225692749023438,0.8
SegFormer-B2,1481258,Sunset-RAIN,Sunset,RAIN,0.9803564548492432,0.8
SegFormer-B2,1481258,Night-EXTRASUNNY,Night,EXTRASUNNY,0.7640954256057739,0.8
SegFormer-B2,1481258,Night-FOGGY,Night,FOGGY,0.48881635069847107,0.8
SegFormer-B2,1481258,Night-RAIN,Night,RAIN,0.5701794624328613,0.8
SegFormer-B2,153373,Day-FOGGY,Day,FOGGY,0.8673336505889893,0.8
SegFormer-B2,153373,Day-RAIN,Day,RAIN,0.9318981170654297,0.8
SegFormer-B2,153373,Sunset-EXTRASUNNY,Sunset,EXTRASUNNY,0.9437689185142517,0.8
SegFormer-B2,153373,Sunset-FOGGY,Sunset,FOGGY,0.8615878224372864,0.8
SegFormer-B2,153373,Sunset-RAIN,Sunset,RAIN,0.9208833575248718,0.8
SegFormer-B2,153373,Night-EXTRASUNNY,Night,EXTRASUNNY,0.8577913641929626,0.8
SegFormer-B2,153373,Night-FOGGY,Night,FOGGY,0.8510518074035645,0.8
SegFormer-B2,153373,Night-RAIN,Night,RAIN,0.8262588381767273,0.8
SegFormer-B2,1541895,Day-FOGGY,Day,FOGGY,0.9798703193664551,0.8
SegFormer-B2,1541895,Day-RAIN,Day,RAIN,0.9862284064292908,0.8
SegFormer-B2,1541895,Sunset-EXTRASUNNY,Sunset,EXTRASUNNY,0.9812405109405518,0.8
SegFormer-B2,1541895,Sunset-FOGGY,Sunset,FOGGY,0.9628528356552124,0.8
SegFormer-B2,1541895,Sunset-RAIN,Sunset,RAIN,0.9817655682563782,0.8
SegFormer-B2,1541895,Night-EXTRASUNNY,Night,EXTRASUNNY,0.9406372904777527,0.8
SegFormer-B2,1541895,Night-FOGGY,Night,FOGGY,0.5544689893722534,0.8
SegFormer-B2,1541895,Night-RAIN,Night,RAIN,0.5850810408592224,0.8
SegFormer-B2,1581031,Day-FOGGY,Day,FOGGY,0.9929879307746887,0.8
SegFormer-B2,1581031,Day-RAIN,Day,RAIN,0.9588392376899719,0.8
SegFormer-B2,1581031,Sunset-EXTRASUNNY,Sunset,EXTRASUNNY,0.9736294150352478,0.8
SegFormer-B2,1581031,Sunset-FOGGY,Sunset,FOGGY,0.9662545919418335,0.8
SegFormer-B2,1581031,Sunset-RAIN,Sunset,RAIN,0.9636414051055908,0.8
SegFormer-B2,1581031,Night-EXTRASUNNY,Night,EXTRASUNNY,0.9346969723701477,0.8
SegFormer-B2,1581031,Night-FOGGY,Night,FOGGY,0.9102784395217896,0.8
SegFormer-B2,1581031,Night-RAIN,Night,RAIN,0.9272416830062866,0.8
SegFormer-B2,159401,Day-FOGGY,Day,FOGGY,0.938595175743103,0.8
SegFormer-B2,159401,Day-RAIN,Day,RAIN,0.9212311506271362,0.8
SegFormer-B2,159401,Sunset-EXTRASUNNY,Sunset,EXTRASUNNY,0.9700314998626709,0.8
SegFormer-B2,159401,Sunset-FOGGY,Sunset,FOGGY,0.9718559384346008,0.8
SegFormer-B2,159401,Sunset-RAIN,Sunset,RAIN,0.9662472009658813,0.8
SegFormer-B2,159401,Night-EXTRASUNNY,Night,EXTRASUNNY,0.9190795421600342,0.8
SegFormer-B2,159401,Night-FOGGY,Night,FOGGY,0.638440728187561,0.8
SegFormer-B2,159401,Night-RAIN,Night,RAIN,0.8941538333892822,0.8
SegFormer-B2,182335,Day-FOGGY,Day,FOGGY,0.9826936721801758,0.8
SegFormer-B2,182335,Day-RAIN,Day,RAIN,0.970481276512146,0.8
SegFormer-B2,182335,Sunset-EXTRASUNNY,Sunset,EXTRASUNNY,0.9793285131454468,0.8
SegFormer-B2,182335,Sunset-FOGGY,Sunset,FOGGY,0.9421162009239197,0.8
SegFormer-B2,182335,Sunset-RAIN,Sunset,RAIN,0.9683104157447815,0.8
SegFormer-B2,182335,Night-EXTRASUNNY,Night,EXTRASUNNY,0.8237016201019287,0.8
SegFormer-B2,182335,Night-FOGGY,Night,FOGGY,0.8464717864990234,0.8
SegFormer-B2,182335,Night-RAIN,Night,RAIN,0.8261102437973022,0.8
SegFormer-B2,187713,Day-FOGGY,Day,FOGGY,0.9931823015213013,0.8
SegFormer-B2,187713,Day-RAIN,Day,RAIN,0.9803253412246704,0.8
SegFormer-B2,187713,Sunset-EXTRASUNNY,Sunset,EXTRASUNNY,0.9853842854499817,0.8
SegFormer-B2,187713,Sunset-FOGGY,Sunset,FOGGY,0.9575697779655457,0.8
SegFormer-B2,187713,Sunset-RAIN,Sunset,RAIN,0.987036406993866,0.8
SegFormer-B2,187713,Night-EXTRASUNNY,Night,EXTRASUNNY,0.8916836977005005,0.8
SegFormer-B2,187713,Night-FOGGY,Night,FOGGY,0.9552879333496094,0.8
SegFormer-B2,187713,Night-RAIN,Night,RAIN,0.8036777377128601,0.8
SegFormer-B2,19188,Day-FOGGY,Day,FOGGY,0.9958202838897705,0.8
SegFormer-B2,19188,Day-RAIN,Day,RAIN,0.9734861850738525,0.8
SegFormer-B2,19188,Sunset-EXTRASUNNY,Sunset,EXTRASUNNY,0.9817006587982178,0.8
SegFormer-B2,19188,Sunset-FOGGY,Sunset,FOGGY,0.9755423665046692,0.8
SegFormer-B2,19188,Sunset-RAIN,Sunset,RAIN,0.9704614281654358,0.8
SegFormer-B2,19188,Night-EXTRASUNNY,Night,EXTRASUNNY,0.689953625202179,0.8
SegFormer-B2,19188,Night-FOGGY,Night,FOGGY,0.6678261160850525,0.8
SegFormer-B2,19188,Night-RAIN,Night,RAIN,0.6355312466621399,0.8
SegFormer-B2,196581,Day-FOGGY,Day,FOGGY,0.9705296158790588,0.8
SegFormer-B2,196581,Day-RAIN,Day,RAIN,0.9617117643356323,0.8
SegFormer-B2,196581,Sunset-EXTRASUNNY,Sunset,EXTRASUNNY,0.9591697454452515,0.8
SegFormer-B2,196581,Sunset-FOGGY,Sunset,FOGGY,0.9178332090377808,0.8
SegFormer-B2,196581,Sunset-RAIN,Sunset,RAIN,0.970964252948761,0.8
SegFormer-B2,196581,Night-EXTRASUNNY,Night,EXTRASUNNY,0.8895511627197266,0.8
SegFormer-B2,196581,Night-FOGGY,Night,FOGGY,0.639146625995636,0.8
SegFormer-B2,196581,Night-RAIN,Night,RAIN,0.8270096182823181,0.8
SegFormer-B2,2041817,Day-FOGGY,Day,FOGGY,0.9525420665740967,0.8
SegFormer-B2,2041817,Day-RAIN,Day,RAIN,0.9199483394622803,0.8
SegFormer-B2,2041817,Sunset-EXTRASUNNY,Sunset,EXTRASUNNY,0.9598150253295898,0.8
SegFormer-B2,2041817,Sunset-FOGGY,Sunset,FOGGY,0.8700118660926819,0.8
SegFormer-B2,2041817,Sunset-RAIN,Sunset,RAIN,0.8911861777305603,0.8
SegFormer-B2,2041817,Night-EXTRASUNNY,Night,EXTRASUNNY,0.6917537450790405,0.8
SegFormer-B2,2041817,Night-FOGGY,Night,FOGGY,0.4586790204048157,0.8
SegFormer-B2,2041817,Night-RAIN,Night,RAIN,0.4729486405849457,0.8
SegFormer-B2,21692,Day-FOGGY,Day,FOGGY,0.9017481803894043,0.8
SegFormer-B2,21692,Day-RAIN,Day,RAIN,0.964242160320282,0.8
SegFormer-B2,21692,Sunset-EXTRASUNNY,Sunset,EXTRASUNNY,0.961609959602356,0.8
SegFormer-B2,21692,Sunset-FOGGY,Sunset,FOGGY,0.855802059173584,0.8
SegFormer-B2,21692,Sunset-RAIN,Sunset,RAIN,0.9312065243721008,0.8
SegFormer-B2,21692,Night-EXTRASUNNY,Night,EXTRASUNNY,0.9597727656364441,0.8
SegFormer-B2,21692,Night-FOGGY,Night,FOGGY,0.9598537683486938,0.8
SegFormer-B2,21692,Night-RAIN,Night,RAIN,0.976492166519165,0.8
SegFormer-B2,2231013,Day-FOGGY,Day,FOGGY,0.9452800750732422,0.8
SegFormer-B2,2231013,Day-RAIN,Day,RAIN,0.9724025130271912,0.8
SegFormer-B2,2231013,Sunset-EXTRASUNNY,Sunset,EXTRASUNNY,0.9362580180168152,0.8
SegFormer-B2,2231013,Sunset-FOGGY,Sunset,FOGGY,0.9142464399337769,0.8
SegFormer-B2,2231013,Sunset-RAIN,Sunset,RAIN,0.9615151286125183,0.8
SegFormer-B2,2231013,Night-EXTRASUNNY,Night,EXTRASUNNY,0.6529788970947266,0.8
SegFormer-B2,2231013,Night-FOGGY,Night,FOGGY,0.6479522585868835,0.8
SegFormer-B2,2231013,Night-RAIN,Night,RAIN,0.6583373546600342,0.8
SegFormer-B2,223195,Day-FOGGY,Day,FOGGY,0.9522637128829956,0.8
SegFormer-B2,223195,Day-RAIN,Day,RAIN,0.9901012778282166,0.8
SegFormer-B2,223195,Sunset-EXTRASUNNY,Sunset,EXTRASUNNY,0.9881833791732788,0.8
SegFormer-B2,223195,Sunset-FOGGY,Sunset,FOGGY,0.9331464767456055,0.8
SegFormer-B2,223195,Sunset-RAIN,Sunset,RAIN,0.9742401838302612,0.8
SegFormer-B2,223195,Night-EXTRASUNNY,Night,EXTRASUNNY,0.9485865831375122,0.8
SegFormer-B2,223195,Night-FOGGY,Night,FOGGY,0.8149406909942627,0.8
SegFormer-B2,223195,Night-RAIN,Night,RAIN,0.8630411624908447,0.8
SegFormer-B2,231037,Day-FOGGY,Day,FOGGY,0.9630534052848816,0.8
SegFormer-B2,231037,Day-RAIN,Day,RAIN,0.940048098564148,0.8
SegFormer-B2,231037,Sunset-EXTRASUNNY,Sunset,EXTRASUNNY,0.9237077236175537,0.8
SegFormer-B2,231037,Sunset-FOGGY,Sunset,FOGGY,0.9187319874763489,0.8
SegFormer-B2,231037,Sunset-RAIN,Sunset,RAIN,0.9296540021896362,0.8
SegFormer-B2,231037,Night-EXTRASUNNY,Night,EXTRASUNNY,0.9591889381408691,0.8
SegFormer-B2,231037,Night-FOGGY,Night,FOGGY,0.8774521946907043,0.8
SegFormer-B2,231037,Night-RAIN,Night,RAIN,0.8388688564300537,0.8
SegFormer-B2,2461888,Day-FOGGY,Day,FOGGY,0.9330192804336548,0.8
SegFormer-B2,2461888,Day-RAIN,Day,RAIN,0.8880985975265503,0.8
SegFormer-B2,2461888,Sunset-EXTRASUNNY,Sunset,EXTRASUNNY,0.8658406138420105,0.8
SegFormer-B2,2461888,Sunset-FOGGY,Sunset,FOGGY,0.8911506533622742,0.8
SegFormer-B2,2461888,Sunset-RAIN,Sunset,RAIN,0.8901830911636353,0.8
SegFormer-B2,2461888,Night-EXTRASUNNY,Night,EXTRASUNNY,0.6891286969184875,0.8
SegFormer-B2,2461888,Night-FOGGY,Night,FOGGY,0.4772554039955139,0.8
SegFormer-B2,2461888,Night-RAIN,Night,RAIN,0.5754453539848328,0.8
SegFormer-B2,2531844,Day-FOGGY,Day,FOGGY,0.9818951487541199,0.8
SegFormer-B2,2531844,Day-RAIN,Day,RAIN,0.9828473329544067,0.8
SegFormer-B2,2531844,Sunset-EXTRASUNNY,Sunset,EXTRASUNNY,0.9931548833847046,0.8
SegFormer-B2,2531844,Sunset-FOGGY,Sunset,FOGGY,0.9723014235496521,0.8
SegFormer-B2,2531844,Sunset-RAIN,Sunset,RAIN,0.9883463382720947,0.8
SegFormer-B2,2531844,Night-EXTRASUNNY,Night,EXTRASUNNY,0.6412554979324341,0.8
SegFormer-B2,2531844,Night-FOGGY,Night,FOGGY,0.48987236618995667,0.8
SegFormer-B2,2531844,Night-RAIN,Night,RAIN,0.703789234161377,0.8
SegFormer-B2,2711181,Day-FOGGY,Day,FOGGY,0.9863058924674988,0.8
SegFormer-B2,2711181,Day-RAIN,Day,RAIN,0.9443721175193787,0.8
SegFormer-B2,2711181,Sunset-EXTRASUNNY,Sunset,EXTRASUNNY,0.9767617583274841,0.8
SegFormer-B2,2711181,Sunset-FOGGY,Sunset,FOGGY,0.9727252721786499,0.8
SegFormer-B2,2711181,Sunset-RAIN,Sunset,RAIN,0.936802864074707,0.8
SegFormer-B2,2711181,Night-EXTRASUNNY,Night,EXTRASUNNY,0.9831494092941284,0.8
SegFormer-B2,2711181,Night-FOGGY,Night,FOGGY,0.9544703364372253,0.8
SegFormer-B2,2711181,Night-RAIN,Night,RAIN,0.9808638095855713,0.8
SegFormer-B2,288913,Day-FOGGY,Day,FOGGY,0.9692796468734741,0.8
SegFormer-B2,288913,Day-RAIN,Day,RAIN,0.9426339864730835,0.8
SegFormer-B2,288913,Sunset-EXTRASUNNY,Sunset,EXTRASUNNY,0.9536269903182983,0.8
SegFormer-B2,288913,Sunset-FOGGY,Sunset,FOGGY,0.9140031337738037,0.8
SegFormer-B2,288913,Sunset-RAIN,Sunset,RAIN,0.9311352968215942,0.8
SegFormer-B2,288913,Night-EXTRASUNNY,Night,EXTRASUNNY,0.8473085165023804,0.8
SegFormer-B2,288913,Night-FOGGY,Night,FOGGY,0.9323916435241699,0.8
SegFormer-B2,288913,Night-RAIN,Night,RAIN,0.8223787546157837,0.8
SegFormer-B2,302966,Day-FOGGY,Day,FOGGY,0.9835945963859558,0.8
SegFormer-B2,302966,Day-RAIN,Day,RAIN,0.9747698307037354,0.8
SegFormer-B2,302966,Sunset-EXTRASUNNY,Sunset,EXTRASUNNY,0.9852575063705444,0.8
SegFormer-B2,302966,Sunset-FOGGY,Sunset,FOGGY,0.9790107607841492,0.8
SegFormer-B2,302966,Sunset-RAIN,Sunset,RAIN,0.979669451713562,0.8
SegFormer-B2,302966,Night-EXTRASUNNY,Night,EXTRASUNNY,0.6237632036209106,0.8
SegFormer-B2,302966,Night-FOGGY,Night,FOGGY,0.607096791267395,0.8
SegFormer-B2,302966,Night-RAIN,Night,RAIN,0.7214736938476562,0.8
SegFormer-B2,320493,Day-FOGGY,Day,FOGGY,0.9710114002227783,0.8
SegFormer-B2,320493,Day-RAIN,Day,RAIN,0.8907865285873413,0.8
SegFormer-B2,320493,Sunset-EXTRASUNNY,Sunset,EXTRASUNNY,0.9434122443199158,0.8
SegFormer-B2,320493,Sunset-FOGGY,Sunset,FOGGY,0.8662098050117493,0.8
SegFormer-B2,320493,Sunset-RAIN,Sunset,RAIN,0.8883588910102844,0.8
SegFormer-B2,320493,Night-EXTRASUNNY,Night,EXTRASUNNY,0.8832825422286987,0.8
SegFormer-B2,320493,Night-FOGGY,Night,FOGGY,0.7885807752609253,0.8
SegFormer-B2,320493,Night-RAIN,Night,RAIN,0.8440304398536682,0.8
SegFormer-B2,365202,Day-FOGGY,Day,FOGGY,0.9971267580986023,0.8
SegFormer-B2,365202,Day-RAIN,Day,RAIN,0.971256673336029,0.8
SegFormer-B2,365202,Sunset-EXTRASUNNY,Sunset,EXTRASUNNY,0.9767956137657166,0.8
SegFormer-B2,365202,Sunset-FOGGY,Sunset,FOGGY,0.9802448749542236,0.8
SegFormer-B2,365202,Sunset-RAIN,Sunset,RAIN,0.9855839610099792,0.8
SegFormer-B2,365202,Night-EXTRASUNNY,Night,EXTRASUNNY,0.9600147604942322,0.8
SegFormer-B2,365202,Night-FOGGY,Night,FOGGY,0.7443119287490845,0.8
SegFormer-B2,365202,Night-RAIN,Night,RAIN,0.8524919152259827,0.8
SegFormer-B2,37573,Day-FOGGY,Day,FOGGY,0.9658915996551514,0.8
SegFormer-B2,37573,Day-RAIN,Day,RAIN,0.9525997042655945,0.8
SegFormer-B2,37573,Sunset-EXTRASUNNY,Sunset,EXTRASUNNY,0.9581791758537292,0.8
SegFormer-B2,37573,Sunset-FOGGY,Sunset,FOGGY,0.9508951306343079,0.8
SegFormer-B2,37573,Sunset-RAIN,Sunset,RAIN,0.9410361647605896,0.8
SegFormer-B2,37573,Night-EXTRASUNNY,Night,EXTRASUNNY,0.8106156587600708,0.8
SegFormer-B2,37573,Night-FOGGY,Night,FOGGY,0.8446664810180664,0.8
SegFormer-B2,37573,Night-RAIN,Night,RAIN,0.8201033473014832,0.8
SegFormer-B2,3761910,Day-FOGGY,Day,FOGGY,0.9946890473365784,0.8
SegFormer-B2,3761910,Day-RAIN,Day,RAIN,0.9415717720985413,0.8
SegFormer-B2,3761910,Sunset-EXTRASUNNY,Sunset,EXTRASUNNY,0.9710295796394348,0.8
SegFormer-B2,3761910,Sunset-FOGGY,Sunset,FOGGY,0.7973129153251648,0.8
SegFormer-B2,3761910,Sunset-RAIN,Sunset,RAIN,0.9858688712120056,0.8
SegFormer-B2,3761910,Night-EXTRASUNNY,Night,EXTRASUNNY,0.8942367434501648,0.8
SegFormer-B2,3761910,Night-FOGGY,Night,FOGGY,0.4901123344898224,0.8
SegFormer-B2,3761910,Night-RAIN,Night,RAIN,0.49449750781059265,0.8
SegFormer-B2,400776,Day-FOGGY,Day,FOGGY,0.9238210320472717,0.8
SegFormer-B2,400776,Day-RAIN,Day,RAIN,0.8783518075942993,0.8
SegFormer-B2,400776,Sunset-EXTRASUNNY,Sunset,EXTRASUNNY,0.8711190819740295,0.8
SegFormer-B2,400776,Sunset-FOGGY,Sunset,FOGGY,0.803337574005127,0.8
SegFormer-B2,400776,Sunset-RAIN,Sunset,RAIN,0.9202903509140015,0.8
SegFormer-B2,400776,Night-EXTRASUNNY,Night,EXTRASUNNY,0.6460562348365784,0.8
SegFormer-B2,400776,Night-FOGGY,Night,FOGGY,0.5721336007118225,0.8
SegFormer-B2,400776,Night-RAIN,Night,RAIN,0.5739389657974243,0.8
SegFormer-B2,43427,Day-FOGGY,Day,FOGGY,0.9399487972259521,0.8
SegFormer-B2,43427,Day-RAIN,Day,RAIN,0.9694811105728149,0.8
SegFormer-B2,43427,Sunset-EXTRASUNNY,Sunset,EXTRASUNNY,0.9449335336685181,0.8
SegFormer-B2,43427,Sunset-FOGGY,Sunset,FOGGY,0.9323543310165405,0.8
SegFormer-B2,43427,Sunset-RAIN,Sunset,RAIN,0.9371806979179382,0.8
SegFormer-B2,43427,Night-EXTRASUNNY,Night,EXTRASUNNY,0.8051325678825378,0.8
SegFormer-B2,43427,Night-FOGGY,Night,FOGGY,0.7887784242630005,0.8
SegFormer-B2,43427,Night-RAIN,Night,RAIN,0.8206239342689514,0.8
SegFormer-B2,43428,Day-FOGGY,Day,FOGGY,0.9671517014503479,0.8
SegFormer-B2,43428,Day-RAIN,Day,RAIN,0.9939252734184265,0.8
SegFormer-B2,43428,Sunset-EXTRASUNNY,Sunset,EXTRASUNNY,0.989473283290863,0.8
SegFormer-B2,43428,Sunset-FOGGY,Sunset,FOGGY,0.8637555837631226,0.8
SegFormer-B2,43428,Sunset-RAIN,Sunset,RAIN,0.9793804883956909,0.8
SegFormer-B2,43428,Night-EXTRASUNNY,Night,EXTRASUNNY,0.8531959056854248,0.8
SegFormer-B2,43428,Night-FOGGY,Night,FOGGY,0.8051235675811768,0.8
SegFormer-B2,43428,Night-RAIN,Night,RAIN,0.8157088756561279,0.8
SegFormer-B2,4361495,Day-FOGGY,Day,FOGGY,0.9948201775550842,0.8
SegFormer-B2,4361495,Day-RAIN,Day,RAIN,0.9788400530815125,0.8
SegFormer-B2,4361495,Sunset-EXTRASUNNY,Sunset,EXTRASUNNY,0.979133129119873,0.8
SegFormer-B2,4361495,Sunset-FOGGY,Sunset,FOGGY,0.9564714431762695,0.8
SegFormer-B2,4361495,Sunset-RAIN,Sunset,RAIN,0.9818868637084961,0.8
SegFormer-B2,4361495,Night-EXTRASUNNY,Night,EXTRASUNNY,0.646910548210144,0.8
SegFormer-B2,4361495,Night-FOGGY,Night,FOGGY,0.641442060470581,0.8
SegFormer-B2,4361495,Night-RAIN,Night,RAIN,0.6404731273651123,0.8
SegFormer-B2,450967,Day-FOGGY,Day,FOGGY,0.9921281337738037,0.8
SegFormer-B2,450967,Day-RAIN,Day,RAIN,0.9796291589736938,0.8
SegFormer-B2,450967,Sunset-EXTRASUNNY,Sunset,EXTRASUNNY,0.9685084819793701,0.8
SegFormer-B2,450967,Sunset-FOGGY,Sunset,FOGGY,0.9864895939826965,0.8
SegFormer-B2,450967,Sunset-RAIN,Sunset,RAIN,0.9857683777809143,0.8
SegFormer-B2,450967,Night-EXTRASUNNY,Night,EXTRASUNNY,0.9585977792739868,0.8
SegFormer-B2,450967,Night-FOGGY,Night,FOGGY,0.5639135837554932,0.8
SegFormer-B2,450967,Night-RAIN,Night,RAIN,0.6715351939201355,0.8
SegFormer-B2,4561149,Day-FOGGY,Day,FOGGY,0.9881941080093384,0.8
SegFormer-B2,4561149,Day-RAIN,Day,RAIN,0.9956675171852112,0.8
SegFormer-B2,4561149,Sunset-EXTRASUNNY,Sunset,EXTRASUNNY,0.9806982278823853,0.8
SegFormer-B2,4561149,Sunset-FOGGY,Sunset,FOGGY,0.7956506609916687,0.8
SegFormer-B2,4561149,Sunset-RAIN,Sunset,RAIN,0.995187520980835,0.8
SegFormer-B2,4561149,Night-EXTRASUNNY,Night,EXTRASUNNY,0.7517387866973877,0.8
SegFormer-B2,4561149,Night-FOGGY,Night,FOGGY,0.33842673897743225,0.8
SegFormer-B2,4561149,Night-RAIN,Night,RAIN,0.34815654158592224,0.8
SegFormer-B2,460731,Day-FOGGY,Day,FOGGY,0.9903906583786011,0.8
SegFormer-B2,460731,Day-RAIN,Day,RAIN,0.9810144305229187,0.8
SegFormer-B2,460731,Sunset-EXTRASUNNY,Sunset,EXTRASUNNY,0.9606815576553345,0.8
SegFormer-B2,460731,Sunset-FOGGY,Sunset,FOGGY,0.9646493792533875,0.8
SegFormer-B2,460731,Sunset-RAIN,Sunset,RAIN,0.955907940864563,0.8
SegFormer-B2,460731,Night-EXTRASUNNY,Night,EXTRASUNNY,0.7974492311477661,0.8
SegFormer-B2,460731,Night-FOGGY,Night,FOGGY,0.5947462320327759,0.8
SegFormer-B2,460731,Night-RAIN,Night,RAIN,0.7854129672050476,0.8
SegFormer-B2,463639,Day-FOGGY,Day,FOGGY,0.9640685319900513,0.8
SegFormer-B2,463639,Day-RAIN,Day,RAIN,0.8904874920845032,0.8
SegFormer-B2,463639,Sunset-EXTRASUNNY,Sunset,EXTRASUNNY,0.9210836291313171,0.8
SegFormer-B2,463639,Sunset-FOGGY,Sunset,FOGGY,0.9226363301277161,0.8
SegFormer-B2,463639,Sunset-RAIN,Sunset,RAIN,0.9184263348579407,0.8
SegFormer-B2,463639,Night-EXTRASUNNY,Night,EXTRASUNNY,0.8431615829467773,0.8
SegFormer-B2,463639,Night-FOGGY,Night,FOGGY,0.8632447719573975,0.8
SegFormer-B2,463639,Night-RAIN,Night,RAIN,0.8542059659957886,0.8
SegFormer-B2,4641194,Day-FOGGY,Day,FOGGY,0.9309455156326294,0.8
SegFormer-B2,4641194,Day-RAIN,Day,RAIN,0.986805260181427,0.8
SegFormer-B2,4641194,Sunset-EXTRASUNNY,Sunset,EXTRASUNNY,0.964892566204071,0.8
SegFormer-B2,4641194,Sunset-FOGGY,Sunset,FOGGY,0.7836878299713135,0.8
SegFormer-B2,4641194,Sunset-RAIN,Sunset,RAIN,0.96086186170578,0.8
SegFormer-B2,4641194,Night-EXTRASUNNY,Night,EXTRASUNNY,0.8763344287872314,0.8
SegFormer-B2,4641194,Night-FOGGY,Night,FOGGY,0.5743094682693481,0.8
SegFormer-B2,4641194,Night-RAIN,Night,RAIN,0.5885088443756104,0.8
SegFormer-B2,471118,Day-FOGGY,Day,FOGGY,0.976483166217804,0.8
SegFormer-B2,471118,Day-RAIN,Day,RAIN,0.8868072628974915,0.8
SegFormer-B2,471118,Sunset-EXTRASUNNY,Sunset,EXTRASUNNY,0.8889932036399841,0.8
SegFormer-B2,471118,Sunset-FOGGY,Sunset,FOGGY,0.9021614789962769,0.8
SegFormer-B2,471118,Sunset-RAIN,Sunset,RAIN,0.8733179569244385,0.8
SegFormer-B2,471118,Night-EXTRASUNNY,Night,EXTRASUNNY,0.6596348881721497,0.8
SegFormer-B2,471118,Night-FOGGY,Night,FOGGY,0.6109804511070251,0.8
SegFormer-B2,471118,Night-RAIN,Night,RAIN,0.6598111987113953,0.8
SegFormer-B2,4811864,Day-FOGGY,Day,FOGGY,0.9746288657188416,0.8
SegFormer-B2,4811864,Day-RAIN,Day,RAIN,0.9747936129570007,0.8
SegFormer-B2,4811864,Sunset-EXTRASUNNY,Sunset,EXTRASUNNY,0.9512781500816345,0.8
SegFormer-B2,4811864,Sunset-FOGGY,Sunset,FOGGY,0.975124180316925,0.8
SegFormer-B2,4811864,Sunset-RAIN,Sunset,RAIN,0.9636636972427368,0.8
SegFormer-B2,4811864,Night-EXTRASUNNY,Night,EXTRASUNNY,0.7784228324890137,0.8
SegFormer-B2,4811864,Night-FOGGY,Night,FOGGY,0.7234163284301758,0.8
SegFormer-B2,4811864,Night-RAIN,Night,RAIN,0.7876241207122803,0.8
SegFormer-B2,481618,Day-FOGGY,Day,FOGGY,0.9689177870750427,0.8
SegFormer-B2,481618,Day-RAIN,Day,RAIN,0.9570177793502808,0.8
SegFormer-B2,481618,Sunset-EXTRASUNNY,Sunset,EXTRASUNNY,0.947409987449646,0.8
SegFormer-B2,481618,Sunset-FOGGY,Sunset,FOGGY,0.962279736995697,0.8
SegFormer-B2,481618,Sunset-RAIN,Sunset,RAIN,0.9570667743682861,0.8
SegFormer-B2,481618,Night-EXTRASUNNY,Night,EXTRASUNNY,0.8844777941703796,0.8
SegFormer-B2,481618,Night-FOGGY,Night,FOGGY,0.8392452001571655,0.8
SegFormer-B2,481618,Night-RAIN,Night,RAIN,0.8882394433021545,0.8
SegFormer-B2,4911785,Day-FOGGY,Day,FOGGY,0.9776455163955688,0.8
SegFormer-B2,4911785,Day-RAIN,Day,RAIN,0.9377703070640564,0.8
SegFormer-B2,4911785,Sunset-EXTRASUNNY,Sunset,EXTRASUNNY,0.9660078287124634,0.8
SegFormer-B2,4911785,Sunset-FOGGY,Sunset,FOGGY,0.9302583932876587,0.8
SegFormer-B2,4911785,Sunset-RAIN,Sunset,RAIN,0.9654456377029419,0.8
SegFormer-B2,4911785,Night-EXTRASUNNY,Night,EXTRASUNNY,0.6123644113540649,0.8
SegFormer-B2,4911785,Night-FOGGY,Night,FOGGY,0.4242468476295471,0.8
SegFormer-B2,4911785,Night-RAIN,Night,RAIN,0.43828991055488586,0.8
SegFormer-B2,5370,Day-FOGGY,Day,FOGGY,0.9421873092651367,0.8
SegFormer-B2,5370,Day-RAIN,Day,RAIN,0.8845712542533875,0.8
SegFormer-B2,5370,Sunset-EXTRASUNNY,Sunset,EXTRASUNNY,0.896858811378479,0.8
SegFormer-B2,5370,Sunset-FOGGY,Sunset,FOGGY,0.9394117593765259,0.8
SegFormer-B2,5370,Sunset-RAIN,Sunset,RAIN,0.781169593334198,0.8
SegFormer-B2,5370,Night-EXTRASUNNY,Night,EXTRASUNNY,0.8275797367095947,0.8
SegFormer-B2,5370,Night-FOGGY,Night,FOGGY,0.6285327076911926,0.8
SegFormer-B2,5370,Night-RAIN,Night,RAIN,0.8093098998069763,0.8
SegFormer-B2,550217,Day-FOGGY,Day,FOGGY,0.9799053072929382,0.8
SegFormer-B2,550217,Day-RAIN,Day,RAIN,0.9700436592102051,0.8
SegFormer-B2,550217,Sunset-EXTRASUNNY,Sunset,EXTRASUNNY,0.9841212630271912,0.8
SegFormer-B2,550217,Sunset-FOGGY,Sunset,FOGGY,0.9543876647949219,0.8
SegFormer-B2,550217,Sunset-RAIN,Sunset,RAIN,0.9127410650253296,0.8
SegFormer-B2,550217,Night-EXTRASUNNY,Night,EXTRASUNNY,0.8639092445373535,0.8
SegFormer-B2,550217,Night-FOGGY,Night,FOGGY,0.7785342931747437,0.8
SegFormer-B2,550217,Night-RAIN,Night,RAIN,0.8723222017288208,0.8
SegFormer-B2,564213,Day-FOGGY,Day,FOGGY,0.9703428149223328,0.8
SegFormer-B2,564213,Day-RAIN,Day,RAIN,0.9582895040512085,0.8
SegFormer-B2,564213,Sunset-EXTRASUNNY,Sunset,EXTRASUNNY,0.9314520359039307,0.8
SegFormer-B2,564213,Sunset-FOGGY,Sunset,FOGGY,0.9208070635795593,0.8
SegFormer-B2,564213,Sunset-RAIN,Sunset,RAIN,0.9537690877914429,0.8
SegFormer-B2,564213,Night-EXTRASUNNY,Night,EXTRASUNNY,0.6442664265632629,0.8
SegFormer-B2,564213,Night-FOGGY,Night,FOGGY,0.5319519639015198,0.8
SegFormer-B2,564213,Night-RAIN,Night,RAIN,0.5677875280380249,0.8
SegFormer-B2,568243,Day-FOGGY,Day,FOGGY,0.9966857433319092,0.8
SegFormer-B2,568243,Day-RAIN,Day,RAIN,0.9902568459510803,0.8
SegFormer-B2,568243,Sunset-EXTRASUNNY,Sunset,EXTRASUNNY,0.9871603846549988,0.8
SegFormer-B2,568243,Sunset-FOGGY,Sunset,FOGGY,0.9683092832565308,0.8
SegFormer-B2,568243,Sunset-RAIN,Sunset,RAIN,0.9654251933097839,0.8
SegFormer-B2,568243,Night-EXTRASUNNY,Night,EXTRASUNNY,0.7377831339836121,0.8
SegFormer-B2,568243,Night-FOGGY,Night,FOGGY,0.7387493848800659,0.8
SegFormer-B2,568243,Night-RAIN,Night,RAIN,0.7433608770370483,0.8
SegFormer-B2,5791659,Day-FOGGY,Day,FOGGY,0.9683956503868103,0.8
SegFormer-B2,5791659,Day-RAIN,Day,RAIN,0.9788047075271606,0.8
SegFormer-B2,5791659,Sunset-EXTRASUNNY,Sunset,EXTRASUNNY,0.9718213081359863,0.8
SegFormer-B2,5791659,Sunset-FOGGY,Sunset,FOGGY,0.8787344694137573,0.8
SegFormer-B2,5791659,Sunset-RAIN,Sunset,RAIN,0.9667909741401672,0.8
SegFormer-B2,5791659,Night-EXTRASUNNY,Night,EXTRASUNNY,0.8107280135154724,0.8
SegFormer-B2,5791659,Night-FOGGY,Night,FOGGY,0.6577901244163513,0.8
SegFormer-B2,5791659,Night-RAIN,Night,RAIN,0.6516134142875671,0.8
SegFormer-B2,5951694,Day-FOGGY,Day,FOGGY,0.9494848847389221,0.8
SegFormer-B2,5951694,Day-RAIN,Day,RAIN,0.9681364297866821,0.8
SegFormer-B2,5951694,Sunset-EXTRASUNNY,Sunset,EXTRASUNNY,0.9508234262466431,0.8
SegFormer-B2,5951694,Sunset-FOGGY,Sunset,FOGGY,0.958803117275238,0.8
SegFormer-B2,5951694,Sunset-RAIN,Sunset,RAIN,0.9631187319755554,0.8
SegFormer-B2,5951694,Night-EXTRASUNNY,Night,EXTRASUNNY,0.9202154278755188,0.8
SegFormer-B2,5951694,Night-FOGGY,Night,FOGGY,0.4458882510662079,0.8
SegFormer-B2,5951694,Night-RAIN,Night,RAIN,0.5511958599090576,0.8
SegFormer-B2,596621,Day-FOGGY,Day,FOGGY,0.9883437752723694,0.8
SegFormer-B2,596621,Day-RAIN,Day,RAIN,0.9018593430519104,0.8
SegFormer-B2,596621,Sunset-EXTRASUNNY,Sunset,EXTRASUNNY,0.992550253868103,0.8
SegFormer-B2,596621,Sunset-FOGGY,Sunset,FOGGY,0.7789672613143921,0.8
SegFormer-B2,596621,Sunset-RAIN,Sunset,RAIN,0.9891681671142578,0.8
SegFormer-B2,596621,Night-EXTRASUNNY,Night,EXTRASUNNY,0.6856637597084045,0.8
SegFormer-B2,596621,Night-FOGGY,Night,FOGGY,0.7398834824562073,0.8
SegFormer-B2,596621,Night-RAIN,Night,RAIN,0.8037145733833313,0.8
SegFormer-B2,60144,Day-FOGGY,Day,FOGGY,0.9838624000549316,0.8
SegFormer-B2,60144,Day-RAIN,Day,RAIN,0.9747046232223511,0.8
SegFormer-B2,60144,Sunset-EXTRASUNNY,Sunset,EXTRASUNNY,0.9587361812591553,0.8
SegFormer-B2,60144,Sunset-FOGGY,Sunset,FOGGY,0.9228652715682983,0.8
SegFormer-B2,60144,Sunset-RAIN,Sunset,RAIN,0.9631475210189819,0.8
SegFormer-B2,60144,Night-EXTRASUNNY,Night,EXTRASUNNY,0.920961856842041,0.8
SegFormer-B2,60144,Night-FOGGY,Night,FOGGY,0.775962769985199,0.8
SegFormer-B2,60144,Night-RAIN,Night,RAIN,0.8089213371276855,0.8
SegFormer-B2,602947,Day-FOGGY,Day,FOGGY,0.9361001253128052,0.8
SegFormer-B2,602947,Day-RAIN,Day,RAIN,0.9379406571388245,0.8
SegFormer-B2,602947,Sunset-EXTRASUNNY,Sunset,EXTRASUNNY,0.8932041525840759,0.8
SegFormer-B2,602947,Sunset-FOGGY,Sunset,FOGGY,0.9144022464752197,0.8
SegFormer-B2,602947,Sunset-RAIN,Sunset,RAIN,0.9341432452201843,0.8
SegFormer-B2,602947,Night-EXTRASUNNY,Night,EXTRASUNNY,0.894458532333374,0.8
SegFormer-B2,602947,Night-FOGGY,Night,FOGGY,0.910134494304657,0.8
SegFormer-B2,602947,Night-RAIN,Night,RAIN,0.8586025238037109,0.8
SegFormer-B2,611370,Day-FOGGY,Day,FOGGY,0.9839614629745483,0.8
SegFormer-B2,611370,Day-RAIN,Day,RAIN,0.8706526756286621,0.8
SegFormer-B2,611370,Sunset-EXTRASUNNY,Sunset,EXTRASUNNY,0.9548973441123962,0.8
SegFormer-B2,611370,Sunset-FOGGY,Sunset,FOGGY,0.902344822883606,0.8
SegFormer-B2,611370,Sunset-RAIN,Sunset,RAIN,0.8871083855628967,0.8
SegFormer-B2,611370,Night-EXTRASUNNY,Night,EXTRASUNNY,0.7897531390190125,0.8
SegFormer-B2,611370,Night-FOGGY,Night,FOGGY,0.7100436687469482,0.8
SegFormer-B2,611370,Night-RAIN,Night,RAIN,0.7823305130004883,0.8
SegFormer-B2,6461059,Day-FOGGY,Day,FOGGY,0.9849031567573547,0.8
SegFormer-B2,6461059,Day-RAIN,Day,RAIN,0.9784629940986633,0.8
SegFormer-B2,6461059,Sunset-EXTRASUNNY,Sunset,EXTRASUNNY,0.9834737777709961,0.8
SegFormer-B2,6461059,Sunset-FOGGY,Sunset,FOGGY,0.9725303649902344,0.8
SegFormer-B2,6461059,Sunset-RAIN,Sunset,RAIN,0.9717419743537903,0.8
SegFormer-B2,6461059,Night-EXTRASUNNY,Night,EXTRASUNNY,0.8610949516296387,0.8
SegFormer-B2,6461059,Night-FOGGY,Night,FOGGY,0.9570094347000122,0.8
SegFormer-B2,6461059,Night-RAIN,Night,RAIN,0.9158704876899719,0.8
SegFormer-B2,6521874,Day-FOGGY,Day,FOGGY,0.9614302515983582,0.8
SegFormer-B2,6521874,Day-RAIN,Day,RAIN,0.9289924502372742,0.8
SegFormer-B2,6521874,Sunset-EXTRASUNNY,Sunset,EXTRASUNNY,0.9503145813941956,0.8
SegFormer-B2,6521874,Sunset-FOGGY,Sunset,FOGGY,0.8027635812759399,0.8
SegFormer-B2,6521874,Sunset-RAIN,Sunset,RAIN,0.9448046088218689,0.8
SegFormer-B2,6521874,Night-EXTRASUNNY,Night,EXTRASUNNY,0.44970035552978516,0.8
SegFormer-B2,6521874,Night-FOGGY,Night,FOGGY,0.3571019470691681,0.8
SegFormer-B2,6521874,Night-RAIN,Night,RAIN,0.4252060055732727,0.8
SegFormer-B2,6761290,Day-FOGGY,Day,FOGGY,0.8567560315132141,0.8
SegFormer-B2,6761290,Day-RAIN,Day,RAIN,0.9514292478561401,0.8
SegFormer-B2,6761290,Sunset-EXTRASUNNY,Sunset,EXTRASUNNY,0.898504912853241,0.8
SegFormer-B2,6761290,Sunset-FOGGY,Sunset,FOGGY,0.8353440165519714,0.8
SegFormer-B2,6761290,Sunset-RAIN,Sunset,RAIN,0.9443535208702087,0.8
SegFormer-B2,6761290,Night-EXTRASUNNY,Night,EXTRASUNNY,0.671458899974823,0.8
SegFormer-B2,6761290,Night-FOGGY,Night,FOGGY,0.4651623070240021,0.8
SegFormer-B2,6761290,Night-RAIN,Night,RAIN,0.4847581088542938,0.8
SegFormer-B2,677878,Day-FOGGY,Day,FOGGY,0.959792971611023,0.8
SegFormer-B2,677878,Day-RAIN,Day,RAIN,0.9298989772796631,0.8
SegFormer-B2,677878,Sunset-EXTRASUNNY,Sunset,EXTRASUNNY,0.9327106475830078,0.8
SegFormer-B2,677878,Sunset-FOGGY,Sunset,FOGGY,0.8925226926803589,0.8
SegFormer-B2,677878,Sunset-RAIN,Sunset,RAIN,0.9547685384750366,0.8
SegFormer-B2,677878,Night-EXTRASUNNY,Night,EXTRASUNNY,0.8210228681564331,0.8
SegFormer-B2,677878,Night-FOGGY,Night,FOGGY,0.6874426603317261,0.8
SegFormer-B2,677878,Night-RAIN,Night,RAIN,0.6846259236335754,0.8
SegFormer-B2,6942171,Day-FOGGY,Day,FOGGY,0.8720714449882507,0.8
SegFormer-B2,6942171,Day-RAIN,Day,RAIN,0.927664041519165,0.8
SegFormer-B2,6942171,Sunset-EXTRASUNNY,Sunset,EXTRASUNNY,0.934616208076477,0.8
SegFormer-B2,6942171,Sunset-FOGGY,Sunset,FOGGY,0.6589177846908569,0.8
SegFormer-B2,6942171,Sunset-RAIN,Sunset,RAIN,0.9214448928833008,0.8
SegFormer-B2,6942171,Night-EXTRASUNNY,Night,EXTRASUNNY,0.531218945980072,0.8
SegFormer-B2,6942171,Night-FOGGY,Night,FOGGY,0.454295814037323,0.8
SegFormer-B2,6942171,Night-RAIN,Night,RAIN,0.5142697691917419,0.8
SegFormer-B2,706997,Day-FOGGY,Day,FOGGY,0.9899187684059143,0.8
SegFormer-B2,706997,Day-RAIN,Day,RAIN,0.9727383852005005,0.8
SegFormer-B2,706997,Sunset-EXTRASUNNY,Sunset,EXTRASUNNY,0.9733907580375671,0.8
SegFormer-B2,706997,Sunset-FOGGY,Sunset,FOGGY,0.9725725650787354,0.8
SegFormer-B2,706997,Sunset-RAIN,Sunset,RAIN,0.9771431088447571,0.8
SegFormer-B2,706997,Night-EXTRASUNNY,Night,EXTRASUNNY,0.7705594301223755,0.8
SegFormer-B2,706997,Night-FOGGY,Night,FOGGY,0.9689555764198303,0.8
SegFormer-B2,706997,Night-RAIN,Night,RAIN,0.5213502645492554,0.8
SegFormer-B2,709297,Day-FOGGY,Day,FOGGY,0.9406991004943848,0.8
SegFormer-B2,709297,Day-RAIN,Day,RAIN,0.9137648344039917,0.8
SegFormer-B2,709297,Sunset-EXTRASUNNY,Sunset,EXTRASUNNY,0.8239012360572815,0.8
SegFormer-B2,709297,Sunset-FOGGY,Sunset,FOGGY,0.8176444172859192,0.8
SegFormer-B2,709297,Sunset-RAIN,Sunset,RAIN,0.9109886288642883,0.8
SegFormer-B2,709297,Night-EXTRASUNNY,Night,EXTRASUNNY,0.7821508646011353,0.8
SegFormer-B2,709297,Night-FOGGY,Night,FOGGY,0.807341992855072,0.8
SegFormer-B2,709297,Night-RAIN,Night,RAIN,0.8226436376571655,0.8
SegFormer-B2,721627,Day-FOGGY,Day,FOGGY,0.9898175001144409,0.8
SegFormer-B2,721627,Day-RAIN,Day,RAIN,0.9883061051368713,0.8
SegFormer-B2,721627,Sunset-EXTRASUNNY,Sunset,EXTRASUNNY,0.8678960800170898,0.8
SegFormer-B2,721627,Sunset-FOGGY,Sunset,FOGGY,0.8613776564598083,0.8
SegFormer-B2,721627,Sunset-RAIN,Sunset,RAIN,0.9771692752838135,0.8
SegFormer-B2,721627,Night-EXTRASUNNY,Night,EXTRASUNNY,0.8714372515678406,0.8
SegFormer-B2,721627,Night-FOGGY,Night,FOGGY,0.8357137441635132,0.8
SegFormer-B2,721627,Night-RAIN,Night,RAIN,0.8669585585594177,0.8
SegFormer-B2,730301,Day-FOGGY,Day,FOGGY,0.9707982540130615,0.8
SegFormer-B2,730301,Day-RAIN,Day,RAIN,0.9505941271781921,0.8
SegFormer-B2,730301,Sunset-EXTRASUNNY,Sunset,EXTRASUNNY,0.9757881164550781,0.8
SegFormer-B2,730301,Sunset-FOGGY,Sunset,FOGGY,0.9542080163955688,0.8
SegFormer-B2,730301,Sunset-RAIN,Sunset,RAIN,0.9361525774002075,0.8
SegFormer-B2,730301,Night-EXTRASUNNY,Night,EXTRASUNNY,0.7164570689201355,0.8
SegFormer-B2,730301,Night-FOGGY,Night,FOGGY,0.7366057634353638,0.8
SegFormer-B2,730301,Night-RAIN,Night,RAIN,0.572822093963623,0.8
SegFormer-B2,7402052,Day-FOGGY,Day,FOGGY,0.9543358087539673,0.8
SegFormer-B2,7402052,Day-RAIN,Day,RAIN,0.993044912815094,0.8
SegFormer-B2,7402052,Sunset-EXTRASUNNY,Sunset,EXTRASUNNY,0.9039249420166016,0.8
SegFormer-B2,7402052,Sunset-FOGGY,Sunset,FOGGY,0.6054211854934692,0.8
SegFormer-B2,7402052,Sunset-RAIN,Sunset,RAIN,0.9595963358879089,0.8
SegFormer-B2,7402052,Night-EXTRASUNNY,Night,EXTRASUNNY,0.832139790058136,0.8
SegFormer-B2,7402052,Night-FOGGY,Night,FOGGY,0.6468093395233154,0.8
SegFormer-B2,7402052,Night-RAIN,Night,RAIN,0.6855515241622925,0.8
SegFormer-B2,740535,Day-FOGGY,Day,FOGGY,0.9701293706893921,0.8
SegFormer-B2,740535,Day-RAIN,Day,RAIN,0.9783796668052673,0.8
SegFormer-B2,740535,Sunset-EXTRASUNNY,Sunset,EXTRASUNNY,0.9676303863525391,0.8
SegFormer-B2,740535,Sunset-FOGGY,Sunset,FOGGY,0.9388351440429688,0.8
SegFormer-B2,740535,Sunset-RAIN,Sunset,RAIN,0.9647825360298157,0.8
SegFormer-B2,740535,Night-EXTRASUNNY,Night,EXTRASUNNY,0.6804741024971008,0.8
SegFormer-B2,740535,Night-FOGGY,Night,FOGGY,0.5387603044509888,0.8
SegFormer-B2,740535,Night-RAIN,Night,RAIN,0.6871151328086853,0.8
SegFormer-B2,754244,Day-FOGGY,Day,FOGGY,0.9525615572929382,0.8
SegFormer-B2,754244,Day-RAIN,Day,RAIN,0.9744457602500916,0.8
SegFormer-B2,754244,Sunset-EXTRASUNNY,Sunset,EXTRASUNNY,0.9842588305473328,0.8
SegFormer-B2,754244,Sunset-FOGGY,Sunset,FOGGY,0.9285352826118469,0.8
SegFormer-B2,754244,Sunset-RAIN,Sunset,RAIN,0.9837919473648071,0.8
SegFormer-B2,754244,Night-EXTRASUNNY,Night,EXTRASUNNY,0.7890765070915222,0.8
SegFormer-B2,754244,Night-FOGGY,Night,FOGGY,0.6680763363838196,0.8
SegFormer-B2,754244,Night-RAIN,Night,RAIN,0.6892191767692566,0.8
SegFormer-B2,7601172,Day-FOGGY,Day,FOGGY,0.9409918785095215,0.8
SegFormer-B2,7601172,Day-RAIN,Day,RAIN,0.8179816603660583,0.8
SegFormer-B2,7601172,Sunset-EXTRASUNNY,Sunset,EXTRASUNNY,0.9712883830070496,0.8
SegFormer-B2,7601172,Sunset-FOGGY,Sunset,FOGGY,0.6232742667198181,0.8
SegFormer-B2,7601172,Sunset-RAIN,Sunset,RAIN,0.975450873374939,0.8
SegFormer-B2,7601172,Night-EXTRASUNNY,Night,EXTRASUNNY,0.819207489490509,0.8
SegFormer-B2,7601172,Night-FOGGY,Night,FOGGY,0.6581069231033325,0.8
SegFormer-B2,7601172,Night-RAIN,Night,RAIN,0.5980244278907776,0.8
SegFormer-B2,764275,Day-FOGGY,Day,FOGGY,0.822921097278595,0.8
SegFormer-B2,764275,Day-RAIN,Day,RAIN,0.9240805506706238,0.8
SegFormer-B2,764275,Sunset-EXTRASUNNY,Sunset,EXTRASUNNY,0.9063229560852051,0.8
SegFormer-B2,764275,Sunset-FOGGY,Sunset,FOGGY,0.6244155168533325,0.8
SegFormer-B2,764275,Sunset-RAIN,Sunset,RAIN,0.9103480577468872,0.8
SegFormer-B2,764275,Night-EXTRASUNNY,Night,EXTRASUNNY,0.7240405082702637,0.8
SegFormer-B2,764275,Night-FOGGY,Night,FOGGY,0.5913754105567932,0.8
SegFormer-B2,764275,Night-RAIN,Night,RAIN,0.6117594242095947,0.8
SegFormer-B2,80078,Day-FOGGY,Day,FOGGY,0.9843475222587585,0.8
SegFormer-B2,80078,Day-RAIN,Day,RAIN,0.9741705656051636,0.8
SegFormer-B2,80078,Sunset-EXTRASUNNY,Sunset,EXTRASUNNY,0.986087441444397,0.8
SegFormer-B2,80078,Sunset-FOGGY,Sunset,FOGGY,0.9628638625144958,0.8
SegFormer-B2,80078,Sunset-RAIN,Sunset,RAIN,0.9694610834121704,0.8
SegFormer-B2,80078,Night-EXTRASUNNY,Night,EXTRASUNNY,0.7416073679924011,0.8
SegFormer-B2,80078,Night-FOGGY,Night,FOGGY,0.5654947757720947,0.8
SegFormer-B2,80078,Night-RAIN,Night,RAIN,0.7419600486755371,0.8
SegFormer-B2,802754,Day-FOGGY,Day,FOGGY,0.9703170657157898,0.8
SegFormer-B2,802754,Day-RAIN,Day,RAIN,0.9732115864753723,0.8
SegFormer-B2,802754,Sunset-EXTRASUNNY,Sunset,EXTRASUNNY,0.9719915986061096,0.8
SegFormer-B2,802754,Sunset-FOGGY,Sunset,FOGGY,0.857613205909729,0.8
SegFormer-B2,802754,Sunset-RAIN,Sunset,RAIN,0.9506139159202576,0.8
SegFormer-B2,802754,Night-EXTRASUNNY,Night,EXTRASUNNY,0.730085551738739,0.8
SegFormer-B2,802754,Night-FOGGY,Night,FOGGY,0.7280264496803284,0.8
SegFormer-B2,802754,Night-RAIN,Night,RAIN,0.7428027391433716,0.8
SegFormer-B2,807294,Day-FOGGY,Day,FOGGY,0.9452569484710693,0.8
SegFormer-B2,807294,Day-RAIN,Day,RAIN,0.9733725786209106,0.8
SegFormer-B2,807294,Sunset-EXTRASUNNY,Sunset,EXTRASUNNY,0.8064262866973877,0.8
SegFormer-B2,807294,Sunset-FOGGY,Sunset,FOGGY,0.7872504591941833,0.8
SegFormer-B2,807294,Sunset-RAIN,Sunset,RAIN,0.8722331523895264,0.8
SegFormer-B2,807294,Night-EXTRASUNNY,Night,EXTRASUNNY,0.7909373641014099,0.8
SegFormer-B2,807294,Night-FOGGY,Night,FOGGY,0.7402941584587097,0.8
SegFormer-B2,807294,Night-RAIN,Night,RAIN,0.7846808433532715,0.8
SegFormer-B2,8211195,Day-FOGGY,Day,FOGGY,0.971786379814148,0.8
SegFormer-B2,8211195,Day-RAIN,Day,RAIN,0.9779042601585388,0.8
SegFormer-B2,8211195,Sunset-EXTRASUNNY,Sunset,EXTRASUNNY,0.967744767665863,0.8
SegFormer-B2,8211195,Sunset-FOGGY,Sunset,FOGGY,0.8696959018707275,0.8
SegFormer-B2,8211195,Sunset-RAIN,Sunset,RAIN,0.9603505730628967,0.8
SegFormer-B2,8211195,Night-EXTRASUNNY,Night,EXTRASUNNY,0.6756246089935303,0.8
SegFormer-B2,8211195,Night-FOGGY,Night,FOGGY,0.48828253149986267,0.8
SegFormer-B2,8211195,Night-RAIN,Night,RAIN,0.6578046679496765,0.8
SegFormer-B2,840214,Day-FOGGY,Day,FOGGY,0.9912775158882141,0.8
SegFormer-B2,840214,Day-RAIN,Day,RAIN,0.9675347805023193,0.8
SegFormer-B2,840214,Sunset-EXTRASUNNY,Sunset,EXTRASUNNY,0.970979630947113,0.8
SegFormer-B2,840214,Sunset-FOGGY,Sunset,FOGGY,0.9401761293411255,0.8
SegFormer-B2,840214,Sunset-RAIN,Sunset,RAIN,0.9745532870292664,0.8
SegFormer-B2,840214,Night-EXTRASUNNY,Night,EXTRASUNNY,0.7789652943611145,0.8
SegFormer-B2,840214,Night-FOGGY,Night,FOGGY,0.6889249682426453,0.8
SegFormer-B2,840214,Night-RAIN,Night,RAIN,0.7691951394081116,0.8
SegFormer-B2,849953,Day-FOGGY,Day,FOGGY,0.9690025448799133,0.8
SegFormer-B2,849953,Day-RAIN,Day,RAIN,0.9694170355796814,0.8
SegFormer-B2,849953,Sunset-EXTRASUNNY,Sunset,EXTRASUNNY,0.8957473039627075,0.8
SegFormer-B2,849953,Sunset-FOGGY,Sunset,FOGGY,0.8364026546478271,0.8
SegFormer-B2,849953,Sunset-RAIN,Sunset,RAIN,0.978640615940094,0.8
SegFormer-B2,849953,Night-EXTRASUNNY,Night,EXTRASUNNY,0.8289832472801208,0.8
SegFormer-B2,849953,Night-FOGGY,Night,FOGGY,0.8226683139801025,0.8
SegFormer-B2,849953,Night-RAIN,Night,RAIN,0.7930611968040466,0.8
SegFormer-B2,863810,Day-FOGGY,Day,FOGGY,0.9725099802017212,0.8
SegFormer-B2,863810,Day-RAIN,Day,RAIN,0.9665301442146301,0.8
SegFormer-B2,863810,Sunset-EXTRASUNNY,Sunset,EXTRASUNNY,0.9714680314064026,0.8
SegFormer-B2,863810,Sunset-FOGGY,Sunset,FOGGY,0.9313378930091858,0.8
SegFormer-B2,863810,Sunset-RAIN,Sunset,RAIN,0.9666613340377808,0.8
SegFormer-B2,863810,Night-EXTRASUNNY,Night,EXTRASUNNY,0.6955111026763916,0.8
SegFormer-B2,863810,Night-FOGGY,Night,FOGGY,0.9262919425964355,0.8
SegFormer-B2,863810,Night-RAIN,Night,RAIN,0.6661746501922607,0.8
SegFormer-B2,871354,Day-FOGGY,Day,FOGGY,0.9901596903800964,0.8
SegFormer-B2,871354,Day-RAIN,Day,RAIN,0.9914707541465759,0.8
SegFormer-B2,871354,Sunset-EXTRASUNNY,Sunset,EXTRASUNNY,0.9738407135009766,0.8
SegFormer-B2,871354,Sunset-FOGGY,Sunset,FOGGY,0.956743061542511,0.8
SegFormer-B2,871354,Sunset-RAIN,Sunset,RAIN,0.98524409532547,0.8
SegFormer-B2,871354,Night-EXTRASUNNY,Night,EXTRASUNNY,0.562216579914093,0.8
SegFormer-B2,871354,Night-FOGGY,Night,FOGGY,0.5620793104171753,0.8
SegFormer-B2,871354,Night-RAIN,Night,RAIN,0.5627572536468506,0.8
SegFormer-B2,878,Day-FOGGY,Day,FOGGY,0.9775888323783875,0.8
SegFormer-B2,878,Day-RAIN,Day,RAIN,0.9614845514297485,0.8
SegFormer-B2,878,Sunset-EXTRASUNNY,Sunset,EXTRASUNNY,0.9471046924591064,0.8
SegFormer-B2,878,Sunset-FOGGY,Sunset,FOGGY,0.9079758524894714,0.8
SegFormer-B2,878,Sunset-RAIN,Sunset,RAIN,0.9500526189804077,0.8
SegFormer-B2,878,Night-EXTRASUNNY,Night,EXTRASUNNY,0.8466400504112244,0.8
SegFormer-B2,878,Night-FOGGY,Night,FOGGY,0.7817397117614746,0.8
SegFormer-B2,878,Night-RAIN,Night,RAIN,0.8467148542404175,0.8
SegFormer-B2,8791456,Day-FOGGY,Day,FOGGY,0.931075930595398,0.8
SegFormer-B2,8791456,Day-RAIN,Day,RAIN,0.964341402053833,0.8
SegFormer-B2,8791456,Sunset-EXTRASUNNY,Sunset,EXTRASUNNY,0.9392111897468567,0.8
SegFormer-B2,8791456,Sunset-FOGGY,Sunset,FOGGY,0.8677043914794922,0.8
SegFormer-B2,8791456,Sunset-RAIN,Sunset,RAIN,0.9331809878349304,0.8
SegFormer-B2,8791456,Night-EXTRASUNNY,Night,EXTRASUNNY,0.5500631928443909,0.8
SegFormer-B2,8791456,Night-FOGGY,Night,FOGGY,0.47800981998443604,0.8
SegFormer-B2,8791456,Night-RAIN,Night,RAIN,0.5013372302055359,0.8
SegFormer-B2,960645,Day-FOGGY,Day,FOGGY,0.9691805839538574,0.8
SegFormer-B2,960645,Day-RAIN,Day,RAIN,0.9448626637458801,0.8
SegFormer-B2,960645,Sunset-EXTRASUNNY,Sunset,EXTRASUNNY,0.9345268607139587,0.8
SegFormer-B2,960645,Sunset-FOGGY,Sunset,FOGGY,0.9423879981040955,0.8
SegFormer-B2,960645,Sunset-RAIN,Sunset,RAIN,0.9589969515800476,0.8
SegFormer-B2,960645,Night-EXTRASUNNY,Night,EXTRASUNNY,0.8184726238250732,0.8
SegFormer-B2,960645,Night-FOGGY,Night,FOGGY,0.7038718461990356,0.8
SegFormer-B2,960645,Night-RAIN,Night,RAIN,0.8094474673271179,0.8
SegFormer-B2,973598,Day-FOGGY,Day,FOGGY,0.9705718755722046,0.8
SegFormer-B2,973598,Day-RAIN,Day,RAIN,0.9700654745101929,0.8
SegFormer-B2,973598,Sunset-EXTRASUNNY,Sunset,EXTRASUNNY,0.9727491736412048,0.8
SegFormer-B2,973598,Sunset-FOGGY,Sunset,FOGGY,0.9652642011642456,0.8
SegFormer-B2,973598,Sunset-RAIN,Sunset,RAIN,0.9728042483329773,0.8
SegFormer-B2,973598,Night-EXTRASUNNY,Night,EXTRASUNNY,0.6184765696525574,0.8
SegFormer-B2,973598,Night-FOGGY,Night,FOGGY,0.48641878366470337,0.8
SegFormer-B2,973598,Night-RAIN,Night,RAIN,0.6164093613624573,0.8
SegFormer-B2,988137,Day-FOGGY,Day,FOGGY,0.9769852161407471,0.8
SegFormer-B2,988137,Day-RAIN,Day,RAIN,0.9887385964393616,0.8
SegFormer-B2,988137,Sunset-EXTRASUNNY,Sunset,EXTRASUNNY,0.9634148478507996,0.8
SegFormer-B2,988137,Sunset-FOGGY,Sunset,FOGGY,0.9015687704086304,0.8
SegFormer-B2,988137,Sunset-RAIN,Sunset,RAIN,0.9622952342033386,0.8
SegFormer-B2,988137,Night-EXTRASUNNY,Night,EXTRASUNNY,0.7270123362541199,0.8
SegFormer-B2,988137,Night-FOGGY,Night,FOGGY,0.6449999809265137,0.8
SegFormer-B2,988137,Night-RAIN,Night,RAIN,0.6750690340995789,0.8
SegFormer-B2,9958,Day-FOGGY,Day,FOGGY,0.9840671420097351,0.8
SegFormer-B2,9958,Day-RAIN,Day,RAIN,0.954021692276001,0.8
SegFormer-B2,9958,Sunset-EXTRASUNNY,Sunset,EXTRASUNNY,0.9813805222511292,0.8
SegFormer-B2,9958,Sunset-FOGGY,Sunset,FOGGY,0.9085745215415955,0.8
SegFormer-B2,9958,Sunset-RAIN,Sunset,RAIN,0.9619100689888,0.8
SegFormer-B2,9958,Night-EXTRASUNNY,Night,EXTRASUNNY,0.7050719261169434,0.8
SegFormer-B2,9958,Night-FOGGY,Night,FOGGY,0.6729956269264221,0.8
SegFormer-B2,9958,Night-RAIN,Night,RAIN,0.6411848664283752,0.8
SegFormer-B5,10231074,Day-FOGGY,Day,FOGGY,0.9578680396080017,0.8
SegFormer-B5,10231074,Day-RAIN,Day,RAIN,0.9252632260322571,0.8
SegFormer-B5,10231074,Sunset-EXTRASUNNY,Sunset,EXTRASUNNY,0.9185126423835754,0.8
SegFormer-B5,10231074,Sunset-FOGGY,Sunset,FOGGY,0.9106230735778809,0.8
SegFormer-B5,10231074,Sunset-RAIN,Sunset,RAIN,0.8870823383331299,0.8
SegFormer-B5,10231074,Night-EXTRASUNNY,Night,EXTRASUNNY,0.7974497675895691,0.8
SegFormer-B5,10231074,Night-FOGGY,Night,FOGGY,0.6505658626556396,0.8
SegFormer-B5,10231074,Night-RAIN,Night,RAIN,0.6854974031448364,0.8
SegFormer-B5,108359,Day-FOGGY,Day,FOGGY,0.9630419015884399,0.8
SegFormer-B5,108359,Day-RAIN,Day,RAIN,0.9363059997558594,0.8
SegFormer-B5,108359,Sunset-EXTRASUNNY,Sunset,EXTRASUNNY,0.9733465909957886,0.8
SegFormer-B5,108359,Sunset-FOGGY,Sunset,FOGGY,0.9359713196754456,0.8
SegFormer-B5,108359,Sunset-RAIN,Sunset,RAIN,0.9214769005775452,0.8
SegFormer-B5,108359,Night-EXTRASUNNY,Night,EXTRASUNNY,0.6174641847610474,0.8
SegFormer-B5,108359,Night-FOGGY,Night,FOGGY,0.5798122882843018,0.8
SegFormer-B5,108359,Night-RAIN,Night,RAIN,0.5998632311820984,0.8
SegFormer-B5,10901081,Day-FOGGY,Day,FOGGY,0.9855177402496338,0.8
SegFormer-B5,10901081,Day-RAIN,Day,RAIN,0.9712263345718384,0.8
SegFormer-B5,10901081,Sunset-EXTRASUNNY,Sunset,EXTRASUNNY,0.9770423173904419,0.8
SegFormer-B5,10901081,Sunset-FOGGY,Sunset,FOGGY,0.9570183157920837,0.8
SegFormer-B5,10901081,Sunset-RAIN,Sunset,RAIN,0.960488498210907,0.8
SegFormer-B5,10901081,Night-EXTRASUNNY,Night,EXTRASUNNY,0.9489856362342834,0.8
SegFormer-B5,10901081,Night-FOGGY,Night,FOGGY,0.9280178546905518,0.8
SegFormer-B5,10901081,Night-RAIN,Night,RAIN,0.6366692185401917,0.8
SegFormer-B5,11101250,Day-FOGGY,Day,FOGGY,0.9474746584892273,0.8
SegFormer-B5,11101250,Day-RAIN,Day,RAIN,0.9088412523269653,0.8
SegFormer-B5,11101250,Sunset-EXTRASUNNY,Sunset,EXTRASUNNY,0.9082472920417786,0.8
SegFormer-B5,11101250,Sunset-FOGGY,Sunset,FOGGY,0.9090098738670349,0.8
SegFormer-B5,11101250,Sunset-RAIN,Sunset,RAIN,0.9281705617904663,0.8
SegFormer-B5,11101250,Night-EXTRASUNNY,Night,EXTRASUNNY,0.9669761657714844,0.8
SegFormer-B5,11101250,Night-FOGGY,Night,FOGGY,0.7934816479682922,0.8
SegFormer-B5,11101250,Night-RAIN,Night,RAIN,0.6257946491241455,0.8
SegFormer-B5,11131433,Day-FOGGY,Day,FOGGY,0.9526283144950867,0.8
SegFormer-B5,11131433,Day-RAIN,Day,RAIN,0.9524176120758057,0.8
SegFormer-B5,11131433,Sunset-EXTRASUNNY,Sunset,EXTRASUNNY,0.940342903137207,0.8
SegFormer-B5,11131433,Sunset-FOGGY,Sunset,FOGGY,0.8776965737342834,0.8
SegFormer-B5,11131433,Sunset-RAIN,Sunset,RAIN,0.9533131718635559,0.8
SegFormer-B5,11131433,Night-EXTRASUNNY,Night,EXTRASUNNY,0.5078405737876892,0.8
SegFormer-B5,11131433,Night-FOGGY,Night,FOGGY,0.52155601978302,0.8
SegFormer-B5,11131433,Night-RAIN,Night,RAIN,0.4656459391117096,0.8
SegFormer-B5,1119803,Day-FOGGY,Day,FOGGY,0.9609421491622925,0.8
SegFormer-B5,1119803,Day-RAIN,Day,RAIN,0.9831234812736511,0.8
SegFormer-B5,1119803,Sunset-EXTRASUNNY,Sunset,EXTRASUNNY,0.9945160746574402,0.8
SegFormer-B5,1119803,Sunset-FOGGY,Sunset,FOGGY,0.9023078083992004,0.8
SegFormer-B5,1119803,Sunset-RAIN,Sunset,RAIN,0.9725145101547241,0.8
SegFormer-B5,1119803,Night-EXTRASUNNY,Night,EXTRASUNNY,0.7457392811775208,0.8
SegFormer-B5,1119803,Night-FOGGY,Night,FOGGY,0.7003809809684753,0.8
SegFormer-B5,1119803,Night-RAIN,Night,RAIN,0.6832312345504761,0.8
SegFormer-B5,112170,Day-FOGGY,Day,FOGGY,0.9835302829742432,0.8
SegFormer-B5,112170,Day-RAIN,Day,RAIN,0.9727587699890137,0.8
SegFormer-B5,112170,Sunset-EXTRASUNNY,Sunset,EXTRASUNNY,0.9766064882278442,0.8
SegFormer-B5,112170,Sunset-FOGGY,Sunset,FOGGY,0.9196751713752747,0.8
SegFormer-B5,112170,Sunset-RAIN,Sunset,RAIN,0.9663476347923279,0.8
SegFormer-B5,112170,Night-EXTRASUNNY,Night,EXTRASUNNY,0.7356153130531311,0.8
SegFormer-B5,112170,Night-FOGGY,Night,FOGGY,0.6687777042388916,0.8
SegFormer-B5,112170,Night-RAIN,Night,RAIN,0.6663240790367126,0.8
SegFormer-B5,1124819,Day-FOGGY,Day,FOGGY,0.950468897819519,0.8
SegFormer-B5,1124819,Day-RAIN,Day,RAIN,0.9635045528411865,0.8
SegFormer-B5,1124819,Sunset-EXTRASUNNY,Sunset,EXTRASUNNY,0.9468601942062378,0.8
SegFormer-B5,1124819,Sunset-FOGGY,Sunset,FOGGY,0.887457013130188,0.8
SegFormer-B5,1124819,Sunset-RAIN,Sunset,RAIN,0.9416925311088562,0.8
SegFormer-B5,1124819,Night-EXTRASUNNY,Night,EXTRASUNNY,0.8152644634246826,0.8
SegFormer-B5,1124819,Night-FOGGY,Night,FOGGY,0.571416437625885,0.8
SegFormer-B5,1124819,Night-RAIN,Night,RAIN,0.5453846454620361,0.8
SegFormer-B5,11281105,Day-FOGGY,Day,FOGGY,0.9188843369483948,0.8
SegFormer-B5,11281105,Day-RAIN,Day,RAIN,0.9228952527046204,0.8
SegFormer-B5,11281105,Sunset-EXTRASUNNY,Sunset,EXTRASUNNY,0.9874013066291809,0.8
SegFormer-B5,11281105,Sunset-FOGGY,Sunset,FOGGY,0.8990990519523621,0.8
SegFormer-B5,11281105,Sunset-RAIN,Sunset,RAIN,0.9210530519485474,0.8
SegFormer-B5,11281105,Night-EXTRASUNNY,Night,EXTRASUNNY,0.8450390696525574,0.8
SegFormer-B5,11281105,Night-FOGGY,Night,FOGGY,0.928586483001709,0.8
SegFormer-B5,11281105,Night-RAIN,Night,RAIN,0.6291049122810364,0.8
SegFormer-B5,1129575,Day-FOGGY,Day,FOGGY,0.9766414761543274,0.8
SegFormer-B5,1129575,Day-RAIN,Day,RAIN,0.9878644943237305,0.8
SegFormer-B5,1129575,Sunset-EXTRASUNNY,Sunset,EXTRASUNNY,0.989830732345581,0.8
SegFormer-B5,1129575,Sunset-FOGGY,Sunset,FOGGY,0.9682275652885437,0.8
SegFormer-B5,1129575,Sunset-RAIN,Sunset,RAIN,0.9700812697410583,0.8
SegFormer-B5,1129575,Night-EXTRASUNNY,Night,EXTRASUNNY,0.9126542210578918,0.8
SegFormer-B5,1129575,Night-FOGGY,Night,FOGGY,0.7399578094482422,0.8
SegFormer-B5,1129575,Night-RAIN,Night,RAIN,0.584300696849823,0.8
SegFormer-B5,1161197,Day-FOGGY,Day,FOGGY,0.96517014503479,0.8
SegFormer-B5,1161197,Day-RAIN,Day,RAIN,0.946804940700531,0.8
SegFormer-B5,1161197,Sunset-EXTRASUNNY,Sunset,EXTRASUNNY,0.9250056743621826,0.8
SegFormer-B5,1161197,Sunset-FOGGY,Sunset,FOGGY,0.8755823969841003,0.8
SegFormer-B5,1161197,Sunset-RAIN,Sunset,RAIN,0.9197455644607544,0.8
SegFormer-B5,1161197,Night-EXTRASUNNY,Night,EXTRASUNNY,0.8394094705581665,0.8
SegFormer-B5,1161197,Night-FOGGY,Night,FOGGY,0.8632301688194275,0.8
SegFormer-B5,1161197,Night-RAIN,Night,RAIN,0.8221288919448853,0.8
SegFormer-B5,1162709,Day-FOGGY,Day,FOGGY,0.9175084829330444,0.8
SegFormer-B5,1162709,Day-RAIN,Day,RAIN,0.89776611328125,0.8
SegFormer-B5,1162709,Sunset-EXTRASUNNY,Sunset,EXTRASUNNY,0.9558145403862,0.8
SegFormer-B5,1162709,Sunset-FOGGY,Sunset,FOGGY,0.8844591379165649,0.8
SegFormer-B5,1162709,Sunset-RAIN,Sunset,RAIN,0.9188131093978882,0.8
SegFormer-B5,1162709,Night-EXTRASUNNY,Night,EXTRASUNNY,0.9129185676574707,0.8
SegFormer-B5,1162709,Night-FOGGY,Night,FOGGY,0.9018593430519104,0.8
SegFormer-B5,1162709,Night-RAIN,Night,RAIN,0.9171674847602844,0.8
SegFormer-B5,1163548,Day-FOGGY,Day,FOGGY,0.9666494727134705,0.8
SegFormer-B5,1163548,Day-RAIN,Day,RAIN,0.9329601526260376,0.8
SegFormer-B5,1163548,Sunset-EXTRASUNNY,Sunset,EXTRASUNNY,0.9280348420143127,0.8
SegFormer-B5,1163548,Sunset-FOGGY,Sunset,FOGGY,0.9176024198532104,0.8
SegFormer-B5,1163548,Sunset-RAIN,Sunset,RAIN,0.9290251135826111,0.8
SegFormer-B5,1163548,Night-EXTRASUNNY,Night,EXTRASUNNY,0.8588151931762695,0.8
SegFormer-B5,1163548,Night-FOGGY,Night,FOGGY,0.9270031452178955,0.8
SegFormer-B5,1163548,Night-RAIN,Night,RAIN,0.8578054308891296,0.8
SegFormer-B5,11642190,Day-FOGGY,Day,FOGGY,0.9820570945739746,0.8
SegFormer-B5,11642190,Day-RAIN,Day,RAIN,0.9499479532241821,0.8
SegFormer-B5,11642190,Sunset-EXTRASUNNY,Sunset,EXTRASUNNY,0.9625686407089233,0.8
SegFormer-B5,11642190,Sunset-FOGGY,Sunset,FOGGY,0.9497687816619873,0.8
SegFormer-B5,11642190,Sunset-RAIN,Sunset,RAIN,0.9463018178939819,0.8
SegFormer-B5,11642190,Night-EXTRASUNNY,Night,EXTRASUNNY,0.8723244071006775,0.8
SegFormer-B5,11642190,Night-FOGGY,Night,FOGGY,0.9087631106376648,0.8
SegFormer-B5,11642190,Night-RAIN,Night,RAIN,0.7879738807678223,0.8
SegFormer-B5,1169181,Day-FOGGY,Day,FOGGY,0.9630787968635559,0.8
SegFormer-B5,1169181,Day-RAIN,Day,RAIN,0.9438403248786926,0.8
SegFormer-B5,1169181,Sunset-EXTRASUNNY,Sunset,EXTRASUNNY,0.9493626952171326,0.8
SegFormer-B5,1169181,Sunset-FOGGY,Sunset,FOGGY,0.9232907295227051,0.8
SegFormer-B5,1169181,Sunset-RAIN,Sunset,RAIN,0.9527477025985718,0.8
SegFormer-B5,1169181,Night-EXTRASUNNY,Night,EXTRASUNNY,0.8984955549240112,0.8
SegFormer-B5,1169181,Night-FOGGY,Night,FOGGY,0.8553460836410522,0.8
SegFormer-B5,1169181,Night-RAIN,Night,RAIN,0.6794692277908325,0.8
SegFormer-B5,11721222,Day-FOGGY,Day,FOGGY,0.9928136467933655,0.8
SegFormer-B5,11721222,Day-RAIN,Day,RAIN,0.9929254651069641,0.8
SegFormer-B5,11721222,Sunset-EXTRASUNNY,Sunset,EXTRASUNNY,0.9964105486869812,0.8
SegFormer-B5,11721222,Sunset-FOGGY,Sunset,FOGGY,0.9880334138870239,0.8
SegFormer-B5,11721222,Sunset-RAIN,Sunset,RAIN,0.9894506931304932,0.8
SegFormer-B5,11721222,Night-EXTRASUNNY,Night,EXTRASUNNY,0.9687327146530151,0.8
SegFormer-B5,11721222,Night-FOGGY,Night,FOGGY,0.7590494155883789,0.8
SegFormer-B5,11721222,Night-RAIN,Night,RAIN,0.7428919672966003,0.8
SegFormer-B5,11802146,Day-FOGGY,Day,FOGGY,0.9549999237060547,0.8
SegFormer-B5,11802146,Day-RAIN,Day,RAIN,0.9588735103607178,0.8
SegFormer-B5,11802146,Sunset-EXTRASUNNY,Sunset,EXTRASUNNY,0.9789000749588013,0.8
SegFormer-B5,11802146,Sunset-FOGGY,Sunset,FOGGY,0.9142590165138245,0.8
SegFormer-B5,11802146,Sunset-RAIN,Sunset,RAIN,0.9503071308135986,0.8
SegFormer-B5,11802146,Night-EXTRASUNNY,Night,EXTRASUNNY,0.8579314947128296,0.8
SegFormer-B5,11802146,Night-FOGGY,Night,FOGGY,0.8086639046669006,0.8
SegFormer-B5,11802146,Night-RAIN,Night,RAIN,0.6950922012329102,0.8
SegFormer-B5,1184775,Day-FOGGY,Day,FOGGY,0.9521968960762024,0.8
SegFormer-B5,1184775,Day-RAIN,Day,RAIN,0.9673749804496765,0.8
SegFormer-B5,1184775,Sunset-EXTRASUNNY,Sunset,EXTRASUNNY,0.9823871850967407,0.8
SegFormer-B5,1184775,Sunset-FOGGY,Sunset,FOGGY,0.9407898187637329,0.8
SegFormer-B5,1184775,Sunset-RAIN,Sunset,RAIN,0.9555230736732483,0.8
SegFormer-B5,1184775,Night-EXTRASUNNY,Night,EXTRASUNNY,0.699740469455719,0.8
SegFormer-B5,1184775,Night-FOGGY,Night,FOGGY,0.664612352848053,0.8
SegFormer-B5,1184775,Night-RAIN,Night,RAIN,0.598207414150238,0.8
SegFormer-B5,11921147,Day-FOGGY,Day,FOGGY,0.9837575554847717,0.8
SegFormer-B5,11921147,Day-RAIN,Day,RAIN,0.9922375679016113,0.8
SegFormer-B5,11921147,Sunset-EXTRASUNNY,Sunset,EXTRASUNNY,0.9599953293800354,0.8
SegFormer-B5,11921147,Sunset-FOGGY,Sunset,FOGGY,0.6855887770652771,0.8
SegFormer-B5,11921147,Sunset-RAIN,Sunset,RAIN,0.9435102343559265,0.8
SegFormer-B5,11921147,Night-EXTRASUNNY,Night,EXTRASUNNY,0.9540516138076782,0.8
SegFormer-B5,11921147,Night-FOGGY,Night,FOGGY,0.6124919652938843,0.8
SegFormer-B5,11921147,Night-RAIN,Night,RAIN,0.6452862620353699,0.8
SegFormer-B5,119342,Day-FOGGY,Day,FOGGY,0.9727512001991272,0.8
SegFormer-B5,119342,Day-RAIN,Day,RAIN,0.9577200412750244,0.8
SegFormer-B5,119342,Sunset-EXTRASUNNY,Sunset,EXTRASUNNY,0.9375644326210022,0.8
SegFormer-B5,119342,Sunset-FOGGY,Sunset,FOGGY,0.8724066615104675,0.8
SegFormer-B5,119342,Sunset-RAIN,Sunset,RAIN,0.9334866404533386,0.8
SegFormer-B5,119342,Night-EXTRASUNNY,Night,EXTRASUNNY,0.8565993905067444,0.8
SegFormer-B5,119342,Night-FOGGY,Night,FOGGY,0.7202681303024292,0.8
SegFormer-B5,119342,Night-RAIN,Night,RAIN,0.8191622495651245,0.8
SegFormer-B5,1201777,Day-FOGGY,Day,FOGGY,0.98231440782547,0.8
SegFormer-B5,1201777,Day-RAIN,Day,RAIN,0.9421147108078003,0.8
SegFormer-B5,1201777,Sunset-EXTRASUNNY,Sunset,EXTRASUNNY,0.976142406463623,0.8
SegFormer-B5,1201777,Sunset-FOGGY,Sunset,FOGGY,0.939510703086853,0.8
SegFormer-B5,1201777,Sunset-RAIN,Sunset,RAIN,0.9699445366859436,0.8
SegFormer-B5,1201777,Night-EXTRASUNNY,Night,EXTRASUNNY,0.6993474364280701,0.8
SegFormer-B5,1201777,Night-FOGGY,Night,FOGGY,0.7201339602470398,0.8
SegFormer-B5,1201777,Night-RAIN,Night,RAIN,0.6308118104934692,0.8
SegFormer-B5,1297251,Day-FOGGY,Day,FOGGY,0.9324356913566589,0.8
SegFormer-B5,1297251,Day-RAIN,Day,RAIN,0.9567959308624268,0.8
SegFormer-B5,1297251,Sunset-EXTRASUNNY,Sunset,EXTRASUNNY,0.9505241513252258,0.8
SegFormer-B5,1297251,Sunset-FOGGY,Sunset,FOGGY,0.8984144926071167,0.8
SegFormer-B5,1297251,Sunset-RAIN,Sunset,RAIN,0.9442344903945923,0.8
SegFormer-B5,1297251,Night-EXTRASUNNY,Night,EXTRASUNNY,0.7613718509674072,0.8
SegFormer-B5,1297251,Night-FOGGY,Night,FOGGY,0.5134814977645874,0.8
SegFormer-B5,1297251,Night-RAIN,Night,RAIN,0.46980512142181396,0.8
SegFormer-B5,1314425,Day-FOGGY,Day,FOGGY,0.955308735370636,0.8
SegFormer-B5,1314425,Day-RAIN,Day,RAIN,0.9746312499046326,0.8
SegFormer-B5,1314425,Sunset-EXTRASUNNY,Sunset,EXTRASUNNY,0.958748996257782,0.8
SegFormer-B5,1314425,Sunset-FOGGY,Sunset,FOGGY,0.9179922342300415,0.8
SegFormer-B5,1314425,Sunset-RAIN,Sunset,RAIN,0.9303402304649353,0.8
SegFormer-B5,1314425,Night-EXTRASUNNY,Night,EXTRASUNNY,0.8970505595207214,0.8
SegFormer-B5,1314425,Night-FOGGY,Night,FOGGY,0.8111920356750488,0.8
SegFormer-B5,1314425,Night-RAIN,Night,RAIN,0.7112928628921509,0.8
SegFormer-B5,13331910,Day-FOGGY,Day,FOGGY,0.9619691967964172,0.8
SegFormer-B5,13331910,Day-RAIN,Day,RAIN,0.9404311776161194,0.8
SegFormer-B5,13331910,Sunset-EXTRASUNNY,Sunset,EXTRASUNNY,0.9524940252304077,0.8
SegFormer-B5,13331910,Sunset-FOGGY,Sunset,FOGGY,0.8832482099533081,0.8
SegFormer-B5,13331910,Sunset-RAIN,Sunset,RAIN,0.9412391781806946,0.8
SegFormer-B5,13331910,Night-EXTRASUNNY,Night,EXTRASUNNY,0.9422949552536011,0.8
SegFormer-B5,13331910,Night-FOGGY,Night,FOGGY,0.8785765767097473,0.8
SegFormer-B5,13331910,Night-RAIN,Night,RAIN,0.6730273962020874,0.8
SegFormer-B5,13551916,Day-FOGGY,Day,FOGGY,0.9614723920822144,0.8
SegFormer-B5,13551916,Day-RAIN,Day,RAIN,0.9622045159339905,0.8
SegFormer-B5,13551916,Sunset-EXTRASUNNY,Sunset,EXTRASUNNY,0.9565480351448059,0.8
SegFormer-B5,13551916,Sunset-FOGGY,Sunset,FOGGY,0.9075296521186829,0.8
SegFormer-B5,13551916,Sunset-RAIN,Sunset,RAIN,0.9698131680488586,0.8
SegFormer-B5,13551916,Night-EXTRASUNNY,Night,EXTRASUNNY,0.9344424605369568,0.8
SegFormer-B5,13551916,Night-FOGGY,Night,FOGGY,0.8608689904212952,0.8
SegFormer-B5,13551916,Night-RAIN,Night,RAIN,0.6995682716369629,0.8
SegFormer-B5,140120,Day-FOGGY,Day,FOGGY,0.9908607602119446,0.8
SegFormer-B5,140120,Day-RAIN,Day,RAIN,0.9883242249488831,0.8
SegFormer-B5,140120,Sunset-EXTRASUNNY,Sunset,EXTRASUNNY,0.9935246706008911,0.8
SegFormer-B5,140120,Sunset-FOGGY,Sunset,FOGGY,0.9841392040252686,0.8
SegFormer-B5,140120,Sunset-RAIN,Sunset,RAIN,0.9849389791488647,0.8
SegFormer-B5,140120,Night-EXTRASUNNY,Night,EXTRASUNNY,0.7581525444984436,0.8
SegFormer-B5,140120,Night-FOGGY,Night,FOGGY,0.7827927470207214,0.8
SegFormer-B5,140120,Night-RAIN,Night,RAIN,0.5873207449913025,0.8
SegFormer-B5,14450,Day-FOGGY,Day,FOGGY,0.9609190225601196,0.8
SegFormer-B5,14450,Day-RAIN,Day,RAIN,0.9209577441215515,0.8
SegFormer-B5,14450,Sunset-EXTRASUNNY,Sunset,EXTRASUNNY,0.810370922088623,0.8
SegFormer-B5,14450,Sunset-FOGGY,Sunset,FOGGY,0.8026207089424133,0.8
SegFormer-B5,14450,Sunset-RAIN,Sunset,RAIN,0.8645566701889038,0.8
SegFormer-B5,14450,Night-EXTRASUNNY,Night,EXTRASUNNY,0.8349433541297913,0.8
SegFormer-B5,14450,Night-FOGGY,Night,FOGGY,0.7516974210739136,0.8
SegFormer-B5,14450,Night-RAIN,Night,RAIN,0.8265499472618103,0.8
SegFormer-B5,1481258,Day-FOGGY,Day,FOGGY,0.9654601812362671,0.8
SegFormer-B5,1481258,Day-RAIN,Day,RAIN,0.9643443822860718,0.8
SegFormer-B5,1481258,Sunset-EXTRASUNNY,Sunset,EXTRASUNNY,0.9762773513793945,0.8
SegFormer-B5,1481258,Sunset-FOGGY,Sunset,FOGGY,0.860367476940155,0.8
SegFormer-B5,1481258,Sunset-RAIN,Sunset,RAIN,0.9591490626335144,0.8
SegFormer-B5,1481258,Night-EXTRASUNNY,Night,EXTRASUNNY,0.609772264957428,0.8
SegFormer-B5,1481258,Night-FOGGY,Night,FOGGY,0.5040189027786255,0.8
SegFormer-B5,1481258,Night-RAIN,Night,RAIN,0.41853421926498413,0.8
SegFormer-B5,153373,Day-FOGGY,Day,FOGGY,0.8796618580818176,0.8
SegFormer-B5,153373,Day-RAIN,Day,RAIN,0.9617931246757507,0.8
SegFormer-B5,153373,Sunset-EXTRASUNNY,Sunset,EXTRASUNNY,0.9679455757141113,0.8
SegFormer-B5,153373,Sunset-FOGGY,Sunset,FOGGY,0.844680905342102,0.8
SegFormer-B5,153373,Sunset-RAIN,Sunset,RAIN,0.9523370862007141,0.8
SegFormer-B5,153373,Night-EXTRASUNNY,Night,EXTRASUNNY,0.8328248262405396,0.8
SegFormer-B5,153373,Night-FOGGY,Night,FOGGY,0.80194491147995,0.8
SegFormer-B5,153373,Night-RAIN,Night,RAIN,0.8249203562736511,0.8
SegFormer-B5,1541895,Day-FOGGY,Day,FOGGY,0.970238447189331,0.8
SegFormer-B5,1541895,Day-RAIN,Day,RAIN,0.9834188222885132,0.8
SegFormer-B5,1541895,Sunset-EXTRASUNNY,Sunset,EXTRASUNNY,0.9894341826438904,0.8
SegFormer-B5,1541895,Sunset-FOGGY,Sunset,FOGGY,0.826332688331604,0.8
SegFormer-B5,1541895,Sunset-RAIN,Sunset,RAIN,0.9757005572319031,0.8
SegFormer-B5,1541895,Night-EXTRASUNNY,Night,EXTRASUNNY,0.8268876671791077,0.8
SegFormer-B5,1541895,Night-FOGGY,Night,FOGGY,0.717840313911438,0.8
SegFormer-B5,1541895,Night-RAIN,Night,RAIN,0.5891192555427551,0.8
SegFormer-B5,1581031,Day-FOGGY,Day,FOGGY,0.977391242980957,0.8
SegFormer-B5,1581031,Day-RAIN,Day,RAIN,0.9876044392585754,0.8
SegFormer-B5,1581031,Sunset-EXTRASUNNY,Sunset,EXTRASUNNY,0.9954379796981812,0.8
SegFormer-B5,1581031,Sunset-FOGGY,Sunset,FOGGY,0.966206431388855,0.8
SegFormer-B5,1581031,Sunset-RAIN,Sunset,RAIN,0.9807969927787781,0.8
SegFormer-B5,1581031,Night-EXTRASUNNY,Night,EXTRASUNNY,0.9347563982009888,0.8
SegFormer-B5,1581031,Night-FOGGY,Night,FOGGY,0.9028664231300354,0.8
SegFormer-B5,1581031,Night-RAIN,Night,RAIN,0.9295766353607178,0.8
SegFormer-B5,159401,Day-FOGGY,Day,FOGGY,0.9849239587783813,0.8
SegFormer-B5,159401,Day-RAIN,Day,RAIN,0.8880234360694885,0.8
SegFormer-B5,159401,Sunset-EXTRASUNNY,Sunset,EXTRASUNNY,0.9782619476318359,0.8
SegFormer-B5,159401,Sunset-FOGGY,Sunset,FOGGY,0.9345241785049438,0.8
SegFormer-B5,159401,Sunset-RAIN,Sunset,RAIN,0.9171862602233887,0.8
SegFormer-B5,159401,Night-EXTRASUNNY,Night,EXTRASUNNY,0.9588492512702942,0.8
SegFormer-B5,159401,Night-FOGGY,Night,FOGGY,0.7925410866737366,0.8
SegFormer-B5,159401,Night-RAIN,Night,RAIN,0.9141656160354614,0.8
SegFormer-B5,182335,Day-FOGGY,Day,FOGGY,0.9586972594261169,0.8
SegFormer-B5,182335,Day-RAIN,Day,RAIN,0.9689990282058716,0.8
SegFormer-B5,182335,Sunset-EXTRASUNNY,Sunset,EXTRASUNNY,0.9782180190086365,0.8
SegFormer-B5,182335,Sunset-FOGGY,Sunset,FOGGY,0.8710008859634399,0.8
SegFormer-B5,182335,Sunset-RAIN,Sunset,RAIN,0.9653589129447937,0.8
SegFormer-B5,182335,Night-EXTRASUNNY,Night,EXTRASUNNY,0.8719221353530884,0.8
SegFormer-B5,182335,Night-FOGGY,Night,FOGGY,0.8244125843048096,0.8
SegFormer-B5,182335,Night-RAIN,Night,RAIN,0.8412762880325317,0.8
SegFormer-B5,187713,Day-FOGGY,Day,FOGGY,0.9776163697242737,0.8
SegFormer-B5,187713,Day-RAIN,Day,RAIN,0.9721713066101074,0.8
SegFormer-B5,187713,Sunset-EXTRASUNNY,Sunset,EXTRASUNNY,0.9775819778442383,0.8
SegFormer-B5,187713,Sunset-FOGGY,Sunset,FOGGY,0.9632871150970459,0.8
SegFormer-B5,187713,Sunset-RAIN,Sunset,RAIN,0.9616908431053162,0.8
SegFormer-B5,187713,Night-EXTRASUNNY,Night,EXTRASUNNY,0.8533725142478943,0.8
SegFormer-B5,187713,Night-FOGGY,Night,FOGGY,0.8818585276603699,0.8
SegFormer-B5,187713,Night-RAIN,Night,RAIN,0.7212604284286499,0.8
SegFormer-B5,19188,Day-FOGGY,Day,FOGGY,0.9922600388526917,0.8
SegFormer-B5,19188,Day-RAIN,Day,RAIN,0.9585239291191101,0.8
SegFormer-B5,19188,Sunset-EXTRASUNNY,Sunset,EXTRASUNNY,0.9805757403373718,0.8
SegFormer-B5,19188,Sunset-FOGGY,Sunset,FOGGY,0.9668095111846924,0.8
SegFormer-B5,19188,Sunset-RAIN,Sunset,RAIN,0.9803462624549866,0.8
SegFormer-B5,19188,Night-EXTRASUNNY,Night,EXTRASUNNY,0.7003457546234131,0.8
SegFormer-B5,19188,Night-FOGGY,Night,FOGGY,0.6901835799217224,0.8
SegFormer-B5,19188,Night-RAIN,Night,RAIN,0.6765354871749878,0.8
SegFormer-B5,196581,Day-FOGGY,Day,FOGGY,0.9739720821380615,0.8
SegFormer-B5,196581,Day-RAIN,Day,RAIN,0.9617318511009216,0.8
SegFormer-B5,196581,Sunset-EXTRASUNNY,Sunset,EXTRASUNNY,0.9573854207992554,0.8
SegFormer-B5,196581,Sunset-FOGGY,Sunset,FOGGY,0.7945228219032288,0.8
SegFormer-B5,196581,Sunset-RAIN,Sunset,RAIN,0.9462233185768127,0.8
SegFormer-B5,196581,Night-EXTRASUNNY,Night,EXTRASUNNY,0.8885605931282043,0.8
SegFormer-B5,196581,Night-FOGGY,Night,FOGGY,0.6470315456390381,0.8
SegFormer-B5,196581,Night-RAIN,Night,RAIN,0.6657441854476929,0.8
SegFormer-B5,2041817,Day-FOGGY,Day,FOGGY,0.9339662790298462,0.8
SegFormer-B5,2041817,Day-RAIN,Day,RAIN,0.8717311024665833,0.8
SegFormer-B5,2041817,Sunset-EXTRASUNNY,Sunset,EXTRASUNNY,0.89853435754776,0.8
SegFormer-B5,2041817,Sunset-FOGGY,Sunset,FOGGY,0.8320325613021851,0.8
SegFormer-B5,2041817,Sunset-RAIN,Sunset,RAIN,0.8434801697731018,0.8
SegFormer-B5,2041817,Night-EXTRASUNNY,Night,EXTRASUNNY,0.8251055479049683,0.8
SegFormer-B5,2041817,Night-FOGGY,Night,FOGGY,0.4897966682910919,0.8
SegFormer-B5,2041817,Night-RAIN,Night,RAIN,0.5028443336486816,0.8
SegFormer-B5,21692,Day-FOGGY,Day,FOGGY,0.9400584101676941,0.8
SegFormer-B5,21692,Day-RAIN,Day,RAIN,0.90773606300354,0.8
SegFormer-B5,21692,Sunset-EXTRASUNNY,Sunset,EXTRASUNNY,0.9370643496513367,0.8
SegFormer-B5,21692,Sunset-FOGGY,Sunset,FOGGY,0.8346354961395264,0.8
SegFormer-B5,21692,Sunset-RAIN,Sunset,RAIN,0.9215840697288513,0.8
SegFormer-B5,21692,Night-EXTRASUNNY,Night,EXTRASUNNY,0.909907341003418,0.8
SegFormer-B5,21692,Night-FOGGY,Night,FOGGY,0.88591068983078,0.8
SegFormer-B5,21692,Night-RAIN,Night,RAIN,0.7636427879333496,0.8
SegFormer-B5,2231013,Day-FOGGY,Day,FOGGY,0.9607344269752502,0.8
SegFormer-B5,2231013,Day-RAIN,Day,RAIN,0.9565169215202332,0.8
SegFormer-B5,2231013,Sunset-EXTRASUNNY,Sunset,EXTRASUNNY,0.9524102210998535,0.8
SegFormer-B5,2231013,Sunset-FOGGY,Sunset,FOGGY,0.850619375705719,0.8
SegFormer-B5,2231013,Sunset-RAIN,Sunset,RAIN,0.9441888332366943,0.8
SegFormer-B5,2231013,Night-EXTRASUNNY,Night,EXTRASUNNY,0.6824045777320862,0.8
SegFormer-B5,2231013,Night-FOGGY,Night,FOGGY,0.653598427772522,0.8
SegFormer-B5,2231013,Night-RAIN,Night,RAIN,0.673998236656189,0.8
SegFormer-B5,223195,Day-FOGGY,Day,FOGGY,0.9764175415039062,0.8
SegFormer-B5,223195,Day-RAIN,Day,RAIN,0.9755690693855286,0.8
SegFormer-B5,223195,Sunset-EXTRASUNNY,Sunset,EXTRASUNNY,0.9890351891517639,0.8
SegFormer-B5,223195,Sunset-FOGGY,Sunset,FOGGY,0.8605064153671265,0.8
SegFormer-B5,223195,Sunset-RAIN,Sunset,RAIN,0.9596386551856995,0.8
SegFormer-B5,223195,Night-EXTRASUNNY,Night,EXTRASUNNY,0.9312337636947632,0.8
SegFormer-B5,223195,Night-FOGGY,Night,FOGGY,0.8410241603851318,0.8
SegFormer-B5,223195,Night-RAIN,Night,RAIN,0.8350661396980286,0.8
SegFormer-B5,231037,Day-FOGGY,Day,FOGGY,0.9786731600761414,0.8
SegFormer-B5,231037,Day-RAIN,Day,RAIN,0.9793480038642883,0.8
SegFormer-B5,231037,Sunset-EXTRASUNNY,Sunset,EXTRASUNNY,0.9395466446876526,0.8
SegFormer-B5,231037,Sunset-FOGGY,Sunset,FOGGY,0.9341409206390381,0.8
SegFormer-B5,231037,Sunset-RAIN,Sunset,RAIN,0.9679458141326904,0.8
SegFormer-B5,231037,Night-EXTRASUNNY,Night,EXTRASUNNY,0.9751361012458801,0.8
SegFormer-B5,231037,Night-FOGGY,Night,FOGGY,0.9602079391479492,0.8
SegFormer-B5,231037,Night-RAIN,Night,RAIN,0.841323971748352,0.8
SegFormer-B5,2461888,Day-FOGGY,Day,FOGGY,0.9545502662658691,0.8
SegFormer-B5,2461888,Day-RAIN,Day,RAIN,0.9721565246582031,0.8
SegFormer-B5,2461888,Sunset-EXTRASUNNY,Sunset,EXTRASUNNY,0.9630941152572632,0.8
SegFormer-B5,2461888,Sunset-FOGGY,Sunset,FOGGY,0.7348000407218933,0.8
SegFormer-B5,2461888,Sunset-RAIN,Sunset,RAIN,0.9493278861045837,0.8
SegFormer-B5,2461888,Night-EXTRASUNNY,Night,EXTRASUNNY,0.6839783191680908,0.8
SegFormer-B5,2461888,Night-FOGGY,Night,FOGGY,0.592747688293457,0.8
SegFormer-B5,2461888,Night-RAIN,Night,RAIN,0.6050630807876587,0.8
SegFormer-B5,2531844,Day-FOGGY,Day,FOGGY,0.9792842864990234,0.8
SegFormer-B5,2531844,Day-RAIN,Day,RAIN,0.9770001173019409,0.8
SegFormer-B5,2531844,Sunset-EXTRASUNNY,Sunset,EXTRASUNNY,0.9895868897438049,0.8
SegFormer-B5,2531844,Sunset-FOGGY,Sunset,FOGGY,0.935625433921814,0.8
SegFormer-B5,2531844,Sunset-RAIN,Sunset,RAIN,0.9724316596984863,0.8
SegFormer-B5,2531844,Night-EXTRASUNNY,Night,EXTRASUNNY,0.8017599582672119,0.8
SegFormer-B5,2531844,Night-FOGGY,Night,FOGGY,0.8639242053031921,0.8
SegFormer-B5,2531844,Night-RAIN,Night,RAIN,0.6593984961509705,0.8
SegFormer-B5,2711181,Day-FOGGY,Day,FOGGY,0.9531658291816711,0.8
SegFormer-B5,2711181,Day-RAIN,Day,RAIN,0.9783483743667603,0.8
SegFormer-B5,2711181,Sunset-EXTRASUNNY,Sunset,EXTRASUNNY,0.9561337828636169,0.8
SegFormer-B5,2711181,Sunset-FOGGY,Sunset,FOGGY,0.9722629189491272,0.8
SegFormer-B5,2711181,Sunset-RAIN,Sunset,RAIN,0.9609237313270569,0.8
SegFormer-B5,2711181,Night-EXTRASUNNY,Night,EXTRASUNNY,0.9791579842567444,0.8
SegFormer-B5,2711181,Night-FOGGY,Night,FOGGY,0.9689347147941589,0.8
SegFormer-B5,2711181,Night-RAIN,Night,RAIN,0.9740883111953735,0.8
SegFormer-B5,288913,Day-FOGGY,Day,FOGGY,0.9504806399345398,0.8
SegFormer-B5,288913,Day-RAIN,Day,RAIN,0.9517843723297119,0.8
SegFormer-B5,288913,Sunset-EXTRASUNNY,Sunset,EXTRASUNNY,0.9564143419265747,0.8
SegFormer-B5,288913,Sunset-FOGGY,Sunset,FOGGY,0.933599054813385,0.8
SegFormer-B5,288913,Sunset-RAIN,Sunset,RAIN,0.9571666717529297,0.8
SegFormer-B5,288913,Night-EXTRASUNNY,Night,EXTRASUNNY,0.9420766830444336,0.8
SegFormer-B5,288913,Night-FOGGY,Night,FOGGY,0.9391516447067261,0.8
SegFormer-B5,288913,Night-RAIN,Night,RAIN,0.8467211127281189,0.8
SegFormer-B5,302966,Day-FOGGY,Day,FOGGY,0.9645745158195496,0.8
SegFormer-B5,302966,Day-RAIN,Day,RAIN,0.9502431750297546,0.8
SegFormer-B5,302966,Sunset-EXTRASUNNY,Sunset,EXTRASUNNY,0.9719567894935608,0.8
SegFormer-B5,302966,Sunset-FOGGY,Sunset,FOGGY,0.9502930641174316,0.8
SegFormer-B5,302966,Sunset-RAIN,Sunset,RAIN,0.9687442183494568,0.8
SegFormer-B5,302966,Night-EXTRASUNNY,Night,EXTRASUNNY,0.6532289385795593,0.8
SegFormer-B5,302966,Night-FOGGY,Night,FOGGY,0.6255846619606018,0.8
SegFormer-B5,302966,Night-RAIN,Night,RAIN,0.6239312291145325,0.8
SegFormer-B5,320493,Day-FOGGY,Day,FOGGY,0.9735417366027832,0.8
SegFormer-B5,320493,Day-RAIN,Day,RAIN,0.9794931411743164,0.8
SegFormer-B5,320493,Sunset-EXTRASUNNY,Sunset,EXTRASUNNY,0.9813594222068787,0.8
SegFormer-B5,320493,Sunset-FOGGY,Sunset,FOGGY,0.9571789503097534,0.8
SegFormer-B5,320493,Sunset-RAIN,Sunset,RAIN,0.9718877077102661,0.8
SegFormer-B5,320493,Night-EXTRASUNNY,Night,EXTRASUNNY,0.9631308913230896,0.8
SegFormer-B5,320493,Night-FOGGY,Night,FOGGY,0.7830933928489685,0.8
SegFormer-B5,320493,Night-RAIN,Night,RAIN,0.6874428987503052,0.8
SegFormer-B5,365202,Day-FOGGY,Day,FOGGY,0.9903486967086792,0.8
SegFormer-B5,365202,Day-RAIN,Day,RAIN,0.9807825684547424,0.8
SegFormer-B5,365202,Sunset-EXTRASUNNY,Sunset,EXTRASUNNY,0.9844509959220886,0.8
SegFormer-B5,365202,Sunset-FOGGY,Sunset,FOGGY,0.9504407048225403,0.8
SegFormer-B5,365202,Sunset-RAIN,Sunset,RAIN,0.9769392013549805,0.8
SegFormer-B5,365202,Night-EXTRASUNNY,Night,EXTRASUNNY,0.9485296607017517,0.8
SegFormer-B5,365202,Night-FOGGY,Night,FOGGY,0.7260082960128784,0.8
SegFormer-B5,365202,Night-RAIN,Night,RAIN,0.735353410243988,0.8
SegFormer-B5,37573,Day-FOGGY,Day,FOGGY,0.9801253080368042,0.8
SegFormer-B5,37573,Day-RAIN,Day,RAIN,0.9751273393630981,0.8
SegFormer-B5,37573,Sunset-EXTRASUNNY,Sunset,EXTRASUNNY,0.9675490260124207,0.8
SegFormer-B5,37573,Sunset-FOGGY,Sunset,FOGGY,0.9471983313560486,0.8
SegFormer-B5,37573,Sunset-RAIN,Sunset,RAIN,0.962800920009613,0.8
SegFormer-B5,37573,Night-EXTRASUNNY,Night,EXTRASUNNY,0.8183760046958923,0.8
SegFormer-B5,37573,Night-FOGGY,Night,FOGGY,0.8216066360473633,0.8
SegFormer-B5,37573,Night-RAIN,Night,RAIN,0.8126175403594971,0.8
SegFormer-B5,3761910,Day-FOGGY,Day,FOGGY,0.9852480292320251,0.8
SegFormer-B5,3761910,Day-RAIN,Day,RAIN,0.9837861061096191,0.8
SegFormer-B5,3761910,Sunset-EXTRASUNNY,Sunset,EXTRASUNNY,0.9803550243377686,0.8
SegFormer-B5,3761910,Sunset-FOGGY,Sunset,FOGGY,0.9005405306816101,0.8
SegFormer-B5,3761910,Sunset-RAIN,Sunset,RAIN,0.9818402528762817,0.8
SegFormer-B5,3761910,Night-EXTRASUNNY,Night,EXTRASUNNY,0.947338879108429,0.8
SegFormer-B5,3761910,Night-FOGGY,Night,FOGGY,0.5068885087966919,0.8
SegFormer-B5,3761910,Night-RAIN,Night,RAIN,0.5091376304626465,0.8
SegFormer-B5,400776,Day-FOGGY,Day,FOGGY,0.9116400480270386,0.8
SegFormer-B5,400776,Day-RAIN,Day,RAIN,0.8529329299926758,0.8
SegFormer-B5,400776,Sunset-EXTRASUNNY,Sunset,EXTRASUNNY,0.9618389010429382,0.8
SegFormer-B5,400776,Sunset-FOGGY,Sunset,FOGGY,0.8263339996337891,0.8
SegFormer-B5,400776,Sunset-RAIN,Sunset,RAIN,0.9159719944000244,0.8
SegFormer-B5,400776,Night-EXTRASUNNY,Night,EXTRASUNNY,0.6918100714683533,0.8
SegFormer-B5,400776,Night-FOGGY,Night,FOGGY,0.5488064289093018,0.8
SegFormer-B5,400776,Night-RAIN,Night,RAIN,0.5858309864997864,0.8
SegFormer-B5,43427,Day-FOGGY,Day,FOGGY,0.9649161100387573,0.8
SegFormer-B5,43427,Day-RAIN,Day,RAIN,0.9775183796882629,0.8
SegFormer-B5,43427,Sunset-EXTRASUNNY,Sunset,EXTRASUNNY,0.9870671033859253,0.8
SegFormer-B5,43427,Sunset-FOGGY,Sunset,FOGGY,0.9006543159484863,0.8
SegFormer-B5,43427,Sunset-RAIN,Sunset,RAIN,0.9786816239356995,0.8
SegFormer-B5,43427,Night-EXTRASUNNY,Night,EXTRASUNNY,0.8447213172912598,0.8
SegFormer-B5,43427,Night-FOGGY,Night,FOGGY,0.8144060373306274,0.8
SegFormer-B5,43427,Night-RAIN,Night,RAIN,0.8383814692497253,0.8
SegFormer-B5,43428,Day-FOGGY,Day,FOGGY,0.8578451871871948,0.8
SegFormer-B5,43428,Day-RAIN,Day,RAIN,0.9694603085517883,0.8
SegFormer-B5,43428,Sunset-EXTRASUNNY,Sunset,EXTRASUNNY,0.963284969329834,0.8
SegFormer-B5,43428,Sunset-FOGGY,Sunset,FOGGY,0.8616254329681396,0.8
SegFormer-B5,43428,Sunset-RAIN,Sunset,RAIN,0.9502050876617432,0.8
SegFormer-B5,43428,Night-EXTRASUNNY,Night,EXTRASUNNY,0.8502416014671326,0.8
SegFormer-B5,43428,Night-FOGGY,Night,FOGGY,0.7280747294425964,0.8
SegFormer-B5,43428,Night-RAIN,Night,RAIN,0.7671685814857483,0.8
SegFormer-B5,4361495,Day-FOGGY,Day,FOGGY,0.9854125380516052,0.8
SegFormer-B5,4361495,Day-RAIN,Day,RAIN,0.9743626117706299,0.8
SegFormer-B5,4361495,Sunset-EXTRASUNNY,Sunset,EXTRASUNNY,0.9624201059341431,0.8
SegFormer-B5,4361495,Sunset-FOGGY,Sunset,FOGGY,0.9602012634277344,0.8
SegFormer-B5,4361495,Sunset-RAIN,Sunset,RAIN,0.9751057624816895,0.8
SegFormer-B5,4361495,Night-EXTRASUNNY,Night,EXTRASUNNY,0.8449268341064453,0.8
SegFormer-B5,4361495,Night-FOGGY,Night,FOGGY,0.650652289390564,0.8
SegFormer-B5,4361495,Night-RAIN,Night,RAIN,0.629257082939148,0.8
SegFormer-B5,450967,Day-FOGGY,Day,FOGGY,0.8950701355934143,0.8
SegFormer-B5,450967,Day-RAIN,Day,RAIN,0.9658462405204773,0.8
SegFormer-B5,450967,Sunset-EXTRASUNNY,Sunset,EXTRASUNNY,0.9844368696212769,0.8
SegFormer-B5,450967,Sunset-FOGGY,Sunset,FOGGY,0.9741175770759583,0.8
SegFormer-B5,450967,Sunset-RAIN,Sunset,RAIN,0.9809864163398743,0.8
SegFormer-B5,450967,Night-EXTRASUNNY,Night,EXTRASUNNY,0.9477036595344543,0.8
SegFormer-B5,450967,Night-FOGGY,Night,FOGGY,0.5819185972213745,0.8
SegFormer-B5,450967,Night-RAIN,Night,RAIN,0.5973571538925171,0.8
SegFormer-B5,4561149,Day-FOGGY,Day,FOGGY,0.9909799098968506,0.8
SegFormer-B5,4561149,Day-RAIN,Day,RAIN,0.9838399291038513,0.8
SegFormer-B5,4561149,Sunset-EXTRASUNNY,Sunset,EXTRASUNNY,0.9925769567489624,0.8
SegFormer-B5,4561149,Sunset-FOGGY,Sunset,FOGGY,0.6176090240478516,0.8
SegFormer-B5,4561149,Sunset-RAIN,Sunset,RAIN,0.994463324546814,0.8
SegFormer-B5,4561149,Night-EXTRASUNNY,Night,EXTRASUNNY,0.8294205069541931,0.8
SegFormer-B5,4561149,Night-FOGGY,Night,FOGGY,0.5631545782089233,0.8
SegFormer-B5,4561149,Night-RAIN,Night,RAIN,0.3594738841056824,0.8
SegFormer-B5,460731,Day-FOGGY,Day,FOGGY,0.9866592288017273,0.8
SegFormer-B5,460731,Day-RAIN,Day,RAIN,0.9420169591903687,0.8
SegFormer-B5,460731,Sunset-EXTRASUNNY,Sunset,EXTRASUNNY,0.9666574597358704,0.8
SegFormer-B5,460731,Sunset-FOGGY,Sunset,FOGGY,0.9551517367362976,0.8
SegFormer-B5,460731,Sunset-RAIN,Sunset,RAIN,0.9613840579986572,0.8
SegFormer-B5,460731,Night-EXTRASUNNY,Night,EXTRASUNNY,0.8323594927787781,0.8
SegFormer-B5,460731,Night-FOGGY,Night,FOGGY,0.6257931590080261,0.8
SegFormer-B5,460731,Night-RAIN,Night,RAIN,0.798325777053833,0.8
SegFormer-B5,463639,Day-FOGGY,Day,FOGGY,0.9464873671531677,0.8
SegFormer-B5,463639,Day-RAIN,Day,RAIN,0.8968774080276489,0.8
SegFormer-B5,463639,Sunset-EXTRASUNNY,Sunset,EXTRASUNNY,0.946691632270813,0.8
SegFormer-B5,463639,Sunset-FOGGY,Sunset,FOGGY,0.9105072021484375,0.8
SegFormer-B5,463639,Sunset-RAIN,Sunset,RAIN,0.9267228841781616,0.8
SegFormer-B5,463639,Night-EXTRASUNNY,Night,EXTRASUNNY,0.8523140549659729,0.8
SegFormer-B5,463639,Night-FOGGY,Night,FOGGY,0.9156514406204224,0.8
SegFormer-B5,463639,Night-RAIN,Night,RAIN,0.8005632758140564,0.8
SegFormer-B5,4641194,Day-FOGGY,Day,FOGGY,0.9304899573326111,0.8
SegFormer-B5,4641194,Day-RAIN,Day,RAIN,0.9786019921302795,0.8
SegFormer-B5,4641194,Sunset-EXTRASUNNY,Sunset,EXTRASUNNY,0.9686672687530518,0.8
SegFormer-B5,4641194,Sunset-FOGGY,Sunset,FOGGY,0.9412369728088379,0.8
SegFormer-B5,4641194,Sunset-RAIN,Sunset,RAIN,0.959934413433075,0.8
SegFormer-B5,4641194,Night-EXTRASUNNY,Night,EXTRASUNNY,0.8771061897277832,0.8
SegFormer-B5,4641194,Night-FOGGY,Night,FOGGY,0.7971263527870178,0.8
SegFormer-B5,4641194,Night-RAIN,Night,RAIN,0.6030718684196472,0.8
SegFormer-B5,471118,Day-FOGGY,Day,FOGGY,0.9799028635025024,0.8
SegFormer-B5,471118,Day-RAIN,Day,RAIN,0.815177857875824,0.8
SegFormer-B5,471118,Sunset-EXTRASUNNY,Sunset,EXTRASUNNY,0.9487788677215576,0.8
SegFormer-B5,471118,Sunset-FOGGY,Sunset,FOGGY,0.8615663647651672,0.8
SegFormer-B5,471118,Sunset-RAIN,Sunset,RAIN,0.776547908782959,0.8
SegFormer-B5,471118,Night-EXTRASUNNY,Night,EXTRASUNNY,0.7673600912094116,0.8
SegFormer-B5,471118,Night-FOGGY,Night,FOGGY,0.7315821647644043,0.8
SegFormer-B5,471118,Night-RAIN,Night,RAIN,0.6970753073692322,0.8
SegFormer-B5,4811864,Day-FOGGY,Day,FOGGY,0.9693968892097473,0.8
SegFormer-B5,4811864,Day-RAIN,Day,RAIN,0.960324764251709,0.8
SegFormer-B5,4811864,Sunset-EXTRASUNNY,Sunset,EXTRASUNNY,0.954658031463623,0.8
SegFormer-B5,4811864,Sunset-FOGGY,Sunset,FOGGY,0.8824754357337952,0.8
SegFormer-B5,4811864,Sunset-RAIN,Sunset,RAIN,0.9553716778755188,0.8
SegFormer-B5,4811864,Night-EXTRASUNNY,Night,EXTRASUNNY,0.8145613074302673,0.8
SegFormer-B5,4811864,Night-FOGGY,Night,FOGGY,0.7295493483543396,0.8
SegFormer-B5,4811864,Night-RAIN,Night,RAIN,0.7342464923858643,0.8
SegFormer-B5,481618,Day-FOGGY,Day,FOGGY,0.9595716595649719,0.8
SegFormer-B5,481618,Day-RAIN,Day,RAIN,0.9278468489646912,0.8
SegFormer-B5,481618,Sunset-EXTRASUNNY,Sunset,EXTRASUNNY,0.8609159588813782,0.8
SegFormer-B5,481618,Sunset-FOGGY,Sunset,FOGGY,0.9250406622886658,0.8
SegFormer-B5,481618,Sunset-RAIN,Sunset,RAIN,0.9080712199211121,0.8
SegFormer-B5,481618,Night-EXTRASUNNY,Night,EXTRASUNNY,0.8593751192092896,0.8
SegFormer-B5,481618,Night-FOGGY,Night,FOGGY,0.8416755795478821,0.8
SegFormer-B5,481618,Night-RAIN,Night,RAIN,0.8629577159881592,0.8
SegFormer-B5,4911785,Day-FOGGY,Day,FOGGY,0.9843841195106506,0.8
SegFormer-B5,4911785,Day-RAIN,Day,RAIN,0.9765936136245728,0.8
SegFormer-B5,4911785,Sunset-EXTRASUNNY,Sunset,EXTRASUNNY,0.973583459854126,0.8
SegFormer-B5,4911785,Sunset-FOGGY,Sunset,FOGGY,0.9368155002593994,0.8
SegFormer-B5,4911785,Sunset-RAIN,Sunset,RAIN,0.9262770414352417,0.8
SegFormer-B5,4911785,Night-EXTRASUNNY,Night,EXTRASUNNY,0.7864257097244263,0.8
SegFormer-B5,4911785,Night-FOGGY,Night,FOGGY,0.6655514240264893,0.8
SegFormer-B5,4911785,Night-RAIN,Night,RAIN,0.49372315406799316,0.8
SegFormer-B5,5370,Day-FOGGY,Day,FOGGY,0.8857187628746033,0.8
SegFormer-B5,5370,Day-RAIN,Day,RAIN,0.8074295520782471,0.8
SegFormer-B5,5370,Sunset-EXTRASUNNY,Sunset,EXTRASUNNY,0.9171228408813477,0.8
SegFormer-B5,5370,Sunset-FOGGY,Sunset,FOGGY,0.7487680315971375,0.8
SegFormer-B5,5370,Sunset-RAIN,Sunset,RAIN,0.7691962122917175,0.8
SegFormer-B5,5370,Night-EXTRASUNNY,Night,EXTRASUNNY,0.8302528262138367,0.8
SegFormer-B5,5370,Night-FOGGY,Night,FOGGY,0.5222477912902832,0.8
SegFormer-B5,5370,Night-RAIN,Night,RAIN,0.7954745888710022,0.8
SegFormer-B5,550217,Day-FOGGY,Day,FOGGY,0.9550332427024841,0.8
SegFormer-B5,550217,Day-RAIN,Day,RAIN,0.9776145219802856,0.8
SegFormer-B5,550217,Sunset-EXTRASUNNY,Sunset,EXTRASUNNY,0.9713522791862488,0.8
SegFormer-B5,550217,Sunset-FOGGY,Sunset,FOGGY,0.8546096682548523,0.8
SegFormer-B5,550217,Sunset-RAIN,Sunset,RAIN,0.9509302973747253,0.8
SegFormer-B5,550217,Night-EXTRASUNNY,Night,EXTRASUNNY,0.8689553141593933,0.8
SegFormer-B5,550217,Night-FOGGY,Night,FOGGY,0.8372548818588257,0.8
SegFormer-B5,550217,Night-RAIN,Night,RAIN,0.8490003943443298,0.8
SegFormer-B5,564213,Day-FOGGY,Day,FOGGY,0.9879092574119568,0.8
SegFormer-B5,564213,Day-RAIN,Day,RAIN,0.9844313859939575,0.8
SegFormer-B5,564213,Sunset-EXTRASUNNY,Sunset,EXTRASUNNY,0.9211523532867432,0.8
SegFormer-B5,564213,Sunset-FOGGY,Sunset,FOGGY,0.9277142286300659,0.8
SegFormer-B5,564213,Sunset-RAIN,Sunset,RAIN,0.976918637752533,0.8
SegFormer-B5,564213,Night-EXTRASUNNY,Night,EXTRASUNNY,0.8172128796577454,0.8
SegFormer-B5,564213,Night-FOGGY,Night,FOGGY,0.4777645468711853,0.8
SegFormer-B5,564213,Night-RAIN,Night,RAIN,0.6159958243370056,0.8
SegFormer-B5,568243,Day-FOGGY,Day,FOGGY,0.9697998762130737,0.8
SegFormer-B5,568243,Day-RAIN,Day,RAIN,0.9669815897941589,0.8
SegFormer-B5,568243,Sunset-EXTRASUNNY,Sunset,EXTRASUNNY,0.9838772416114807,0.8
SegFormer-B5,568243,Sunset-FOGGY,Sunset,FOGGY,0.9493020176887512,0.8
SegFormer-B5,568243,Sunset-RAIN,Sunset,RAIN,0.9601514935493469,0.8
SegFormer-B5,568243,Night-EXTRASUNNY,Night,EXTRASUNNY,0.743494987487793,0.8
SegFormer-B5,568243,Night-FOGGY,Night,FOGGY,0.7192056179046631,0.8
SegFormer-B5,568243,Night-RAIN,Night,RAIN,0.7183783054351807,0.8
SegFormer-B5,5791659,Day-FOGGY,Day,FOGGY,0.9514941573143005,0.8
SegFormer-B5,5791659,Day-RAIN,Day,RAIN,0.9552647471427917,0.8
SegFormer-B5,5791659,Sunset-EXTRASUNNY,Sunset,EXTRASUNNY,0.9638203382492065,0.8
SegFormer-B5,5791659,Sunset-FOGGY,Sunset,FOGGY,0.900553286075592,0.8
SegFormer-B5,5791659,Sunset-RAIN,Sunset,RAIN,0.9672735333442688,0.8
SegFormer-B5,5791659,Night-EXTRASUNNY,Night,EXTRASUNNY,0.7989153265953064,0.8
SegFormer-B5,5791659,Night-FOGGY,Night,FOGGY,0.6651628613471985,0.8
SegFormer-B5,5791659,Night-RAIN,Night,RAIN,0.6837485432624817,0.8
SegFormer-B5,5951694,Day-FOGGY,Day,FOGGY,0.9676891565322876,0.8
SegFormer-B5,5951694,Day-RAIN,Day,RAIN,0.9184166193008423,0.8
SegFormer-B5,5951694,Sunset-EXTRASUNNY,Sunset,EXTRASUNNY,0.9312470555305481,0.8
SegFormer-B5,5951694,Sunset-FOGGY,Sunset,FOGGY,0.8826653361320496,0.8
SegFormer-B5,5951694,Sunset-RAIN,Sunset,RAIN,0.9480345249176025,0.8
SegFormer-B5,5951694,Night-EXTRASUNNY,Night,EXTRASUNNY,0.9271332025527954,0.8
SegFormer-B5,5951694,Night-FOGGY,Night,FOGGY,0.4553585350513458,0.8
SegFormer-B5,5951694,Night-RAIN,Night,RAIN,0.4763587415218353,0.8
SegFormer-B5,596621,Day-FOGGY,Day,FOGGY,0.9788801074028015,0.8
SegFormer-B5,596621,Day-RAIN,Day,RAIN,0.9759500622749329,0.8
SegFormer-B5,596621,Sunset-EXTRASUNNY,Sunset,EXTRASUNNY,0.971112847328186,0.8
SegFormer-B5,596621,Sunset-FOGGY,Sunset,FOGGY,0.7870749831199646,0.8
SegFormer-B5,596621,Sunset-RAIN,Sunset,RAIN,0.9570252299308777,0.8
SegFormer-B5,596621,Night-EXTRASUNNY,Night,EXTRASUNNY,0.712097704410553,0.8
SegFormer-B5,596621,Night-FOGGY,Night,FOGGY,0.6581645011901855,0.8
SegFormer-B5,596621,Night-RAIN,Night,RAIN,0.6340404152870178,0.8
SegFormer-B5,60144,Day-FOGGY,Day,FOGGY,0.9769048690795898,0.8
SegFormer-B5,60144,Day-RAIN,Day,RAIN,0.9503702521324158,0.8
SegFormer-B5,60144,Sunset-EXTRASUNNY,Sunset,EXTRASUNNY,0.8889079093933105,0.8
SegFormer-B5,60144,Sunset-FOGGY,Sunset,FOGGY,0.8659806251525879,0.8
SegFormer-B5,60144,Sunset-RAIN,Sunset,RAIN,0.9476481080055237,0.8
SegFormer-B5,60144,Night-EXTRASUNNY,Night,EXTRASUNNY,0.9056777358055115,0.8
SegFormer-B5,60144,Night-FOGGY,Night,FOGGY,0.7547297477722168,0.8
SegFormer-B5,60144,Night-RAIN,Night,RAIN,0.7790535092353821,0.8
SegFormer-B5,602947,Day-FOGGY,Day,FOGGY,0.9791720509529114,0.8
SegFormer-B5,602947,Day-RAIN,Day,RAIN,0.900822103023529,0.8
SegFormer-B5,602947,Sunset-EXTRASUNNY,Sunset,EXTRASUNNY,0.9052810072898865,0.8
SegFormer-B5,602947,Sunset-FOGGY,Sunset,FOGGY,0.8542296290397644,0.8
SegFormer-B5,602947,Sunset-RAIN,Sunset,RAIN,0.8644695281982422,0.8
SegFormer-B5,602947,Night-EXTRASUNNY,Night,EXTRASUNNY,0.9278231263160706,0.8
SegFormer-B5,602947,Night-FOGGY,Night,FOGGY,0.906315803527832,0.8
SegFormer-B5,602947,Night-RAIN,Night,RAIN,0.7527304291725159,0.8
SegFormer-B5,611370,Day-FOGGY,Day,FOGGY,0.9865819215774536,0.8
SegFormer-B5,611370,Day-RAIN,Day,RAIN,0.9146400690078735,0.8
SegFormer-B5,611370,Sunset-EXTRASUNNY,Sunset,EXTRASUNNY,0.9444947838783264,0.8
SegFormer-B5,611370,Sunset-FOGGY,Sunset,FOGGY,0.9427200555801392,0.8
SegFormer-B5,611370,Sunset-RAIN,Sunset,RAIN,0.8903255462646484,0.8
SegFormer-B5,611370,Night-EXTRASUNNY,Night,EXTRASUNNY,0.783977746963501,0.8
SegFormer-B5,611370,Night-FOGGY,Night,FOGGY,0.9271256327629089,0.8
SegFormer-B5,611370,Night-RAIN,Night,RAIN,0.6352946758270264,0.8
SegFormer-B5,6461059,Day-FOGGY,Day,FOGGY,0.9827847480773926,0.8
SegFormer-B5,6461059,Day-RAIN,Day,RAIN,0.9575762748718262,0.8
SegFormer-B5,6461059,Sunset-EXTRASUNNY,Sunset,EXTRASUNNY,0.9462518692016602,0.8
SegFormer-B5,6461059,Sunset-FOGGY,Sunset,FOGGY,0.9541006684303284,0.8
SegFormer-B5,6461059,Sunset-RAIN,Sunset,RAIN,0.9464181065559387,0.8
SegFormer-B5,6461059,Night-EXTRASUNNY,Night,EXTRASUNNY,0.9265747666358948,0.8
SegFormer-B5,6461059,Night-FOGGY,Night,FOGGY,0.9422853589057922,0.8
SegFormer-B5,6461059,Night-RAIN,Night,RAIN,0.7465037703514099,0.8
SegFormer-B5,6521874,Day-FOGGY,Day,FOGGY,0.9635725617408752,0.8
SegFormer-B5,6521874,Day-RAIN,Day,RAIN,0.9695402979850769,0.8
SegFormer-B5,6521874,Sunset-EXTRASUNNY,Sunset,EXTRASUNNY,0.9601050019264221,0.8
SegFormer-B5,6521874,Sunset-FOGGY,Sunset,FOGGY,0.8390302658081055,0.8
SegFormer-B5,6521874,Sunset-RAIN,Sunset,RAIN,0.9394685626029968,0.8
SegFormer-B5,6521874,Night-EXTRASUNNY,Night,EXTRASUNNY,0.5394828915596008,0.8
SegFormer-B5,6521874,Night-FOGGY,Night,FOGGY,0.4096599221229553,0.8
SegFormer-B5,6521874,Night-RAIN,Night,RAIN,0.42625635862350464,0.8
SegFormer-B5,6761290,Day-FOGGY,Day,FOGGY,0.8702237606048584,0.8
SegFormer-B5,6761290,Day-RAIN,Day,RAIN,0.9282802939414978,0.8
SegFormer-B5,6761290,Sunset-EXTRASUNNY,Sunset,EXTRASUNNY,0.9793593883514404,0.8
SegFormer-B5,6761290,Sunset-FOGGY,Sunset,FOGGY,0.6921431422233582,0.8
SegFormer-B5,6761290,Sunset-RAIN,Sunset,RAIN,0.9269477725028992,0.8
SegFormer-B5,6761290,Night-EXTRASUNNY,Night,EXTRASUNNY,0.7414360642433167,0.8
SegFormer-B5,6761290,Night-FOGGY,Night,FOGGY,0.5103414058685303,0.8
SegFormer-B5,6761290,Night-RAIN,Night,RAIN,0.49887165427207947,0.8
SegFormer-B5,677878,Day-FOGGY,Day,FOGGY,0.9367769360542297,0.8
SegFormer-B5,677878,Day-RAIN,Day,RAIN,0.8631182909011841,0.8
SegFormer-B5,677878,Sunset-EXTRASUNNY,Sunset,EXTRASUNNY,0.9724091291427612,0.8
SegFormer-B5,677878,Sunset-FOGGY,Sunset,FOGGY,0.8974769115447998,0.8
SegFormer-B5,677878,Sunset-RAIN,Sunset,RAIN,0.923957347869873,0.8
SegFormer-B5,677878,Night-EXTRASUNNY,Night,EXTRASUNNY,0.8602191805839539,0.8
SegFormer-B5,677878,Night-FOGGY,Night,FOGGY,0.7289000153541565,0.8
SegFormer-B5,677878,Night-RAIN,Night,RAIN,0.6935933828353882,0.8
SegFormer-B5,6942171,Day-FOGGY,Day,FOGGY,0.9722198843955994,0.8
SegFormer-B5,6942171,Day-RAIN,Day,RAIN,0.9691782593727112,0.8
SegFormer-B5,6942171,Sunset-EXTRASUNNY,Sunset,EXTRASUNNY,0.9762364029884338,0.8
SegFormer-B5,6942171,Sunset-FOGGY,Sunset,FOGGY,0.5989819765090942,0.8
SegFormer-B5,6942171,Sunset-RAIN,Sunset,RAIN,0.9643445611000061,0.8
SegFormer-B5,6942171,Night-EXTRASUNNY,Night,EXTRASUNNY,0.5670209527015686,0.8
SegFormer-B5,6942171,Night-FOGGY,Night,FOGGY,0.4960157573223114,0.8
SegFormer-B5,6942171,Night-RAIN,Night,RAIN,0.5769660472869873,0.8
SegFormer-B5,706997,Day-FOGGY,Day,FOGGY,0.9868927597999573,0.8
SegFormer-B5,706997,Day-RAIN,Day,RAIN,0.9359447956085205,0.8
SegFormer-B5,706997,Sunset-EXTRASUNNY,Sunset,EXTRASUNNY,0.9667831063270569,0.8
SegFormer-B5,706997,Sunset-FOGGY,Sunset,FOGGY,0.9635915756225586,0.8
SegFormer-B5,706997,Sunset-RAIN,Sunset,RAIN,0.961452841758728,0.8
SegFormer-B5,706997,Night-EXTRASUNNY,Night,EXTRASUNNY,0.9419288039207458,0.8
SegFormer-B5,706997,Night-FOGGY,Night,FOGGY,0.9790441989898682,0.8
SegFormer-B5,706997,Night-RAIN,Night,RAIN,0.5391262173652649,0.8
SegFormer-B5,709297,Day-FOGGY,Day,FOGGY,0.976105809211731,0.8
SegFormer-B5,709297,Day-RAIN,Day,RAIN,0.9695422053337097,0.8
SegFormer-B5,709297,Sunset-EXTRASUNNY,Sunset,EXTRASUNNY,0.8180456757545471,0.8
SegFormer-B5,709297,Sunset-FOGGY,Sunset,FOGGY,0.827702522277832,0.8
SegFormer-B5,709297,Sunset-RAIN,Sunset,RAIN,0.9599698781967163,0.8
SegFormer-B5,709297,Night-EXTRASUNNY,Night,EXTRASUNNY,0.8421047329902649,0.8
SegFormer-B5,709297,Night-FOGGY,Night,FOGGY,0.8006706833839417,0.8
SegFormer-B5,709297,Night-RAIN,Night,RAIN,0.8318484425544739,0.8
SegFormer-B5,721627,Day-FOGGY,Day,FOGGY,0.9890068173408508,0.8
SegFormer-B5,721627,Day-RAIN,Day,RAIN,0.9856582880020142,0.8
SegFormer-B5,721627,Sunset-EXTRASUNNY,Sunset,EXTRASUNNY,0.872864842414856,0.8
SegFormer-B5,721627,Sunset-FOGGY,Sunset,FOGGY,0.8744404315948486,0.8
SegFormer-B5,721627,Sunset-RAIN,Sunset,RAIN,0.9702572822570801,0.8
SegFormer-B5,721627,Night-EXTRASUNNY,Night,EXTRASUNNY,0.8779211044311523,0.8
SegFormer-B5,721627,Night-FOGGY,Night,FOGGY,0.8383004665374756,0.8
SegFormer-B5,721627,Night-RAIN,Night,RAIN,0.8660996556282043,0.8
SegFormer-B5,730301,Day-FOGGY,Day,FOGGY,0.9729706645011902,0.8
SegFormer-B5,730301,Day-RAIN,Day,RAIN,0.9609982967376709,0.8
SegFormer-B5,730301,Sunset-EXTRASUNNY,Sunset,EXTRASUNNY,0.9967385530471802,0.8
SegFormer-B5,730301,Sunset-FOGGY,Sunset,FOGGY,0.9491874575614929,0.8
SegFormer-B5,730301,Sunset-RAIN,Sunset,RAIN,0.9483484625816345,0.8
SegFormer-B5,730301,Night-EXTRASUNNY,Night,EXTRASUNNY,0.8427270650863647,0.8
SegFormer-B5,730301,Night-FOGGY,Night,FOGGY,0.843349277973175,0.8
SegFormer-B5,730301,Night-RAIN,Night,RAIN,0.5578575730323792,0.8
SegFormer-B5,7402052,Day-FOGGY,Day,FOGGY,0.9829015731811523,0.8
SegFormer-B5,7402052,Day-RAIN,Day,RAIN,0.9720710515975952,0.8
SegFormer-B5,7402052,Sunset-EXTRASUNNY,Sunset,EXTRASUNNY,0.9289752244949341,0.8
SegFormer-B5,7402052,Sunset-FOGGY,Sunset,FOGGY,0.7467374801635742,0.8
SegFormer-B5,7402052,Sunset-RAIN,Sunset,RAIN,0.9479076266288757,0.8
SegFormer-B5,7402052,Night-EXTRASUNNY,Night,EXTRASUNNY,0.775783121585846,0.8
SegFormer-B5,7402052,Night-FOGGY,Night,FOGGY,0.5119934678077698,0.8
SegFormer-B5,7402052,Night-RAIN,Night,RAIN,0.5944976806640625,0.8
SegFormer-B5,740535,Day-FOGGY,Day,FOGGY,0.9577353000640869,0.8
SegFormer-B5,740535,Day-RAIN,Day,RAIN,0.9361090660095215,0.8
SegFormer-B5,740535,Sunset-EXTRASUNNY,Sunset,EXTRASUNNY,0.9541212916374207,0.8
SegFormer-B5,740535,Sunset-FOGGY,Sunset,FOGGY,0.8979113698005676,0.8
SegFormer-B5,740535,Sunset-RAIN,Sunset,RAIN,0.8950157165527344,0.8
SegFormer-B5,740535,Night-EXTRASUNNY,Night,EXTRASUNNY,0.74919593334198,0.8
SegFormer-B5,740535,Night-FOGGY,Night,FOGGY,0.7373288869857788,0.8
SegFormer-B5,740535,Night-RAIN,Night,RAIN,0.7002402544021606,0.8
SegFormer-B5,754244,Day-FOGGY,Day,FOGGY,0.8598164916038513,0.8
SegFormer-B5,754244,Day-RAIN,Day,RAIN,0.9782770872116089,0.8
SegFormer-B5,754244,Sunset-EXTRASUNNY,Sunset,EXTRASUNNY,0.9650349020957947,0.8
SegFormer-B5,754244,Sunset-FOGGY,Sunset,FOGGY,0.9533946514129639,0.8
SegFormer-B5,754244,Sunset-RAIN,Sunset,RAIN,0.9567329287528992,0.8
SegFormer-B5,754244,Night-EXTRASUNNY,Night,EXTRASUNNY,0.9662991762161255,0.8
SegFormer-B5,754244,Night-FOGGY,Night,FOGGY,0.690770149230957,0.8
SegFormer-B5,754244,Night-RAIN,Night,RAIN,0.7065829634666443,0.8
SegFormer-B5,7601172,Day-FOGGY,Day,FOGGY,0.923162043094635,0.8
SegFormer-B5,7601172,Day-RAIN,Day,RAIN,0.8101234436035156,0.8
SegFormer-B5,7601172,Sunset-EXTRASUNNY,Sunset,EXTRASUNNY,0.9747820496559143,0.8
SegFormer-B5,7601172,Sunset-FOGGY,Sunset,FOGGY,0.6194279193878174,0.8
SegFormer-B5,7601172,Sunset-RAIN,Sunset,RAIN,0.9534425735473633,0.8
SegFormer-B5,7601172,Night-EXTRASUNNY,Night,EXTRASUNNY,0.7984387874603271,0.8
SegFormer-B5,7601172,Night-FOGGY,Night,FOGGY,0.7363163828849792,0.8
SegFormer-B5,7601172,Night-RAIN,Night,RAIN,0.5809545516967773,0.8
SegFormer-B5,764275,Day-FOGGY,Day,FOGGY,0.791176438331604,0.8
SegFormer-B5,764275,Day-RAIN,Day,RAIN,0.9168885350227356,0.8
SegFormer-B5,764275,Sunset-EXTRASUNNY,Sunset,EXTRASUNNY,0.8986024260520935,0.8
SegFormer-B5,764275,Sunset-FOGGY,Sunset,FOGGY,0.6265478730201721,0.8
SegFormer-B5,764275,Sunset-RAIN,Sunset,RAIN,0.7658106088638306,0.8
SegFormer-B5,764275,Night-EXTRASUNNY,Night,EXTRASUNNY,0.8082405924797058,0.8
SegFormer-B5,764275,Night-FOGGY,Night,FOGGY,0.5903864502906799,0.8
SegFormer-B5,764275,Night-RAIN,Night,RAIN,0.6147319674491882,0.8
SegFormer-B5,80078,Day-FOGGY,Day,FOGGY,0.9776360988616943,0.8
SegFormer-B5,80078,Day-RAIN,Day,RAIN,0.9757101535797119,0.8
SegFormer-B5,80078,Sunset-EXTRASUNNY,Sunset,EXTRASUNNY,0.9622877836227417,0.8
SegFormer-B5,80078,Sunset-FOGGY,Sunset,FOGGY,0.9711101055145264,0.8
SegFormer-B5,80078,Sunset-RAIN,Sunset,RAIN,0.9801166653633118,0.8
SegFormer-B5,80078,Night-EXTRASUNNY,Night,EXTRASUNNY,0.7287617325782776,0.8
SegFormer-B5,80078,Night-FOGGY,Night,FOGGY,0.6291730403900146,0.8
SegFormer-B5,80078,Night-RAIN,Night,RAIN,0.7255114912986755,0.8
SegFormer-B5,802754,Day-FOGGY,Day,FOGGY,0.9725608825683594,0.8
SegFormer-B5,802754,Day-RAIN,Day,RAIN,0.9658521413803101,0.8
SegFormer-B5,802754,Sunset-EXTRASUNNY,Sunset,EXTRASUNNY,0.985476016998291,0.8
SegFormer-B5,802754,Sunset-FOGGY,Sunset,FOGGY,0.9388315081596375,0.8
SegFormer-B5,802754,Sunset-RAIN,Sunset,RAIN,0.9658818244934082,0.8
SegFormer-B5,802754,Night-EXTRASUNNY,Night,EXTRASUNNY,0.7547690272331238,0.8
SegFormer-B5,802754,Night-FOGGY,Night,FOGGY,0.7099015116691589,0.8
SegFormer-B5,802754,Night-RAIN,Night,RAIN,0.7128409147262573,0.8
SegFormer-B5,807294,Day-FOGGY,Day,FOGGY,0.9649595022201538,0.8
SegFormer-B5,807294,Day-RAIN,Day,RAIN,0.9191316366195679,0.8
SegFormer-B5,807294,Sunset-EXTRASUNNY,Sunset,EXTRASUNNY,0.833856999874115,0.8
SegFormer-B5,807294,Sunset-FOGGY,Sunset,FOGGY,0.8869417905807495,0.8
SegFormer-B5,807294,Sunset-RAIN,Sunset,RAIN,0.9311096668243408,0.8
SegFormer-B5,807294,Night-EXTRASUNNY,Night,EXTRASUNNY,0.7365906834602356,0.8
SegFormer-B5,807294,Night-FOGGY,Night,FOGGY,0.7165645956993103,0.8
SegFormer-B5,807294,Night-RAIN,Night,RAIN,0.7700891494750977,0.8
SegFormer-B5,8211195,Day-FOGGY,Day,FOGGY,0.9610100984573364,0.8
SegFormer-B5,8211195,Day-RAIN,Day,RAIN,0.9847820997238159,0.8
SegFormer-B5,8211195,Sunset-EXTRASUNNY,Sunset,EXTRASUNNY,0.9617185592651367,0.8
SegFormer-B5,8211195,Sunset-FOGGY,Sunset,FOGGY,0.9333451390266418,0.8
SegFormer-B5,8211195,Sunset-RAIN,Sunset,RAIN,0.9598400592803955,0.8
SegFormer-B5,8211195,Night-EXTRASUNNY,Night,EXTRASUNNY,0.720966637134552,0.8
SegFormer-B5,8211195,Night-FOGGY,Night,FOGGY,0.5408645868301392,0.8
SegFormer-B5,8211195,Night-RAIN,Night,RAIN,0.7244156002998352,0.8
SegFormer-B5,840214,Day-FOGGY,Day,FOGGY,0.982888400554657,0.8
SegFormer-B5,840214,Day-RAIN,Day,RAIN,0.9452212452888489,0.8
SegFormer-B5,840214,Sunset-EXTRASUNNY,Sunset,EXTRASUNNY,0.9794259071350098,0.8
SegFormer-B5,840214,Sunset-FOGGY,Sunset,FOGGY,0.9725084900856018,0.8
SegFormer-B5,840214,Sunset-RAIN,Sunset,RAIN,0.9568812251091003,0.8
SegFormer-B5,840214,Night-EXTRASUNNY,Night,EXTRASUNNY,0.7694077491760254,0.8
SegFormer-B5,840214,Night-FOGGY,Night,FOGGY,0.767213761806488,0.8
SegFormer-B5,840214,Night-RAIN,Night,RAIN,0.7529570460319519,0.8
SegFormer-B5,849953,Day-FOGGY,Day,FOGGY,0.9508218169212341,0.8
SegFormer-B5,849953,Day-RAIN,Day,RAIN,0.9709275960922241,0.8
SegFormer-B5,849953,Sunset-EXTRASUNNY,Sunset,EXTRASUNNY,0.9462093710899353,0.8
SegFormer-B5,849953,Sunset-FOGGY,Sunset,FOGGY,0.8678126931190491,0.8
SegFormer-B5,849953,Sunset-RAIN,Sunset,RAIN,0.9555709958076477,0.8
SegFormer-B5,849953,Night-EXTRASUNNY,Night,EXTRASUNNY,0.8441999554634094,0.8
SegFormer-B5,849953,Night-FOGGY,Night,FOGGY,0.8201327919960022,0.8
SegFormer-B5,849953,Night-RAIN,Night,RAIN,0.8311917781829834,0.8
SegFormer-B5,863810,Day-FOGGY,Day,FOGGY,0.9849764108657837,0.8
SegFormer-B5,863810,Day-RAIN,Day,RAIN,0.9641595482826233,0.8
SegFormer-B5,863810,Sunset-EXTRASUNNY,Sunset,EXTRASUNNY,0.9571307897567749,0.8
SegFormer-B5,863810,Sunset-FOGGY,Sunset,FOGGY,0.963602602481842,0.8
SegFormer-B5,863810,Sunset-RAIN,Sunset,RAIN,0.9553448557853699,0.8
SegFormer-B5,863810,Night-EXTRASUNNY,Night,EXTRASUNNY,0.6936914324760437,0.8
SegFormer-B5,863810,Night-FOGGY,Night,FOGGY,0.9530688524246216,0.8
SegFormer-B5,863810,Night-RAIN,Night,RAIN,0.5866108536720276,0.8
SegFormer-B5,871354,Day-FOGGY,Day,FOGGY,0.9757211804389954,0.8
SegFormer-B5,871354,Day-RAIN,Day,RAIN,0.9756566882133484,0.8
SegFormer-B5,871354,Sunset-EXTRASUNNY,Sunset,EXTRASUNNY,0.9857128262519836,0.8
SegFormer-B5,871354,Sunset-FOGGY,Sunset,FOGGY,0.9631444811820984,0.8
SegFormer-B5,871354,Sunset-RAIN,Sunset,RAIN,0.9729907512664795,0.8
SegFormer-B5,871354,Night-EXTRASUNNY,Night,EXTRASUNNY,0.6518227458000183,0.8
SegFormer-B5,871354,Night-FOGGY,Night,FOGGY,0.7492798566818237,0.8
SegFormer-B5,871354,Night-RAIN,Night,RAIN,0.5644980072975159,0.8
SegFormer-B5,878,Day-FOGGY,Day,FOGGY,0.9191054105758667,0.8
SegFormer-B5,878,Day-RAIN,Day,RAIN,0.887084424495697,0.8
SegFormer-B5,878,Sunset-EXTRASUNNY,Sunset,EXTRASUNNY,0.9616103768348694,0.8
SegFormer-B5,878,Sunset-FOGGY,Sunset,FOGGY,0.9121375679969788,0.8
SegFormer-B5,878,Sunset-RAIN,Sunset,RAIN,0.8993659615516663,0.8
SegFormer-B5,878,Night-EXTRASUNNY,Night,EXTRASUNNY,0.833626925945282,0.8
SegFormer-B5,878,Night-FOGGY,Night,FOGGY,0.7923834323883057,0.8
SegFormer-B5,878,Night-RAIN,Night,RAIN,0.832249641418457,0.8
SegFormer-B5,8791456,Day-FOGGY,Day,FOGGY,0.938424825668335,0.8
SegFormer-B5,8791456,Day-RAIN,Day,RAIN,0.9404252767562866,0.8
SegFormer-B5,8791456,Sunset-EXTRASUNNY,Sunset,EXTRASUNNY,0.9649696350097656,0.8
SegFormer-B5,8791456,Sunset-FOGGY,Sunset,FOGGY,0.8895788788795471,0.8
SegFormer-B5,8791456,Sunset-RAIN,Sunset,RAIN,0.9328917264938354,0.8
SegFormer-B5,8791456,Night-EXTRASUNNY,Night,EXTRASUNNY,0.7153950333595276,0.8
SegFormer-B5,8791456,Night-FOGGY,Night,FOGGY,0.4992593824863434,0.8
SegFormer-B5,8791456,Night-RAIN,Night,RAIN,0.5031436681747437,0.8
SegFormer-B5,960645,Day-FOGGY,Day,FOGGY,0.9360600709915161,0.8
SegFormer-B5,960645,Day-RAIN,Day,RAIN,0.9194467663764954,0.8
SegFormer-B5,960645,Sunset-EXTRASUNNY,Sunset,EXTRASUNNY,0.9417033195495605,0.8
SegFormer-B5,960645,Sunset-FOGGY,Sunset,FOGGY,0.9187862873077393,0.8
SegFormer-B5,960645,Sunset-RAIN,Sunset,RAIN,0.9293117523193359,0.8
SegFormer-B5,960645,Night-EXTRASUNNY,Night,EXTRASUNNY,0.7596384882926941,0.8
SegFormer-B5,960645,Night-FOGGY,Night,FOGGY,0.703874409198761,0.8
SegFormer-B5,960645,Night-RAIN,Night,RAIN,0.7231057286262512,0.8
SegFormer-B5,973598,Day-FOGGY,Day,FOGGY,0.9451676607131958,0.8
SegFormer-B5,973598,Day-RAIN,Day,RAIN,0.9286698698997498,0.8
SegFormer-B5,973598,Sunset-EXTRASUNNY,Sunset,EXTRASUNNY,0.9759016036987305,0.8
SegFormer-B5,973598,Sunset-FOGGY,Sunset,FOGGY,0.8995952606201172,0.8
SegFormer-B5,973598,Sunset-RAIN,Sunset,RAIN,0.9351977705955505,0.8
SegFormer-B5,973598,Night-EXTRASUNNY,Night,EXTRASUNNY,0.5780724883079529,0.8
SegFormer-B5,973598,Night-FOGGY,Night,FOGGY,0.5018353462219238,0.8
SegFormer-B5,973598,Night-RAIN,Night,RAIN,0.5628141164779663,0.8
SegFormer-B5,988137,Day-FOGGY,Day,FOGGY,0.9280818104743958,0.8
SegFormer-B5,988137,Day-RAIN,Day,RAIN,0.9248256683349609,0.8
SegFormer-B5,988137,Sunset-EXTRASUNNY,Sunset,EXTRASUNNY,0.9502890110015869,0.8
SegFormer-B5,988137,Sunset-FOGGY,Sunset,FOGGY,0.9053764343261719,0.8
SegFormer-B5,988137,Sunset-RAIN,Sunset,RAIN,0.9230333566665649,0.8
SegFormer-B5,988137,Night-EXTRASUNNY,Night,EXTRASUNNY,0.672061562538147,0.8
SegFormer-B5,988137,Night-FOGGY,Night,FOGGY,0.6788123846054077,0.8
SegFormer-B5,988137,Night-RAIN,Night,RAIN,0.6303489804267883,0.8
SegFormer-B5,9958,Day-FOGGY,Day,FOGGY,0.9810051321983337,0.8
SegFormer-B5,9958,Day-RAIN,Day,RAIN,0.9707844853401184,0.8
SegFormer-B5,9958,Sunset-EXTRASUNNY,Sunset,EXTRASUNNY,0.974946916103363,0.8
SegFormer-B5,9958,Sunset-FOGGY,Sunset,FOGGY,0.9315072298049927,0.8
SegFormer-B5,9958,Sunset-RAIN,Sunset,RAIN,0.9715156555175781,0.8
SegFormer-B5,9958,Night-EXTRASUNNY,Night,EXTRASUNNY,0.6571996212005615,0.8
SegFormer-B5,9958,Night-FOGGY,Night,FOGGY,0.7844517230987549,0.8
SegFormer-B5,9958,Night-RAIN,Night,RAIN,0.6241689920425415,0.8
Mask2Former-Swin-S,10231074,Day-FOGGY,Day,FOGGY,0.9742617607116699,0.8
Mask2Former-Swin-S,10231074,Day-RAIN,Day,RAIN,0.9694787859916687,0.8
Mask2Former-Swin-S,10231074,Sunset-EXTRASUNNY,Sunset,EXTRASUNNY,0.9663767218589783,0.8
Mask2Former-Swin-S,10231074,Sunset-FOGGY,Sunset,FOGGY,0.9667829871177673,0.8
Mask2Former-Swin-S,10231074,Sunset-RAIN,Sunset,RAIN,0.9522711038589478,0.8
Mask2Former-Swin-S,10231074,Night-EXTRASUNNY,Night,EXTRASUNNY,0.887311577796936,0.8
Mask2Former-Swin-S,10231074,Night-FOGGY,Night,FOGGY,0.6062585711479187,0.8
Mask2Former-Swin-S,10231074,Night-RAIN,Night,RAIN,0.8245792984962463,0.8
Mask2Former-Swin-S,108359,Day-FOGGY,Day,FOGGY,0.9946104288101196,0.8
Mask2Former-Swin-S,108359,Day-RAIN,Day,RAIN,0.9869934320449829,0.8
Mask2Former-Swin-S,108359,Sunset-EXTRASUNNY,Sunset,EXTRASUNNY,0.9850893616676331,0.8
Mask2Former-Swin-S,108359,Sunset-FOGGY,Sunset,FOGGY,0.9599637389183044,0.8
Mask2Former-Swin-S,108359,Sunset-RAIN,Sunset,RAIN,0.9735373854637146,0.8
Mask2Former-Swin-S,108359,Night-EXTRASUNNY,Night,EXTRASUNNY,0.9324830174446106,0.8
Mask2Former-Swin-S,108359,Night-FOGGY,Night,FOGGY,0.5559627413749695,0.8
Mask2Former-Swin-S,108359,Night-RAIN,Night,RAIN,0.566957414150238,0.8
Mask2Former-Swin-S,10901081,Day-FOGGY,Day,FOGGY,0.9859462380409241,0.8
Mask2Former-Swin-S,10901081,Day-RAIN,Day,RAIN,0.9945505857467651,0.8
Mask2Former-Swin-S,10901081,Sunset-EXTRASUNNY,Sunset,EXTRASUNNY,0.9874510765075684,0.8
Mask2Former-Swin-S,10901081,Sunset-FOGGY,Sunset,FOGGY,0.9826435446739197,0.8
Mask2Former-Swin-S,10901081,Sunset-RAIN,Sunset,RAIN,0.9887588024139404,0.8
Mask2Former-Swin-S,10901081,Night-EXTRASUNNY,Night,EXTRASUNNY,0.9776719808578491,0.8
Mask2Former-Swin-S,10901081,Night-FOGGY,Night,FOGGY,0.9779326319694519,0.8
Mask2Former-Swin-S,10901081,Night-RAIN,Night,RAIN,0.9867119789123535,0.8
Mask2Former-Swin-S,11101250,Day-FOGGY,Day,FOGGY,0.993320643901825,0.8
Mask2Former-Swin-S,11101250,Day-RAIN,Day,RAIN,0.978972315788269,0.8
Mask2Former-Swin-S,11101250,Sunset-EXTRASUNNY,Sunset,EXTRASUNNY,0.978518545627594,0.8
Mask2Former-Swin-S,11101250,Sunset-FOGGY,Sunset,FOGGY,0.9604842662811279,0.8
Mask2Former-Swin-S,11101250,Sunset-RAIN,Sunset,RAIN,0.9915539622306824,0.8
Mask2Former-Swin-S,11101250,Night-EXTRASUNNY,Night,EXTRASUNNY,0.9798331260681152,0.8
Mask2Former-Swin-S,11101250,Night-FOGGY,Night,FOGGY,0.8861448168754578,0.8
Mask2Former-Swin-S,11101250,Night-RAIN,Night,RAIN,0.8683034181594849,0.8
Mask2Former-Swin-S,11131433,Day-FOGGY,Day,FOGGY,0.9780672192573547,0.8
Mask2Former-Swin-S,11131433,Day-RAIN,Day,RAIN,0.9876538515090942,0.8
Mask2Former-Swin-S,11131433,Sunset-EXTRASUNNY,Sunset,EXTRASUNNY,0.9858126640319824,0.8
Mask2Former-Swin-S,11131433,Sunset-FOGGY,Sunset,FOGGY,0.9805667400360107,0.8
Mask2Former-Swin-S,11131433,Sunset-RAIN,Sunset,RAIN,0.9824789762496948,0.8
Mask2Former-Swin-S,11131433,Night-EXTRASUNNY,Night,EXTRASUNNY,0.9746068120002747,0.8
Mask2Former-Swin-S,11131433,Night-FOGGY,Night,FOGGY,0.9690781831741333,0.8
Mask2Former-Swin-S,11131433,Night-RAIN,Night,RAIN,0.5753432512283325,0.8
Mask2Former-Swin-S,1119803,Day-FOGGY,Day,FOGGY,0.9595951437950134,0.8
Mask2Former-Swin-S,1119803,Day-RAIN,Day,RAIN,0.9782940745353699,0.8
Mask2Former-Swin-S,1119803,Sunset-EXTRASUNNY,Sunset,EXTRASUNNY,0.9727092385292053,0.8
Mask2Former-Swin-S,1119803,Sunset-FOGGY,Sunset,FOGGY,0.9180598855018616,0.8
Mask2Former-Swin-S,1119803,Sunset-RAIN,Sunset,RAIN,0.9660234451293945,0.8
Mask2Former-Swin-S,1119803,Night-EXTRASUNNY,Night,EXTRASUNNY,0.8988098502159119,0.8
Mask2Former-Swin-S,1119803,Night-FOGGY,Night,FOGGY,0.6764989495277405,0.8
Mask2Former-Swin-S,1119803,Night-RAIN,Night,RAIN,0.6643659472465515,0.8
Mask2Former-Swin-S,112170,Day-FOGGY,Day,FOGGY,0.9945533871650696,0.8
Mask2Former-Swin-S,112170,Day-RAIN,Day,RAIN,0.9482000470161438,0.8
Mask2Former-Swin-S,112170,Sunset-EXTRASUNNY,Sunset,EXTRASUNNY,0.989612340927124,0.8
Mask2Former-Swin-S,112170,Sunset-FOGGY,Sunset,FOGGY,0.9718840718269348,0.8
Mask2Former-Swin-S,112170,Sunset-RAIN,Sunset,RAIN,0.9844716191291809,0.8
Mask2Former-Swin-S,112170,Night-EXTRASUNNY,Night,EXTRASUNNY,0.9701943397521973,0.8
Mask2Former-Swin-S,112170,Night-FOGGY,Night,FOGGY,0.8349533081054688,0.8
Mask2Former-Swin-S,112170,Night-RAIN,Night,RAIN,0.6053634285926819,0.8
Mask2Former-Swin-S,1124819,Day-FOGGY,Day,FOGGY,0.9150635004043579,0.8
Mask2Former-Swin-S,1124819,Day-RAIN,Day,RAIN,0.9369239211082458,0.8
Mask2Former-Swin-S,1124819,Sunset-EXTRASUNNY,Sunset,EXTRASUNNY,0.8937920928001404,0.8
Mask2Former-Swin-S,1124819,Sunset-FOGGY,Sunset,FOGGY,0.9320728182792664,0.8
Mask2Former-Swin-S,1124819,Sunset-RAIN,Sunset,RAIN,0.9415113925933838,0.8
Mask2Former-Swin-S,1124819,Night-EXTRASUNNY,Night,EXTRASUNNY,0.8945280909538269,0.8
Mask2Former-Swin-S,1124819,Night-FOGGY,Night,FOGGY,0.8244489431381226,0.8
Mask2Former-Swin-S,1124819,Night-RAIN,Night,RAIN,0.6139768958091736,0.8
Mask2Former-Swin-S,11281105,Day-FOGGY,Day,FOGGY,0.7952139377593994,0.8
Mask2Former-Swin-S,11281105,Day-RAIN,Day,RAIN,0.8110163807868958,0.8
Mask2Former-Swin-S,11281105,Sunset-EXTRASUNNY,Sunset,EXTRASUNNY,0.8239464163780212,0.8
Mask2Former-Swin-S,11281105,Sunset-FOGGY,Sunset,FOGGY,0.7720458507537842,0.8
Mask2Former-Swin-S,11281105,Sunset-RAIN,Sunset,RAIN,0.8082759976387024,0.8
Mask2Former-Swin-S,11281105,Night-EXTRASUNNY,Night,EXTRASUNNY,0.9191506505012512,0.8
Mask2Former-Swin-S,11281105,Night-FOGGY,Night,FOGGY,0.7145994901657104,0.8
Mask2Former-Swin-S,11281105,Night-RAIN,Night,RAIN,0.8082759976387024,0.8
Mask2Former-Swin-S,1129575,Day-FOGGY,Day,FOGGY,0.9782967567443848,0.8
Mask2Former-Swin-S,1129575,Day-RAIN,Day,RAIN,0.9815518260002136,0.8
Mask2Former-Swin-S,1129575,Sunset-EXTRASUNNY,Sunset,EXTRASUNNY,0.9832168817520142,0.8
Mask2Former-Swin-S,1129575,Sunset-FOGGY,Sunset,FOGGY,0.9588034152984619,0.8
Mask2Former-Swin-S,1129575,Sunset-RAIN,Sunset,RAIN,0.9689301252365112,0.8
Mask2Former-Swin-S,1129575,Night-EXTRASUNNY,Night,EXTRASUNNY,0.9779248833656311,0.8
Mask2Former-Swin-S,1129575,Night-FOGGY,Night,FOGGY,0.9387043118476868,0.8
Mask2Former-Swin-S,1129575,Night-RAIN,Night,RAIN,0.6692477464675903,0.8
Mask2Former-Swin-S,1161197,Day-FOGGY,Day,FOGGY,0.9845613837242126,0.8
Mask2Former-Swin-S,1161197,Day-RAIN,Day,RAIN,0.9290772676467896,0.8
Mask2Former-Swin-S,1161197,Sunset-EXTRASUNNY,Sunset,EXTRASUNNY,0.9140743613243103,0.8
Mask2Former-Swin-S,1161197,Sunset-FOGGY,Sunset,FOGGY,0.9133895635604858,0.8
Mask2Former-Swin-S,1161197,Sunset-RAIN,Sunset,RAIN,0.9035392999649048,0.8
Mask2Former-Swin-S,1161197,Night-EXTRASUNNY,Night,EXTRASUNNY,0.7311216592788696,0.8
Mask2Former-Swin-S,1161197,Night-FOGGY,Night,FOGGY,0.8244439363479614,0.8
Mask2Former-Swin-S,1161197,Night-RAIN,Night,RAIN,0.7474532723426819,0.8
Mask2Former-Swin-S,1162709,Day-FOGGY,Day,FOGGY,0.985637903213501,0.8
Mask2Former-Swin-S,1162709,Day-RAIN,Day,RAIN,0.9732705354690552,0.8
Mask2Former-Swin-S,1162709,Sunset-EXTRASUNNY,Sunset,EXTRASUNNY,0.9703118801116943,0.8
Mask2Former-Swin-S,1162709,Sunset-FOGGY,Sunset,FOGGY,0.9285024404525757,0.8
Mask2Former-Swin-S,1162709,Sunset-RAIN,Sunset,RAIN,0.9616686105728149,0.8
Mask2Former-Swin-S,1162709,Night-EXTRASUNNY,Night,EXTRASUNNY,0.9494298100471497,0.8
Mask2Former-Swin-S,1162709,Night-FOGGY,Night,FOGGY,0.9157693982124329,0.8
Mask2Former-Swin-S,1162709,Night-RAIN,Night,RAIN,0.9524419903755188,0.8
Mask2Former-Swin-S,1163548,Day-FOGGY,Day,FOGGY,0.9797879457473755,0.8
Mask2Former-Swin-S,1163548,Day-RAIN,Day,RAIN,0.970177412033081,0.8
Mask2Former-Swin-S,1163548,Sunset-EXTRASUNNY,Sunset,EXTRASUNNY,0.9799541234970093,0.8
Mask2Former-Swin-S,1163548,Sunset-FOGGY,Sunset,FOGGY,0.9370388984680176,0.8
Mask2Former-Swin-S,1163548,Sunset-RAIN,Sunset,RAIN,0.943202018737793,0.8
Mask2Former-Swin-S,1163548,Night-EXTRASUNNY,Night,EXTRASUNNY,0.8827910423278809,0.8
Mask2Former-Swin-S,1163548,Night-FOGGY,Night,FOGGY,0.9422857165336609,0.8
Mask2Former-Swin-S,1163548,Night-RAIN,Night,RAIN,0.8768320679664612,0.8
Mask2Former-Swin-S,11642190,Day-FOGGY,Day,FOGGY,0.9637627005577087,0.8
Mask2Former-Swin-S,11642190,Day-RAIN,Day,RAIN,0.9858670830726624,0.8
Mask2Former-Swin-S,11642190,Sunset-EXTRASUNNY,Sunset,EXTRASUNNY,0.8493103384971619,0.8
Mask2Former-Swin-S,11642190,Sunset-FOGGY,Sunset,FOGGY,0.7836379408836365,0.8
Mask2Former-Swin-S,11642190,Sunset-RAIN,Sunset,RAIN,0.9652581214904785,0.8
Mask2Former-Swin-S,11642190,Night-EXTRASUNNY,Night,EXTRASUNNY,0.8742129802703857,0.8
Mask2Former-Swin-S,11642190,Night-FOGGY,Night,FOGGY,0.8436221480369568,0.8
Mask2Former-Swin-S,11642190,Night-RAIN,Night,RAIN,0.949651837348938,0.8
Mask2Former-Swin-S,1169181,Day-FOGGY,Day,FOGGY,0.9659815430641174,0.8
Mask2Former-Swin-S,1169181,Day-RAIN,Day,RAIN,0.963874340057373,0.8
Mask2Former-Swin-S,1169181,Sunset-EXTRASUNNY,Sunset,EXTRASUNNY,0.9776998162269592,0.8
Mask2Former-Swin-S,1169181,Sunset-FOGGY,Sunset,FOGGY,0.9457733631134033,0.8
Mask2Former-Swin-S,1169181,Sunset-RAIN,Sunset,RAIN,0.9755170345306396,0.8
Mask2Former-Swin-S,1169181,Night-EXTRASUNNY,Night,EXTRASUNNY,0.9124611616134644,0.8
Mask2Former-Swin-S,1169181,Night-FOGGY,Night,FOGGY,0.9515081644058228,0.8
Mask2Former-Swin-S,1169181,Night-RAIN,Night,RAIN,0.665675699710846,0.8
Mask2Former-Swin-S,11721222,Day-FOGGY,Day,FOGGY,0.9891073107719421,0.8
Mask2Former-Swin-S,11721222,Day-RAIN,Day,RAIN,0.9880231618881226,0.8
Mask2Former-Swin-S,11721222,Sunset-EXTRASUNNY,Sunset,EXTRASUNNY,0.99546217918396,0.8
Mask2Former-Swin-S,11721222,Sunset-FOGGY,Sunset,FOGGY,0.9853470325469971,0.8
Mask2Former-Swin-S,11721222,Sunset-RAIN,Sunset,RAIN,0.9881188869476318,0.8
Mask2Former-Swin-S,11721222,Night-EXTRASUNNY,Night,EXTRASUNNY,0.8874739408493042,0.8
Mask2Former-Swin-S,11721222,Night-FOGGY,Night,FOGGY,0.8744314312934875,0.8
Mask2Former-Swin-S,11721222,Night-RAIN,Night,RAIN,0.5602772235870361,0.8
Mask2Former-Swin-S,11802146,Day-FOGGY,Day,FOGGY,0.9556068181991577,0.8
Mask2Former-Swin-S,11802146,Day-RAIN,Day,RAIN,0.9558659791946411,0.8
Mask2Former-Swin-S,11802146,Sunset-EXTRASUNNY,Sunset,EXTRASUNNY,0.9553439617156982,0.8
Mask2Former-Swin-S,11802146,Sunset-FOGGY,Sunset,FOGGY,0.9436840415000916,0.8
Mask2Former-Swin-S,11802146,Sunset-RAIN,Sunset,RAIN,0.9467993378639221,0.8
Mask2Former-Swin-S,11802146,Night-EXTRASUNNY,Night,EXTRASUNNY,0.9363181591033936,0.8
Mask2Former-Swin-S,11802146,Night-FOGGY,Night,FOGGY,0.6296054720878601,0.8
Mask2Former-Swin-S,11802146,Night-RAIN,Night,RAIN,0.9460160136222839,0.8
Mask2Former-Swin-S,1184775,Day-FOGGY,Day,FOGGY,0.9835770726203918,0.8
Mask2Former-Swin-S,1184775,Day-RAIN,Day,RAIN,0.9865097999572754,0.8
Mask2Former-Swin-S,1184775,Sunset-EXTRASUNNY,Sunset,EXTRASUNNY,0.9842996001243591,0.8
Mask2Former-Swin-S,1184775,Sunset-FOGGY,Sunset,FOGGY,0.9730441570281982,0.8
Mask2Former-Swin-S,1184775,Sunset-RAIN,Sunset,RAIN,0.9801255464553833,0.8
Mask2Former-Swin-S,1184775,Night-EXTRASUNNY,Night,EXTRASUNNY,0.9455815553665161,0.8
Mask2Former-Swin-S,1184775,Night-FOGGY,Night,FOGGY,0.5147744417190552,0.8
Mask2Former-Swin-S,1184775,Night-RAIN,Night,RAIN,0.5762839913368225,0.8
Mask2Former-Swin-S,11921147,Day-FOGGY,Day,FOGGY,0.9820178747177124,0.8
Mask2Former-Swin-S,11921147,Day-RAIN,Day,RAIN,0.9927105903625488,0.8
Mask2Former-Swin-S,11921147,Sunset-EXTRASUNNY,Sunset,EXTRASUNNY,0.960061252117157,0.8
Mask2Former-Swin-S,11921147,Sunset-FOGGY,Sunset,FOGGY,0.9055588245391846,0.8
Mask2Former-Swin-S,11921147,Sunset-RAIN,Sunset,RAIN,0.9854567050933838,0.8
Mask2Former-Swin-S,11921147,Night-EXTRASUNNY,Night,EXTRASUNNY,0.9478664398193359,0.8
Mask2Former-Swin-S,11921147,Night-FOGGY,Night,FOGGY,0.6366546750068665,0.8
Mask2Former-Swin-S,11921147,Night-RAIN,Night,RAIN,0.6305055022239685,0.8
Mask2Former-Swin-S,119342,Day-FOGGY,Day,FOGGY,0.9894601106643677,0.8
Mask2Former-Swin-S,119342,Day-RAIN,Day,RAIN,0.9758654236793518,0.8
Mask2Former-Swin-S,119342,Sunset-EXTRASUNNY,Sunset,EXTRASUNNY,0.967194676399231,0.8
Mask2Former-Swin-S,119342,Sunset-FOGGY,Sunset,FOGGY,0.9130855798721313,0.8
Mask2Former-Swin-S,119342,Sunset-RAIN,Sunset,RAIN,0.9344950914382935,0.8
Mask2Former-Swin-S,119342,Night-EXTRASUNNY,Night,EXTRASUNNY,0.8534008264541626,0.8
Mask2Former-Swin-S,119342,Night-FOGGY,Night,FOGGY,0.7496426105499268,0.8
Mask2Former-Swin-S,119342,Night-RAIN,Night,RAIN,0.8074344396591187,0.8
Mask2Former-Swin-S,1201777,Day-FOGGY,Day,FOGGY,0.9741663932800293,0.8
Mask2Former-Swin-S,1201777,Day-RAIN,Day,RAIN,0.9722703099250793,0.8
Mask2Former-Swin-S,1201777,Sunset-EXTRASUNNY,Sunset,EXTRASUNNY,0.9929698705673218,0.8
Mask2Former-Swin-S,1201777,Sunset-FOGGY,Sunset,FOGGY,0.9824392795562744,0.8
Mask2Former-Swin-S,1201777,Sunset-RAIN,Sunset,RAIN,0.9803419709205627,0.8
Mask2Former-Swin-S,1201777,Night-EXTRASUNNY,Night,EXTRASUNNY,0.9010653495788574,0.8
Mask2Former-Swin-S,1201777,Night-FOGGY,Night,FOGGY,0.9352561831474304,0.8
Mask2Former-Swin-S,1201777,Night-RAIN,Night,RAIN,0.9147646427154541,0.8
Mask2Former-Swin-S,1297251,Day-FOGGY,Day,FOGGY,0.9701645970344543,0.8
Mask2Former-Swin-S,1297251,Day-RAIN,Day,RAIN,0.9806082248687744,0.8
Mask2Former-Swin-S,1297251,Sunset-EXTRASUNNY,Sunset,EXTRASUNNY,0.976065993309021,0.8
Mask2Former-Swin-S,1297251,Sunset-FOGGY,Sunset,FOGGY,0.9605081081390381,0.8
Mask2Former-Swin-S,1297251,Sunset-RAIN,Sunset,RAIN,0.9738402962684631,0.8
Mask2Former-Swin-S,1297251,Night-EXTRASUNNY,Night,EXTRASUNNY,0.9554683566093445,0.8
Mask2Former-Swin-S,1297251,Night-FOGGY,Night,FOGGY,0.8964647054672241,0.8
Mask2Former-Swin-S,1297251,Night-RAIN,Night,RAIN,0.9505251049995422,0.8
Mask2Former-Swin-S,1314425,Day-FOGGY,Day,FOGGY,0.9434313178062439,0.8
Mask2Former-Swin-S,1314425,Day-RAIN,Day,RAIN,0.8929914236068726,0.8
Mask2Former-Swin-S,1314425,Sunset-EXTRASUNNY,Sunset,EXTRASUNNY,0.9324250817298889,0.8
Mask2Former-Swin-S,1314425,Sunset-FOGGY,Sunset,FOGGY,0.9128463864326477,0.8
Mask2Former-Swin-S,1314425,Sunset-RAIN,Sunset,RAIN,0.9244136214256287,0.8
Mask2Former-Swin-S,1314425,Night-EXTRASUNNY,Night,EXTRASUNNY,0.8312153816223145,0.8
Mask2Former-Swin-S,1314425,Night-FOGGY,Night,FOGGY,0.8071709871292114,0.8
Mask2Former-Swin-S,1314425,Night-RAIN,Night,RAIN,0.8675548434257507,0.8
Mask2Former-Swin-S,13331910,Day-FOGGY,Day,FOGGY,0.9150267243385315,0.8
Mask2Former-Swin-S,13331910,Day-RAIN,Day,RAIN,0.9346900582313538,0.8
Mask2Former-Swin-S,13331910,Sunset-EXTRASUNNY,Sunset,EXTRASUNNY,0.9272307753562927,0.8
Mask2Former-Swin-S,13331910,Sunset-FOGGY,Sunset,FOGGY,0.9072368741035461,0.8
Mask2Former-Swin-S,13331910,Sunset-RAIN,Sunset,RAIN,0.9042433500289917,0.8
Mask2Former-Swin-S,13331910,Night-EXTRASUNNY,Night,EXTRASUNNY,0.889521598815918,0.8
Mask2Former-Swin-S,13331910,Night-FOGGY,Night,FOGGY,0.8641425371170044,0.8
Mask2Former-Swin-S,13331910,Night-RAIN,Night,RAIN,0.8462019562721252,0.8
Mask2Former-Swin-S,13551916,Day-FOGGY,Day,FOGGY,0.9795092344284058,0.8
Mask2Former-Swin-S,13551916,Day-RAIN,Day,RAIN,0.9878005385398865,0.8
Mask2Former-Swin-S,13551916,Sunset-EXTRASUNNY,Sunset,EXTRASUNNY,0.9928618669509888,0.8
Mask2Former-Swin-S,13551916,Sunset-FOGGY,Sunset,FOGGY,0.9683759212493896,0.8
Mask2Former-Swin-S,13551916,Sunset-RAIN,Sunset,RAIN,0.9731259942054749,0.8
Mask2Former-Swin-S,13551916,Night-EXTRASUNNY,Night,EXTRASUNNY,0.9636622071266174,0.8
Mask2Former-Swin-S,13551916,Night-FOGGY,Night,FOGGY,0.9077722430229187,0.8
Mask2Former-Swin-S,13551916,Night-RAIN,Night,RAIN,0.9466379880905151,0.8
Mask2Former-Swin-S,140120,Day-FOGGY,Day,FOGGY,0.9959583282470703,0.8
Mask2Former-Swin-S,140120,Day-RAIN,Day,RAIN,0.9930229187011719,0.8
Mask2Former-Swin-S,140120,Sunset-EXTRASUNNY,Sunset,EXTRASUNNY,0.9920594692230225,0.8
Mask2Former-Swin-S,140120,Sunset-FOGGY,Sunset,FOGGY,0.9856248497962952,0.8
Mask2Former-Swin-S,140120,Sunset-RAIN,Sunset,RAIN,0.9856145977973938,0.8
Mask2Former-Swin-S,140120,Night-EXTRASUNNY,Night,EXTRASUNNY,0.7809818983078003,0.8
Mask2Former-Swin-S,140120,Night-FOGGY,Night,FOGGY,0.7755189538002014,0.8
Mask2Former-Swin-S,140120,Night-RAIN,Night,RAIN,0.607542872428894,0.8
Mask2Former-Swin-S,14450,Day-FOGGY,Day,FOGGY,0.9802870750427246,0.8
Mask2Former-Swin-S,14450,Day-RAIN,Day,RAIN,0.9661381840705872,0.8
Mask2Former-Swin-S,14450,Sunset-EXTRASUNNY,Sunset,EXTRASUNNY,0.7779258489608765,0.8
Mask2Former-Swin-S,14450,Sunset-FOGGY,Sunset,FOGGY,0.7739512920379639,0.8
Mask2Former-Swin-S,14450,Sunset-RAIN,Sunset,RAIN,0.820542573928833,0.8
Mask2Former-Swin-S,14450,Night-EXTRASUNNY,Night,EXTRASUNNY,0.783230185508728,0.8
Mask2Former-Swin-S,14450,Night-FOGGY,Night,FOGGY,0.7015388011932373,0.8
Mask2Former-Swin-S,14450,Night-RAIN,Night,RAIN,0.7887609004974365,0.8
Mask2Former-Swin-S,1481258,Day-FOGGY,Day,FOGGY,0.9448206424713135,0.8
Mask2Former-Swin-S,1481258,Day-RAIN,Day,RAIN,0.9466125965118408,0.8
Mask2Former-Swin-S,1481258,Sunset-EXTRASUNNY,Sunset,EXTRASUNNY,0.9459618330001831,0.8
Mask2Former-Swin-S,1481258,Sunset-FOGGY,Sunset,FOGGY,0.975721538066864,0.8
Mask2Former-Swin-S,1481258,Sunset-RAIN,Sunset,RAIN,0.9802427291870117,0.8
Mask2Former-Swin-S,1481258,Night-EXTRASUNNY,Night,EXTRASUNNY,0.9882123470306396,0.8
Mask2Former-Swin-S,1481258,Night-FOGGY,Night,FOGGY,0.9753498435020447,0.8
Mask2Former-Swin-S,1481258,Night-RAIN,Night,RAIN,0.41356784105300903,0.8
Mask2Former-Swin-S,153373,Day-FOGGY,Day,FOGGY,0.9544108510017395,0.8
Mask2Former-Swin-S,153373,Day-RAIN,Day,RAIN,0.9831558465957642,0.8
Mask2Former-Swin-S,153373,Sunset-EXTRASUNNY,Sunset,EXTRASUNNY,0.9607019424438477,0.8
Mask2Former-Swin-S,153373,Sunset-FOGGY,Sunset,FOGGY,0.8549836277961731,0.8
Mask2Former-Swin-S,153373,Sunset-RAIN,Sunset,RAIN,0.954169511795044,0.8
Mask2Former-Swin-S,153373,Night-EXTRASUNNY,Night,EXTRASUNNY,0.8606533408164978,0.8
Mask2Former-Swin-S,153373,Night-FOGGY,Night,FOGGY,0.863528847694397,0.8
Mask2Former-Swin-S,153373,Night-RAIN,Night,RAIN,0.8698954582214355,0.8
Mask2Former-Swin-S,1541895,Day-FOGGY,Day,FOGGY,0.9858455061912537,0.8
Mask2Former-Swin-S,1541895,Day-RAIN,Day,RAIN,0.9863162040710449,0.8
Mask2Former-Swin-S,1541895,Sunset-EXTRASUNNY,Sunset,EXTRASUNNY,0.9939507246017456,0.8
Mask2Former-Swin-S,1541895,Sunset-FOGGY,Sunset,FOGGY,0.978572428226471,0.8
Mask2Former-Swin-S,1541895,Sunset-RAIN,Sunset,RAIN,0.9863070249557495,0.8
Mask2Former-Swin-S,1541895,Night-EXTRASUNNY,Night,EXTRASUNNY,0.9641592502593994,0.8
Mask2Former-Swin-S,1541895,Night-FOGGY,Night,FOGGY,0.9309273362159729,0.8
Mask2Former-Swin-S,1541895,Night-RAIN,Night,RAIN,0.6684825420379639,0.8
Mask2Former-Swin-S,1581031,Day-FOGGY,Day,FOGGY,0.9169377088546753,0.8
Mask2Former-Swin-S,1581031,Day-RAIN,Day,RAIN,0.9470454454421997,0.8
Mask2Former-Swin-S,1581031,Sunset-EXTRASUNNY,Sunset,EXTRASUNNY,0.9395433068275452,0.8
Mask2Former-Swin-S,1581031,Sunset-FOGGY,Sunset,FOGGY,0.9118026494979858,0.8
Mask2Former-Swin-S,1581031,Sunset-RAIN,Sunset,RAIN,0.9349223375320435,0.8
Mask2Former-Swin-S,1581031,Night-EXTRASUNNY,Night,EXTRASUNNY,0.8588937520980835,0.8
Mask2Former-Swin-S,1581031,Night-FOGGY,Night,FOGGY,0.900161862373352,0.8
Mask2Former-Swin-S,1581031,Night-RAIN,Night,RAIN,0.8217165470123291,0.8
Mask2Former-Swin-S,159401,Day-FOGGY,Day,FOGGY,0.9581382274627686,0.8
Mask2Former-Swin-S,159401,Day-RAIN,Day,RAIN,0.9337460994720459,0.8
Mask2Former-Swin-S,159401,Sunset-EXTRASUNNY,Sunset,EXTRASUNNY,0.8849064111709595,0.8
Mask2Former-Swin-S,159401,Sunset-FOGGY,Sunset,FOGGY,0.9370089173316956,0.8
Mask2Former-Swin-S,159401,Sunset-RAIN,Sunset,RAIN,0.9378127455711365,0.8
Mask2Former-Swin-S,159401,Night-EXTRASUNNY,Night,EXTRASUNNY,0.9479132890701294,0.8
Mask2Former-Swin-S,159401,Night-FOGGY,Night,FOGGY,0.7035869359970093,0.8
Mask2Former-Swin-S,159401,Night-RAIN,Night,RAIN,0.8947639465332031,0.8
Mask2Former-Swin-S,182335,Day-FOGGY,Day,FOGGY,0.9745619893074036,0.8
Mask2Former-Swin-S,182335,Day-RAIN,Day,RAIN,0.9754385948181152,0.8
Mask2Former-Swin-S,182335,Sunset-EXTRASUNNY,Sunset,EXTRASUNNY,0.9709184765815735,0.8
Mask2Former-Swin-S,182335,Sunset-FOGGY,Sunset,FOGGY,0.8116813898086548,0.8
Mask2Former-Swin-S,182335,Sunset-RAIN,Sunset,RAIN,0.9635437726974487,0.8
Mask2Former-Swin-S,182335,Night-EXTRASUNNY,Night,EXTRASUNNY,0.7954981923103333,0.8
Mask2Former-Swin-S,182335,Night-FOGGY,Night,FOGGY,0.786077082157135,0.8
Mask2Former-Swin-S,182335,Night-RAIN,Night,RAIN,0.7916854619979858,0.8
Mask2Former-Swin-S,187713,Day-FOGGY,Day,FOGGY,0.9861916899681091,0.8
Mask2Former-Swin-S,187713,Day-RAIN,Day,RAIN,0.9884607195854187,0.8
Mask2Former-Swin-S,187713,Sunset-EXTRASUNNY,Sunset,EXTRASUNNY,0.9902417063713074,0.8
Mask2Former-Swin-S,187713,Sunset-FOGGY,Sunset,FOGGY,0.9656158089637756,0.8
Mask2Former-Swin-S,187713,Sunset-RAIN,Sunset,RAIN,0.9803561568260193,0.8
Mask2Former-Swin-S,187713,Night-EXTRASUNNY,Night,EXTRASUNNY,0.9723698496818542,0.8
Mask2Former-Swin-S,187713,Night-FOGGY,Night,FOGGY,0.9581138491630554,0.8
Mask2Former-Swin-S,187713,Night-RAIN,Night,RAIN,0.9435651302337646,0.8
Mask2Former-Swin-S,19188,Day-FOGGY,Day,FOGGY,0.991009533405304,0.8
Mask2Former-Swin-S,19188,Day-RAIN,Day,RAIN,0.989764928817749,0.8
Mask2Former-Swin-S,19188,Sunset-EXTRASUNNY,Sunset,EXTRASUNNY,0.9912126064300537,0.8
Mask2Former-Swin-S,19188,Sunset-FOGGY,Sunset,FOGGY,0.9793382287025452,0.8
Mask2Former-Swin-S,19188,Sunset-RAIN,Sunset,RAIN,0.9828873872756958,0.8
Mask2Former-Swin-S,19188,Night-EXTRASUNNY,Night,EXTRASUNNY,0.6369357705116272,0.8
Mask2Former-Swin-S,19188,Night-FOGGY,Night,FOGGY,0.6263121366500854,0.8
Mask2Former-Swin-S,19188,Night-RAIN,Night,RAIN,0.6366460919380188,0.8
Mask2Former-Swin-S,196581,Day-FOGGY,Day,FOGGY,0.9873362183570862,0.8
Mask2Former-Swin-S,196581,Day-RAIN,Day,RAIN,0.9870225191116333,0.8
Mask2Former-Swin-S,196581,Sunset-EXTRASUNNY,Sunset,EXTRASUNNY,0.8716968297958374,0.8
Mask2Former-Swin-S,196581,Sunset-FOGGY,Sunset,FOGGY,0.8631423115730286,0.8
Mask2Former-Swin-S,196581,Sunset-RAIN,Sunset,RAIN,0.8617605566978455,0.8
Mask2Former-Swin-S,196581,Night-EXTRASUNNY,Night,EXTRASUNNY,0.8405631184577942,0.8
Mask2Former-Swin-S,196581,Night-FOGGY,Night,FOGGY,0.49806147813796997,0.8
Mask2Former-Swin-S,196581,Night-RAIN,Night,RAIN,0.5433056950569153,0.8
Mask2Former-Swin-S,2041817,Day-FOGGY,Day,FOGGY,0.9213876724243164,0.8
Mask2Former-Swin-S,2041817,Day-RAIN,Day,RAIN,0.892735481262207,0.8
Mask2Former-Swin-S,2041817,Sunset-EXTRASUNNY,Sunset,EXTRASUNNY,0.9508475065231323,0.8
Mask2Former-Swin-S,2041817,Sunset-FOGGY,Sunset,FOGGY,0.9328876733779907,0.8
Mask2Former-Swin-S,2041817,Sunset-RAIN,Sunset,RAIN,0.9313322305679321,0.8
Mask2Former-Swin-S,2041817,Night-EXTRASUNNY,Night,EXTRASUNNY,0.8495782613754272,0.8
Mask2Former-Swin-S,2041817,Night-FOGGY,Night,FOGGY,0.4384332299232483,0.8
Mask2Former-Swin-S,2041817,Night-RAIN,Night,RAIN,0.4251694977283478,0.8
Mask2Former-Swin-S,21692,Day-FOGGY,Day,FOGGY,0.9932649731636047,0.8
Mask2Former-Swin-S,21692,Day-RAIN,Day,RAIN,0.9903187155723572,0.8
Mask2Former-Swin-S,21692,Sunset-EXTRASUNNY,Sunset,EXTRASUNNY,0.9802127480506897,0.8
Mask2Former-Swin-S,21692,Sunset-FOGGY,Sunset,FOGGY,0.9900107383728027,0.8
Mask2Former-Swin-S,21692,Sunset-RAIN,Sunset,RAIN,0.9910895824432373,0.8
Mask2Former-Swin-S,21692,Night-EXTRASUNNY,Night,EXTRASUNNY,0.985748291015625,0.8
Mask2Former-Swin-S,21692,Night-FOGGY,Night,FOGGY,0.9682188034057617,0.8
Mask2Former-Swin-S,21692,Night-RAIN,Night,RAIN,0.9902716279029846,0.8
Mask2Former-Swin-S,2231013,Day-FOGGY,Day,FOGGY,0.986474871635437,0.8
Mask2Former-Swin-S,2231013,Day-RAIN,Day,RAIN,0.9893983602523804,0.8
Mask2Former-Swin-S,2231013,Sunset-EXTRASUNNY,Sunset,EXTRASUNNY,0.9592844843864441,0.8
Mask2Former-Swin-S,2231013,Sunset-FOGGY,Sunset,FOGGY,0.9751620888710022,0.8
Mask2Former-Swin-S,2231013,Sunset-RAIN,Sunset,RAIN,0.9824076890945435,0.8
Mask2Former-Swin-S,2231013,Night-EXTRASUNNY,Night,EXTRASUNNY,0.6710017919540405,0.8
Mask2Former-Swin-S,2231013,Night-FOGGY,Night,FOGGY,0.6571803689002991,0.8
Mask2Former-Swin-S,2231013,Night-RAIN,Night,RAIN,0.6719609498977661,0.8
Mask2Former-Swin-S,223195,Day-FOGGY,Day,FOGGY,0.964927613735199,0.8
Mask2Former-Swin-S,223195,Day-RAIN,Day,RAIN,0.9783954620361328,0.8
Mask2Former-Swin-S,223195,Sunset-EXTRASUNNY,Sunset,EXTRASUNNY,0.9834832549095154,0.8
Mask2Former-Swin-S,223195,Sunset-FOGGY,Sunset,FOGGY,0.9434539079666138,0.8
Mask2Former-Swin-S,223195,Sunset-RAIN,Sunset,RAIN,0.958183228969574,0.8
Mask2Former-Swin-S,223195,Night-EXTRASUNNY,Night,EXTRASUNNY,0.8707119226455688,0.8
Mask2Former-Swin-S,223195,Night-FOGGY,Night,FOGGY,0.8405587673187256,0.8
Mask2Former-Swin-S,223195,Night-RAIN,Night,RAIN,0.8444437384605408,0.8
Mask2Former-Swin-S,231037,Day-FOGGY,Day,FOGGY,0.9783197045326233,0.8
Mask2Former-Swin-S,231037,Day-RAIN,Day,RAIN,0.977186381816864,0.8
Mask2Former-Swin-S,231037,Sunset-EXTRASUNNY,Sunset,EXTRASUNNY,0.942300021648407,0.8
Mask2Former-Swin-S,231037,Sunset-FOGGY,Sunset,FOGGY,0.9523097276687622,0.8
Mask2Former-Swin-S,231037,Sunset-RAIN,Sunset,RAIN,0.9446589350700378,0.8
Mask2Former-Swin-S,231037,Night-EXTRASUNNY,Night,EXTRASUNNY,0.952592134475708,0.8
Mask2Former-Swin-S,231037,Night-FOGGY,Night,FOGGY,0.9415019750595093,0.8
Mask2Former-Swin-S,231037,Night-RAIN,Night,RAIN,0.7976943254470825,0.8
Mask2Former-Swin-S,2461888,Day-FOGGY,Day,FOGGY,0.9851517677307129,0.8
Mask2Former-Swin-S,2461888,Day-RAIN,Day,RAIN,0.9853398203849792,0.8
Mask2Former-Swin-S,2461888,Sunset-EXTRASUNNY,Sunset,EXTRASUNNY,0.9846437573432922,0.8
Mask2Former-Swin-S,2461888,Sunset-FOGGY,Sunset,FOGGY,0.9783718585968018,0.8
Mask2Former-Swin-S,2461888,Sunset-RAIN,Sunset,RAIN,0.9756349921226501,0.8
Mask2Former-Swin-S,2461888,Night-EXTRASUNNY,Night,EXTRASUNNY,0.7940221428871155,0.8
Mask2Former-Swin-S,2461888,Night-FOGGY,Night,FOGGY,0.4991660714149475,0.8
Mask2Former-Swin-S,2461888,Night-RAIN,Night,RAIN,0.5562208890914917,0.8
Mask2Former-Swin-S,2531844,Day-FOGGY,Day,FOGGY,0.9810596704483032,0.8
Mask2Former-Swin-S,2531844,Day-RAIN,Day,RAIN,0.9885357022285461,0.8
Mask2Former-Swin-S,2531844,Sunset-EXTRASUNNY,Sunset,EXTRASUNNY,0.9643811583518982,0.8
Mask2Former-Swin-S,2531844,Sunset-FOGGY,Sunset,FOGGY,0.9735367894172668,0.8
Mask2Former-Swin-S,2531844,Sunset-RAIN,Sunset,RAIN,0.9832754135131836,0.8
Mask2Former-Swin-S,2531844,Night-EXTRASUNNY,Night,EXTRASUNNY,0.9553701281547546,0.8
Mask2Former-Swin-S,2531844,Night-FOGGY,Night,FOGGY,0.9611542224884033,0.8
Mask2Former-Swin-S,2531844,Night-RAIN,Night,RAIN,0.9664978384971619,0.8
Mask2Former-Swin-S,2711181,Day-FOGGY,Day,FOGGY,0.9954543709754944,0.8
Mask2Former-Swin-S,2711181,Day-RAIN,Day,RAIN,0.9861096739768982,0.8
Mask2Former-Swin-S,2711181,Sunset-EXTRASUNNY,Sunset,EXTRASUNNY,0.9923685193061829,0.8
Mask2Former-Swin-S,2711181,Sunset-FOGGY,Sunset,FOGGY,0.9071502685546875,0.8
Mask2Former-Swin-S,2711181,Sunset-RAIN,Sunset,RAIN,0.9629980325698853,0.8
Mask2Former-Swin-S,2711181,Night-EXTRASUNNY,Night,EXTRASUNNY,0.9627741575241089,0.8
Mask2Former-Swin-S,2711181,Night-FOGGY,Night,FOGGY,0.9405216574668884,0.8
Mask2Former-Swin-S,2711181,Night-RAIN,Night,RAIN,0.9624993205070496,0.8
Mask2Former-Swin-S,288913,Day-FOGGY,Day,FOGGY,0.9881056547164917,0.8
Mask2Former-Swin-S,288913,Day-RAIN,Day,RAIN,0.9795199632644653,0.8
Mask2Former-Swin-S,288913,Sunset-EXTRASUNNY,Sunset,EXTRASUNNY,0.9393734931945801,0.8
Mask2Former-Swin-S,288913,Sunset-FOGGY,Sunset,FOGGY,0.9030269384384155,0.8
Mask2Former-Swin-S,288913,Sunset-RAIN,Sunset,RAIN,0.9495120048522949,0.8
Mask2Former-Swin-S,288913,Night-EXTRASUNNY,Night,EXTRASUNNY,0.9127792119979858,0.8
Mask2Former-Swin-S,288913,Night-FOGGY,Night,FOGGY,0.9524257779121399,0.8
Mask2Former-Swin-S,288913,Night-RAIN,Night,RAIN,0.9621883034706116,0.8
Mask2Former-Swin-S,302966,Day-FOGGY,Day,FOGGY,0.9936051368713379,0.8
Mask2Former-Swin-S,302966,Day-RAIN,Day,RAIN,0.9943139553070068,0.8
Mask2Former-Swin-S,302966,Sunset-EXTRASUNNY,Sunset,EXTRASUNNY,0.9974138736724854,0.8
Mask2Former-Swin-S,302966,Sunset-FOGGY,Sunset,FOGGY,0.9745016694068909,0.8
Mask2Former-Swin-S,302966,Sunset-RAIN,Sunset,RAIN,0.9870381951332092,0.8
Mask2Former-Swin-S,302966,Night-EXTRASUNNY,Night,EXTRASUNNY,0.5899337530136108,0.8
Mask2Former-Swin-S,302966,Night-FOGGY,Night,FOGGY,0.5277599692344666,0.8
Mask2Former-Swin-S,302966,Night-RAIN,Night,RAIN,0.5888692736625671,0.8
Mask2Former-Swin-S,320493,Day-FOGGY,Day,FOGGY,0.9639396071434021,0.8
Mask2Former-Swin-S,320493,Day-RAIN,Day,RAIN,0.8450511693954468,0.8
Mask2Former-Swin-S,320493,Sunset-EXTRASUNNY,Sunset,EXTRASUNNY,0.9405081868171692,0.8
Mask2Former-Swin-S,320493,Sunset-FOGGY,Sunset,FOGGY,0.9322879910469055,0.8
Mask2Former-Swin-S,320493,Sunset-RAIN,Sunset,RAIN,0.9346175789833069,0.8
Mask2Former-Swin-S,320493,Night-EXTRASUNNY,Night,EXTRASUNNY,0.8370565176010132,0.8
Mask2Former-Swin-S,320493,Night-FOGGY,Night,FOGGY,0.7638617157936096,0.8
Mask2Former-Swin-S,320493,Night-RAIN,Night,RAIN,0.7842550277709961,0.8
Mask2Former-Swin-S,365202,Day-FOGGY,Day,FOGGY,0.9957807064056396,0.8
Mask2Former-Swin-S,365202,Day-RAIN,Day,RAIN,0.994888186454773,0.8
Mask2Former-Swin-S,365202,Sunset-EXTRASUNNY,Sunset,EXTRASUNNY,0.9968553185462952,0.8
Mask2Former-Swin-S,365202,Sunset-FOGGY,Sunset,FOGGY,0.9886927604675293,0.8
Mask2Former-Swin-S,365202,Sunset-RAIN,Sunset,RAIN,0.997310221195221,0.8
Mask2Former-Swin-S,365202,Night-EXTRASUNNY,Night,EXTRASUNNY,0.9365699887275696,0.8
Mask2Former-Swin-S,365202,Night-FOGGY,Night,FOGGY,0.741046130657196,0.8
Mask2Former-Swin-S,365202,Night-RAIN,Night,RAIN,0.7459247708320618,0.8
Mask2Former-Swin-S,37573,Day-FOGGY,Day,FOGGY,0.980536699295044,0.8
Mask2Former-Swin-S,37573,Day-RAIN,Day,RAIN,0.9730651378631592,0.8
Mask2Former-Swin-S,37573,Sunset-EXTRASUNNY,Sunset,EXTRASUNNY,0.8650640845298767,0.8
Mask2Former-Swin-S,37573,Sunset-FOGGY,Sunset,FOGGY,0.9298995733261108,0.8
Mask2Former-Swin-S,37573,Sunset-RAIN,Sunset,RAIN,0.9729110598564148,0.8
Mask2Former-Swin-S,37573,Night-EXTRASUNNY,Night,EXTRASUNNY,0.8308874368667603,0.8
Mask2Former-Swin-S,37573,Night-FOGGY,Night,FOGGY,0.8202352523803711,0.8
Mask2Former-Swin-S,37573,Night-RAIN,Night,RAIN,0.8354325294494629,0.8
Mask2Former-Swin-S,3761910,Day-FOGGY,Day,FOGGY,0.9886175990104675,0.8
Mask2Former-Swin-S,3761910,Day-RAIN,Day,RAIN,0.9809776544570923,0.8
Mask2Former-Swin-S,3761910,Sunset-EXTRASUNNY,Sunset,EXTRASUNNY,0.9657880663871765,0.8
Mask2Former-Swin-S,3761910,Sunset-FOGGY,Sunset,FOGGY,0.9495377540588379,0.8
Mask2Former-Swin-S,3761910,Sunset-RAIN,Sunset,RAIN,0.9717069268226624,0.8
Mask2Former-Swin-S,3761910,Night-EXTRASUNNY,Night,EXTRASUNNY,0.9285293817520142,0.8
Mask2Former-Swin-S,3761910,Night-FOGGY,Night,FOGGY,0.8803521990776062,0.8
Mask2Former-Swin-S,3761910,Night-RAIN,Night,RAIN,0.14602208137512207,0.8
Mask2Former-Swin-S,400776,Day-FOGGY,Day,FOGGY,0.9989936351776123,0.8
Mask2Former-Swin-S,400776,Day-RAIN,Day,RAIN,0.9799003601074219,0.8
Mask2Former-Swin-S,400776,Sunset-EXTRASUNNY,Sunset,EXTRASUNNY,0.9981558322906494,0.8
Mask2Former-Swin-S,400776,Sunset-FOGGY,Sunset,FOGGY,0.9949269890785217,0.8
Mask2Former-Swin-S,400776,Sunset-RAIN,Sunset,RAIN,0.9932422637939453,0.8
Mask2Former-Swin-S,400776,Night-EXTRASUNNY,Night,EXTRASUNNY,0.9662023782730103,0.8
Mask2Former-Swin-S,400776,Night-FOGGY,Night,FOGGY,0.6729239821434021,0.8
Mask2Former-Swin-S,400776,Night-RAIN,Night,RAIN,0.911937415599823,0.8
Mask2Former-Swin-S,43427,Day-FOGGY,Day,FOGGY,0.9580895900726318,0.8
Mask2Former-Swin-S,43427,Day-RAIN,Day,RAIN,0.981633186340332,0.8
Mask2Former-Swin-S,43427,Sunset-EXTRASUNNY,Sunset,EXTRASUNNY,0.9852530360221863,0.8
Mask2Former-Swin-S,43427,Sunset-FOGGY,Sunset,FOGGY,0.9792994856834412,0.8
Mask2Former-Swin-S,43427,Sunset-RAIN,Sunset,RAIN,0.9866953492164612,0.8
Mask2Former-Swin-S,43427,Night-EXTRASUNNY,Night,EXTRASUNNY,0.8752024173736572,0.8
Mask2Former-Swin-S,43427,Night-FOGGY,Night,FOGGY,0.8312870860099792,0.8
Mask2Former-Swin-S,43427,Night-RAIN,Night,RAIN,0.8452690839767456,0.8
Mask2Former-Swin-S,43428,Day-FOGGY,Day,FOGGY,0.9577233195304871,0.8
Mask2Former-Swin-S,43428,Day-RAIN,Day,RAIN,0.9814651012420654,0.8
Mask2Former-Swin-S,43428,Sunset-EXTRASUNNY,Sunset,EXTRASUNNY,0.9518662095069885,0.8
Mask2Former-Swin-S,43428,Sunset-FOGGY,Sunset,FOGGY,0.7628528475761414,0.8
Mask2Former-Swin-S,43428,Sunset-RAIN,Sunset,RAIN,0.9343371391296387,0.8
Mask2Former-Swin-S,43428,Night-EXTRASUNNY,Night,EXTRASUNNY,0.7719632387161255,0.8
Mask2Former-Swin-S,43428,Night-FOGGY,Night,FOGGY,0.7815018892288208,0.8
Mask2Former-Swin-S,43428,Night-RAIN,Night,RAIN,0.7669431567192078,0.8
Mask2Former-Swin-S,4361495,Day-FOGGY,Day,FOGGY,0.9922587275505066,0.8
Mask2Former-Swin-S,4361495,Day-RAIN,Day,RAIN,0.9469064474105835,0.8
Mask2Former-Swin-S,4361495,Sunset-EXTRASUNNY,Sunset,EXTRASUNNY,0.991865873336792,0.8
Mask2Former-Swin-S,4361495,Sunset-FOGGY,Sunset,FOGGY,0.966954231262207,0.8
Mask2Former-Swin-S,4361495,Sunset-RAIN,Sunset,RAIN,0.9746530055999756,0.8
Mask2Former-Swin-S,4361495,Night-EXTRASUNNY,Night,EXTRASUNNY,0.9407396912574768,0.8
Mask2Former-Swin-S,4361495,Night-FOGGY,Night,FOGGY,0.5706425309181213,0.8
Mask2Former-Swin-S,4361495,Night-RAIN,Night,RAIN,0.6125286221504211,0.8
Mask2Former-Swin-S,450967,Day-FOGGY,Day,FOGGY,0.9871702194213867,0.8
Mask2Former-Swin-S,450967,Day-RAIN,Day,RAIN,0.9934089183807373,0.8
Mask2Former-Swin-S,450967,Sunset-EXTRASUNNY,Sunset,EXTRASUNNY,0.9982194304466248,0.8
Mask2Former-Swin-S,450967,Sunset-FOGGY,Sunset,FOGGY,0.5128040909767151,0.8
Mask2Former-Swin-S,450967,Sunset-RAIN,Sunset,RAIN,0.9791159629821777,0.8
Mask2Former-Swin-S,450967,Night-EXTRASUNNY,Night,EXTRASUNNY,0.9656273126602173,0.8
Mask2Former-Swin-S,450967,Night-FOGGY,Night,FOGGY,0.4195558726787567,0.8
Mask2Former-Swin-S,450967,Night-RAIN,Night,RAIN,0.5033239126205444,0.8
Mask2Former-Swin-S,4561149,Day-FOGGY,Day,FOGGY,0.9981052875518799,0.8
Mask2Former-Swin-S,4561149,Day-RAIN,Day,RAIN,0.9975619316101074,0.8
Mask2Former-Swin-S,4561149,Sunset-EXTRASUNNY,Sunset,EXTRASUNNY,0.9971318244934082,0.8
Mask2Former-Swin-S,4561149,Sunset-FOGGY,Sunset,FOGGY,0.9956290125846863,0.8
Mask2Former-Swin-S,4561149,Sunset-RAIN,Sunset,RAIN,0.9944176077842712,0.8
Mask2Former-Swin-S,4561149,Night-EXTRASUNNY,Night,EXTRASUNNY,0.9925528168678284,0.8
Mask2Former-Swin-S,4561149,Night-FOGGY,Night,FOGGY,0.3442539572715759,0.8
Mask2Former-Swin-S,4561149,Night-RAIN,Night,RAIN,0.40773794054985046,0.8
Mask2Former-Swin-S,460731,Day-FOGGY,Day,FOGGY,0.9744547009468079,0.8
Mask2Former-Swin-S,460731,Day-RAIN,Day,RAIN,0.9610514640808105,0.8
Mask2Former-Swin-S,460731,Sunset-EXTRASUNNY,Sunset,EXTRASUNNY,0.9702943563461304,0.8
Mask2Former-Swin-S,460731,Sunset-FOGGY,Sunset,FOGGY,0.9456876516342163,0.8
Mask2Former-Swin-S,460731,Sunset-RAIN,Sunset,RAIN,0.9411605596542358,0.8
Mask2Former-Swin-S,460731,Night-EXTRASUNNY,Night,EXTRASUNNY,0.763333261013031,0.8
Mask2Former-Swin-S,460731,Night-FOGGY,Night,FOGGY,0.4605625569820404,0.8
Mask2Former-Swin-S,460731,Night-RAIN,Night,RAIN,0.7513785362243652,0.8
Mask2Former-Swin-S,463639,Day-FOGGY,Day,FOGGY,0.9777497053146362,0.8
Mask2Former-Swin-S,463639,Day-RAIN,Day,RAIN,0.9798662662506104,0.8
Mask2Former-Swin-S,463639,Sunset-EXTRASUNNY,Sunset,EXTRASUNNY,0.9624294638633728,0.8
Mask2Former-Swin-S,463639,Sunset-FOGGY,Sunset,FOGGY,0.974102795124054,0.8
Mask2Former-Swin-S,463639,Sunset-RAIN,Sunset,RAIN,0.9862949848175049,0.8
Mask2Former-Swin-S,463639,Night-EXTRASUNNY,Night,EXTRASUNNY,0.8301967978477478,0.8
Mask2Former-Swin-S,463639,Night-FOGGY,Night,FOGGY,0.9063456058502197,0.8
Mask2Former-Swin-S,463639,Night-RAIN,Night,RAIN,0.8598653078079224,0.8
Mask2Former-Swin-S,4641194,Day-FOGGY,Day,FOGGY,0.9950039982795715,0.8
Mask2Former-Swin-S,4641194,Day-RAIN,Day,RAIN,0.9974187612533569,0.8
Mask2Former-Swin-S,4641194,Sunset-EXTRASUNNY,Sunset,EXTRASUNNY,0.9817003607749939,0.8
Mask2Former-Swin-S,4641194,Sunset-FOGGY,Sunset,FOGGY,0.9372360706329346,0.8
Mask2Former-Swin-S,4641194,Sunset-RAIN,Sunset,RAIN,0.9902855157852173,0.8
Mask2Former-Swin-S,4641194,Night-EXTRASUNNY,Night,EXTRASUNNY,0.9689040184020996,0.8
Mask2Former-Swin-S,4641194,Night-FOGGY,Night,FOGGY,0.8582355976104736,0.8
Mask2Former-Swin-S,4641194,Night-RAIN,Night,RAIN,0.9220452308654785,0.8
Mask2Former-Swin-S,471118,Day-FOGGY,Day,FOGGY,0.9975669384002686,0.8
Mask2Former-Swin-S,471118,Day-RAIN,Day,RAIN,0.935210108757019,0.8
Mask2Former-Swin-S,471118,Sunset-EXTRASUNNY,Sunset,EXTRASUNNY,0.6678922772407532,0.8
Mask2Former-Swin-S,471118,Sunset-FOGGY,Sunset,FOGGY,0.9653124809265137,0.8
Mask2Former-Swin-S,471118,Sunset-RAIN,Sunset,RAIN,0.9897621273994446,0.8
Mask2Former-Swin-S,471118,Night-EXTRASUNNY,Night,EXTRASUNNY,0.31749311089515686,0.8
Mask2Former-Swin-S,471118,Night-FOGGY,Night,FOGGY,0.277829647064209,0.8
Mask2Former-Swin-S,471118,Night-RAIN,Night,RAIN,0.38731029629707336,0.8
Mask2Former-Swin-S,4811864,Day-FOGGY,Day,FOGGY,0.9951149821281433,0.8
Mask2Former-Swin-S,4811864,Day-RAIN,Day,RAIN,0.9974649548530579,0.8
Mask2Former-Swin-S,4811864,Sunset-EXTRASUNNY,Sunset,EXTRASUNNY,0.9894508719444275,0.8
Mask2Former-Swin-S,4811864,Sunset-FOGGY,Sunset,FOGGY,0.968803882598877,0.8
Mask2Former-Swin-S,4811864,Sunset-RAIN,Sunset,RAIN,0.9851911067962646,0.8
Mask2Former-Swin-S,4811864,Night-EXTRASUNNY,Night,EXTRASUNNY,0.978895366191864,0.8
Mask2Former-Swin-S,4811864,Night-FOGGY,Night,FOGGY,0.9422672390937805,0.8
Mask2Former-Swin-S,4811864,Night-RAIN,Night,RAIN,0.7811245322227478,0.8
Mask2Former-Swin-S,481618,Day-FOGGY,Day,FOGGY,0.9970280528068542,0.8
Mask2Former-Swin-S,481618,Day-RAIN,Day,RAIN,0.9924139380455017,0.8
Mask2Former-Swin-S,481618,Sunset-EXTRASUNNY,Sunset,EXTRASUNNY,0.8897100687026978,0.8
Mask2Former-Swin-S,481618,Sunset-FOGGY,Sunset,FOGGY,0.9404957890510559,0.8
Mask2Former-Swin-S,481618,Sunset-RAIN,Sunset,RAIN,0.9871524572372437,0.8
Mask2Former-Swin-S,481618,Night-EXTRASUNNY,Night,EXTRASUNNY,0.8527867794036865,0.8
Mask2Former-Swin-S,481618,Night-FOGGY,Night,FOGGY,0.8332496881484985,0.8
Mask2Former-Swin-S,481618,Night-RAIN,Night,RAIN,0.8526034355163574,0.8
Mask2Former-Swin-S,4911785,Day-FOGGY,Day,FOGGY,0.9846962094306946,0.8
Mask2Former-Swin-S,4911785,Day-RAIN,Day,RAIN,0.9732688665390015,0.8
Mask2Former-Swin-S,4911785,Sunset-EXTRASUNNY,Sunset,EXTRASUNNY,0.9559154510498047,0.8
Mask2Former-Swin-S,4911785,Sunset-FOGGY,Sunset,FOGGY,0.9641306400299072,0.8
Mask2Former-Swin-S,4911785,Sunset-RAIN,Sunset,RAIN,0.9731841683387756,0.8
Mask2Former-Swin-S,4911785,Night-EXTRASUNNY,Night,EXTRASUNNY,0.9634220004081726,0.8
Mask2Former-Swin-S,4911785,Night-FOGGY,Night,FOGGY,0.9071831703186035,0.8
Mask2Former-Swin-S,4911785,Night-RAIN,Night,RAIN,0.48211491107940674,0.8
Mask2Former-Swin-S,5370,Day-FOGGY,Day,FOGGY,0.9077516198158264,0.8
Mask2Former-Swin-S,5370,Day-RAIN,Day,RAIN,0.9204212427139282,0.8
Mask2Former-Swin-S,5370,Sunset-EXTRASUNNY,Sunset,EXTRASUNNY,0.9373936057090759,0.8
Mask2Former-Swin-S,5370,Sunset-FOGGY,Sunset,FOGGY,0.9013450741767883,0.8
Mask2Former-Swin-S,5370,Sunset-RAIN,Sunset,RAIN,0.8928717970848083,0.8
Mask2Former-Swin-S,5370,Night-EXTRASUNNY,Night,EXTRASUNNY,0.9196875095367432,0.8
Mask2Former-Swin-S,5370,Night-FOGGY,Night,FOGGY,0.6242640018463135,0.8
Mask2Former-Swin-S,5370,Night-RAIN,Night,RAIN,0.8384575843811035,0.8
Mask2Former-Swin-S,550217,Day-FOGGY,Day,FOGGY,0.9688994288444519,0.8
Mask2Former-Swin-S,550217,Day-RAIN,Day,RAIN,0.9763868451118469,0.8
Mask2Former-Swin-S,550217,Sunset-EXTRASUNNY,Sunset,EXTRASUNNY,0.9787931442260742,0.8
Mask2Former-Swin-S,550217,Sunset-FOGGY,Sunset,FOGGY,0.9423263072967529,0.8
Mask2Former-Swin-S,550217,Sunset-RAIN,Sunset,RAIN,0.973507821559906,0.8
Mask2Former-Swin-S,550217,Night-EXTRASUNNY,Night,EXTRASUNNY,0.8725130558013916,0.8
Mask2Former-Swin-S,550217,Night-FOGGY,Night,FOGGY,0.7987033724784851,0.8
Mask2Former-Swin-S,550217,Night-RAIN,Night,RAIN,0.8455016016960144,0.8
Mask2Former-Swin-S,564213,Day-FOGGY,Day,FOGGY,0.9872427582740784,0.8
Mask2Former-Swin-S,564213,Day-RAIN,Day,RAIN,0.9918612241744995,0.8
Mask2Former-Swin-S,564213,Sunset-EXTRASUNNY,Sunset,EXTRASUNNY,0.9471898078918457,0.8
Mask2Former-Swin-S,564213,Sunset-FOGGY,Sunset,FOGGY,0.9887426495552063,0.8
Mask2Former-Swin-S,564213,Sunset-RAIN,Sunset,RAIN,0.9899485111236572,0.8
Mask2Former-Swin-S,564213,Night-EXTRASUNNY,Night,EXTRASUNNY,0.5759763717651367,0.8
Mask2Former-Swin-S,564213,Night-FOGGY,Night,FOGGY,0.48262542486190796,0.8
Mask2Former-Swin-S,564213,Night-RAIN,Night,RAIN,0.5604013204574585,0.8
Mask2Former-Swin-S,568243,Day-FOGGY,Day,FOGGY,0.9816716909408569,0.8
Mask2Former-Swin-S,568243,Day-RAIN,Day,RAIN,0.9839763045310974,0.8
Mask2Former-Swin-S,568243,Sunset-EXTRASUNNY,Sunset,EXTRASUNNY,0.9915199279785156,0.8
Mask2Former-Swin-S,568243,Sunset-FOGGY,Sunset,FOGGY,0.9597877860069275,0.8
Mask2Former-Swin-S,568243,Sunset-RAIN,Sunset,RAIN,0.9798129200935364,0.8
Mask2Former-Swin-S,568243,Night-EXTRASUNNY,Night,EXTRASUNNY,0.7134386897087097,0.8
Mask2Former-Swin-S,568243,Night-FOGGY,Night,FOGGY,0.6917954683303833,0.8
Mask2Former-Swin-S,568243,Night-RAIN,Night,RAIN,0.6894525289535522,0.8
Mask2Former-Swin-S,5791659,Day-FOGGY,Day,FOGGY,0.995927631855011,0.8
Mask2Former-Swin-S,5791659,Day-RAIN,Day,RAIN,0.8426746129989624,0.8
Mask2Former-Swin-S,5791659,Sunset-EXTRASUNNY,Sunset,EXTRASUNNY,0.9873193502426147,0.8
Mask2Former-Swin-S,5791659,Sunset-FOGGY,Sunset,FOGGY,0.9934767484664917,0.8
Mask2Former-Swin-S,5791659,Sunset-RAIN,Sunset,RAIN,0.9384341835975647,0.8
Mask2Former-Swin-S,5791659,Night-EXTRASUNNY,Night,EXTRASUNNY,0.9448869824409485,0.8
Mask2Former-Swin-S,5791659,Night-FOGGY,Night,FOGGY,0.7916763424873352,0.8
Mask2Former-Swin-S,5791659,Night-RAIN,Night,RAIN,0.9049220681190491,0.8
Mask2Former-Swin-S,5951694,Day-FOGGY,Day,FOGGY,0.9775146245956421,0.8
Mask2Former-Swin-S,5951694,Day-RAIN,Day,RAIN,0.9682416319847107,0.8
Mask2Former-Swin-S,5951694,Sunset-EXTRASUNNY,Sunset,EXTRASUNNY,0.9826740622520447,0.8
Mask2Former-Swin-S,5951694,Sunset-FOGGY,Sunset,FOGGY,0.9696260094642639,0.8
Mask2Former-Swin-S,5951694,Sunset-RAIN,Sunset,RAIN,0.9849035143852234,0.8
Mask2Former-Swin-S,5951694,Night-EXTRASUNNY,Night,EXTRASUNNY,0.9580551385879517,0.8
Mask2Former-Swin-S,5951694,Night-FOGGY,Night,FOGGY,0.4277594983577728,0.8
Mask2Former-Swin-S,5951694,Night-RAIN,Night,RAIN,0.4923943281173706,0.8
Mask2Former-Swin-S,596621,Day-FOGGY,Day,FOGGY,0.9955823421478271,0.8
Mask2Former-Swin-S,596621,Day-RAIN,Day,RAIN,0.9850912690162659,0.8
Mask2Former-Swin-S,596621,Sunset-EXTRASUNNY,Sunset,EXTRASUNNY,0.9909307360649109,0.8
Mask2Former-Swin-S,596621,Sunset-FOGGY,Sunset,FOGGY,0.9674161076545715,0.8
Mask2Former-Swin-S,596621,Sunset-RAIN,Sunset,RAIN,0.9913634657859802,0.8
Mask2Former-Swin-S,596621,Night-EXTRASUNNY,Night,EXTRASUNNY,0.8537293076515198,0.8
Mask2Former-Swin-S,596621,Night-FOGGY,Night,FOGGY,0.8908910751342773,0.8
Mask2Former-Swin-S,596621,Night-RAIN,Night,RAIN,0.8880122303962708,0.8
Mask2Former-Swin-S,60144,Day-FOGGY,Day,FOGGY,0.9907758831977844,0.8
Mask2Former-Swin-S,60144,Day-RAIN,Day,RAIN,0.9862055778503418,0.8
Mask2Former-Swin-S,60144,Sunset-EXTRASUNNY,Sunset,EXTRASUNNY,0.9824356436729431,0.8
Mask2Former-Swin-S,60144,Sunset-FOGGY,Sunset,FOGGY,0.9319977164268494,0.8
Mask2Former-Swin-S,60144,Sunset-RAIN,Sunset,RAIN,0.974368691444397,0.8
Mask2Former-Swin-S,60144,Night-EXTRASUNNY,Night,EXTRASUNNY,0.8746005296707153,0.8
Mask2Former-Swin-S,60144,Night-FOGGY,Night,FOGGY,0.6497742533683777,0.8
Mask2Former-Swin-S,60144,Night-RAIN,Night,RAIN,0.7041686773300171,0.8
Mask2Former-Swin-S,602947,Day-FOGGY,Day,FOGGY,0.968513548374176,0.8
Mask2Former-Swin-S,602947,Day-RAIN,Day,RAIN,0.9542187452316284,0.8
Mask2Former-Swin-S,602947,Sunset-EXTRASUNNY,Sunset,EXTRASUNNY,0.9387762546539307,0.8
Mask2Former-Swin-S,602947,Sunset-FOGGY,Sunset,FOGGY,0.916610836982727,0.8
Mask2Former-Swin-S,602947,Sunset-RAIN,Sunset,RAIN,0.9619333148002625,0.8
Mask2Former-Swin-S,602947,Night-EXTRASUNNY,Night,EXTRASUNNY,0.9159889221191406,0.8
Mask2Former-Swin-S,602947,Night-FOGGY,Night,FOGGY,0.9433433413505554,0.8
Mask2Former-Swin-S,602947,Night-RAIN,Night,RAIN,0.9504990577697754,0.8
Mask2Former-Swin-S,611370,Day-FOGGY,Day,FOGGY,0.9877853989601135,0.8
Mask2Former-Swin-S,611370,Day-RAIN,Day,RAIN,0.9836333394050598,0.8
Mask2Former-Swin-S,611370,Sunset-EXTRASUNNY,Sunset,EXTRASUNNY,0.8362220525741577,0.8
Mask2Former-Swin-S,611370,Sunset-FOGGY,Sunset,FOGGY,0.7986756563186646,0.8
Mask2Former-Swin-S,611370,Sunset-RAIN,Sunset,RAIN,0.9776676297187805,0.8
Mask2Former-Swin-S,611370,Night-EXTRASUNNY,Night,EXTRASUNNY,0.8669325709342957,0.8
Mask2Former-Swin-S,611370,Night-FOGGY,Night,FOGGY,0.9691907167434692,0.8
Mask2Former-Swin-S,611370,Night-RAIN,Night,RAIN,0.8470679521560669,0.8
Mask2Former-Swin-S,6461059,Day-FOGGY,Day,FOGGY,0.9894753098487854,0.8
Mask2Former-Swin-S,6461059,Day-RAIN,Day,RAIN,0.9598873257637024,0.8
Mask2Former-Swin-S,6461059,Sunset-EXTRASUNNY,Sunset,EXTRASUNNY,0.9096470475196838,0.8
Mask2Former-Swin-S,6461059,Sunset-FOGGY,Sunset,FOGGY,0.9530923962593079,0.8
Mask2Former-Swin-S,6461059,Sunset-RAIN,Sunset,RAIN,0.956371545791626,0.8
Mask2Former-Swin-S,6461059,Night-EXTRASUNNY,Night,EXTRASUNNY,0.906415581703186,0.8
Mask2Former-Swin-S,6461059,Night-FOGGY,Night,FOGGY,0.922335684299469,0.8
Mask2Former-Swin-S,6461059,Night-RAIN,Night,RAIN,0.8856227397918701,0.8
Mask2Former-Swin-S,6521874,Day-FOGGY,Day,FOGGY,0.9753984212875366,0.8
Mask2Former-Swin-S,6521874,Day-RAIN,Day,RAIN,0.9673150777816772,0.8
Mask2Former-Swin-S,6521874,Sunset-EXTRASUNNY,Sunset,EXTRASUNNY,0.9698190689086914,0.8
Mask2Former-Swin-S,6521874,Sunset-FOGGY,Sunset,FOGGY,0.9532119035720825,0.8
Mask2Former-Swin-S,6521874,Sunset-RAIN,Sunset,RAIN,0.9675783514976501,0.8
Mask2Former-Swin-S,6521874,Night-EXTRASUNNY,Night,EXTRASUNNY,0.9336727857589722,0.8
Mask2Former-Swin-S,6521874,Night-FOGGY,Night,FOGGY,0.3977746069431305,0.8
Mask2Former-Swin-S,6521874,Night-RAIN,Night,RAIN,0.4348472058773041,0.8
Mask2Former-Swin-S,6761290,Day-FOGGY,Day,FOGGY,0.9887927770614624,0.8
Mask2Former-Swin-S,6761290,Day-RAIN,Day,RAIN,0.9937207698822021,0.8
Mask2Former-Swin-S,6761290,Sunset-EXTRASUNNY,Sunset,EXTRASUNNY,0.9718194603919983,0.8
Mask2Former-Swin-S,6761290,Sunset-FOGGY,Sunset,FOGGY,0.9812173247337341,0.8
Mask2Former-Swin-S,6761290,Sunset-RAIN,Sunset,RAIN,0.9944271445274353,0.8
Mask2Former-Swin-S,6761290,Night-EXTRASUNNY,Night,EXTRASUNNY,0.9868813753128052,0.8
Mask2Former-Swin-S,6761290,Night-FOGGY,Night,FOGGY,0.8457759022712708,0.8
Mask2Former-Swin-S,6761290,Night-RAIN,Night,RAIN,0.9357731938362122,0.8
Mask2Former-Swin-S,677878,Day-FOGGY,Day,FOGGY,0.9692313075065613,0.8
Mask2Former-Swin-S,677878,Day-RAIN,Day,RAIN,0.9800564646720886,0.8
Mask2Former-Swin-S,677878,Sunset-EXTRASUNNY,Sunset,EXTRASUNNY,0.9753041863441467,0.8
Mask2Former-Swin-S,677878,Sunset-FOGGY,Sunset,FOGGY,0.9086363315582275,0.8
Mask2Former-Swin-S,677878,Sunset-RAIN,Sunset,RAIN,0.9705043435096741,0.8
Mask2Former-Swin-S,677878,Night-EXTRASUNNY,Night,EXTRASUNNY,0.8101826906204224,0.8
Mask2Former-Swin-S,677878,Night-FOGGY,Night,FOGGY,0.5555135607719421,0.8
Mask2Former-Swin-S,677878,Night-RAIN,Night,RAIN,0.620046854019165,0.8
Mask2Former-Swin-S,6942171,Day-FOGGY,Day,FOGGY,0.9787624478340149,0.8
Mask2Former-Swin-S,6942171,Day-RAIN,Day,RAIN,0.9829567670822144,0.8
Mask2Former-Swin-S,6942171,Sunset-EXTRASUNNY,Sunset,EXTRASUNNY,0.9939852356910706,0.8
Mask2Former-Swin-S,6942171,Sunset-FOGGY,Sunset,FOGGY,0.9721335768699646,0.8
Mask2Former-Swin-S,6942171,Sunset-RAIN,Sunset,RAIN,0.9803140759468079,0.8
Mask2Former-Swin-S,6942171,Night-EXTRASUNNY,Night,EXTRASUNNY,0.9347848296165466,0.8
Mask2Former-Swin-S,6942171,Night-FOGGY,Night,FOGGY,0.386216402053833,0.8
Mask2Former-Swin-S,6942171,Night-RAIN,Night,RAIN,0.948072612285614,0.8
Mask2Former-Swin-S,706997,Day-FOGGY,Day,FOGGY,0.9827731847763062,0.8
Mask2Former-Swin-S,706997,Day-RAIN,Day,RAIN,0.9688888192176819,0.8
Mask2Former-Swin-S,706997,Sunset-EXTRASUNNY,Sunset,EXTRASUNNY,0.9559783935546875,0.8
Mask2Former-Swin-S,706997,Sunset-FOGGY,Sunset,FOGGY,0.9517282247543335,0.8
Mask2Former-Swin-S,706997,Sunset-RAIN,Sunset,RAIN,0.9619198441505432,0.8
Mask2Former-Swin-S,706997,Night-EXTRASUNNY,Night,EXTRASUNNY,0.9648584127426147,0.8
Mask2Former-Swin-S,706997,Night-FOGGY,Night,FOGGY,0.9729611277580261,0.8
Mask2Former-Swin-S,706997,Night-RAIN,Night,RAIN,0.977059006690979,0.8
Mask2Former-Swin-S,709297,Day-FOGGY,Day,FOGGY,0.9954637289047241,0.8
Mask2Former-Swin-S,709297,Day-RAIN,Day,RAIN,0.9464347958564758,0.8
Mask2Former-Swin-S,709297,Sunset-EXTRASUNNY,Sunset,EXTRASUNNY,0.8190860748291016,0.8
Mask2Former-Swin-S,709297,Sunset-FOGGY,Sunset,FOGGY,0.8211014270782471,0.8
Mask2Former-Swin-S,709297,Sunset-RAIN,Sunset,RAIN,0.9267328977584839,0.8
Mask2Former-Swin-S,709297,Night-EXTRASUNNY,Night,EXTRASUNNY,0.8291486501693726,0.8
Mask2Former-Swin-S,709297,Night-FOGGY,Night,FOGGY,0.8063892126083374,0.8
Mask2Former-Swin-S,709297,Night-RAIN,Night,RAIN,0.769057035446167,0.8
Mask2Former-Swin-S,721627,Day-FOGGY,Day,FOGGY,0.9904671907424927,0.8
Mask2Former-Swin-S,721627,Day-RAIN,Day,RAIN,0.9845977425575256,0.8
Mask2Former-Swin-S,721627,Sunset-EXTRASUNNY,Sunset,EXTRASUNNY,0.8665618300437927,0.8
Mask2Former-Swin-S,721627,Sunset-FOGGY,Sunset,FOGGY,0.8456152677536011,0.8
Mask2Former-Swin-S,721627,Sunset-RAIN,Sunset,RAIN,0.9741494059562683,0.8
Mask2Former-Swin-S,721627,Night-EXTRASUNNY,Night,EXTRASUNNY,0.8580726981163025,0.8
Mask2Former-Swin-S,721627,Night-FOGGY,Night,FOGGY,0.8181110620498657,0.8
Mask2Former-Swin-S,721627,Night-RAIN,Night,RAIN,0.8545264005661011,0.8
Mask2Former-Swin-S,730301,Day-FOGGY,Day,FOGGY,0.9877755641937256,0.8
Mask2Former-Swin-S,730301,Day-RAIN,Day,RAIN,0.9876049757003784,0.8
Mask2Former-Swin-S,730301,Sunset-EXTRASUNNY,Sunset,EXTRASUNNY,0.9944007396697998,0.8
Mask2Former-Swin-S,730301,Sunset-FOGGY,Sunset,FOGGY,0.9778914451599121,0.8
Mask2Former-Swin-S,730301,Sunset-RAIN,Sunset,RAIN,0.9949425458908081,0.8
Mask2Former-Swin-S,730301,Night-EXTRASUNNY,Night,EXTRASUNNY,0.9961310029029846,0.8
Mask2Former-Swin-S,730301,Night-FOGGY,Night,FOGGY,0.9945665001869202,0.8
Mask2Former-Swin-S,730301,Night-RAIN,Night,RAIN,0.524614155292511,0.8
Mask2Former-Swin-S,7402052,Day-FOGGY,Day,FOGGY,0.9925537705421448,0.8
Mask2Former-Swin-S,7402052,Day-RAIN,Day,RAIN,0.9948857426643372,0.8
Mask2Former-Swin-S,7402052,Sunset-EXTRASUNNY,Sunset,EXTRASUNNY,0.9829640984535217,0.8
Mask2Former-Swin-S,7402052,Sunset-FOGGY,Sunset,FOGGY,0.6862649321556091,0.8
Mask2Former-Swin-S,7402052,Sunset-RAIN,Sunset,RAIN,0.9912959933280945,0.8
Mask2Former-Swin-S,7402052,Night-EXTRASUNNY,Night,EXTRASUNNY,0.9683118462562561,0.8
Mask2Former-Swin-S,7402052,Night-FOGGY,Night,FOGGY,0.5649048089981079,0.8
Mask2Former-Swin-S,7402052,Night-RAIN,Night,RAIN,0.8612748384475708,0.8
Mask2Former-Swin-S,740535,Day-FOGGY,Day,FOGGY,0.9897764325141907,0.8
Mask2Former-Swin-S,740535,Day-RAIN,Day,RAIN,0.9810898900032043,0.8
Mask2Former-Swin-S,740535,Sunset-EXTRASUNNY,Sunset,EXTRASUNNY,0.9912685751914978,0.8
Mask2Former-Swin-S,740535,Sunset-FOGGY,Sunset,FOGGY,0.9878068566322327,0.8
Mask2Former-Swin-S,740535,Sunset-RAIN,Sunset,RAIN,0.9877102971076965,0.8
Mask2Former-Swin-S,740535,Night-EXTRASUNNY,Night,EXTRASUNNY,0.9236330389976501,0.8
Mask2Former-Swin-S,740535,Night-FOGGY,Night,FOGGY,0.5092328190803528,0.8
Mask2Former-Swin-S,740535,Night-RAIN,Night,RAIN,0.6442479491233826,0.8
Mask2Former-Swin-S,754244,Day-FOGGY,Day,FOGGY,0.985380232334137,0.8
Mask2Former-Swin-S,754244,Day-RAIN,Day,RAIN,0.9829798936843872,0.8
Mask2Former-Swin-S,754244,Sunset-EXTRASUNNY,Sunset,EXTRASUNNY,0.9870877861976624,0.8
Mask2Former-Swin-S,754244,Sunset-FOGGY,Sunset,FOGGY,0.9546970129013062,0.8
Mask2Former-Swin-S,754244,Sunset-RAIN,Sunset,RAIN,0.9384725093841553,0.8
Mask2Former-Swin-S,754244,Night-EXTRASUNNY,Night,EXTRASUNNY,0.7532107830047607,0.8
Mask2Former-Swin-S,754244,Night-FOGGY,Night,FOGGY,0.6712954640388489,0.8
Mask2Former-Swin-S,754244,Night-RAIN,Night,RAIN,0.6788867712020874,0.8
Mask2Former-Swin-S,7601172,Day-FOGGY,Day,FOGGY,0.9576811790466309,0.8
Mask2Former-Swin-S,7601172,Day-RAIN,Day,RAIN,0.8539683222770691,0.8
Mask2Former-Swin-S,7601172,Sunset-EXTRASUNNY,Sunset,EXTRASUNNY,0.9690856337547302,0.8
Mask2Former-Swin-S,7601172,Sunset-FOGGY,Sunset,FOGGY,0.9574394226074219,0.8
Mask2Former-Swin-S,7601172,Sunset-RAIN,Sunset,RAIN,0.9616843461990356,0.8
Mask2Former-Swin-S,7601172,Night-EXTRASUNNY,Night,EXTRASUNNY,0.9632182121276855,0.8
Mask2Former-Swin-S,7601172,Night-FOGGY,Night,FOGGY,0.8473778963088989,0.8
Mask2Former-Swin-S,7601172,Night-RAIN,Night,RAIN,0.9163158535957336,0.8
Mask2Former-Swin-S,764275,Day-FOGGY,Day,FOGGY,0.9800136089324951,0.8
Mask2Former-Swin-S,764275,Day-RAIN,Day,RAIN,0.9899359941482544,0.8
Mask2Former-Swin-S,764275,Sunset-EXTRASUNNY,Sunset,EXTRASUNNY,0.9772332906723022,0.8
Mask2Former-Swin-S,764275,Sunset-FOGGY,Sunset,FOGGY,0.8900222182273865,0.8
Mask2Former-Swin-S,764275,Sunset-RAIN,Sunset,RAIN,0.9449084401130676,0.8
Mask2Former-Swin-S,764275,Night-EXTRASUNNY,Night,EXTRASUNNY,0.9409084916114807,0.8
Mask2Former-Swin-S,764275,Night-FOGGY,Night,FOGGY,0.7884433269500732,0.8
Mask2Former-Swin-S,764275,Night-RAIN,Night,RAIN,0.764100968837738,0.8
Mask2Former-Swin-S,80078,Day-FOGGY,Day,FOGGY,0.9966151714324951,0.8
Mask2Former-Swin-S,80078,Day-RAIN,Day,RAIN,0.9880069494247437,0.8
Mask2Former-Swin-S,80078,Sunset-EXTRASUNNY,Sunset,EXTRASUNNY,0.9651075601577759,0.8
Mask2Former-Swin-S,80078,Sunset-FOGGY,Sunset,FOGGY,0.9548869729042053,0.8
Mask2Former-Swin-S,80078,Sunset-RAIN,Sunset,RAIN,0.9818596839904785,0.8
Mask2Former-Swin-S,80078,Night-EXTRASUNNY,Night,EXTRASUNNY,0.6739985942840576,0.8
Mask2Former-Swin-S,80078,Night-FOGGY,Night,FOGGY,0.58343905210495,0.8
Mask2Former-Swin-S,80078,Night-RAIN,Night,RAIN,0.654536247253418,0.8
Mask2Former-Swin-S,802754,Day-FOGGY,Day,FOGGY,0.9819871783256531,0.8
Mask2Former-Swin-S,802754,Day-RAIN,Day,RAIN,0.9868085384368896,0.8
Mask2Former-Swin-S,802754,Sunset-EXTRASUNNY,Sunset,EXTRASUNNY,0.986733615398407,0.8
Mask2Former-Swin-S,802754,Sunset-FOGGY,Sunset,FOGGY,0.9528532028198242,0.8
Mask2Former-Swin-S,802754,Sunset-RAIN,Sunset,RAIN,0.9626597166061401,0.8
Mask2Former-Swin-S,802754,Night-EXTRASUNNY,Night,EXTRASUNNY,0.6855608224868774,0.8
Mask2Former-Swin-S,802754,Night-FOGGY,Night,FOGGY,0.6853352785110474,0.8
Mask2Former-Swin-S,802754,Night-RAIN,Night,RAIN,0.683731734752655,0.8
Mask2Former-Swin-S,807294,Day-FOGGY,Day,FOGGY,0.9833301305770874,0.8
Mask2Former-Swin-S,807294,Day-RAIN,Day,RAIN,0.9817878007888794,0.8
Mask2Former-Swin-S,807294,Sunset-EXTRASUNNY,Sunset,EXTRASUNNY,0.8774715065956116,0.8
Mask2Former-Swin-S,807294,Sunset-FOGGY,Sunset,FOGGY,0.9251769185066223,0.8
Mask2Former-Swin-S,807294,Sunset-RAIN,Sunset,RAIN,0.9615874290466309,0.8
Mask2Former-Swin-S,807294,Night-EXTRASUNNY,Night,EXTRASUNNY,0.7828494310379028,0.8
Mask2Former-Swin-S,807294,Night-FOGGY,Night,FOGGY,0.7466530203819275,0.8
Mask2Former-Swin-S,807294,Night-RAIN,Night,RAIN,0.7690204381942749,0.8
Mask2Former-Swin-S,8211195,Day-FOGGY,Day,FOGGY,0.9768276810646057,0.8
Mask2Former-Swin-S,8211195,Day-RAIN,Day,RAIN,0.9831978678703308,0.8
Mask2Former-Swin-S,8211195,Sunset-EXTRASUNNY,Sunset,EXTRASUNNY,0.9889235496520996,0.8
Mask2Former-Swin-S,8211195,Sunset-FOGGY,Sunset,FOGGY,0.9608421921730042,0.8
Mask2Former-Swin-S,8211195,Sunset-RAIN,Sunset,RAIN,0.9759458899497986,0.8
Mask2Former-Swin-S,8211195,Night-EXTRASUNNY,Night,EXTRASUNNY,0.8804494738578796,0.8
Mask2Former-Swin-S,8211195,Night-FOGGY,Night,FOGGY,0.48803484439849854,0.8
Mask2Former-Swin-S,8211195,Night-RAIN,Night,RAIN,0.6806498765945435,0.8
Mask2Former-Swin-S,840214,Day-FOGGY,Day,FOGGY,0.9918597340583801,0.8
Mask2Former-Swin-S,840214,Day-RAIN,Day,RAIN,0.9679210186004639,0.8
Mask2Former-Swin-S,840214,Sunset-EXTRASUNNY,Sunset,EXTRASUNNY,0.9888168573379517,0.8
Mask2Former-Swin-S,840214,Sunset-FOGGY,Sunset,FOGGY,0.9473684430122375,0.8
Mask2Former-Swin-S,840214,Sunset-RAIN,Sunset,RAIN,0.9624253511428833,0.8
Mask2Former-Swin-S,840214,Night-EXTRASUNNY,Night,EXTRASUNNY,0.7714939713478088,0.8
Mask2Former-Swin-S,840214,Night-FOGGY,Night,FOGGY,0.7134986519813538,0.8
Mask2Former-Swin-S,840214,Night-RAIN,Night,RAIN,0.7548165321350098,0.8
Mask2Former-Swin-S,849953,Day-FOGGY,Day,FOGGY,0.9958114624023438,0.8
Mask2Former-Swin-S,849953,Day-RAIN,Day,RAIN,0.9875856041908264,0.8
Mask2Former-Swin-S,849953,Sunset-EXTRASUNNY,Sunset,EXTRASUNNY,0.9647840857505798,0.8
Mask2Former-Swin-S,849953,Sunset-FOGGY,Sunset,FOGGY,0.6058369278907776,0.8
Mask2Former-Swin-S,849953,Sunset-RAIN,Sunset,RAIN,0.988976001739502,0.8
Mask2Former-Swin-S,849953,Night-EXTRASUNNY,Night,EXTRASUNNY,0.7716431021690369,0.8
Mask2Former-Swin-S,849953,Night-FOGGY,Night,FOGGY,0.7725315093994141,0.8
Mask2Former-Swin-S,849953,Night-RAIN,Night,RAIN,0.7757697105407715,0.8
Mask2Former-Swin-S,863810,Day-FOGGY,Day,FOGGY,0.9746148586273193,0.8
Mask2Former-Swin-S,863810,Day-RAIN,Day,RAIN,0.9790278077125549,0.8
Mask2Former-Swin-S,863810,Sunset-EXTRASUNNY,Sunset,EXTRASUNNY,0.9605922698974609,0.8
Mask2Former-Swin-S,863810,Sunset-FOGGY,Sunset,FOGGY,0.9740190505981445,0.8
Mask2Former-Swin-S,863810,Sunset-RAIN,Sunset,RAIN,0.9768561124801636,0.8
Mask2Former-Swin-S,863810,Night-EXTRASUNNY,Night,EXTRASUNNY,0.8710389733314514,0.8
Mask2Former-Swin-S,863810,Night-FOGGY,Night,FOGGY,0.9577855467796326,0.8
Mask2Former-Swin-S,863810,Night-RAIN,Night,RAIN,0.390572726726532,0.8
Mask2Former-Swin-S,871354,Day-FOGGY,Day,FOGGY,0.9914905428886414,0.8
Mask2Former-Swin-S,871354,Day-RAIN,Day,RAIN,0.9887685775756836,0.8
Mask2Former-Swin-S,871354,Sunset-EXTRASUNNY,Sunset,EXTRASUNNY,0.9898980259895325,0.8
Mask2Former-Swin-S,871354,Sunset-FOGGY,Sunset,FOGGY,0.9661073088645935,0.8
Mask2Former-Swin-S,871354,Sunset-RAIN,Sunset,RAIN,0.986954391002655,0.8
Mask2Former-Swin-S,871354,Night-EXTRASUNNY,Night,EXTRASUNNY,0.8038569092750549,0.8
Mask2Former-Swin-S,871354,Night-FOGGY,Night,FOGGY,0.9159722924232483,0.8
Mask2Former-Swin-S,871354,Night-RAIN,Night,RAIN,0.5421217679977417,0.8
Mask2Former-Swin-S,878,Day-FOGGY,Day,FOGGY,0.9680075645446777,0.8
Mask2Former-Swin-S,878,Day-RAIN,Day,RAIN,0.9799278974533081,0.8
Mask2Former-Swin-S,878,Sunset-EXTRASUNNY,Sunset,EXTRASUNNY,0.9908048510551453,0.8
Mask2Former-Swin-S,878,Sunset-FOGGY,Sunset,FOGGY,0.9519268870353699,0.8
Mask2Former-Swin-S,878,Sunset-RAIN,Sunset,RAIN,0.9711738228797913,0.8
Mask2Former-Swin-S,878,Night-EXTRASUNNY,Night,EXTRASUNNY,0.8751347064971924,0.8
Mask2Former-Swin-S,878,Night-FOGGY,Night,FOGGY,0.8621200323104858,0.8
Mask2Former-Swin-S,878,Night-RAIN,Night,RAIN,0.8681656718254089,0.8
Mask2Former-Swin-S,8791456,Day-FOGGY,Day,FOGGY,0.9822181463241577,0.8
Mask2Former-Swin-S,8791456,Day-RAIN,Day,RAIN,0.9810224771499634,0.8
Mask2Former-Swin-S,8791456,Sunset-EXTRASUNNY,Sunset,EXTRASUNNY,0.9905903935432434,0.8
Mask2Former-Swin-S,8791456,Sunset-FOGGY,Sunset,FOGGY,0.9793596267700195,0.8
Mask2Former-Swin-S,8791456,Sunset-RAIN,Sunset,RAIN,0.959065854549408,0.8
Mask2Former-Swin-S,8791456,Night-EXTRASUNNY,Night,EXTRASUNNY,0.9584416747093201,0.8
Mask2Former-Swin-S,8791456,Night-FOGGY,Night,FOGGY,0.6199915409088135,0.8
Mask2Former-Swin-S,8791456,Night-RAIN,Night,RAIN,0.21930380165576935,0.8
Mask2Former-Swin-S,960645,Day-FOGGY,Day,FOGGY,0.9873829483985901,0.8
Mask2Former-Swin-S,960645,Day-RAIN,Day,RAIN,0.9759641885757446,0.8
Mask2Former-Swin-S,960645,Sunset-EXTRASUNNY,Sunset,EXTRASUNNY,0.9798545241355896,0.8
Mask2Former-Swin-S,960645,Sunset-FOGGY,Sunset,FOGGY,0.9521719813346863,0.8
Mask2Former-Swin-S,960645,Sunset-RAIN,Sunset,RAIN,0.9616600871086121,0.8
Mask2Former-Swin-S,960645,Night-EXTRASUNNY,Night,EXTRASUNNY,0.9018758535385132,0.8
Mask2Former-Swin-S,960645,Night-FOGGY,Night,FOGGY,0.5680029392242432,0.8
Mask2Former-Swin-S,960645,Night-RAIN,Night,RAIN,0.7035594582557678,0.8
Mask2Former-Swin-S,973598,Day-FOGGY,Day,FOGGY,0.9641509652137756,0.8
Mask2Former-Swin-S,973598,Day-RAIN,Day,RAIN,0.9608616232872009,0.8
Mask2Former-Swin-S,973598,Sunset-EXTRASUNNY,Sunset,EXTRASUNNY,0.9597110748291016,0.8
Mask2Former-Swin-S,973598,Sunset-FOGGY,Sunset,FOGGY,0.9536911845207214,0.8
Mask2Former-Swin-S,973598,Sunset-RAIN,Sunset,RAIN,0.9588366746902466,0.8
Mask2Former-Swin-S,973598,Night-EXTRASUNNY,Night,EXTRASUNNY,0.9469163417816162,0.8
Mask2Former-Swin-S,973598,Night-FOGGY,Night,FOGGY,0.8580271601676941,0.8
Mask2Former-Swin-S,973598,Night-RAIN,Night,RAIN,0.5819172859191895,0.8
Mask2Former-Swin-S,988137,Day-FOGGY,Day,FOGGY,0.9816837310791016,0.8
Mask2Former-Swin-S,988137,Day-RAIN,Day,RAIN,0.9897937178611755,0.8
Mask2Former-Swin-S,988137,Sunset-EXTRASUNNY,Sunset,EXTRASUNNY,0.9820168018341064,0.8
Mask2Former-Swin-S,988137,Sunset-FOGGY,Sunset,FOGGY,0.9594677090644836,0.8
Mask2Former-Swin-S,988137,Sunset-RAIN,Sunset,RAIN,0.973757803440094,0.8
Mask2Former-Swin-S,988137,Night-EXTRASUNNY,Night,EXTRASUNNY,0.9094420075416565,0.8
Mask2Former-Swin-S,988137,Night-FOGGY,Night,FOGGY,0.6843131184577942,0.8
Mask2Former-Swin-S,988137,Night-RAIN,Night,RAIN,0.6611840724945068,0.8
Mask2Former-Swin-S,9958,Day-FOGGY,Day,FOGGY,0.9944262504577637,0.8
Mask2Former-Swin-S,9958,Day-RAIN,Day,RAIN,0.9812121391296387,0.8
Mask2Former-Swin-S,9958,Sunset-EXTRASUNNY,Sunset,EXTRASUNNY,0.9814692139625549,0.8
Mask2Former-Swin-S,9958,Sunset-FOGGY,Sunset,FOGGY,0.9525002241134644,0.8
Mask2Former-Swin-S,9958,Sunset-RAIN,Sunset,RAIN,0.9759154319763184,0.8
Mask2Former-Swin-S,9958,Night-EXTRASUNNY,Night,EXTRASUNNY,0.6287468075752258,0.8
Mask2Former-Swin-S,9958,Night-FOGGY,Night,FOGGY,0.5922450423240662,0.8
Mask2Former-Swin-S,9958,Night-RAIN,Night,RAIN,0.6319078803062439,0.8
Mask2Former-Swin-L,10231074,Day-FOGGY,Day,FOGGY,0.9988313913345337,0.8
Mask2Former-Swin-L,10231074,Day-RAIN,Day,RAIN,0.9844521284103394,0.8
Mask2Former-Swin-L,10231074,Sunset-EXTRASUNNY,Sunset,EXTRASUNNY,0.9959492683410645,0.8
Mask2Former-Swin-L,10231074,Sunset-FOGGY,Sunset,FOGGY,0.9883731007575989,0.8
Mask2Former-Swin-L,10231074,Sunset-RAIN,Sunset,RAIN,0.9896686673164368,0.8
Mask2Former-Swin-L,10231074,Night-EXTRASUNNY,Night,EXTRASUNNY,0.9524388313293457,0.8
Mask2Former-Swin-L,10231074,Night-FOGGY,Night,FOGGY,0.9519441723823547,0.8
Mask2Former-Swin-L,10231074,Night-RAIN,Night,RAIN,0.9503646492958069,0.8
Mask2Former-Swin-L,108359,Day-FOGGY,Day,FOGGY,0.9841033816337585,0.8
Mask2Former-Swin-L,108359,Day-RAIN,Day,RAIN,0.9716043472290039,0.8
Mask2Former-Swin-L,108359,Sunset-EXTRASUNNY,Sunset,EXTRASUNNY,0.9854227900505066,0.8
Mask2Former-Swin-L,108359,Sunset-FOGGY,Sunset,FOGGY,0.9641059637069702,0.8
Mask2Former-Swin-L,108359,Sunset-RAIN,Sunset,RAIN,0.9684172868728638,0.8
Mask2Former-Swin-L,108359,Night-EXTRASUNNY,Night,EXTRASUNNY,0.9410910606384277,0.8
Mask2Former-Swin-L,108359,Night-FOGGY,Night,FOGGY,0.8376719355583191,0.8
Mask2Former-Swin-L,108359,Night-RAIN,Night,RAIN,0.5903082489967346,0.8
Mask2Former-Swin-L,10901081,Day-FOGGY,Day,FOGGY,0.9905440211296082,0.8
Mask2Former-Swin-L,10901081,Day-RAIN,Day,RAIN,0.9788740873336792,0.8
Mask2Former-Swin-L,10901081,Sunset-EXTRASUNNY,Sunset,EXTRASUNNY,0.9898760914802551,0.8
Mask2Former-Swin-L,10901081,Sunset-FOGGY,Sunset,FOGGY,0.9720543026924133,0.8
Mask2Former-Swin-L,10901081,Sunset-RAIN,Sunset,RAIN,0.9656562209129333,0.8
Mask2Former-Swin-L,10901081,Night-EXTRASUNNY,Night,EXTRASUNNY,0.9626388549804688,0.8
Mask2Former-Swin-L,10901081,Night-FOGGY,Night,FOGGY,0.951434850692749,0.8
Mask2Former-Swin-L,10901081,Night-RAIN,Night,RAIN,0.9653061032295227,0.8
Mask2Former-Swin-L,11101250,Day-FOGGY,Day,FOGGY,0.9422824382781982,0.8
Mask2Former-Swin-L,11101250,Day-RAIN,Day,RAIN,0.9922847151756287,0.8
Mask2Former-Swin-L,11101250,Sunset-EXTRASUNNY,Sunset,EXTRASUNNY,0.981342613697052,0.8
Mask2Former-Swin-L,11101250,Sunset-FOGGY,Sunset,FOGGY,0.9508965015411377,0.8
Mask2Former-Swin-L,11101250,Sunset-RAIN,Sunset,RAIN,0.9719644784927368,0.8
Mask2Former-Swin-L,11101250,Night-EXTRASUNNY,Night,EXTRASUNNY,0.9443448185920715,0.8
Mask2Former-Swin-L,11101250,Night-FOGGY,Night,FOGGY,0.9257960915565491,0.8
Mask2Former-Swin-L,11101250,Night-RAIN,Night,RAIN,0.9291574954986572,0.8
Mask2Former-Swin-L,11131433,Day-FOGGY,Day,FOGGY,0.9783068895339966,0.8
Mask2Former-Swin-L,11131433,Day-RAIN,Day,RAIN,0.9893892407417297,0.8
Mask2Former-Swin-L,11131433,Sunset-EXTRASUNNY,Sunset,EXTRASUNNY,0.9818819761276245,0.8
Mask2Former-Swin-L,11131433,Sunset-FOGGY,Sunset,FOGGY,0.9768886566162109,0.8
Mask2Former-Swin-L,11131433,Sunset-RAIN,Sunset,RAIN,0.9874846339225769,0.8
Mask2Former-Swin-L,11131433,Night-EXTRASUNNY,Night,EXTRASUNNY,0.9632874727249146,0.8
Mask2Former-Swin-L,11131433,Night-FOGGY,Night,FOGGY,0.9506238698959351,0.8
Mask2Former-Swin-L,11131433,Night-RAIN,Night,RAIN,0.9698114991188049,0.8
Mask2Former-Swin-L,1119803,Day-FOGGY,Day,FOGGY,0.9673041105270386,0.8
Mask2Former-Swin-L,1119803,Day-RAIN,Day,RAIN,0.9748750329017639,0.8
Mask2Former-Swin-L,1119803,Sunset-EXTRASUNNY,Sunset,EXTRASUNNY,0.9789456725120544,0.8
Mask2Former-Swin-L,1119803,Sunset-FOGGY,Sunset,FOGGY,0.9113742113113403,0.8
Mask2Former-Swin-L,1119803,Sunset-RAIN,Sunset,RAIN,0.9671123027801514,0.8
Mask2Former-Swin-L,1119803,Night-EXTRASUNNY,Night,EXTRASUNNY,0.9361310601234436,0.8
Mask2Former-Swin-L,1119803,Night-FOGGY,Night,FOGGY,0.8813468813896179,0.8
Mask2Former-Swin-L,1119803,Night-RAIN,Night,RAIN,0.7410529851913452,0.8
Mask2Former-Swin-L,112170,Day-FOGGY,Day,FOGGY,0.9893587231636047,0.8
Mask2Former-Swin-L,112170,Day-RAIN,Day,RAIN,0.9907863736152649,0.8
Mask2Former-Swin-L,112170,Sunset-EXTRASUNNY,Sunset,EXTRASUNNY,0.9920828938484192,0.8
Mask2Former-Swin-L,112170,Sunset-FOGGY,Sunset,FOGGY,0.9873281717300415,0.8
Mask2Former-Swin-L,112170,Sunset-RAIN,Sunset,RAIN,0.9886422157287598,0.8
Mask2Former-Swin-L,112170,Night-EXTRASUNNY,Night,EXTRASUNNY,0.9817327857017517,0.8
Mask2Former-Swin-L,112170,Night-FOGGY,Night,FOGGY,0.9588891863822937,0.8
Mask2Former-Swin-L,112170,Night-RAIN,Night,RAIN,0.9501984715461731,0.8
Mask2Former-Swin-L,1124819,Day-FOGGY,Day,FOGGY,0.9554741382598877,0.8
Mask2Former-Swin-L,1124819,Day-RAIN,Day,RAIN,0.9649639129638672,0.8
Mask2Former-Swin-L,1124819,Sunset-EXTRASUNNY,Sunset,EXTRASUNNY,0.9580457806587219,0.8
Mask2Former-Swin-L,1124819,Sunset-FOGGY,Sunset,FOGGY,0.9407047629356384,0.8
Mask2Former-Swin-L,1124819,Sunset-RAIN,Sunset,RAIN,0.9568644165992737,0.8
Mask2Former-Swin-L,1124819,Night-EXTRASUNNY,Night,EXTRASUNNY,0.9372588992118835,0.8
Mask2Former-Swin-L,1124819,Night-FOGGY,Night,FOGGY,0.8951324224472046,0.8
Mask2Former-Swin-L,1124819,Night-RAIN,Night,RAIN,0.844816267490387,0.8
Mask2Former-Swin-L,11281105,Day-FOGGY,Day,FOGGY,0.9322866201400757,0.8
Mask2Former-Swin-L,11281105,Day-RAIN,Day,RAIN,0.9773945212364197,0.8
Mask2Former-Swin-L,11281105,Sunset-EXTRASUNNY,Sunset,EXTRASUNNY,0.9534974694252014,0.8
Mask2Former-Swin-L,11281105,Sunset-FOGGY,Sunset,FOGGY,0.888288140296936,0.8
Mask2Former-Swin-L,11281105,Sunset-RAIN,Sunset,RAIN,0.9621461033821106,0.8
Mask2Former-Swin-L,11281105,Night-EXTRASUNNY,Night,EXTRASUNNY,0.8330949544906616,0.8
Mask2Former-Swin-L,11281105,Night-FOGGY,Night,FOGGY,0.8731100559234619,0.8
Mask2Former-Swin-L,11281105,Night-RAIN,Night,RAIN,0.723004937171936,0.8
Mask2Former-Swin-L,1129575,Day-FOGGY,Day,FOGGY,0.979765772819519,0.8
Mask2Former-Swin-L,1129575,Day-RAIN,Day,RAIN,0.9908601641654968,0.8
Mask2Former-Swin-L,1129575,Sunset-EXTRASUNNY,Sunset,EXTRASUNNY,0.9946695566177368,0.8
Mask2Former-Swin-L,1129575,Sunset-FOGGY,Sunset,FOGGY,0.9733270406723022,0.8
Mask2Former-Swin-L,1129575,Sunset-RAIN,Sunset,RAIN,0.9744018316268921,0.8
Mask2Former-Swin-L,1129575,Night-EXTRASUNNY,Night,EXTRASUNNY,0.9606454372406006,0.8
Mask2Former-Swin-L,1129575,Night-FOGGY,Night,FOGGY,0.9052689075469971,0.8
Mask2Former-Swin-L,1129575,Night-RAIN,Night,RAIN,0.8369971513748169,0.8
Mask2Former-Swin-L,1161197,Day-FOGGY,Day,FOGGY,0.9902207851409912,0.8
Mask2Former-Swin-L,1161197,Day-RAIN,Day,RAIN,0.9736480712890625,0.8
Mask2Former-Swin-L,1161197,Sunset-EXTRASUNNY,Sunset,EXTRASUNNY,0.9875357747077942,0.8
Mask2Former-Swin-L,1161197,Sunset-FOGGY,Sunset,FOGGY,0.9779477715492249,0.8
Mask2Former-Swin-L,1161197,Sunset-RAIN,Sunset,RAIN,0.971944272518158,0.8
Mask2Former-Swin-L,1161197,Night-EXTRASUNNY,Night,EXTRASUNNY,0.9599393606185913,0.8
Mask2Former-Swin-L,1161197,Night-FOGGY,Night,FOGGY,0.9651501178741455,0.8
Mask2Former-Swin-L,1161197,Night-RAIN,Night,RAIN,0.9803891777992249,0.8
Mask2Former-Swin-L,1162709,Day-FOGGY,Day,FOGGY,0.8986916542053223,0.8
Mask2Former-Swin-L,1162709,Day-RAIN,Day,RAIN,0.9034289717674255,0.8
Mask2Former-Swin-L,1162709,Sunset-EXTRASUNNY,Sunset,EXTRASUNNY,0.9862959980964661,0.8
Mask2Former-Swin-L,1162709,Sunset-FOGGY,Sunset,FOGGY,0.8873782753944397,0.8
Mask2Former-Swin-L,1162709,Sunset-RAIN,Sunset,RAIN,0.8990519046783447,0.8
Mask2Former-Swin-L,1162709,Night-EXTRASUNNY,Night,EXTRASUNNY,0.9673027396202087,0.8
Mask2Former-Swin-L,1162709,Night-FOGGY,Night,FOGGY,0.9624975323677063,0.8
Mask2Former-Swin-L,1162709,Night-RAIN,Night,RAIN,0.9663010835647583,0.8
Mask2Former-Swin-L,1163548,Day-FOGGY,Day,FOGGY,0.9819127321243286,0.8
Mask2Former-Swin-L,1163548,Day-RAIN,Day,RAIN,0.9685327410697937,0.8
Mask2Former-Swin-L,1163548,Sunset-EXTRASUNNY,Sunset,EXTRASUNNY,0.9494554400444031,0.8
Mask2Former-Swin-L,1163548,Sunset-FOGGY,Sunset,FOGGY,0.9432318806648254,0.8
Mask2Former-Swin-L,1163548,Sunset-RAIN,Sunset,RAIN,0.9560717940330505,0.8
Mask2Former-Swin-L,1163548,Night-EXTRASUNNY,Night,EXTRASUNNY,0.9403914213180542,0.8
Mask2Former-Swin-L,1163548,Night-FOGGY,Night,FOGGY,0.950341522693634,0.8
Mask2Former-Swin-L,1163548,Night-RAIN,Night,RAIN,0.9197024703025818,0.8
Mask2Former-Swin-L,11642190,Day-FOGGY,Day,FOGGY,0.7422531843185425,0.8
Mask2Former-Swin-L,11642190,Day-RAIN,Day,RAIN,0.9874750971794128,0.8
Mask2Former-Swin-L,11642190,Sunset-EXTRASUNNY,Sunset,EXTRASUNNY,0.735981822013855,0.8
Mask2Former-Swin-L,11642190,Sunset-FOGGY,Sunset,FOGGY,0.7372798323631287,0.8
Mask2Former-Swin-L,11642190,Sunset-RAIN,Sunset,RAIN,0.7453360557556152,0.8
Mask2Former-Swin-L,11642190,Night-EXTRASUNNY,Night,EXTRASUNNY,0.8684915900230408,0.8
Mask2Former-Swin-L,11642190,Night-FOGGY,Night,FOGGY,0.8824924826622009,0.8
Mask2Former-Swin-L,11642190,Night-RAIN,Night,RAIN,0.9757060408592224,0.8
Mask2Former-Swin-L,1169181,Day-FOGGY,Day,FOGGY,0.9830470681190491,0.8
Mask2Former-Swin-L,1169181,Day-RAIN,Day,RAIN,0.9743411540985107,0.8
Mask2Former-Swin-L,1169181,Sunset-EXTRASUNNY,Sunset,EXTRASUNNY,0.9857876896858215,0.8
Mask2Former-Swin-L,1169181,Sunset-FOGGY,Sunset,FOGGY,0.8958326578140259,0.8
Mask2Former-Swin-L,1169181,Sunset-RAIN,Sunset,RAIN,0.9692208766937256,0.8
Mask2Former-Swin-L,1169181,Night-EXTRASUNNY,Night,EXTRASUNNY,0.9609706401824951,0.8
Mask2Former-Swin-L,1169181,Night-FOGGY,Night,FOGGY,0.945709228515625,0.8
Mask2Former-Swin-L,1169181,Night-RAIN,Night,RAIN,0.9155460596084595,0.8
Mask2Former-Swin-L,11721222,Day-FOGGY,Day,FOGGY,0.9919446110725403,0.8
Mask2Former-Swin-L,11721222,Day-RAIN,Day,RAIN,0.9907422065734863,0.8
Mask2Former-Swin-L,11721222,Sunset-EXTRASUNNY,Sunset,EXTRASUNNY,0.9942991733551025,0.8
Mask2Former-Swin-L,11721222,Sunset-FOGGY,Sunset,FOGGY,0.9875239133834839,0.8
Mask2Former-Swin-L,11721222,Sunset-RAIN,Sunset,RAIN,0.9917263388633728,0.8
Mask2Former-Swin-L,11721222,Night-EXTRASUNNY,Night,EXTRASUNNY,0.9582345485687256,0.8
Mask2Former-Swin-L,11721222,Night-FOGGY,Night,FOGGY,0.9426217079162598,0.8
Mask2Former-Swin-L,11721222,Night-RAIN,Night,RAIN,0.923150897026062,0.8
Mask2Former-Swin-L,11802146,Day-FOGGY,Day,FOGGY,0.9813733100891113,0.8
Mask2Former-Swin-L,11802146,Day-RAIN,Day,RAIN,0.9903139472007751,0.8
Mask2Former-Swin-L,11802146,Sunset-EXTRASUNNY,Sunset,EXTRASUNNY,0.9728893041610718,0.8
Mask2Former-Swin-L,11802146,Sunset-FOGGY,Sunset,FOGGY,0.9676249623298645,0.8
Mask2Former-Swin-L,11802146,Sunset-RAIN,Sunset,RAIN,0.977457582950592,0.8
Mask2Former-Swin-L,11802146,Night-EXTRASUNNY,Night,EXTRASUNNY,0.9764991402626038,0.8
Mask2Former-Swin-L,11802146,Night-FOGGY,Night,FOGGY,0.7997865676879883,0.8
Mask2Former-Swin-L,11802146,Night-RAIN,Night,RAIN,0.9781307578086853,0.8
Mask2Former-Swin-L,1184775,Day-FOGGY,Day,FOGGY,0.9677065014839172,0.8
Mask2Former-Swin-L,1184775,Day-RAIN,Day,RAIN,0.9790937900543213,0.8
Mask2Former-Swin-L,1184775,Sunset-EXTRASUNNY,Sunset,EXTRASUNNY,0.984492301940918,0.8
Mask2Former-Swin-L,1184775,Sunset-FOGGY,Sunset,FOGGY,0.9584386348724365,0.8
Mask2Former-Swin-L,1184775,Sunset-RAIN,Sunset,RAIN,0.9803548455238342,0.8
Mask2Former-Swin-L,1184775,Night-EXTRASUNNY,Night,EXTRASUNNY,0.9392029047012329,0.8
Mask2Former-Swin-L,1184775,Night-FOGGY,Night,FOGGY,0.7674568891525269,0.8
Mask2Former-Swin-L,1184775,Night-RAIN,Night,RAIN,0.6068635582923889,0.8
Mask2Former-Swin-L,11921147,Day-FOGGY,Day,FOGGY,0.9944613575935364,0.8
Mask2Former-Swin-L,11921147,Day-RAIN,Day,RAIN,0.9959733486175537,0.8
Mask2Former-Swin-L,11921147,Sunset-EXTRASUNNY,Sunset,EXTRASUNNY,0.9868770837783813,0.8
Mask2Former-Swin-L,11921147,Sunset-FOGGY,Sunset,FOGGY,0.973483681678772,0.8
Mask2Former-Swin-L,11921147,Sunset-RAIN,Sunset,RAIN,0.9934663772583008,0.8
Mask2Former-Swin-L,11921147,Night-EXTRASUNNY,Night,EXTRASUNNY,0.9820941090583801,0.8
Mask2Former-Swin-L,11921147,Night-FOGGY,Night,FOGGY,0.9318013787269592,0.8
Mask2Former-Swin-L,11921147,Night-RAIN,Night,RAIN,0.8661498427391052,0.8
Mask2Former-Swin-L,119342,Day-FOGGY,Day,FOGGY,0.9968008399009705,0.8
Mask2Former-Swin-L,119342,Day-RAIN,Day,RAIN,0.9855507612228394,0.8
Mask2Former-Swin-L,119342,Sunset-EXTRASUNNY,Sunset,EXTRASUNNY,0.9930940270423889,0.8
Mask2Former-Swin-L,119342,Sunset-FOGGY,Sunset,FOGGY,0.9918001890182495,0.8
Mask2Former-Swin-L,119342,Sunset-RAIN,Sunset,RAIN,0.9899981021881104,0.8
Mask2Former-Swin-L,119342,Night-EXTRASUNNY,Night,EXTRASUNNY,0.9436874389648438,0.8
Mask2Former-Swin-L,119342,Night-FOGGY,Night,FOGGY,0.8319398760795593,0.8
Mask2Former-Swin-L,119342,Night-RAIN,Night,RAIN,0.9225413799285889,0.8
Mask2Former-Swin-L,1201777,Day-FOGGY,Day,FOGGY,0.9956536293029785,0.8
Mask2Former-Swin-L,1201777,Day-RAIN,Day,RAIN,0.9951126575469971,0.8
Mask2Former-Swin-L,1201777,Sunset-EXTRASUNNY,Sunset,EXTRASUNNY,0.9978076815605164,0.8
Mask2Former-Swin-L,1201777,Sunset-FOGGY,Sunset,FOGGY,0.9856601357460022,0.8
Mask2Former-Swin-L,1201777,Sunset-RAIN,Sunset,RAIN,0.9903422594070435,0.8
Mask2Former-Swin-L,1201777,Night-EXTRASUNNY,Night,EXTRASUNNY,0.9814903736114502,0.8
Mask2Former-Swin-L,1201777,Night-FOGGY,Night,FOGGY,0.9586837887763977,0.8
Mask2Former-Swin-L,1201777,Night-RAIN,Night,RAIN,0.9274915456771851,0.8
Mask2Former-Swin-L,1297251,Day-FOGGY,Day,FOGGY,0.9594724178314209,0.8
Mask2Former-Swin-L,1297251,Day-RAIN,Day,RAIN,0.97477787733078,0.8
Mask2Former-Swin-L,1297251,Sunset-EXTRASUNNY,Sunset,EXTRASUNNY,0.9649718999862671,0.8
Mask2Former-Swin-L,1297251,Sunset-FOGGY,Sunset,FOGGY,0.942873477935791,0.8
Mask2Former-Swin-L,1297251,Sunset-RAIN,Sunset,RAIN,0.9747324585914612,0.8
Mask2Former-Swin-L,1297251,Night-EXTRASUNNY,Night,EXTRASUNNY,0.9576129913330078,0.8
Mask2Former-Swin-L,1297251,Night-FOGGY,Night,FOGGY,0.9068716168403625,0.8
Mask2Former-Swin-L,1297251,Night-RAIN,Night,RAIN,0.9474636316299438,0.8
Mask2Former-Swin-L,1314425,Day-FOGGY,Day,FOGGY,0.9738765358924866,0.8
Mask2Former-Swin-L,1314425,Day-RAIN,Day,RAIN,0.9707896113395691,0.8
Mask2Former-Swin-L,1314425,Sunset-EXTRASUNNY,Sunset,EXTRASUNNY,0.9731937646865845,0.8
Mask2Former-Swin-L,1314425,Sunset-FOGGY,Sunset,FOGGY,0.9428775906562805,0.8
Mask2Former-Swin-L,1314425,Sunset-RAIN,Sunset,RAIN,0.967431366443634,0.8
Mask2Former-Swin-L,1314425,Night-EXTRASUNNY,Night,EXTRASUNNY,0.9317590594291687,0.8
Mask2Former-Swin-L,1314425,Night-FOGGY,Night,FOGGY,0.8683235049247742,0.8
Mask2Former-Swin-L,1314425,Night-RAIN,Night,RAIN,0.9353500008583069,0.8
Mask2Former-Swin-L,13331910,Day-FOGGY,Day,FOGGY,0.9804083704948425,0.8
Mask2Former-Swin-L,13331910,Day-RAIN,Day,RAIN,0.9890442490577698,0.8
Mask2Former-Swin-L,13331910,Sunset-EXTRASUNNY,Sunset,EXTRASUNNY,0.9830276370048523,0.8
Mask2Former-Swin-L,13331910,Sunset-FOGGY,Sunset,FOGGY,0.970744788646698,0.8
Mask2Former-Swin-L,13331910,Sunset-RAIN,Sunset,RAIN,0.9873620271682739,0.8
Mask2Former-Swin-L,13331910,Night-EXTRASUNNY,Night,EXTRASUNNY,0.9881706833839417,0.8
Mask2Former-Swin-L,13331910,Night-FOGGY,Night,FOGGY,0.9207391142845154,0.8
Mask2Former-Swin-L,13331910,Night-RAIN,Night,RAIN,0.9503017067909241,0.8
Mask2Former-Swin-L,13551916,Day-FOGGY,Day,FOGGY,0.9902306199073792,0.8
Mask2Former-Swin-L,13551916,Day-RAIN,Day,RAIN,0.992670476436615,0.8
Mask2Former-Swin-L,13551916,Sunset-EXTRASUNNY,Sunset,EXTRASUNNY,0.9894179701805115,0.8
Mask2Former-Swin-L,13551916,Sunset-FOGGY,Sunset,FOGGY,0.9771466255187988,0.8
Mask2Former-Swin-L,13551916,Sunset-RAIN,Sunset,RAIN,0.984129011631012,0.8
Mask2Former-Swin-L,13551916,Night-EXTRASUNNY,Night,EXTRASUNNY,0.9811208844184875,0.8
Mask2Former-Swin-L,13551916,Night-FOGGY,Night,FOGGY,0.9121061563491821,0.8
Mask2Former-Swin-L,13551916,Night-RAIN,Night,RAIN,0.971603274345398,0.8
Mask2Former-Swin-L,140120,Day-FOGGY,Day,FOGGY,0.9946311712265015,0.8
Mask2Former-Swin-L,140120,Day-RAIN,Day,RAIN,0.9841692447662354,0.8
Mask2Former-Swin-L,140120,Sunset-EXTRASUNNY,Sunset,EXTRASUNNY,0.9891549348831177,0.8
Mask2Former-Swin-L,140120,Sunset-FOGGY,Sunset,FOGGY,0.9805812835693359,0.8
Mask2Former-Swin-L,140120,Sunset-RAIN,Sunset,RAIN,0.9814764261245728,0.8
Mask2Former-Swin-L,140120,Night-EXTRASUNNY,Night,EXTRASUNNY,0.8985991477966309,0.8
Mask2Former-Swin-L,140120,Night-FOGGY,Night,FOGGY,0.7939814925193787,0.8
Mask2Former-Swin-L,140120,Night-RAIN,Night,RAIN,0.7979351282119751,0.8
Mask2Former-Swin-L,14450,Day-FOGGY,Day,FOGGY,0.9626359939575195,0.8
Mask2Former-Swin-L,14450,Day-RAIN,Day,RAIN,0.9456632733345032,0.8
Mask2Former-Swin-L,14450,Sunset-EXTRASUNNY,Sunset,EXTRASUNNY,0.8499305248260498,0.8
Mask2Former-Swin-L,14450,Sunset-FOGGY,Sunset,FOGGY,0.967282772064209,0.8
Mask2Former-Swin-L,14450,Sunset-RAIN,Sunset,RAIN,0.9848546385765076,0.8
Mask2Former-Swin-L,14450,Night-EXTRASUNNY,Night,EXTRASUNNY,0.9078307747840881,0.8
Mask2Former-Swin-L,14450,Night-FOGGY,Night,FOGGY,0.8105912208557129,0.8
Mask2Former-Swin-L,14450,Night-RAIN,Night,RAIN,0.8215366005897522,0.8
Mask2Former-Swin-L,1481258,Day-FOGGY,Day,FOGGY,0.9871671199798584,0.8
Mask2Former-Swin-L,1481258,Day-RAIN,Day,RAIN,0.9789354801177979,0.8
Mask2Former-Swin-L,1481258,Sunset-EXTRASUNNY,Sunset,EXTRASUNNY,0.9933972358703613,0.8
Mask2Former-Swin-L,1481258,Sunset-FOGGY,Sunset,FOGGY,0.9710507392883301,0.8
Mask2Former-Swin-L,1481258,Sunset-RAIN,Sunset,RAIN,0.9692500829696655,0.8
Mask2Former-Swin-L,1481258,Night-EXTRASUNNY,Night,EXTRASUNNY,0.9847065210342407,0.8
Mask2Former-Swin-L,1481258,Night-FOGGY,Night,FOGGY,0.9509903192520142,0.8
Mask2Former-Swin-L,1481258,Night-RAIN,Night,RAIN,0.8889915347099304,0.8
Mask2Former-Swin-L,153373,Day-FOGGY,Day,FOGGY,0.9716287851333618,0.8
Mask2Former-Swin-L,153373,Day-RAIN,Day,RAIN,0.9770539402961731,0.8
Mask2Former-Swin-L,153373,Sunset-EXTRASUNNY,Sunset,EXTRASUNNY,0.9590734839439392,0.8
Mask2Former-Swin-L,153373,Sunset-FOGGY,Sunset,FOGGY,0.8759478330612183,0.8
Mask2Former-Swin-L,153373,Sunset-RAIN,Sunset,RAIN,0.95237797498703,0.8
Mask2Former-Swin-L,153373,Night-EXTRASUNNY,Night,EXTRASUNNY,0.8815388083457947,0.8
Mask2Former-Swin-L,153373,Night-FOGGY,Night,FOGGY,0.8714485764503479,0.8
Mask2Former-Swin-L,153373,Night-RAIN,Night,RAIN,0.8754065632820129,0.8
Mask2Former-Swin-L,1541895,Day-FOGGY,Day,FOGGY,0.9907815456390381,0.8
Mask2Former-Swin-L,1541895,Day-RAIN,Day,RAIN,0.9934934377670288,0.8
Mask2Former-Swin-L,1541895,Sunset-EXTRASUNNY,Sunset,EXTRASUNNY,0.9925760626792908,0.8
Mask2Former-Swin-L,1541895,Sunset-FOGGY,Sunset,FOGGY,0.9876189231872559,0.8
Mask2Former-Swin-L,1541895,Sunset-RAIN,Sunset,RAIN,0.9885899424552917,0.8
Mask2Former-Swin-L,1541895,Night-EXTRASUNNY,Night,EXTRASUNNY,0.9800973534584045,0.8
Mask2Former-Swin-L,1541895,Night-FOGGY,Night,FOGGY,0.9231580495834351,0.8
Mask2Former-Swin-L,1541895,Night-RAIN,Night,RAIN,0.9810013175010681,0.8
Mask2Former-Swin-L,1581031,Day-FOGGY,Day,FOGGY,0.9799312353134155,0.8
Mask2Former-Swin-L,1581031,Day-RAIN,Day,RAIN,0.9948326945304871,0.8
Mask2Former-Swin-L,1581031,Sunset-EXTRASUNNY,Sunset,EXTRASUNNY,0.9962551593780518,0.8
Mask2Former-Swin-L,1581031,Sunset-FOGGY,Sunset,FOGGY,0.9750805497169495,0.8
Mask2Former-Swin-L,1581031,Sunset-RAIN,Sunset,RAIN,0.9804871082305908,0.8
Mask2Former-Swin-L,1581031,Night-EXTRASUNNY,Night,EXTRASUNNY,0.9446156620979309,0.8
Mask2Former-Swin-L,1581031,Night-FOGGY,Night,FOGGY,0.9320799112319946,0.8
Mask2Former-Swin-L,1581031,Night-RAIN,Night,RAIN,0.9395001530647278,0.8
Mask2Former-Swin-L,159401,Day-FOGGY,Day,FOGGY,0.9539054036140442,0.8
Mask2Former-Swin-L,159401,Day-RAIN,Day,RAIN,0.8987162113189697,0.8
Mask2Former-Swin-L,159401,Sunset-EXTRASUNNY,Sunset,EXTRASUNNY,0.9421830773353577,0.8
Mask2Former-Swin-L,159401,Sunset-FOGGY,Sunset,FOGGY,0.9205452799797058,0.8
Mask2Former-Swin-L,159401,Sunset-RAIN,Sunset,RAIN,0.8805156350135803,0.8
Mask2Former-Swin-L,159401,Night-EXTRASUNNY,Night,EXTRASUNNY,0.9363301396369934,0.8
Mask2Former-Swin-L,159401,Night-FOGGY,Night,FOGGY,0.8300693035125732,0.8
Mask2Former-Swin-L,159401,Night-RAIN,Night,RAIN,0.9275732636451721,0.8
Mask2Former-Swin-L,182335,Day-FOGGY,Day,FOGGY,0.9774684906005859,0.8
Mask2Former-Swin-L,182335,Day-RAIN,Day,RAIN,0.9884597659111023,0.8
Mask2Former-Swin-L,182335,Sunset-EXTRASUNNY,Sunset,EXTRASUNNY,0.9840983748435974,0.8
Mask2Former-Swin-L,182335,Sunset-FOGGY,Sunset,FOGGY,0.89946448802948,0.8
Mask2Former-Swin-L,182335,Sunset-RAIN,Sunset,RAIN,0.9594018459320068,0.8
Mask2Former-Swin-L,182335,Night-EXTRASUNNY,Night,EXTRASUNNY,0.9447105526924133,0.8
Mask2Former-Swin-L,182335,Night-FOGGY,Night,FOGGY,0.8290015459060669,0.8
Mask2Former-Swin-L,182335,Night-RAIN,Night,RAIN,0.8637849688529968,0.8
Mask2Former-Swin-L,187713,Day-FOGGY,Day,FOGGY,0.9937574863433838,0.8
Mask2Former-Swin-L,187713,Day-RAIN,Day,RAIN,0.9777820706367493,0.8
Mask2Former-Swin-L,187713,Sunset-EXTRASUNNY,Sunset,EXTRASUNNY,0.9829009175300598,0.8
Mask2Former-Swin-L,187713,Sunset-FOGGY,Sunset,FOGGY,0.9701434373855591,0.8
Mask2Former-Swin-L,187713,Sunset-RAIN,Sunset,RAIN,0.9846078753471375,0.8
Mask2Former-Swin-L,187713,Night-EXTRASUNNY,Night,EXTRASUNNY,0.975439727306366,0.8
Mask2Former-Swin-L,187713,Night-FOGGY,Night,FOGGY,0.9462284445762634,0.8
Mask2Former-Swin-L,187713,Night-RAIN,Night,RAIN,0.9616872668266296,0.8
Mask2Former-Swin-L,19188,Day-FOGGY,Day,FOGGY,0.9899972081184387,0.8
Mask2Former-Swin-L,19188,Day-RAIN,Day,RAIN,0.9849166870117188,0.8
Mask2Former-Swin-L,19188,Sunset-EXTRASUNNY,Sunset,EXTRASUNNY,0.9509108662605286,0.8
Mask2Former-Swin-L,19188,Sunset-FOGGY,Sunset,FOGGY,0.9781548380851746,0.8
Mask2Former-Swin-L,19188,Sunset-RAIN,Sunset,RAIN,0.9867919683456421,0.8
Mask2Former-Swin-L,19188,Night-EXTRASUNNY,Night,EXTRASUNNY,0.966418981552124,0.8
Mask2Former-Swin-L,19188,Night-FOGGY,Night,FOGGY,0.7573716640472412,0.8
Mask2Former-Swin-L,19188,Night-RAIN,Night,RAIN,0.7258183360099792,0.8
Mask2Former-Swin-L,196581,Day-FOGGY,Day,FOGGY,0.9725522398948669,0.8
Mask2Former-Swin-L,196581,Day-RAIN,Day,RAIN,0.9673361778259277,0.8
Mask2Former-Swin-L,196581,Sunset-EXTRASUNNY,Sunset,EXTRASUNNY,0.8583095669746399,0.8
Mask2Former-Swin-L,196581,Sunset-FOGGY,Sunset,FOGGY,0.946324348449707,0.8
Mask2Former-Swin-L,196581,Sunset-RAIN,Sunset,RAIN,0.9681066870689392,0.8
Mask2Former-Swin-L,196581,Night-EXTRASUNNY,Night,EXTRASUNNY,0.8657321333885193,0.8
Mask2Former-Swin-L,196581,Night-FOGGY,Night,FOGGY,0.5566280484199524,0.8
Mask2Former-Swin-L,196581,Night-RAIN,Night,RAIN,0.8647482395172119,0.8
Mask2Former-Swin-L,2041817,Day-FOGGY,Day,FOGGY,0.8710952401161194,0.8
Mask2Former-Swin-L,2041817,Day-RAIN,Day,RAIN,0.9506414532661438,0.8
Mask2Former-Swin-L,2041817,Sunset-EXTRASUNNY,Sunset,EXTRASUNNY,0.8668933510780334,0.8
Mask2Former-Swin-L,2041817,Sunset-FOGGY,Sunset,FOGGY,0.8465638756752014,0.8
Mask2Former-Swin-L,2041817,Sunset-RAIN,Sunset,RAIN,0.8549719452857971,0.8
Mask2Former-Swin-L,2041817,Night-EXTRASUNNY,Night,EXTRASUNNY,0.9769221544265747,0.8
Mask2Former-Swin-L,2041817,Night-FOGGY,Night,FOGGY,0.8534446954727173,0.8
Mask2Former-Swin-L,2041817,Night-RAIN,Night,RAIN,0.9107868671417236,0.8
Mask2Former-Swin-L,21692,Day-FOGGY,Day,FOGGY,0.994543194770813,0.8
Mask2Former-Swin-L,21692,Day-RAIN,Day,RAIN,0.9934397339820862,0.8
Mask2Former-Swin-L,21692,Sunset-EXTRASUNNY,Sunset,EXTRASUNNY,0.9879406690597534,0.8
Mask2Former-Swin-L,21692,Sunset-FOGGY,Sunset,FOGGY,0.9904801249504089,0.8
Mask2Former-Swin-L,21692,Sunset-RAIN,Sunset,RAIN,0.9873904585838318,0.8
Mask2Former-Swin-L,21692,Night-EXTRASUNNY,Night,EXTRASUNNY,0.9872536659240723,0.8
Mask2Former-Swin-L,21692,Night-FOGGY,Night,FOGGY,0.9818572998046875,0.8
Mask2Former-Swin-L,21692,Night-RAIN,Night,RAIN,0.9923000335693359,0.8
Mask2Former-Swin-L,2231013,Day-FOGGY,Day,FOGGY,0.9911401271820068,0.8
Mask2Former-Swin-L,2231013,Day-RAIN,Day,RAIN,0.9851694107055664,0.8
Mask2Former-Swin-L,2231013,Sunset-EXTRASUNNY,Sunset,EXTRASUNNY,0.9868028163909912,0.8
Mask2Former-Swin-L,2231013,Sunset-FOGGY,Sunset,FOGGY,0.9688016176223755,0.8
Mask2Former-Swin-L,2231013,Sunset-RAIN,Sunset,RAIN,0.9755555391311646,0.8
Mask2Former-Swin-L,2231013,Night-EXTRASUNNY,Night,EXTRASUNNY,0.9690123796463013,0.8
Mask2Former-Swin-L,2231013,Night-FOGGY,Night,FOGGY,0.7141392230987549,0.8
Mask2Former-Swin-L,2231013,Night-RAIN,Night,RAIN,0.6963210701942444,0.8
Mask2Former-Swin-L,223195,Day-FOGGY,Day,FOGGY,0.9922692775726318,0.8
Mask2Former-Swin-L,223195,Day-RAIN,Day,RAIN,0.9890750050544739,0.8
Mask2Former-Swin-L,223195,Sunset-EXTRASUNNY,Sunset,EXTRASUNNY,0.9941913485527039,0.8
Mask2Former-Swin-L,223195,Sunset-FOGGY,Sunset,FOGGY,0.9691373705863953,0.8
Mask2Former-Swin-L,223195,Sunset-RAIN,Sunset,RAIN,0.9869794845581055,0.8
Mask2Former-Swin-L,223195,Night-EXTRASUNNY,Night,EXTRASUNNY,0.9361429810523987,0.8
Mask2Former-Swin-L,223195,Night-FOGGY,Night,FOGGY,0.8488840460777283,0.8
Mask2Former-Swin-L,223195,Night-RAIN,Night,RAIN,0.8524149060249329,0.8
Mask2Former-Swin-L,231037,Day-FOGGY,Day,FOGGY,0.9839386343955994,0.8
Mask2Former-Swin-L,231037,Day-RAIN,Day,RAIN,0.9519025087356567,0.8
Mask2Former-Swin-L,231037,Sunset-EXTRASUNNY,Sunset,EXTRASUNNY,0.9456830024719238,0.8
Mask2Former-Swin-L,231037,Sunset-FOGGY,Sunset,FOGGY,0.936062216758728,0.8
Mask2Former-Swin-L,231037,Sunset-RAIN,Sunset,RAIN,0.9436883926391602,0.8
Mask2Former-Swin-L,231037,Night-EXTRASUNNY,Night,EXTRASUNNY,0.9433189034461975,0.8
Mask2Former-Swin-L,231037,Night-FOGGY,Night,FOGGY,0.9182724952697754,0.8
Mask2Former-Swin-L,231037,Night-RAIN,Night,RAIN,0.9128524661064148,0.8
Mask2Former-Swin-L,2461888,Day-FOGGY,Day,FOGGY,0.9654850959777832,0.8
Mask2Former-Swin-L,2461888,Day-RAIN,Day,RAIN,0.9682268500328064,0.8
Mask2Former-Swin-L,2461888,Sunset-EXTRASUNNY,Sunset,EXTRASUNNY,0.9742014408111572,0.8
Mask2Former-Swin-L,2461888,Sunset-FOGGY,Sunset,FOGGY,0.9593861699104309,0.8
Mask2Former-Swin-L,2461888,Sunset-RAIN,Sunset,RAIN,0.9751518964767456,0.8
Mask2Former-Swin-L,2461888,Night-EXTRASUNNY,Night,EXTRASUNNY,0.9428552389144897,0.8
Mask2Former-Swin-L,2461888,Night-FOGGY,Night,FOGGY,0.5717955231666565,0.8
Mask2Former-Swin-L,2461888,Night-RAIN,Night,RAIN,0.6483643054962158,0.8
Mask2Former-Swin-L,2531844,Day-FOGGY,Day,FOGGY,0.9918763637542725,0.8
Mask2Former-Swin-L,2531844,Day-RAIN,Day,RAIN,0.9913036227226257,0.8
Mask2Former-Swin-L,2531844,Sunset-EXTRASUNNY,Sunset,EXTRASUNNY,0.9957705736160278,0.8
Mask2Former-Swin-L,2531844,Sunset-FOGGY,Sunset,FOGGY,0.9883373975753784,0.8
Mask2Former-Swin-L,2531844,Sunset-RAIN,Sunset,RAIN,0.9901276230812073,0.8
Mask2Former-Swin-L,2531844,Night-EXTRASUNNY,Night,EXTRASUNNY,0.9857548475265503,0.8
Mask2Former-Swin-L,2531844,Night-FOGGY,Night,FOGGY,0.9562153816223145,0.8
Mask2Former-Swin-L,2531844,Night-RAIN,Night,RAIN,0.9812865257263184,0.8
Mask2Former-Swin-L,2711181,Day-FOGGY,Day,FOGGY,0.9937252998352051,0.8
Mask2Former-Swin-L,2711181,Day-RAIN,Day,RAIN,0.9879026412963867,0.8
Mask2Former-Swin-L,2711181,Sunset-EXTRASUNNY,Sunset,EXTRASUNNY,0.9938870072364807,0.8
Mask2Former-Swin-L,2711181,Sunset-FOGGY,Sunset,FOGGY,0.9754437208175659,0.8
Mask2Former-Swin-L,2711181,Sunset-RAIN,Sunset,RAIN,0.9823286533355713,0.8
Mask2Former-Swin-L,2711181,Night-EXTRASUNNY,Night,EXTRASUNNY,0.984642744064331,0.8
Mask2Former-Swin-L,2711181,Night-FOGGY,Night,FOGGY,0.9746735095977783,0.8
Mask2Former-Swin-L,2711181,Night-RAIN,Night,RAIN,0.9843488931655884,0.8
Mask2Former-Swin-L,288913,Day-FOGGY,Day,FOGGY,0.991745114326477,0.8
Mask2Former-Swin-L,288913,Day-RAIN,Day,RAIN,0.9848787188529968,0.8
Mask2Former-Swin-L,288913,Sunset-EXTRASUNNY,Sunset,EXTRASUNNY,0.9802657961845398,0.8
Mask2Former-Swin-L,288913,Sunset-FOGGY,Sunset,FOGGY,0.9400858283042908,0.8
Mask2Former-Swin-L,288913,Sunset-RAIN,Sunset,RAIN,0.9872982501983643,0.8
Mask2Former-Swin-L,288913,Night-EXTRASUNNY,Night,EXTRASUNNY,0.9629371166229248,0.8
Mask2Former-Swin-L,288913,Night-FOGGY,Night,FOGGY,0.9752013683319092,0.8
Mask2Former-Swin-L,288913,Night-RAIN,Night,RAIN,0.9634006023406982,0.8
Mask2Former-Swin-L,302966,Day-FOGGY,Day,FOGGY,0.9963019490242004,0.8
Mask2Former-Swin-L,302966,Day-RAIN,Day,RAIN,0.9656495451927185,0.8
Mask2Former-Swin-L,302966,Sunset-EXTRASUNNY,Sunset,EXTRASUNNY,0.9901372790336609,0.8
Mask2Former-Swin-L,302966,Sunset-FOGGY,Sunset,FOGGY,0.9814711809158325,0.8
Mask2Former-Swin-L,302966,Sunset-RAIN,Sunset,RAIN,0.9822570085525513,0.8
Mask2Former-Swin-L,302966,Night-EXTRASUNNY,Night,EXTRASUNNY,0.7059117555618286,0.8
Mask2Former-Swin-L,302966,Night-FOGGY,Night,FOGGY,0.6178278923034668,0.8
Mask2Former-Swin-L,302966,Night-RAIN,Night,RAIN,0.6424144506454468,0.8
Mask2Former-Swin-L,320493,Day-FOGGY,Day,FOGGY,0.9825582504272461,0.8
Mask2Former-Swin-L,320493,Day-RAIN,Day,RAIN,0.955939769744873,0.8
Mask2Former-Swin-L,320493,Sunset-EXTRASUNNY,Sunset,EXTRASUNNY,0.9638236165046692,0.8
Mask2Former-Swin-L,320493,Sunset-FOGGY,Sunset,FOGGY,0.9404575228691101,0.8
Mask2Former-Swin-L,320493,Sunset-RAIN,Sunset,RAIN,0.9773293733596802,0.8
Mask2Former-Swin-L,320493,Night-EXTRASUNNY,Night,EXTRASUNNY,0.9302999377250671,0.8
Mask2Former-Swin-L,320493,Night-FOGGY,Night,FOGGY,0.818932294845581,0.8
Mask2Former-Swin-L,320493,Night-RAIN,Night,RAIN,0.8702365756034851,0.8
Mask2Former-Swin-L,365202,Day-FOGGY,Day,FOGGY,0.9972679018974304,0.8
Mask2Former-Swin-L,365202,Day-RAIN,Day,RAIN,0.9976449012756348,0.8
Mask2Former-Swin-L,365202,Sunset-EXTRASUNNY,Sunset,EXTRASUNNY,0.9974883198738098,0.8
Mask2Former-Swin-L,365202,Sunset-FOGGY,Sunset,FOGGY,0.9692571759223938,0.8
Mask2Former-Swin-L,365202,Sunset-RAIN,Sunset,RAIN,0.9961745738983154,0.8
Mask2Former-Swin-L,365202,Night-EXTRASUNNY,Night,EXTRASUNNY,0.9787461757659912,0.8
Mask2Former-Swin-L,365202,Night-FOGGY,Night,FOGGY,0.8690471649169922,0.8
Mask2Former-Swin-L,365202,Night-RAIN,Night,RAIN,0.8987864255905151,0.8
Mask2Former-Swin-L,37573,Day-FOGGY,Day,FOGGY,0.9897025227546692,0.8
Mask2Former-Swin-L,37573,Day-RAIN,Day,RAIN,0.9960364103317261,0.8
Mask2Former-Swin-L,37573,Sunset-EXTRASUNNY,Sunset,EXTRASUNNY,0.9863858222961426,0.8
Mask2Former-Swin-L,37573,Sunset-FOGGY,Sunset,FOGGY,0.9792711138725281,0.8
Mask2Former-Swin-L,37573,Sunset-RAIN,Sunset,RAIN,0.980876088142395,0.8
Mask2Former-Swin-L,37573,Night-EXTRASUNNY,Night,EXTRASUNNY,0.9687711596488953,0.8
Mask2Former-Swin-L,37573,Night-FOGGY,Night,FOGGY,0.8388397097587585,0.8
Mask2Former-Swin-L,37573,Night-RAIN,Night,RAIN,0.8351432681083679,0.8
Mask2Former-Swin-L,3761910,Day-FOGGY,Day,FOGGY,0.9926590919494629,0.8
Mask2Former-Swin-L,3761910,Day-RAIN,Day,RAIN,0.9869499206542969,0.8
Mask2Former-Swin-L,3761910,Sunset-EXTRASUNNY,Sunset,EXTRASUNNY,0.9799106121063232,0.8
Mask2Former-Swin-L,3761910,Sunset-FOGGY,Sunset,FOGGY,0.9898536205291748,0.8
Mask2Former-Swin-L,3761910,Sunset-RAIN,Sunset,RAIN,0.9920024275779724,0.8
Mask2Former-Swin-L,3761910,Night-EXTRASUNNY,Night,EXTRASUNNY,0.9806979894638062,0.8
Mask2Former-Swin-L,3761910,Night-FOGGY,Night,FOGGY,0.5171406269073486,0.8
Mask2Former-Swin-L,3761910,Night-RAIN,Night,RAIN,0.9268240332603455,0.8
Mask2Former-Swin-L,400776,Day-FOGGY,Day,FOGGY,0.9916630983352661,0.8
Mask2Former-Swin-L,400776,Day-RAIN,Day,RAIN,0.9791911244392395,0.8
Mask2Former-Swin-L,400776,Sunset-EXTRASUNNY,Sunset,EXTRASUNNY,0.9788113832473755,0.8
Mask2Former-Swin-L,400776,Sunset-FOGGY,Sunset,FOGGY,0.9716116786003113,0.8
Mask2Former-Swin-L,400776,Sunset-RAIN,Sunset,RAIN,0.9697936177253723,0.8
Mask2Former-Swin-L,400776,Night-EXTRASUNNY,Night,EXTRASUNNY,0.9643788933753967,0.8
Mask2Former-Swin-L,400776,Night-FOGGY,Night,FOGGY,0.6809208393096924,0.8
Mask2Former-Swin-L,400776,Night-RAIN,Night,RAIN,0.9629996418952942,0.8
Mask2Former-Swin-L,43427,Day-FOGGY,Day,FOGGY,0.9773833751678467,0.8
Mask2Former-Swin-L,43427,Day-RAIN,Day,RAIN,0.9889953136444092,0.8
Mask2Former-Swin-L,43427,Sunset-EXTRASUNNY,Sunset,EXTRASUNNY,0.9884054064750671,0.8
Mask2Former-Swin-L,43427,Sunset-FOGGY,Sunset,FOGGY,0.9723605513572693,0.8
Mask2Former-Swin-L,43427,Sunset-RAIN,Sunset,RAIN,0.9832850098609924,0.8
Mask2Former-Swin-L,43427,Night-EXTRASUNNY,Night,EXTRASUNNY,0.8846350312232971,0.8
Mask2Former-Swin-L,43427,Night-FOGGY,Night,FOGGY,0.793732762336731,0.8
Mask2Former-Swin-L,43427,Night-RAIN,Night,RAIN,0.8459023237228394,0.8
Mask2Former-Swin-L,43428,Day-FOGGY,Day,FOGGY,0.9383428692817688,0.8
Mask2Former-Swin-L,43428,Day-RAIN,Day,RAIN,0.9430686831474304,0.8
Mask2Former-Swin-L,43428,Sunset-EXTRASUNNY,Sunset,EXTRASUNNY,0.949476957321167,0.8
Mask2Former-Swin-L,43428,Sunset-FOGGY,Sunset,FOGGY,0.8106456995010376,0.8
Mask2Former-Swin-L,43428,Sunset-RAIN,Sunset,RAIN,0.933118999004364,0.8
Mask2Former-Swin-L,43428,Night-EXTRASUNNY,Night,EXTRASUNNY,0.9192330837249756,0.8
Mask2Former-Swin-L,43428,Night-FOGGY,Night,FOGGY,0.7514435052871704,0.8
Mask2Former-Swin-L,43428,Night-RAIN,Night,RAIN,0.7648792266845703,0.8
Mask2Former-Swin-L,4361495,Day-FOGGY,Day,FOGGY,0.9932166934013367,0.8
Mask2Former-Swin-L,4361495,Day-RAIN,Day,RAIN,0.982050359249115,0.8
Mask2Former-Swin-L,4361495,Sunset-EXTRASUNNY,Sunset,EXTRASUNNY,0.9939875602722168,0.8
Mask2Former-Swin-L,4361495,Sunset-FOGGY,Sunset,FOGGY,0.9568108916282654,0.8
Mask2Former-Swin-L,4361495,Sunset-RAIN,Sunset,RAIN,0.9843807220458984,0.8
Mask2Former-Swin-L,4361495,Night-EXTRASUNNY,Night,EXTRASUNNY,0.9442840218544006,0.8
Mask2Former-Swin-L,4361495,Night-FOGGY,Night,FOGGY,0.6368381977081299,0.8
Mask2Former-Swin-L,4361495,Night-RAIN,Night,RAIN,0.6410504579544067,0.8
Mask2Former-Swin-L,450967,Day-FOGGY,Day,FOGGY,0.9997381567955017,0.8
Mask2Former-Swin-L,450967,Day-RAIN,Day,RAIN,0.9964510798454285,0.8
Mask2Former-Swin-L,450967,Sunset-EXTRASUNNY,Sunset,EXTRASUNNY,0.9867537021636963,0.8
Mask2Former-Swin-L,450967,Sunset-FOGGY,Sunset,FOGGY,0.983473539352417,0.8
Mask2Former-Swin-L,450967,Sunset-RAIN,Sunset,RAIN,0.9942390322685242,0.8
Mask2Former-Swin-L,450967,Night-EXTRASUNNY,Night,EXTRASUNNY,0.9665849208831787,0.8
Mask2Former-Swin-L,450967,Night-FOGGY,Night,FOGGY,0.9558026194572449,0.8
Mask2Former-Swin-L,450967,Night-RAIN,Night,RAIN,0.9725044369697571,0.8
Mask2Former-Swin-L,4561149,Day-FOGGY,Day,FOGGY,0.9947398900985718,0.8
Mask2Former-Swin-L,4561149,Day-RAIN,Day,RAIN,0.9958689212799072,0.8
Mask2Former-Swin-L,4561149,Sunset-EXTRASUNNY,Sunset,EXTRASUNNY,0.9946451187133789,0.8
Mask2Former-Swin-L,4561149,Sunset-FOGGY,Sunset,FOGGY,0.9925184845924377,0.8
Mask2Former-Swin-L,4561149,Sunset-RAIN,Sunset,RAIN,0.9955412745475769,0.8
Mask2Former-Swin-L,4561149,Night-EXTRASUNNY,Night,EXTRASUNNY,0.9835527539253235,0.8
Mask2Former-Swin-L,4561149,Night-FOGGY,Night,FOGGY,0.8840304613113403,0.8
Mask2Former-Swin-L,4561149,Night-RAIN,Night,RAIN,0.7287625670433044,0.8
Mask2Former-Swin-L,460731,Day-FOGGY,Day,FOGGY,0.9861178994178772,0.8
Mask2Former-Swin-L,460731,Day-RAIN,Day,RAIN,0.911427915096283,0.8
Mask2Former-Swin-L,460731,Sunset-EXTRASUNNY,Sunset,EXTRASUNNY,0.9685426354408264,0.8
Mask2Former-Swin-L,460731,Sunset-FOGGY,Sunset,FOGGY,0.9500779509544373,0.8
Mask2Former-Swin-L,460731,Sunset-RAIN,Sunset,RAIN,0.9300361275672913,0.8
Mask2Former-Swin-L,460731,Night-EXTRASUNNY,Night,EXTRASUNNY,0.8973990082740784,0.8
Mask2Former-Swin-L,460731,Night-FOGGY,Night,FOGGY,0.6446297764778137,0.8
Mask2Former-Swin-L,460731,Night-RAIN,Night,RAIN,0.8558188676834106,0.8
Mask2Former-Swin-L,463639,Day-FOGGY,Day,FOGGY,0.9841022491455078,0.8
Mask2Former-Swin-L,463639,Day-RAIN,Day,RAIN,0.9856580495834351,0.8
Mask2Former-Swin-L,463639,Sunset-EXTRASUNNY,Sunset,EXTRASUNNY,0.9590149521827698,0.8
Mask2Former-Swin-L,463639,Sunset-FOGGY,Sunset,FOGGY,0.9749014377593994,0.8
Mask2Former-Swin-L,463639,Sunset-RAIN,Sunset,RAIN,0.9897434711456299,0.8
Mask2Former-Swin-L,463639,Night-EXTRASUNNY,Night,EXTRASUNNY,0.9722481966018677,0.8
Mask2Former-Swin-L,463639,Night-FOGGY,Night,FOGGY,0.9862818717956543,0.8
Mask2Former-Swin-L,463639,Night-RAIN,Night,RAIN,0.9813776016235352,0.8
Mask2Former-Swin-L,4641194,Day-FOGGY,Day,FOGGY,0.9780751466751099,0.8
Mask2Former-Swin-L,4641194,Day-RAIN,Day,RAIN,0.9953151941299438,0.8
Mask2Former-Swin-L,4641194,Sunset-EXTRASUNNY,Sunset,EXTRASUNNY,0.976581335067749,0.8
Mask2Former-Swin-L,4641194,Sunset-FOGGY,Sunset,FOGGY,0.9848268628120422,0.8
Mask2Former-Swin-L,4641194,Sunset-RAIN,Sunset,RAIN,0.9890329241752625,0.8
Mask2Former-Swin-L,4641194,Night-EXTRASUNNY,Night,EXTRASUNNY,0.9199644327163696,0.8
Mask2Former-Swin-L,4641194,Night-FOGGY,Night,FOGGY,0.8641607165336609,0.8
Mask2Former-Swin-L,4641194,Night-RAIN,Night,RAIN,0.9242219924926758,0.8
Mask2Former-Swin-L,471118,Day-FOGGY,Day,FOGGY,0.9979521632194519,0.8
Mask2Former-Swin-L,471118,Day-RAIN,Day,RAIN,0.9414007663726807,0.8
Mask2Former-Swin-L,471118,Sunset-EXTRASUNNY,Sunset,EXTRASUNNY,0.5942056179046631,0.8
Mask2Former-Swin-L,471118,Sunset-FOGGY,Sunset,FOGGY,0.9366204738616943,0.8
Mask2Former-Swin-L,471118,Sunset-RAIN,Sunset,RAIN,0.989888072013855,0.8
Mask2Former-Swin-L,471118,Night-EXTRASUNNY,Night,EXTRASUNNY,0.8944514393806458,0.8
Mask2Former-Swin-L,471118,Night-FOGGY,Night,FOGGY,0.8534280061721802,0.8
Mask2Former-Swin-L,471118,Night-RAIN,Night,RAIN,0.7627577781677246,0.8
Mask2Former-Swin-L,4811864,Day-FOGGY,Day,FOGGY,0.9953426718711853,0.8
Mask2Former-Swin-L,4811864,Day-RAIN,Day,RAIN,0.9946571588516235,0.8
Mask2Former-Swin-L,4811864,Sunset-EXTRASUNNY,Sunset,EXTRASUNNY,0.9854700565338135,0.8
Mask2Former-Swin-L,4811864,Sunset-FOGGY,Sunset,FOGGY,0.9717388153076172,0.8
Mask2Former-Swin-L,4811864,Sunset-RAIN,Sunset,RAIN,0.9672432541847229,0.8
Mask2Former-Swin-L,4811864,Night-EXTRASUNNY,Night,EXTRASUNNY,0.9082626700401306,0.8
Mask2Former-Swin-L,4811864,Night-FOGGY,Night,FOGGY,0.7466622591018677,0.8
Mask2Former-Swin-L,4811864,Night-RAIN,Night,RAIN,0.7528547644615173,0.8
Mask2Former-Swin-L,481618,Day-FOGGY,Day,FOGGY,0.974727213382721,0.8
Mask2Former-Swin-L,481618,Day-RAIN,Day,RAIN,0.985981285572052,0.8
Mask2Former-Swin-L,481618,Sunset-EXTRASUNNY,Sunset,EXTRASUNNY,0.9647536277770996,0.8
Mask2Former-Swin-L,481618,Sunset-FOGGY,Sunset,FOGGY,0.981057345867157,0.8
Mask2Former-Swin-L,481618,Sunset-RAIN,Sunset,RAIN,0.9817684292793274,0.8
Mask2Former-Swin-L,481618,Night-EXTRASUNNY,Night,EXTRASUNNY,0.8733510375022888,0.8
Mask2Former-Swin-L,481618,Night-FOGGY,Night,FOGGY,0.8379989862442017,0.8
Mask2Former-Swin-L,481618,Night-RAIN,Night,RAIN,0.8520286083221436,0.8
Mask2Former-Swin-L,4911785,Day-FOGGY,Day,FOGGY,0.9549515843391418,0.8
Mask2Former-Swin-L,4911785,Day-RAIN,Day,RAIN,0.9396196007728577,0.8
Mask2Former-Swin-L,4911785,Sunset-EXTRASUNNY,Sunset,EXTRASUNNY,0.9427057504653931,0.8
Mask2Former-Swin-L,4911785,Sunset-FOGGY,Sunset,FOGGY,0.9194923043251038,0.8
Mask2Former-Swin-L,4911785,Sunset-RAIN,Sunset,RAIN,0.9332630038261414,0.8
Mask2Former-Swin-L,4911785,Night-EXTRASUNNY,Night,EXTRASUNNY,0.9261018633842468,0.8
Mask2Former-Swin-L,4911785,Night-FOGGY,Night,FOGGY,0.8428889513015747,0.8
Mask2Former-Swin-L,4911785,Night-RAIN,Night,RAIN,0.9341333508491516,0.8
Mask2Former-Swin-L,5370,Day-FOGGY,Day,FOGGY,0.9934691190719604,0.8
Mask2Former-Swin-L,5370,Day-RAIN,Day,RAIN,0.9812350273132324,0.8
Mask2Former-Swin-L,5370,Sunset-EXTRASUNNY,Sunset,EXTRASUNNY,0.991661548614502,0.8
Mask2Former-Swin-L,5370,Sunset-FOGGY,Sunset,FOGGY,0.9712128043174744,0.8
Mask2Former-Swin-L,5370,Sunset-RAIN,Sunset,RAIN,0.9706228375434875,0.8
Mask2Former-Swin-L,5370,Night-EXTRASUNNY,Night,EXTRASUNNY,0.9855303764343262,0.8
Mask2Former-Swin-L,5370,Night-FOGGY,Night,FOGGY,0.8749950528144836,0.8
Mask2Former-Swin-L,5370,Night-RAIN,Night,RAIN,0.9197058081626892,0.8
Mask2Former-Swin-L,550217,Day-FOGGY,Day,FOGGY,0.9709375500679016,0.8
Mask2Former-Swin-L,550217,Day-RAIN,Day,RAIN,0.9692515134811401,0.8
Mask2Former-Swin-L,550217,Sunset-EXTRASUNNY,Sunset,EXTRASUNNY,0.982325553894043,0.8
Mask2Former-Swin-L,550217,Sunset-FOGGY,Sunset,FOGGY,0.9327369928359985,0.8
Mask2Former-Swin-L,550217,Sunset-RAIN,Sunset,RAIN,0.9429103136062622,0.8
Mask2Former-Swin-L,550217,Night-EXTRASUNNY,Night,EXTRASUNNY,0.9643605351448059,0.8
Mask2Former-Swin-L,550217,Night-FOGGY,Night,FOGGY,0.8533931374549866,0.8
Mask2Former-Swin-L,550217,Night-RAIN,Night,RAIN,0.8732050061225891,0.8
Mask2Former-Swin-L,564213,Day-FOGGY,Day,FOGGY,0.9932498335838318,0.8
Mask2Former-Swin-L,564213,Day-RAIN,Day,RAIN,0.9850992560386658,0.8
Mask2Former-Swin-L,564213,Sunset-EXTRASUNNY,Sunset,EXTRASUNNY,0.9945991635322571,0.8
Mask2Former-Swin-L,564213,Sunset-FOGGY,Sunset,FOGGY,0.972467839717865,0.8
Mask2Former-Swin-L,564213,Sunset-RAIN,Sunset,RAIN,0.9814065098762512,0.8
Mask2Former-Swin-L,564213,Night-EXTRASUNNY,Night,EXTRASUNNY,0.9509605169296265,0.8
Mask2Former-Swin-L,564213,Night-FOGGY,Night,FOGGY,0.6087469458580017,0.8
Mask2Former-Swin-L,564213,Night-RAIN,Night,RAIN,0.723152756690979,0.8
Mask2Former-Swin-L,568243,Day-FOGGY,Day,FOGGY,0.9695389866828918,0.8
Mask2Former-Swin-L,568243,Day-RAIN,Day,RAIN,0.9880011081695557,0.8
Mask2Former-Swin-L,568243,Sunset-EXTRASUNNY,Sunset,EXTRASUNNY,0.9935488104820251,0.8
Mask2Former-Swin-L,568243,Sunset-FOGGY,Sunset,FOGGY,0.9587143659591675,0.8
Mask2Former-Swin-L,568243,Sunset-RAIN,Sunset,RAIN,0.9650693535804749,0.8
Mask2Former-Swin-L,568243,Night-EXTRASUNNY,Night,EXTRASUNNY,0.9076753854751587,0.8
Mask2Former-Swin-L,568243,Night-FOGGY,Night,FOGGY,0.7036764621734619,0.8
Mask2Former-Swin-L,568243,Night-RAIN,Night,RAIN,0.6873836517333984,0.8
Mask2Former-Swin-L,5791659,Day-FOGGY,Day,FOGGY,0.9904728531837463,0.8
Mask2Former-Swin-L,5791659,Day-RAIN,Day,RAIN,0.99135822057724,0.8
Mask2Former-Swin-L,5791659,Sunset-EXTRASUNNY,Sunset,EXTRASUNNY,0.9930252432823181,0.8
Mask2Former-Swin-L,5791659,Sunset-FOGGY,Sunset,FOGGY,0.9817737936973572,0.8
Mask2Former-Swin-L,5791659,Sunset-RAIN,Sunset,RAIN,0.989074170589447,0.8
Mask2Former-Swin-L,5791659,Night-EXTRASUNNY,Night,EXTRASUNNY,0.9759142398834229,0.8
Mask2Former-Swin-L,5791659,Night-FOGGY,Night,FOGGY,0.803888738155365,0.8
Mask2Former-Swin-L,5791659,Night-RAIN,Night,RAIN,0.9620009660720825,0.8
Mask2Former-Swin-L,5951694,Day-FOGGY,Day,FOGGY,0.9629471898078918,0.8
Mask2Former-Swin-L,5951694,Day-RAIN,Day,RAIN,0.9770832657814026,0.8
Mask2Former-Swin-L,5951694,Sunset-EXTRASUNNY,Sunset,EXTRASUNNY,0.9830735325813293,0.8
Mask2Former-Swin-L,5951694,Sunset-FOGGY,Sunset,FOGGY,0.9578907489776611,0.8
Mask2Former-Swin-L,5951694,Sunset-RAIN,Sunset,RAIN,0.9726157784461975,0.8
Mask2Former-Swin-L,5951694,Night-EXTRASUNNY,Night,EXTRASUNNY,0.9714601635932922,0.8
Mask2Former-Swin-L,5951694,Night-FOGGY,Night,FOGGY,0.8497055768966675,0.8
Mask2Former-Swin-L,5951694,Night-RAIN,Night,RAIN,0.918124794960022,0.8
Mask2Former-Swin-L,596621,Day-FOGGY,Day,FOGGY,0.9964619278907776,0.8
Mask2Former-Swin-L,596621,Day-RAIN,Day,RAIN,0.9805195927619934,0.8
Mask2Former-Swin-L,596621,Sunset-EXTRASUNNY,Sunset,EXTRASUNNY,0.9900889992713928,0.8
Mask2Former-Swin-L,596621,Sunset-FOGGY,Sunset,FOGGY,0.9872969388961792,0.8
Mask2Former-Swin-L,596621,Sunset-RAIN,Sunset,RAIN,0.993366003036499,0.8
Mask2Former-Swin-L,596621,Night-EXTRASUNNY,Night,EXTRASUNNY,0.9421609044075012,0.8
Mask2Former-Swin-L,596621,Night-FOGGY,Night,FOGGY,0.9709745645523071,0.8
Mask2Former-Swin-L,596621,Night-RAIN,Night,RAIN,0.9430815577507019,0.8
Mask2Former-Swin-L,60144,Day-FOGGY,Day,FOGGY,0.984407901763916,0.8
Mask2Former-Swin-L,60144,Day-RAIN,Day,RAIN,0.9775042533874512,0.8
Mask2Former-Swin-L,60144,Sunset-EXTRASUNNY,Sunset,EXTRASUNNY,0.9835823178291321,0.8
Mask2Former-Swin-L,60144,Sunset-FOGGY,Sunset,FOGGY,0.954897403717041,0.8
Mask2Former-Swin-L,60144,Sunset-RAIN,Sunset,RAIN,0.9736442565917969,0.8
Mask2Former-Swin-L,60144,Night-EXTRASUNNY,Night,EXTRASUNNY,0.9570503234863281,0.8
Mask2Former-Swin-L,60144,Night-FOGGY,Night,FOGGY,0.9453313946723938,0.8
Mask2Former-Swin-L,60144,Night-RAIN,Night,RAIN,0.9378793835639954,0.8
Mask2Former-Swin-L,602947,Day-FOGGY,Day,FOGGY,0.9974880218505859,0.8
Mask2Former-Swin-L,602947,Day-RAIN,Day,RAIN,0.9836602807044983,0.8
Mask2Former-Swin-L,602947,Sunset-EXTRASUNNY,Sunset,EXTRASUNNY,0.9768514037132263,0.8
Mask2Former-Swin-L,602947,Sunset-FOGGY,Sunset,FOGGY,0.9636552929878235,0.8
Mask2Former-Swin-L,602947,Sunset-RAIN,Sunset,RAIN,0.9542507529258728,0.8
Mask2Former-Swin-L,602947,Night-EXTRASUNNY,Night,EXTRASUNNY,0.9786456227302551,0.8
Mask2Former-Swin-L,602947,Night-FOGGY,Night,FOGGY,0.9859055876731873,0.8
Mask2Former-Swin-L,602947,Night-RAIN,Night,RAIN,0.9816288352012634,0.8
Mask2Former-Swin-L,611370,Day-FOGGY,Day,FOGGY,0.9973833560943604,0.8
Mask2Former-Swin-L,611370,Day-RAIN,Day,RAIN,0.9981274008750916,0.8
Mask2Former-Swin-L,611370,Sunset-EXTRASUNNY,Sunset,EXTRASUNNY,0.9980013966560364,0.8
Mask2Former-Swin-L,611370,Sunset-FOGGY,Sunset,FOGGY,0.9970554113388062,0.8
Mask2Former-Swin-L,611370,Sunset-RAIN,Sunset,RAIN,0.998370885848999,0.8
Mask2Former-Swin-L,611370,Night-EXTRASUNNY,Night,EXTRASUNNY,0.9873186349868774,0.8
Mask2Former-Swin-L,611370,Night-FOGGY,Night,FOGGY,0.9787025451660156,0.8
Mask2Former-Swin-L,611370,Night-RAIN,Night,RAIN,0.8894616961479187,0.8
Mask2Former-Swin-L,6461059,Day-FOGGY,Day,FOGGY,0.99598628282547,0.8
Mask2Former-Swin-L,6461059,Day-RAIN,Day,RAIN,0.9940492510795593,0.8
Mask2Former-Swin-L,6461059,Sunset-EXTRASUNNY,Sunset,EXTRASUNNY,0.9903889298439026,0.8
Mask2Former-Swin-L,6461059,Sunset-FOGGY,Sunset,FOGGY,0.9932027459144592,0.8
Mask2Former-Swin-L,6461059,Sunset-RAIN,Sunset,RAIN,0.9960646629333496,0.8
Mask2Former-Swin-L,6461059,Night-EXTRASUNNY,Night,EXTRASUNNY,0.9853121638298035,0.8
Mask2Former-Swin-L,6461059,Night-FOGGY,Night,FOGGY,0.9750774502754211,0.8
Mask2Former-Swin-L,6461059,Night-RAIN,Night,RAIN,0.9802972674369812,0.8
Mask2Former-Swin-L,6521874,Day-FOGGY,Day,FOGGY,0.9871758222579956,0.8
Mask2Former-Swin-L,6521874,Day-RAIN,Day,RAIN,0.9914517402648926,0.8
Mask2Former-Swin-L,6521874,Sunset-EXTRASUNNY,Sunset,EXTRASUNNY,0.9454636573791504,0.8
Mask2Former-Swin-L,6521874,Sunset-FOGGY,Sunset,FOGGY,0.9565274715423584,0.8
Mask2Former-Swin-L,6521874,Sunset-RAIN,Sunset,RAIN,0.9825378656387329,0.8
Mask2Former-Swin-L,6521874,Night-EXTRASUNNY,Night,EXTRASUNNY,0.9779217839241028,0.8
Mask2Former-Swin-L,6521874,Night-FOGGY,Night,FOGGY,0.3957918584346771,0.8
Mask2Former-Swin-L,6521874,Night-RAIN,Night,RAIN,0.551404595375061,0.8
Mask2Former-Swin-L,6761290,Day-FOGGY,Day,FOGGY,0.966438889503479,0.8
Mask2Former-Swin-L,6761290,Day-RAIN,Day,RAIN,0.9942057132720947,0.8
Mask2Former-Swin-L,6761290,Sunset-EXTRASUNNY,Sunset,EXTRASUNNY,0.9945057034492493,0.8
Mask2Former-Swin-L,6761290,Sunset-FOGGY,Sunset,FOGGY,0.9698379635810852,0.8
Mask2Former-Swin-L,6761290,Sunset-RAIN,Sunset,RAIN,0.9960959553718567,0.8
Mask2Former-Swin-L,6761290,Night-EXTRASUNNY,Night,EXTRASUNNY,0.99032062292099,0.8
Mask2Former-Swin-L,6761290,Night-FOGGY,Night,FOGGY,0.6197845339775085,0.8
Mask2Former-Swin-L,6761290,Night-RAIN,Night,RAIN,0.9942287802696228,0.8
Mask2Former-Swin-L,677878,Day-FOGGY,Day,FOGGY,0.9745715260505676,0.8
Mask2Former-Swin-L,677878,Day-RAIN,Day,RAIN,0.989210844039917,0.8
Mask2Former-Swin-L,677878,Sunset-EXTRASUNNY,Sunset,EXTRASUNNY,0.9801346659660339,0.8
Mask2Former-Swin-L,677878,Sunset-FOGGY,Sunset,FOGGY,0.956672191619873,0.8
Mask2Former-Swin-L,677878,Sunset-RAIN,Sunset,RAIN,0.9757015705108643,0.8
Mask2Former-Swin-L,677878,Night-EXTRASUNNY,Night,EXTRASUNNY,0.944222629070282,0.8
Mask2Former-Swin-L,677878,Night-FOGGY,Night,FOGGY,0.7087527513504028,0.8
Mask2Former-Swin-L,677878,Night-RAIN,Night,RAIN,0.6538827419281006,0.8
Mask2Former-Swin-L,6942171,Day-FOGGY,Day,FOGGY,0.9835357069969177,0.8
Mask2Former-Swin-L,6942171,Day-RAIN,Day,RAIN,0.9879685044288635,0.8
Mask2Former-Swin-L,6942171,Sunset-EXTRASUNNY,Sunset,EXTRASUNNY,0.9967913031578064,0.8
Mask2Former-Swin-L,6942171,Sunset-FOGGY,Sunset,FOGGY,0.95811927318573,0.8
Mask2Former-Swin-L,6942171,Sunset-RAIN,Sunset,RAIN,0.9928742051124573,0.8
Mask2Former-Swin-L,6942171,Night-EXTRASUNNY,Night,EXTRASUNNY,0.9487258791923523,0.8
Mask2Former-Swin-L,6942171,Night-FOGGY,Night,FOGGY,0.4173029959201813,0.8
Mask2Former-Swin-L,6942171,Night-RAIN,Night,RAIN,0.8456907868385315,0.8
Mask2Former-Swin-L,706997,Day-FOGGY,Day,FOGGY,0.9971500635147095,0.8
Mask2Former-Swin-L,706997,Day-RAIN,Day,RAIN,0.9818117022514343,0.8
Mask2Former-Swin-L,706997,Sunset-EXTRASUNNY,Sunset,EXTRASUNNY,0.9883663058280945,0.8
Mask2Former-Swin-L,706997,Sunset-FOGGY,Sunset,FOGGY,0.9818992018699646,0.8
Mask2Former-Swin-L,706997,Sunset-RAIN,Sunset,RAIN,0.9851893782615662,0.8
Mask2Former-Swin-L,706997,Night-EXTRASUNNY,Night,EXTRASUNNY,0.9891034960746765,0.8
Mask2Former-Swin-L,706997,Night-FOGGY,Night,FOGGY,0.9845190644264221,0.8
Mask2Former-Swin-L,706997,Night-RAIN,Night,RAIN,0.9857527017593384,0.8
Mask2Former-Swin-L,709297,Day-FOGGY,Day,FOGGY,0.9946267008781433,0.8
Mask2Former-Swin-L,709297,Day-RAIN,Day,RAIN,0.9972907304763794,0.8
Mask2Former-Swin-L,709297,Sunset-EXTRASUNNY,Sunset,EXTRASUNNY,0.9811968803405762,0.8
Mask2Former-Swin-L,709297,Sunset-FOGGY,Sunset,FOGGY,0.9761818647384644,0.8
Mask2Former-Swin-L,709297,Sunset-RAIN,Sunset,RAIN,0.9864117503166199,0.8
Mask2Former-Swin-L,709297,Night-EXTRASUNNY,Night,EXTRASUNNY,0.9049546122550964,0.8
Mask2Former-Swin-L,709297,Night-FOGGY,Night,FOGGY,0.8608167767524719,0.8
Mask2Former-Swin-L,709297,Night-RAIN,Night,RAIN,0.8627788424491882,0.8
Mask2Former-Swin-L,721627,Day-FOGGY,Day,FOGGY,0.994605302810669,0.8
Mask2Former-Swin-L,721627,Day-RAIN,Day,RAIN,0.9921899437904358,0.8
Mask2Former-Swin-L,721627,Sunset-EXTRASUNNY,Sunset,EXTRASUNNY,0.8973725438117981,0.8
Mask2Former-Swin-L,721627,Sunset-FOGGY,Sunset,FOGGY,0.8749260306358337,0.8
Mask2Former-Swin-L,721627,Sunset-RAIN,Sunset,RAIN,0.9903310537338257,0.8
Mask2Former-Swin-L,721627,Night-EXTRASUNNY,Night,EXTRASUNNY,0.9665126204490662,0.8
Mask2Former-Swin-L,721627,Night-FOGGY,Night,FOGGY,0.8524413108825684,0.8
Mask2Former-Swin-L,721627,Night-RAIN,Night,RAIN,0.8686553239822388,0.8
Mask2Former-Swin-L,730301,Day-FOGGY,Day,FOGGY,0.9977468252182007,0.8
Mask2Former-Swin-L,730301,Day-RAIN,Day,RAIN,0.9742308855056763,0.8
Mask2Former-Swin-L,730301,Sunset-EXTRASUNNY,Sunset,EXTRASUNNY,0.9841983318328857,0.8
Mask2Former-Swin-L,730301,Sunset-FOGGY,Sunset,FOGGY,0.9930573105812073,0.8
Mask2Former-Swin-L,730301,Sunset-RAIN,Sunset,RAIN,0.9975445866584778,0.8
Mask2Former-Swin-L,730301,Night-EXTRASUNNY,Night,EXTRASUNNY,0.9869722723960876,0.8
Mask2Former-Swin-L,730301,Night-FOGGY,Night,FOGGY,0.9870070815086365,0.8
Mask2Former-Swin-L,730301,Night-RAIN,Night,RAIN,0.9875212907791138,0.8
Mask2Former-Swin-L,7402052,Day-FOGGY,Day,FOGGY,0.9883863925933838,0.8
Mask2Former-Swin-L,7402052,Day-RAIN,Day,RAIN,0.9951143860816956,0.8
Mask2Former-Swin-L,7402052,Sunset-EXTRASUNNY,Sunset,EXTRASUNNY,0.98268723487854,0.8
Mask2Former-Swin-L,7402052,Sunset-FOGGY,Sunset,FOGGY,0.7195660471916199,0.8
Mask2Former-Swin-L,7402052,Sunset-RAIN,Sunset,RAIN,0.990724503993988,0.8
Mask2Former-Swin-L,7402052,Night-EXTRASUNNY,Night,EXTRASUNNY,0.9558230638504028,0.8
Mask2Former-Swin-L,7402052,Night-FOGGY,Night,FOGGY,0.8118319511413574,0.8
Mask2Former-Swin-L,7402052,Night-RAIN,Night,RAIN,0.9738903045654297,0.8
Mask2Former-Swin-L,740535,Day-FOGGY,Day,FOGGY,0.9683775305747986,0.8
Mask2Former-Swin-L,740535,Day-RAIN,Day,RAIN,0.9819868803024292,0.8
Mask2Former-Swin-L,740535,Sunset-EXTRASUNNY,Sunset,EXTRASUNNY,0.9843956828117371,0.8
Mask2Former-Swin-L,740535,Sunset-FOGGY,Sunset,FOGGY,0.9417585134506226,0.8
Mask2Former-Swin-L,740535,Sunset-RAIN,Sunset,RAIN,0.9757552146911621,0.8
Mask2Former-Swin-L,740535,Night-EXTRASUNNY,Night,EXTRASUNNY,0.9776113629341125,0.8
Mask2Former-Swin-L,740535,Night-FOGGY,Night,FOGGY,0.7946492433547974,0.8
Mask2Former-Swin-L,740535,Night-RAIN,Night,RAIN,0.8924455642700195,0.8
Mask2Former-Swin-L,754244,Day-FOGGY,Day,FOGGY,0.9565389156341553,0.8
Mask2Former-Swin-L,754244,Day-RAIN,Day,RAIN,0.9750561118125916,0.8
Mask2Former-Swin-L,754244,Sunset-EXTRASUNNY,Sunset,EXTRASUNNY,0.9893181920051575,0.8
Mask2Former-Swin-L,754244,Sunset-FOGGY,Sunset,FOGGY,0.9544501900672913,0.8
Mask2Former-Swin-L,754244,Sunset-RAIN,Sunset,RAIN,0.9828460812568665,0.8
Mask2Former-Swin-L,754244,Night-EXTRASUNNY,Night,EXTRASUNNY,0.9684358835220337,0.8
Mask2Former-Swin-L,754244,Night-FOGGY,Night,FOGGY,0.680412232875824,0.8
Mask2Former-Swin-L,754244,Night-RAIN,Night,RAIN,0.7350514531135559,0.8
Mask2Former-Swin-L,7601172,Day-FOGGY,Day,FOGGY,0.9439383745193481,0.8
Mask2Former-Swin-L,7601172,Day-RAIN,Day,RAIN,0.8506614565849304,0.8
Mask2Former-Swin-L,7601172,Sunset-EXTRASUNNY,Sunset,EXTRASUNNY,0.9782111644744873,0.8
Mask2Former-Swin-L,7601172,Sunset-FOGGY,Sunset,FOGGY,0.9328593015670776,0.8
Mask2Former-Swin-L,7601172,Sunset-RAIN,Sunset,RAIN,0.9833021759986877,0.8
Mask2Former-Swin-L,7601172,Night-EXTRASUNNY,Night,EXTRASUNNY,0.978937029838562,0.8
Mask2Former-Swin-L,7601172,Night-FOGGY,Night,FOGGY,0.7866870760917664,0.8
Mask2Former-Swin-L,7601172,Night-RAIN,Night,RAIN,0.9487069845199585,0.8
Mask2Former-Swin-L,764275,Day-FOGGY,Day,FOGGY,0.9799941778182983,0.8
Mask2Former-Swin-L,764275,Day-RAIN,Day,RAIN,0.9919302463531494,0.8
Mask2Former-Swin-L,764275,Sunset-EXTRASUNNY,Sunset,EXTRASUNNY,0.9748743772506714,0.8
Mask2Former-Swin-L,764275,Sunset-FOGGY,Sunset,FOGGY,0.7194483876228333,0.8
Mask2Former-Swin-L,764275,Sunset-RAIN,Sunset,RAIN,0.9843084812164307,0.8
Mask2Former-Swin-L,764275,Night-EXTRASUNNY,Night,EXTRASUNNY,0.9512520432472229,0.8
Mask2Former-Swin-L,764275,Night-FOGGY,Night,FOGGY,0.7511321902275085,0.8
Mask2Former-Swin-L,764275,Night-RAIN,Night,RAIN,0.7699602246284485,0.8
Mask2Former-Swin-L,80078,Day-FOGGY,Day,FOGGY,0.9881503582000732,0.8
Mask2Former-Swin-L,80078,Day-RAIN,Day,RAIN,0.9822654128074646,0.8
Mask2Former-Swin-L,80078,Sunset-EXTRASUNNY,Sunset,EXTRASUNNY,0.9789155721664429,0.8
Mask2Former-Swin-L,80078,Sunset-FOGGY,Sunset,FOGGY,0.9881998896598816,0.8
Mask2Former-Swin-L,80078,Sunset-RAIN,Sunset,RAIN,0.987149715423584,0.8
Mask2Former-Swin-L,80078,Night-EXTRASUNNY,Night,EXTRASUNNY,0.7434337139129639,0.8
Mask2Former-Swin-L,80078,Night-FOGGY,Night,FOGGY,0.6962956786155701,0.8
Mask2Former-Swin-L,80078,Night-RAIN,Night,RAIN,0.7424401044845581,0.8
Mask2Former-Swin-L,802754,Day-FOGGY,Day,FOGGY,0.9768500328063965,0.8
Mask2Former-Swin-L,802754,Day-RAIN,Day,RAIN,0.9922374486923218,0.8
Mask2Former-Swin-L,802754,Sunset-EXTRASUNNY,Sunset,EXTRASUNNY,0.9949546456336975,0.8
Mask2Former-Swin-L,802754,Sunset-FOGGY,Sunset,FOGGY,0.9745393395423889,0.8
Mask2Former-Swin-L,802754,Sunset-RAIN,Sunset,RAIN,0.9787448048591614,0.8
Mask2Former-Swin-L,802754,Night-EXTRASUNNY,Night,EXTRASUNNY,0.91883784532547,0.8
Mask2Former-Swin-L,802754,Night-FOGGY,Night,FOGGY,0.7898256778717041,0.8
Mask2Former-Swin-L,802754,Night-RAIN,Night,RAIN,0.8943220376968384,0.8
Mask2Former-Swin-L,807294,Day-FOGGY,Day,FOGGY,0.9899565577507019,0.8
Mask2Former-Swin-L,807294,Day-RAIN,Day,RAIN,0.9909712672233582,0.8
Mask2Former-Swin-L,807294,Sunset-EXTRASUNNY,Sunset,EXTRASUNNY,0.8747059106826782,0.8
Mask2Former-Swin-L,807294,Sunset-FOGGY,Sunset,FOGGY,0.9404767155647278,0.8
Mask2Former-Swin-L,807294,Sunset-RAIN,Sunset,RAIN,0.9885148406028748,0.8
Mask2Former-Swin-L,807294,Night-EXTRASUNNY,Night,EXTRASUNNY,0.8656957149505615,0.8
Mask2Former-Swin-L,807294,Night-FOGGY,Night,FOGGY,0.7906970381736755,0.8
Mask2Former-Swin-L,807294,Night-RAIN,Night,RAIN,0.8186819553375244,0.8
Mask2Former-Swin-L,8211195,Day-FOGGY,Day,FOGGY,0.9779086709022522,0.8
Mask2Former-Swin-L,8211195,Day-RAIN,Day,RAIN,0.9750801920890808,0.8
Mask2Former-Swin-L,8211195,Sunset-EXTRASUNNY,Sunset,EXTRASUNNY,0.9540008306503296,0.8
Mask2Former-Swin-L,8211195,Sunset-FOGGY,Sunset,FOGGY,0.955777645111084,0.8
Mask2Former-Swin-L,8211195,Sunset-RAIN,Sunset,RAIN,0.9651552438735962,0.8
Mask2Former-Swin-L,8211195,Night-EXTRASUNNY,Night,EXTRASUNNY,0.9068561792373657,0.8
Mask2Former-Swin-L,8211195,Night-FOGGY,Night,FOGGY,0.8300959467887878,0.8
Mask2Former-Swin-L,8211195,Night-RAIN,Night,RAIN,0.8252475261688232,0.8
Mask2Former-Swin-L,840214,Day-FOGGY,Day,FOGGY,0.9645043611526489,0.8
Mask2Former-Swin-L,840214,Day-RAIN,Day,RAIN,0.9736178517341614,0.8
Mask2Former-Swin-L,840214,Sunset-EXTRASUNNY,Sunset,EXTRASUNNY,0.9683012366294861,0.8
Mask2Former-Swin-L,840214,Sunset-FOGGY,Sunset,FOGGY,0.9683149456977844,0.8
Mask2Former-Swin-L,840214,Sunset-RAIN,Sunset,RAIN,0.971767008304596,0.8
Mask2Former-Swin-L,840214,Night-EXTRASUNNY,Night,EXTRASUNNY,0.8350722789764404,0.8
Mask2Former-Swin-L,840214,Night-FOGGY,Night,FOGGY,0.7674306631088257,0.8
Mask2Former-Swin-L,840214,Night-RAIN,Night,RAIN,0.7730178236961365,0.8
Mask2Former-Swin-L,849953,Day-FOGGY,Day,FOGGY,0.9793421030044556,0.8
Mask2Former-Swin-L,849953,Day-RAIN,Day,RAIN,0.9912882447242737,0.8
Mask2Former-Swin-L,849953,Sunset-EXTRASUNNY,Sunset,EXTRASUNNY,0.979780375957489,0.8
Mask2Former-Swin-L,849953,Sunset-FOGGY,Sunset,FOGGY,0.9386422634124756,0.8
Mask2Former-Swin-L,849953,Sunset-RAIN,Sunset,RAIN,0.9930523037910461,0.8
Mask2Former-Swin-L,849953,Night-EXTRASUNNY,Night,EXTRASUNNY,0.8981732726097107,0.8
Mask2Former-Swin-L,849953,Night-FOGGY,Night,FOGGY,0.9581319093704224,0.8
Mask2Former-Swin-L,849953,Night-RAIN,Night,RAIN,0.7397887706756592,0.8
Mask2Former-Swin-L,863810,Day-FOGGY,Day,FOGGY,0.999030590057373,0.8
Mask2Former-Swin-L,863810,Day-RAIN,Day,RAIN,0.9945244789123535,0.8
Mask2Former-Swin-L,863810,Sunset-EXTRASUNNY,Sunset,EXTRASUNNY,0.9972270727157593,0.8
Mask2Former-Swin-L,863810,Sunset-FOGGY,Sunset,FOGGY,0.9969550371170044,0.8
Mask2Former-Swin-L,863810,Sunset-RAIN,Sunset,RAIN,0.9946114420890808,0.8
Mask2Former-Swin-L,863810,Night-EXTRASUNNY,Night,EXTRASUNNY,0.9064838886260986,0.8
Mask2Former-Swin-L,863810,Night-FOGGY,Night,FOGGY,0.9539996981620789,0.8
Mask2Former-Swin-L,863810,Night-RAIN,Night,RAIN,0.5827711820602417,0.8
Mask2Former-Swin-L,871354,Day-FOGGY,Day,FOGGY,0.974665105342865,0.8
Mask2Former-Swin-L,871354,Day-RAIN,Day,RAIN,0.9779163002967834,0.8
Mask2Former-Swin-L,871354,Sunset-EXTRASUNNY,Sunset,EXTRASUNNY,0.9812899231910706,0.8
Mask2Former-Swin-L,871354,Sunset-FOGGY,Sunset,FOGGY,0.9656513929367065,0.8
Mask2Former-Swin-L,871354,Sunset-RAIN,Sunset,RAIN,0.9747371077537537,0.8
Mask2Former-Swin-L,871354,Night-EXTRASUNNY,Night,EXTRASUNNY,0.9530414938926697,0.8
Mask2Former-Swin-L,871354,Night-FOGGY,Night,FOGGY,0.9103026390075684,0.8
Mask2Former-Swin-L,871354,Night-RAIN,Night,RAIN,0.8437179923057556,0.8
Mask2Former-Swin-L,878,Day-FOGGY,Day,FOGGY,0.938289225101471,0.8
Mask2Former-Swin-L,878,Day-RAIN,Day,RAIN,0.9384573101997375,0.8
Mask2Former-Swin-L,878,Sunset-EXTRASUNNY,Sunset,EXTRASUNNY,0.9475597143173218,0.8
Mask2Former-Swin-L,878,Sunset-FOGGY,Sunset,FOGGY,0.9074077010154724,0.8
Mask2Former-Swin-L,878,Sunset-RAIN,Sunset,RAIN,0.9047542810440063,0.8
Mask2Former-Swin-L,878,Night-EXTRASUNNY,Night,EXTRASUNNY,0.9206056594848633,0.8
Mask2Former-Swin-L,878,Night-FOGGY,Night,FOGGY,0.8280495405197144,0.8
Mask2Former-Swin-L,878,Night-RAIN,Night,RAIN,0.8428279757499695,0.8
Mask2Former-Swin-L,8791456,Day-FOGGY,Day,FOGGY,0.9475618600845337,0.8
Mask2Former-Swin-L,8791456,Day-RAIN,Day,RAIN,0.9794889092445374,0.8
Mask2Former-Swin-L,8791456,Sunset-EXTRASUNNY,Sunset,EXTRASUNNY,0.9856053590774536,0.8
Mask2Former-Swin-L,8791456,Sunset-FOGGY,Sunset,FOGGY,0.9347131848335266,0.8
Mask2Former-Swin-L,8791456,Sunset-RAIN,Sunset,RAIN,0.9363206028938293,0.8
Mask2Former-Swin-L,8791456,Night-EXTRASUNNY,Night,EXTRASUNNY,0.965849757194519,0.8
Mask2Former-Swin-L,8791456,Night-FOGGY,Night,FOGGY,0.7944973707199097,0.8
Mask2Former-Swin-L,8791456,Night-RAIN,Night,RAIN,0.9300234317779541,0.8
Mask2Former-Swin-L,960645,Day-FOGGY,Day,FOGGY,0.9859013557434082,0.8
Mask2Former-Swin-L,960645,Day-RAIN,Day,RAIN,0.9728902578353882,0.8
Mask2Former-Swin-L,960645,Sunset-EXTRASUNNY,Sunset,EXTRASUNNY,0.9719797968864441,0.8
Mask2Former-Swin-L,960645,Sunset-FOGGY,Sunset,FOGGY,0.9370643496513367,0.8
Mask2Former-Swin-L,960645,Sunset-RAIN,Sunset,RAIN,0.9637727737426758,0.8
Mask2Former-Swin-L,960645,Night-EXTRASUNNY,Night,EXTRASUNNY,0.9513258934020996,0.8
Mask2Former-Swin-L,960645,Night-FOGGY,Night,FOGGY,0.7196559906005859,0.8
Mask2Former-Swin-L,960645,Night-RAIN,Night,RAIN,0.9099785685539246,0.8
Mask2Former-Swin-L,973598,Day-FOGGY,Day,FOGGY,0.9788782000541687,0.8
Mask2Former-Swin-L,973598,Day-RAIN,Day,RAIN,0.9856020212173462,0.8
Mask2Former-Swin-L,973598,Sunset-EXTRASUNNY,Sunset,EXTRASUNNY,0.9901568293571472,0.8
Mask2Former-Swin-L,973598,Sunset-FOGGY,Sunset,FOGGY,0.9655717611312866,0.8
Mask2Former-Swin-L,973598,Sunset-RAIN,Sunset,RAIN,0.9278711080551147,0.8
Mask2Former-Swin-L,973598,Night-EXTRASUNNY,Night,EXTRASUNNY,0.926054060459137,0.8
Mask2Former-Swin-L,973598,Night-FOGGY,Night,FOGGY,0.8708552718162537,0.8
Mask2Former-Swin-L,973598,Night-RAIN,Night,RAIN,0.6355749368667603,0.8
Mask2Former-Swin-L,988137,Day-FOGGY,Day,FOGGY,0.9889700412750244,0.8
Mask2Former-Swin-L,988137,Day-RAIN,Day,RAIN,0.9746591448783875,0.8
Mask2Former-Swin-L,988137,Sunset-EXTRASUNNY,Sunset,EXTRASUNNY,0.9876021146774292,0.8
Mask2Former-Swin-L,988137,Sunset-FOGGY,Sunset,FOGGY,0.9233466386795044,0.8
Mask2Former-Swin-L,988137,Sunset-RAIN,Sunset,RAIN,0.9826235771179199,0.8
Mask2Former-Swin-L,988137,Night-EXTRASUNNY,Night,EXTRASUNNY,0.9659287929534912,0.8
Mask2Former-Swin-L,988137,Night-FOGGY,Night,FOGGY,0.9398066401481628,0.8
Mask2Former-Swin-L,988137,Night-RAIN,Night,RAIN,0.9537878036499023,0.8
Mask2Former-Swin-L,9958,Day-FOGGY,Day,FOGGY,0.9862696528434753,0.8
Mask2Former-Swin-L,9958,Day-RAIN,Day,RAIN,0.9734103083610535,0.8
Mask2Former-Swin-L,9958,Sunset-EXTRASUNNY,Sunset,EXTRASUNNY,0.9829588532447815,0.8
Mask2Former-Swin-L,9958,Sunset-FOGGY,Sunset,FOGGY,0.9531510472297668,0.8
Mask2Former-Swin-L,9958,Sunset-RAIN,Sunset,RAIN,0.9811187982559204,0.8
Mask2Former-Swin-L,9958,Night-EXTRASUNNY,Night,EXTRASUNNY,0.9396299123764038,0.8
Mask2Former-Swin-L,9958,Night-FOGGY,Night,FOGGY,0.905772864818573,0.8
Mask2Former-Swin-L,9958,Night-RAIN,Night,RAIN,0.9284248948097229,0.8
