model,loc_id,sec_condition,pixel_agreement_masked,conf_threshold,coverage_masked,clean_path,sec_path
SegFormer-B0,10231074,Sunset-FOGGY,0.935403650663195,0.6,0.9064344167709351,/home/ace/Downloads/Dataset/Day/10231074_Day_EXTRASUNNY.png,/home/ace/Downloads/Dataset/Sunset/10231074_Sunset_FOGGY.png
SegFormer-B0,108359,Night-EXTRASUNNY,0.571229417900699,0.6,0.9016767144203186,/home/ace/Downloads/Dataset/Day/108359_Day_EXTRASUNNY.png,/home/ace/Downloads/Dataset/Night/108359_Night_EXTRASUNNY.png
SegFormer-B2,10231074,Sunset-FOGGY,0.9156557576540528,0.6,0.9525974988937378,/home/ace/Downloads/Dataset/Day/10231074_Day_EXTRASUNNY.png,/home/ace/Downloads/Dataset/Sunset/10231074_Sunset_FOGGY.png
SegFormer-B2,108359,Night-EXTRASUNNY,0.5719648168656396,0.6,0.9475277066230774,/home/ace/Downloads/Dataset/Day/108359_Day_EXTRASUNNY.png,/home/ace/Downloads/Dataset/Night/108359_Night_EXTRASUNNY.png
SegFormer-B5,10231074,Sunset-FOGGY,0.8874722591719982,0.6,0.96397864818573,/home/ace/Downloads/Dataset/Day/10231074_Day_EXTRASUNNY.png,/home/ace/Downloads/Dataset/Sunset/10231074_Sunset_FOGGY.png
SegFormer-B5,108359,Night-EXTRASUNNY,0.6162828519568624,0.6,0.9779524207115173,/home/ace/Downloads/Dataset/Day/108359_Day_EXTRASUNNY.png,/home/ace/Downloads/Dataset/Night/108359_Night_EXTRASUNNY.png
Mask2Former-Swin-S,10231074,Sunset-FOGGY,0.9181118546353602,0.6,0.9617195725440979,/home/ace/Downloads/Dataset/Day/10231074_Day_EXTRASUNNY.png,/home/ace/Downloads/Dataset/Sunset/10231074_Sunset_FOGGY.png
Mask2Former-Swin-S,108359,Night-EXTRASUNNY,0.8857684759029922,0.6,0.9573343396186829,/home/ace/Downloads/Dataset/Day/108359_Day_EXTRASUNNY.png,/home/ace/Downloads/Dataset/Night/108359_Night_EXTRASUNNY.png
Mask2Former-Swin-L,10231074,Sunset-FOGGY,0.9423303797289467,0.6,0.9718849658966064,/home/ace/Downloads/Dataset/Day/10231074_Day_EXTRASUNNY.png,/home/ace/Downloads/Dataset/Sunset/10231074_Sunset_FOGGY.png
Mask2Former-Swin-L,108359,Night-EXTRASUNNY,0.9175542714805,0.6,0.9483985304832458,/home/ace/Downloads/Dataset/Day/108359_Day_EXTRASUNNY.png,/home/ace/Downloads/Dataset/Night/108359_Night_EXTRASUNNY.png
DeepLabV3+-R101,10231074,Sunset-FOGGY,0.7198053375960013,0.6,0.8581963181495667,/home/ace/Downloads/Dataset/Day/10231074_Day_EXTRASUNNY.png,/home/ace/Downloads/Dataset/Sunset/10231074_Sunset_FOGGY.png
DeepLabV3+-R101,108359,Night-EXTRASUNNY,0.6012227521564063,0.6,0.9288957118988037,/home/ace/Downloads/Dataset/Day/108359_Day_EXTRASUNNY.png,/home/ace/Downloads/Dataset/Night/108359_Night_EXTRASUNNY.png
PIDNet-M,10231074,Sunset-FOGGY,0.7650146979572754,0.6,0.9236270785331726,/home/ace/Downloads/Dataset/Day/10231074_Day_EXTRASUNNY.png,/home/ace/Downloads/Dataset/Sunset/10231074_Sunset_FOGGY.png
PIDNet-M,108359,Night-EXTRASUNNY,0.5426764824891445,0.6,0.9096966981887817,/home/ace/Downloads/Dataset/Day/108359_Day_EXTRASUNNY.png,/home/ace/Downloads/Dataset/Night/108359_Night_EXTRASUNNY.png
DDRNet-23,10231074,Sunset-FOGGY,0.4731611150545443,0.6,0.8064948916435242,/home/ace/Downloads/Dataset/Day/10231074_Day_EXTRASUNNY.png,/home/ace/Downloads/Dataset/Sunset/10231074_Sunset_FOGGY.png
DDRNet-23,108359,Night-EXTRASUNNY,0.40918078397126334,0.6,0.7882776260375977,/home/ace/Downloads/Dataset/Day/108359_Day_EXTRASUNNY.png,/home/ace/Downloads/Dataset/Night/108359_Night_EXTRASUNNY.png
SegFormer-B0,10901081,Day-FOGGY,0.9676944650435353,0.6,0.9512515068054199,/home/ace/Downloads/Dataset/Day/10901081_Day_EXTRASUNNY.png,/home/ace/Downloads/Dataset/Day/10901081_Day_FOGGY.png
SegFormer-B0,11101250,Sunset-FOGGY,0.5069658288035682,0.6,0.8617261648178101,/home/ace/Downloads/Dataset/Day/11101250_Day_EXTRASUNNY.png,/home/ace/Downloads/Dataset/Sunset/11101250_Sunset_FOGGY.png
SegFormer-B2,10901081,Day-FOGGY,0.9795600978833191,0.6,0.9590989947319031,/home/ace/Downloads/Dataset/Day/10901081_Day_EXTRASUNNY.png,/home/ace/Downloads/Dataset/Day/10901081_Day_FOGGY.png
SegFormer-B2,11101250,Sunset-FOGGY,0.8725396755689175,0.6,0.9257454872131348,/home/ace/Downloads/Dataset/Day/11101250_Day_EXTRASUNNY.png,/home/ace/Downloads/Dataset/Sunset/11101250_Sunset_FOGGY.png
SegFormer-B5,10901081,Day-FOGGY,0.9780350725438964,0.6,0.9857290387153625,/home/ace/Downloads/Dataset/Day/10901081_Day_EXTRASUNNY.png,/home/ace/Downloads/Dataset/Day/10901081_Day_FOGGY.png
SegFormer-B5,11101250,Sunset-FOGGY,0.8925371982474647,0.6,0.9681611657142639,/home/ace/Downloads/Dataset/Day/11101250_Day_EXTRASUNNY.png,/home/ace/Downloads/Dataset/Sunset/11101250_Sunset_FOGGY.png
Mask2Former-Swin-S,10901081,Day-FOGGY,0.9711727845463931,0.6,0.9743231534957886,/home/ace/Downloads/Dataset/Day/10901081_Day_EXTRASUNNY.png,/home/ace/Downloads/Dataset/Day/10901081_Day_FOGGY.png
Mask2Former-Swin-S,11101250,Sunset-FOGGY,0.9223233800797065,0.6,0.9378161430358887,/home/ace/Downloads/Dataset/Day/11101250_Day_EXTRASUNNY.png,/home/ace/Downloads/Dataset/Sunset/11101250_Sunset_FOGGY.png
Mask2Former-Swin-L,10901081,Day-FOGGY,0.9693290025231742,0.6,0.974593997001648,/home/ace/Downloads/Dataset/Day/10901081_Day_EXTRASUNNY.png,/home/ace/Downloads/Dataset/Day/10901081_Day_FOGGY.png
Mask2Former-Swin-L,11101250,Sunset-FOGGY,0.8891849037819448,0.6,0.9469492435455322,/home/ace/Downloads/Dataset/Day/11101250_Day_EXTRASUNNY.png,/home/ace/Downloads/Dataset/Sunset/11101250_Sunset_FOGGY.png
DeepLabV3+-R101,10901081,Day-FOGGY,0.9022944826474371,0.6,0.9064707159996033,/home/ace/Downloads/Dataset/Day/10901081_Day_EXTRASUNNY.png,/home/ace/Downloads/Dataset/Day/10901081_Day_FOGGY.png
DeepLabV3+-R101,11101250,Sunset-FOGGY,0.750522101676003,0.6,0.9473029971122742,/home/ace/Downloads/Dataset/Day/11101250_Day_EXTRASUNNY.png,/home/ace/Downloads/Dataset/Sunset/11101250_Sunset_FOGGY.png
PIDNet-M,10901081,Day-FOGGY,0.9729902711502071,0.6,0.9287654757499695,/home/ace/Downloads/Dataset/Day/10901081_Day_EXTRASUNNY.png,/home/ace/Downloads/Dataset/Day/10901081_Day_FOGGY.png
PIDNet-M,11101250,Sunset-FOGGY,0.6411937377690803,0.6,0.9152070879936218,/home/ace/Downloads/Dataset/Day/11101250_Day_EXTRASUNNY.png,/home/ace/Downloads/Dataset/Sunset/11101250_Sunset_FOGGY.png
DDRNet-23,10901081,Day-FOGGY,0.6433475068577988,0.6,0.8658075928688049,/home/ace/Downloads/Dataset/Day/10901081_Day_EXTRASUNNY.png,/home/ace/Downloads/Dataset/Day/10901081_Day_FOGGY.png
DDRNet-23,11101250,Sunset-FOGGY,0.3019531401698459,0.6,0.8771046996116638,/home/ace/Downloads/Dataset/Day/11101250_Day_EXTRASUNNY.png,/home/ace/Downloads/Dataset/Sunset/11101250_Sunset_FOGGY.png
SegFormer-B0,11131433,Day-RAIN,0.9477984609904834,0.6,0.919285774230957,/home/ace/Downloads/Dataset/Day/11131433_Day_EXTRASUNNY.png,/home/ace/Downloads/Dataset/Day/11131433_Day_RAIN.png
SegFormer-B0,1119803,Sunset-RAIN,0.9510973156372323,0.6,0.9355971813201904,/home/ace/Downloads/Dataset/Day/1119803_Day_EXTRASUNNY.png,/home/ace/Downloads/Dataset/Sunset/1119803_Sunset_RAIN.png
SegFormer-B2,11131433,Day-RAIN,0.9549618713069237,0.6,0.9510553479194641,/home/ace/Downloads/Dataset/Day/11131433_Day_EXTRASUNNY.png,/home/ace/Downloads/Dataset/Day/11131433_Day_RAIN.png
SegFormer-B2,1119803,Sunset-RAIN,0.9643312101910828,0.6,0.9479342699050903,/home/ace/Downloads/Dataset/Day/1119803_Day_EXTRASUNNY.png,/home/ace/Downloads/Dataset/Sunset/1119803_Sunset_RAIN.png
SegFormer-B5,11131433,Day-RAIN,0.9409188243253065,0.6,0.9826337695121765,/home/ace/Downloads/Dataset/Day/11131433_Day_EXTRASUNNY.png,/home/ace/Downloads/Dataset/Day/11131433_Day_RAIN.png
SegFormer-B5,1119803,Sunset-RAIN,0.9585994627204488,0.6,0.9738677144050598,/home/ace/Downloads/Dataset/Day/1119803_Day_EXTRASUNNY.png,/home/ace/Downloads/Dataset/Sunset/1119803_Sunset_RAIN.png
Mask2Former-Swin-S,11131433,Day-RAIN,0.9129923199371243,0.6,0.9646439552307129,/home/ace/Downloads/Dataset/Day/11131433_Day_EXTRASUNNY.png,/home/ace/Downloads/Dataset/Day/11131433_Day_RAIN.png
Mask2Former-Swin-S,1119803,Sunset-RAIN,0.9572273260986419,0.6,0.9423436522483826,/home/ace/Downloads/Dataset/Day/1119803_Day_EXTRASUNNY.png,/home/ace/Downloads/Dataset/Sunset/1119803_Sunset_RAIN.png
Mask2Former-Swin-L,11131433,Day-RAIN,0.9635290286180845,0.6,0.9581760168075562,/home/ace/Downloads/Dataset/Day/11131433_Day_EXTRASUNNY.png,/home/ace/Downloads/Dataset/Day/11131433_Day_RAIN.png
Mask2Former-Swin-L,1119803,Sunset-RAIN,0.9488178399489849,0.6,0.946826159954071,/home/ace/Downloads/Dataset/Day/1119803_Day_EXTRASUNNY.png,/home/ace/Downloads/Dataset/Sunset/1119803_Sunset_RAIN.png
DeepLabV3+-R101,11131433,Day-RAIN,0.75083898940277,0.6,0.9257570505142212,/home/ace/Downloads/Dataset/Day/11131433_Day_EXTRASUNNY.png,/home/ace/Downloads/Dataset/Day/11131433_Day_RAIN.png
DeepLabV3+-R101,1119803,Sunset-RAIN,0.7552247196209794,0.6,0.9499439597129822,/home/ace/Downloads/Dataset/Day/1119803_Day_EXTRASUNNY.png,/home/ace/Downloads/Dataset/Sunset/1119803_Sunset_RAIN.png
PIDNet-M,11131433,Day-RAIN,0.9220664276255425,0.6,0.8969530463218689,/home/ace/Downloads/Dataset/Day/11131433_Day_EXTRASUNNY.png,/home/ace/Downloads/Dataset/Day/11131433_Day_RAIN.png
PIDNet-M,1119803,Sunset-RAIN,0.8974898332876391,0.6,0.9358053803443909,/home/ace/Downloads/Dataset/Day/1119803_Day_EXTRASUNNY.png,/home/ace/Downloads/Dataset/Sunset/1119803_Sunset_RAIN.png
DDRNet-23,11131433,Day-RAIN,0.47902538062886596,0.6,0.818285346031189,/home/ace/Downloads/Dataset/Day/11131433_Day_EXTRASUNNY.png,/home/ace/Downloads/Dataset/Day/11131433_Day_RAIN.png
DDRNet-23,1119803,Sunset-RAIN,0.5143474803697445,0.6,0.8843863010406494,/home/ace/Downloads/Dataset/Day/1119803_Day_EXTRASUNNY.png,/home/ace/Downloads/Dataset/Sunset/1119803_Sunset_RAIN.png
SegFormer-B0,112170,Day-RAIN,0.895484418322241,0.6,0.8962240219116211,/home/ace/Downloads/Dataset/Day/112170_Day_EXTRASUNNY.png,/home/ace/Downloads/Dataset/Day/112170_Day_RAIN.png
SegFormer-B0,1124819,Day-FOGGY,0.8536413277425678,0.6,0.9406158328056335,/home/ace/Downloads/Dataset/Day/1124819_Day_EXTRASUNNY.png,/home/ace/Downloads/Dataset/Day/1124819_Day_FOGGY.png
SegFormer-B2,112170,Day-RAIN,0.9233690348755375,0.6,0.9289473295211792,/home/ace/Downloads/Dataset/Day/112170_Day_EXTRASUNNY.png,/home/ace/Downloads/Dataset/Day/112170_Day_RAIN.png
SegFormer-B2,1124819,Day-FOGGY,0.8734650628614051,0.6,0.9457235336303711,/home/ace/Downloads/Dataset/Day/1124819_Day_EXTRASUNNY.png,/home/ace/Downloads/Dataset/Day/1124819_Day_FOGGY.png
SegFormer-B5,112170,Day-RAIN,0.9563582209819244,0.6,0.9654345512390137,/home/ace/Downloads/Dataset/Day/112170_Day_EXTRASUNNY.png,/home/ace/Downloads/Dataset/Day/112170_Day_RAIN.png
SegFormer-B5,1124819,Day-FOGGY,0.9273456337202071,0.6,0.9629062414169312,/home/ace/Downloads/Dataset/Day/1124819_Day_EXTRASUNNY.png,/home/ace/Downloads/Dataset/Day/1124819_Day_FOGGY.png
Mask2Former-Swin-S,112170,Day-RAIN,0.8673967693509268,0.6,0.894050657749176,/home/ace/Downloads/Dataset/Day/112170_Day_EXTRASUNNY.png,/home/ace/Downloads/Dataset/Day/112170_Day_RAIN.png
Mask2Former-Swin-S,1124819,Day-FOGGY,0.88090538976007,0.6,0.9481122493743896,/home/ace/Downloads/Dataset/Day/1124819_Day_EXTRASUNNY.png,/home/ace/Downloads/Dataset/Day/1124819_Day_FOGGY.png
Mask2Former-Swin-L,112170,Day-RAIN,0.9418935870581413,0.6,0.9284803867340088,/home/ace/Downloads/Dataset/Day/112170_Day_EXTRASUNNY.png,/home/ace/Downloads/Dataset/Day/112170_Day_RAIN.png
Mask2Former-Swin-L,1124819,Day-FOGGY,0.9156710173686519,0.6,0.9382743239402771,/home/ace/Downloads/Dataset/Day/1124819_Day_EXTRASUNNY.png,/home/ace/Downloads/Dataset/Day/1124819_Day_FOGGY.png
DeepLabV3+-R101,112170,Day-RAIN,0.9140391376877492,0.6,0.871748685836792,/home/ace/Downloads/Dataset/Day/112170_Day_EXTRASUNNY.png,/home/ace/Downloads/Dataset/Day/112170_Day_RAIN.png
DeepLabV3+-R101,1124819,Day-FOGGY,0.7981602156286635,0.6,0.896028995513916,/home/ace/Downloads/Dataset/Day/1124819_Day_EXTRASUNNY.png,/home/ace/Downloads/Dataset/Day/1124819_Day_FOGGY.png
PIDNet-M,112170,Day-RAIN,0.8604315228861313,0.6,0.8637254238128662,/home/ace/Downloads/Dataset/Day/112170_Day_EXTRASUNNY.png,/home/ace/Downloads/Dataset/Day/112170_Day_RAIN.png
PIDNet-M,1124819,Day-FOGGY,0.8694229930226708,0.6,0.8625892400741577,/home/ace/Downloads/Dataset/Day/1124819_Day_EXTRASUNNY.png,/home/ace/Downloads/Dataset/Day/1124819_Day_FOGGY.png
DDRNet-23,112170,Day-RAIN,0.8119825394854637,0.6,0.8407372832298279,/home/ace/Downloads/Dataset/Day/112170_Day_EXTRASUNNY.png,/home/ace/Downloads/Dataset/Day/112170_Day_RAIN.png
DDRNet-23,1124819,Day-FOGGY,0.8071858563438439,0.6,0.8470074534416199,/home/ace/Downloads/Dataset/Day/1124819_Day_EXTRASUNNY.png,/home/ace/Downloads/Dataset/Day/1124819_Day_FOGGY.png
SegFormer-B0,11281105,Night-FOGGY,0.9170700764921101,0.6,0.9405955076217651,/home/ace/Downloads/Dataset/Day/11281105_Day_EXTRASUNNY.png,/home/ace/Downloads/Dataset/Night/11281105_Night_FOGGY.png
SegFormer-B0,1129575,Sunset-EXTRASUNNY,0.9676949189623235,0.6,0.9140720367431641,/home/ace/Downloads/Dataset/Day/1129575_Day_EXTRASUNNY.png,/home/ace/Downloads/Dataset/Sunset/1129575_Sunset_EXTRASUNNY.png
SegFormer-B2,11281105,Night-FOGGY,0.8548693257247023,0.6,0.9704510569572449,/home/ace/Downloads/Dataset/Day/11281105_Day_EXTRASUNNY.png,/home/ace/Downloads/Dataset/Night/11281105_Night_FOGGY.png
SegFormer-B2,1129575,Sunset-EXTRASUNNY,0.966585206006146,0.6,0.9430693984031677,/home/ace/Downloads/Dataset/Day/1129575_Day_EXTRASUNNY.png,/home/ace/Downloads/Dataset/Sunset/1129575_Sunset_EXTRASUNNY.png
SegFormer-B5,11281105,Night-FOGGY,0.9142949005558254,0.6,0.9808114171028137,/home/ace/Downloads/Dataset/Day/11281105_Day_EXTRASUNNY.png,/home/ace/Downloads/Dataset/Night/11281105_Night_FOGGY.png
SegFormer-B5,1129575,Sunset-EXTRASUNNY,0.9802029098257937,0.6,0.968872606754303,/home/ace/Downloads/Dataset/Day/1129575_Day_EXTRASUNNY.png,/home/ace/Downloads/Dataset/Sunset/1129575_Sunset_EXTRASUNNY.png
Mask2Former-Swin-S,11281105,Night-FOGGY,0.7208237143574685,0.6,0.9100362658500671,/home/ace/Downloads/Dataset/Day/11281105_Day_EXTRASUNNY.png,/home/ace/Downloads/Dataset/Night/11281105_Night_FOGGY.png
Mask2Former-Swin-S,1129575,Sunset-EXTRASUNNY,0.9504253728850842,0.6,0.9540676474571228,/home/ace/Downloads/Dataset/Day/1129575_Day_EXTRASUNNY.png,/home/ace/Downloads/Dataset/Sunset/1129575_Sunset_EXTRASUNNY.png
Mask2Former-Swin-L,11281105,Night-FOGGY,0.8621077986673757,0.6,0.948367178440094,/home/ace/Downloads/Dataset/Day/11281105_Day_EXTRASUNNY.png,/home/ace/Downloads/Dataset/Night/11281105_Night_FOGGY.png
Mask2Former-Swin-L,1129575,Sunset-EXTRASUNNY,0.980071676865014,0.6,0.9587154984474182,/home/ace/Downloads/Dataset/Day/1129575_Day_EXTRASUNNY.png,/home/ace/Downloads/Dataset/Sunset/1129575_Sunset_EXTRASUNNY.png
DeepLabV3+-R101,11281105,Night-FOGGY,0.5263904154971614,0.6,0.8532067537307739,/home/ace/Downloads/Dataset/Day/11281105_Day_EXTRASUNNY.png,/home/ace/Downloads/Dataset/Night/11281105_Night_FOGGY.png
DeepLabV3+-R101,1129575,Sunset-EXTRASUNNY,0.9121001759016554,0.6,0.9048143029212952,/home/ace/Downloads/Dataset/Day/1129575_Day_EXTRASUNNY.png,/home/ace/Downloads/Dataset/Sunset/1129575_Sunset_EXTRASUNNY.png
PIDNet-M,11281105,Night-FOGGY,0.5251198590262464,0.6,0.894152820110321,/home/ace/Downloads/Dataset/Day/11281105_Day_EXTRASUNNY.png,/home/ace/Downloads/Dataset/Night/11281105_Night_FOGGY.png
PIDNet-M,1129575,Sunset-EXTRASUNNY,0.5519415389024216,0.6,0.9355432987213135,/home/ace/Downloads/Dataset/Day/1129575_Day_EXTRASUNNY.png,/home/ace/Downloads/Dataset/Sunset/1129575_Sunset_EXTRASUNNY.png
DDRNet-23,11281105,Night-FOGGY,0.4628510083752279,0.6,0.7942489385604858,/home/ace/Downloads/Dataset/Day/11281105_Day_EXTRASUNNY.png,/home/ace/Downloads/Dataset/Night/11281105_Night_FOGGY.png
DDRNet-23,1129575,Sunset-EXTRASUNNY,0.30466847055905255,0.6,0.7486039996147156,/home/ace/Downloads/Dataset/Day/1129575_Day_EXTRASUNNY.png,/home/ace/Downloads/Dataset/Sunset/1129575_Sunset_EXTRASUNNY.png
SegFormer-B0,1161197,Night-FOGGY,0.7956585856208791,0.6,0.9198148250579834,/home/ace/Downloads/Dataset/Day/1161197_Day_EXTRASUNNY.png,/home/ace/Downloads/Dataset/Night/1161197_Night_FOGGY.png
SegFormer-B0,1162709,Day-FOGGY,0.8215042985239651,0.6,0.9361371994018555,/home/ace/Downloads/Dataset/Day/1162709_Day_EXTRASUNNY.png,/home/ace/Downloads/Dataset/Day/1162709_Day_FOGGY.png
SegFormer-B2,1161197,Night-FOGGY,0.836075170896705,0.6,0.9290627241134644,/home/ace/Downloads/Dataset/Day/1161197_Day_EXTRASUNNY.png,/home/ace/Downloads/Dataset/Night/1161197_Night_FOGGY.png
SegFormer-B2,1162709,Day-FOGGY,0.8876118376169156,0.6,0.9574865102767944,/home/ace/Downloads/Dataset/Day/1162709_Day_EXTRASUNNY.png,/home/ace/Downloads/Dataset/Day/1162709_Day_FOGGY.png
SegFormer-B5,1161197,Night-FOGGY,0.8461093843844268,0.6,0.9723585247993469,/home/ace/Downloads/Dataset/Day/1161197_Day_EXTRASUNNY.png,/home/ace/Downloads/Dataset/Night/1161197_Night_FOGGY.png
SegFormer-B5,1162709,Day-FOGGY,0.8912525399062752,0.6,0.9603867530822754,/home/ace/Downloads/Dataset/Day/1162709_Day_EXTRASUNNY.png,/home/ace/Downloads/Dataset/Day/1162709_Day_FOGGY.png
Mask2Former-Swin-S,1161197,Night-FOGGY,0.7483030567295774,0.6,0.9600889682769775,/home/ace/Downloads/Dataset/Day/1161197_Day_EXTRASUNNY.png,/home/ace/Downloads/Dataset/Night/1161197_Night_FOGGY.png
Mask2Former-Swin-S,1162709,Day-FOGGY,0.9235686764546783,0.6,0.9597665071487427,/home/ace/Downloads/Dataset/Day/1162709_Day_EXTRASUNNY.png,/home/ace/Downloads/Dataset/Day/1162709_Day_FOGGY.png
Mask2Former-Swin-L,1161197,Night-FOGGY,0.9241517740040829,0.6,0.9634435772895813,/home/ace/Downloads/Dataset/Day/1161197_Day_EXTRASUNNY.png,/home/ace/Downloads/Dataset/Night/1161197_Night_FOGGY.png
Mask2Former-Swin-L,1162709,Day-FOGGY,0.8704404254818441,0.6,0.9338094592094421,/home/ace/Downloads/Dataset/Day/1162709_Day_EXTRASUNNY.png,/home/ace/Downloads/Dataset/Day/1162709_Day_FOGGY.png
DeepLabV3+-R101,1161197,Night-FOGGY,0.5221583105396206,0.6,0.8956164121627808,/home/ace/Downloads/Dataset/Day/1161197_Day_EXTRASUNNY.png,/home/ace/Downloads/Dataset/Night/1161197_Night_FOGGY.png
DeepLabV3+-R101,1162709,Day-FOGGY,0.6711801100215687,0.6,0.8601763248443604,/home/ace/Downloads/Dataset/Day/1162709_Day_EXTRASUNNY.png,/home/ace/Downloads/Dataset/Day/1162709_Day_FOGGY.png
PIDNet-M,1161197,Night-FOGGY,0.7423144800158694,0.6,0.9111860990524292,/home/ace/Downloads/Dataset/Day/1161197_Day_EXTRASUNNY.png,/home/ace/Downloads/Dataset/Night/1161197_Night_FOGGY.png
PIDNet-M,1162709,Day-FOGGY,0.8808754179425078,0.6,0.8703708052635193,/home/ace/Downloads/Dataset/Day/1162709_Day_EXTRASUNNY.png,/home/ace/Downloads/Dataset/Day/1162709_Day_FOGGY.png
DDRNet-23,1161197,Night-FOGGY,0.5385565859467705,0.6,0.7736528515815735,/home/ace/Downloads/Dataset/Day/1161197_Day_EXTRASUNNY.png,/home/ace/Downloads/Dataset/Night/1161197_Night_FOGGY.png
DDRNet-23,1162709,Day-FOGGY,0.6570390169125504,0.6,0.7855971455574036,/home/ace/Downloads/Dataset/Day/1162709_Day_EXTRASUNNY.png,/home/ace/Downloads/Dataset/Day/1162709_Day_FOGGY.png
SegFormer-B0,1163548,Day-RAIN,0.9364518237191638,0.6,0.9448917508125305,/home/ace/Downloads/Dataset/Day/1163548_Day_EXTRASUNNY.png,/home/ace/Downloads/Dataset/Day/1163548_Day_RAIN.png
SegFormer-B0,11642190,Sunset-FOGGY,0.8398661202037605,0.6,0.9116575121879578,/home/ace/Downloads/Dataset/Day/11642190_Day_EXTRASUNNY.png,/home/ace/Downloads/Dataset/Sunset/11642190_Sunset_FOGGY.png
SegFormer-B2,1163548,Day-RAIN,0.8972851838352545,0.6,0.9646852016448975,/home/ace/Downloads/Dataset/Day/1163548_Day_EXTRASUNNY.png,/home/ace/Downloads/Dataset/Day/1163548_Day_RAIN.png
SegFormer-B2,11642190,Sunset-FOGGY,0.9358494038837455,0.6,0.9670975804328918,/home/ace/Downloads/Dataset/Day/11642190_Day_EXTRASUNNY.png,/home/ace/Downloads/Dataset/Sunset/11642190_Sunset_FOGGY.png
SegFormer-B5,1163548,Day-RAIN,0.916616590190513,0.6,0.971849799156189,/home/ace/Downloads/Dataset/Day/1163548_Day_EXTRASUNNY.png,/home/ace/Downloads/Dataset/Day/1163548_Day_RAIN.png
SegFormer-B5,11642190,Sunset-FOGGY,0.9423479903574886,0.6,0.9902400374412537,/home/ace/Downloads/Dataset/Day/11642190_Day_EXTRASUNNY.png,/home/ace/Downloads/Dataset/Sunset/11642190_Sunset_FOGGY.png
Mask2Former-Swin-S,1163548,Day-RAIN,0.9477577493931797,0.6,0.9664707183837891,/home/ace/Downloads/Dataset/Day/1163548_Day_EXTRASUNNY.png,/home/ace/Downloads/Dataset/Day/1163548_Day_RAIN.png
Mask2Former-Swin-S,11642190,Sunset-FOGGY,0.7301553186779465,0.6,0.9381309747695923,/home/ace/Downloads/Dataset/Day/11642190_Day_EXTRASUNNY.png,/home/ace/Downloads/Dataset/Sunset/11642190_Sunset_FOGGY.png
Mask2Former-Swin-L,1163548,Day-RAIN,0.9460151139465889,0.6,0.9651620388031006,/home/ace/Downloads/Dataset/Day/1163548_Day_EXTRASUNNY.png,/home/ace/Downloads/Dataset/Day/1163548_Day_RAIN.png
Mask2Former-Swin-L,11642190,Sunset-FOGGY,0.7934417975265129,0.6,0.9601884484291077,/home/ace/Downloads/Dataset/Day/11642190_Day_EXTRASUNNY.png,/home/ace/Downloads/Dataset/Sunset/11642190_Sunset_FOGGY.png
DeepLabV3+-R101,1163548,Day-RAIN,0.849842834978835,0.6,0.9125332236289978,/home/ace/Downloads/Dataset/Day/1163548_Day_EXTRASUNNY.png,/home/ace/Downloads/Dataset/Day/1163548_Day_RAIN.png
DeepLabV3+-R101,11642190,Sunset-FOGGY,0.9115549810736796,0.6,0.9741742610931396,/home/ace/Downloads/Dataset/Day/11642190_Day_EXTRASUNNY.png,/home/ace/Downloads/Dataset/Sunset/11642190_Sunset_FOGGY.png
PIDNet-M,1163548,Day-RAIN,0.902070823678538,0.6,0.9249164462089539,/home/ace/Downloads/Dataset/Day/1163548_Day_EXTRASUNNY.png,/home/ace/Downloads/Dataset/Day/1163548_Day_RAIN.png
PIDNet-M,11642190,Sunset-FOGGY,0.7108062833110547,0.6,0.8992660045623779,/home/ace/Downloads/Dataset/Day/11642190_Day_EXTRASUNNY.png,/home/ace/Downloads/Dataset/Sunset/11642190_Sunset_FOGGY.png
DDRNet-23,1163548,Day-RAIN,0.7160116100616171,0.6,0.8394599556922913,/home/ace/Downloads/Dataset/Day/1163548_Day_EXTRASUNNY.png,/home/ace/Downloads/Dataset/Day/1163548_Day_RAIN.png
DDRNet-23,11642190,Sunset-FOGGY,0.553519155723317,0.6,0.8428683280944824,/home/ace/Downloads/Dataset/Day/11642190_Day_EXTRASUNNY.png,/home/ace/Downloads/Dataset/Sunset/11642190_Sunset_FOGGY.png
SegFormer-B0,1169181,Sunset-FOGGY,0.9184752426860964,0.6,0.915080189704895,/home/ace/Downloads/Dataset/Day/1169181_Day_EXTRASUNNY.png,/home/ace/Downloads/Dataset/Sunset/1169181_Sunset_FOGGY.png
SegFormer-B0,11721222,Sunset-EXTRASUNNY,0.9802451728504248,0.6,0.9553993940353394,/home/ace/Downloads/Dataset/Day/11721222_Day_EXTRASUNNY.png,/home/ace/Downloads/Dataset/Sunset/11721222_Sunset_EXTRASUNNY.png
SegFormer-B2,1169181,Sunset-FOGGY,0.8901512559824565,0.6,0.9474925398826599,/home/ace/Downloads/Dataset/Day/1169181_Day_EXTRASUNNY.png,/home/ace/Downloads/Dataset/Sunset/1169181_Sunset_FOGGY.png
SegFormer-B2,11721222,Sunset-EXTRASUNNY,0.9817591797407437,0.6,0.9653351306915283,/home/ace/Downloads/Dataset/Day/11721222_Day_EXTRASUNNY.png,/home/ace/Downloads/Dataset/Sunset/11721222_Sunset_EXTRASUNNY.png
SegFormer-B5,1169181,Sunset-FOGGY,0.9022439959601412,0.6,0.9731616973876953,/home/ace/Downloads/Dataset/Day/1169181_Day_EXTRASUNNY.png,/home/ace/Downloads/Dataset/Sunset/1169181_Sunset_FOGGY.png
SegFormer-B5,11721222,Sunset-EXTRASUNNY,0.9918069299763685,0.6,0.9866542220115662,/home/ace/Downloads/Dataset/Day/11721222_Day_EXTRASUNNY.png,/home/ace/Downloads/Dataset/Sunset/11721222_Sunset_EXTRASUNNY.png
Mask2Former-Swin-S,1169181,Sunset-FOGGY,0.9122456176113273,0.6,0.9379045963287354,/home/ace/Downloads/Dataset/Day/1169181_Day_EXTRASUNNY.png,/home/ace/Downloads/Dataset/Sunset/1169181_Sunset_FOGGY.png
Mask2Former-Swin-S,11721222,Sunset-EXTRASUNNY,0.9667027526985695,0.6,0.6795181632041931,/home/ace/Downloads/Dataset/Day/11721222_Day_EXTRASUNNY.png,/home/ace/Downloads/Dataset/Sunset/11721222_Sunset_EXTRASUNNY.png
Mask2Former-Swin-L,1169181,Sunset-FOGGY,0.8620252869137013,0.6,0.9416162967681885,/home/ace/Downloads/Dataset/Day/1169181_Day_EXTRASUNNY.png,/home/ace/Downloads/Dataset/Sunset/1169181_Sunset_FOGGY.png
Mask2Former-Swin-L,11721222,Sunset-EXTRASUNNY,0.9858148311662418,0.6,0.9644132256507874,/home/ace/Downloads/Dataset/Day/11721222_Day_EXTRASUNNY.png,/home/ace/Downloads/Dataset/Sunset/11721222_Sunset_EXTRASUNNY.png
DeepLabV3+-R101,1169181,Sunset-FOGGY,0.7984561540648095,0.6,0.9277222156524658,/home/ace/Downloads/Dataset/Day/1169181_Day_EXTRASUNNY.png,/home/ace/Downloads/Dataset/Sunset/1169181_Sunset_FOGGY.png
DeepLabV3+-R101,11721222,Sunset-EXTRASUNNY,0.960571315201856,0.6,0.977509617805481,/home/ace/Downloads/Dataset/Day/11721222_Day_EXTRASUNNY.png,/home/ace/Downloads/Dataset/Sunset/11721222_Sunset_EXTRASUNNY.png
PIDNet-M,1169181,Sunset-FOGGY,0.7029492554491137,0.6,0.9394335746765137,/home/ace/Downloads/Dataset/Day/1169181_Day_EXTRASUNNY.png,/home/ace/Downloads/Dataset/Sunset/1169181_Sunset_FOGGY.png
PIDNet-M,11721222,Sunset-EXTRASUNNY,0.8207075966091626,0.6,0.9655213356018066,/home/ace/Downloads/Dataset/Day/11721222_Day_EXTRASUNNY.png,/home/ace/Downloads/Dataset/Sunset/11721222_Sunset_EXTRASUNNY.png
DDRNet-23,1169181,Sunset-FOGGY,0.4242201867196675,0.6,0.8729293346405029,/home/ace/Downloads/Dataset/Day/1169181_Day_EXTRASUNNY.png,/home/ace/Downloads/Dataset/Sunset/1169181_Sunset_FOGGY.png
DDRNet-23,11721222,Sunset-EXTRASUNNY,0.5355046407992257,0.6,0.8860350251197815,/home/ace/Downloads/Dataset/Day/11721222_Day_EXTRASUNNY.png,/home/ace/Downloads/Dataset/Sunset/11721222_Sunset_EXTRASUNNY.png
SegFormer-B0,11802146,Day-FOGGY,0.9197421624792486,0.6,0.8925332427024841,/home/ace/Downloads/Dataset/Day/11802146_Day_EXTRASUNNY.png,/home/ace/Downloads/Dataset/Day/11802146_Day_FOGGY.png
SegFormer-B0,1184775,Sunset-RAIN,0.949621143111435,0.6,0.9197423458099365,/home/ace/Downloads/Dataset/Day/1184775_Day_EXTRASUNNY.png,/home/ace/Downloads/Dataset/Sunset/1184775_Sunset_RAIN.png
SegFormer-B2,11802146,Day-FOGGY,0.9420477679509431,0.6,0.9334627985954285,/home/ace/Downloads/Dataset/Day/11802146_Day_EXTRASUNNY.png,/home/ace/Downloads/Dataset/Day/11802146_Day_FOGGY.png
SegFormer-B2,1184775,Sunset-RAIN,0.962042013189245,0.6,0.9354746341705322,/home/ace/Downloads/Dataset/Day/1184775_Day_EXTRASUNNY.png,/home/ace/Downloads/Dataset/Sunset/1184775_Sunset_RAIN.png
SegFormer-B5,11802146,Day-FOGGY,0.9350529365474746,0.6,0.9627408981323242,/home/ace/Downloads/Dataset/Day/11802146_Day_EXTRASUNNY.png,/home/ace/Downloads/Dataset/Day/11802146_Day_FOGGY.png
SegFormer-B5,1184775,Sunset-RAIN,0.9405020411708503,0.6,0.9677447080612183,/home/ace/Downloads/Dataset/Day/1184775_Day_EXTRASUNNY.png,/home/ace/Downloads/Dataset/Sunset/1184775_Sunset_RAIN.png
Mask2Former-Swin-S,11802146,Day-FOGGY,0.8862217808649797,0.6,0.9559866786003113,/home/ace/Downloads/Dataset/Day/11802146_Day_EXTRASUNNY.png,/home/ace/Downloads/Dataset/Day/11802146_Day_FOGGY.png
Mask2Former-Swin-S,1184775,Sunset-RAIN,0.9278117959612552,0.6,0.9578683376312256,/home/ace/Downloads/Dataset/Day/1184775_Day_EXTRASUNNY.png,/home/ace/Downloads/Dataset/Sunset/1184775_Sunset_RAIN.png
Mask2Former-Swin-L,11802146,Day-FOGGY,0.9201491426555988,0.6,0.9486149549484253,/home/ace/Downloads/Dataset/Day/11802146_Day_EXTRASUNNY.png,/home/ace/Downloads/Dataset/Day/11802146_Day_FOGGY.png
Mask2Former-Swin-L,1184775,Sunset-RAIN,0.9508330167372501,0.6,0.9428480267524719,/home/ace/Downloads/Dataset/Day/1184775_Day_EXTRASUNNY.png,/home/ace/Downloads/Dataset/Sunset/1184775_Sunset_RAIN.png
DeepLabV3+-R101,11802146,Day-FOGGY,0.8959648977702301,0.6,0.9232924580574036,/home/ace/Downloads/Dataset/Day/11802146_Day_EXTRASUNNY.png,/home/ace/Downloads/Dataset/Day/11802146_Day_FOGGY.png
DeepLabV3+-R101,1184775,Sunset-RAIN,0.752281220794289,0.6,0.9299713969230652,/home/ace/Downloads/Dataset/Day/1184775_Day_EXTRASUNNY.png,/home/ace/Downloads/Dataset/Sunset/1184775_Sunset_RAIN.png
PIDNet-M,11802146,Day-FOGGY,0.9320775460886729,0.6,0.9034683108329773,/home/ace/Downloads/Dataset/Day/11802146_Day_EXTRASUNNY.png,/home/ace/Downloads/Dataset/Day/11802146_Day_FOGGY.png
PIDNet-M,1184775,Sunset-RAIN,0.9131109929275425,0.6,0.9276573657989502,/home/ace/Downloads/Dataset/Day/1184775_Day_EXTRASUNNY.png,/home/ace/Downloads/Dataset/Sunset/1184775_Sunset_RAIN.png
DDRNet-23,11802146,Day-FOGGY,0.700272068705543,0.6,0.7542110681533813,/home/ace/Downloads/Dataset/Day/11802146_Day_EXTRASUNNY.png,/home/ace/Downloads/Dataset/Day/11802146_Day_FOGGY.png
DDRNet-23,1184775,Sunset-RAIN,0.4437212558147368,0.6,0.7503082156181335,/home/ace/Downloads/Dataset/Day/1184775_Day_EXTRASUNNY.png,/home/ace/Downloads/Dataset/Sunset/1184775_Sunset_RAIN.png
SegFormer-B0,11921147,Day-RAIN,0.9380472716122092,0.6,0.9029820561408997,/home/ace/Downloads/Dataset/Day/11921147_Day_EXTRASUNNY.png,/home/ace/Downloads/Dataset/Day/11921147_Day_RAIN.png
SegFormer-B0,119342,Sunset-EXTRASUNNY,0.9096598809999379,0.6,0.9379331469535828,/home/ace/Downloads/Dataset/Day/119342_Day_EXTRASUNNY.png,/home/ace/Downloads/Dataset/Sunset/119342_Sunset_EXTRASUNNY.png
SegFormer-B2,11921147,Day-RAIN,0.9707864713505507,0.6,0.9496099352836609,/home/ace/Downloads/Dataset/Day/11921147_Day_EXTRASUNNY.png,/home/ace/Downloads/Dataset/Day/11921147_Day_RAIN.png
SegFormer-B2,119342,Sunset-EXTRASUNNY,0.9340009727170787,0.6,0.949992835521698,/home/ace/Downloads/Dataset/Day/119342_Day_EXTRASUNNY.png,/home/ace/Downloads/Dataset/Sunset/119342_Sunset_EXTRASUNNY.png
SegFormer-B5,11921147,Day-RAIN,0.9851660923932232,0.6,0.9834567308425903,/home/ace/Downloads/Dataset/Day/11921147_Day_EXTRASUNNY.png,/home/ace/Downloads/Dataset/Day/11921147_Day_RAIN.png
SegFormer-B5,119342,Sunset-EXTRASUNNY,0.9247559700752933,0.6,0.9811828136444092,/home/ace/Downloads/Dataset/Day/119342_Day_EXTRASUNNY.png,/home/ace/Downloads/Dataset/Sunset/119342_Sunset_EXTRASUNNY.png
Mask2Former-Swin-S,11921147,Day-RAIN,0.9513701821885844,0.6,0.9514212608337402,/home/ace/Downloads/Dataset/Day/11921147_Day_EXTRASUNNY.png,/home/ace/Downloads/Dataset/Day/11921147_Day_RAIN.png
Mask2Former-Swin-S,119342,Sunset-EXTRASUNNY,0.9315563202540661,0.6,0.9649450182914734,/home/ace/Downloads/Dataset/Day/119342_Day_EXTRASUNNY.png,/home/ace/Downloads/Dataset/Sunset/119342_Sunset_EXTRASUNNY.png
Mask2Former-Swin-L,11921147,Day-RAIN,0.9896179154096584,0.6,0.9571651220321655,/home/ace/Downloads/Dataset/Day/11921147_Day_EXTRASUNNY.png,/home/ace/Downloads/Dataset/Day/11921147_Day_RAIN.png
Mask2Former-Swin-L,119342,Sunset-EXTRASUNNY,0.9480680411328523,0.6,0.9669557809829712,/home/ace/Downloads/Dataset/Day/119342_Day_EXTRASUNNY.png,/home/ace/Downloads/Dataset/Sunset/119342_Sunset_EXTRASUNNY.png
DeepLabV3+-R101,11921147,Day-RAIN,0.9071071898993892,0.6,0.961820662021637,/home/ace/Downloads/Dataset/Day/11921147_Day_EXTRASUNNY.png,/home/ace/Downloads/Dataset/Day/11921147_Day_RAIN.png
DeepLabV3+-R101,119342,Sunset-EXTRASUNNY,0.8877648184671565,0.6,0.9231414198875427,/home/ace/Downloads/Dataset/Day/119342_Day_EXTRASUNNY.png,/home/ace/Downloads/Dataset/Sunset/119342_Sunset_EXTRASUNNY.png
PIDNet-M,11921147,Day-RAIN,0.9105611682815551,0.6,0.9245588183403015,/home/ace/Downloads/Dataset/Day/11921147_Day_EXTRASUNNY.png,/home/ace/Downloads/Dataset/Day/11921147_Day_RAIN.png
PIDNet-M,119342,Sunset-EXTRASUNNY,0.8551396005992014,0.6,0.9326409101486206,/home/ace/Downloads/Dataset/Day/119342_Day_EXTRASUNNY.png,/home/ace/Downloads/Dataset/Sunset/119342_Sunset_EXTRASUNNY.png
DDRNet-23,11921147,Day-RAIN,0.9373022015771952,0.6,0.9099867939949036,/home/ace/Downloads/Dataset/Day/11921147_Day_EXTRASUNNY.png,/home/ace/Downloads/Dataset/Day/11921147_Day_RAIN.png
DDRNet-23,119342,Sunset-EXTRASUNNY,0.6234358813629939,0.6,0.8729337453842163,/home/ace/Downloads/Dataset/Day/119342_Day_EXTRASUNNY.png,/home/ace/Downloads/Dataset/Sunset/119342_Sunset_EXTRASUNNY.png
SegFormer-B0,1201777,Day-RAIN,0.9570383175009395,0.6,0.9604488611221313,/home/ace/Downloads/Dataset/Day/1201777_Day_EXTRASUNNY.png,/home/ace/Downloads/Dataset/Day/1201777_Day_RAIN.png
SegFormer-B0,1297251,Night-EXTRASUNNY,0.7363221857535704,0.6,0.9289913177490234,/home/ace/Downloads/Dataset/Day/1297251_Day_EXTRASUNNY.png,/home/ace/Downloads/Dataset/Night/1297251_Night_EXTRASUNNY.png
SegFormer-B2,1201777,Day-RAIN,0.9386707065073854,0.6,0.9693582653999329,/home/ace/Downloads/Dataset/Day/1201777_Day_EXTRASUNNY.png,/home/ace/Downloads/Dataset/Day/1201777_Day_RAIN.png
SegFormer-B2,1297251,Night-EXTRASUNNY,0.7587289098388997,0.6,0.9342687129974365,/home/ace/Downloads/Dataset/Day/1297251_Day_EXTRASUNNY.png,/home/ace/Downloads/Dataset/Night/1297251_Night_EXTRASUNNY.png
SegFormer-B5,1201777,Day-RAIN,0.932345338077175,0.6,0.9803807139396667,/home/ace/Downloads/Dataset/Day/1201777_Day_EXTRASUNNY.png,/home/ace/Downloads/Dataset/Day/1201777_Day_RAIN.png
SegFormer-B5,1297251,Night-EXTRASUNNY,0.743586911657961,0.6,0.965017557144165,/home/ace/Downloads/Dataset/Day/1297251_Day_EXTRASUNNY.png,/home/ace/Downloads/Dataset/Night/1297251_Night_EXTRASUNNY.png
Mask2Former-Swin-S,1201777,Day-RAIN,0.9609984024599714,0.6,0.9605059623718262,/home/ace/Downloads/Dataset/Day/1201777_Day_EXTRASUNNY.png,/home/ace/Downloads/Dataset/Day/1201777_Day_RAIN.png
Mask2Former-Swin-S,1297251,Night-EXTRASUNNY,0.8880920044343106,0.6,0.9510201811790466,/home/ace/Downloads/Dataset/Day/1297251_Day_EXTRASUNNY.png,/home/ace/Downloads/Dataset/Night/1297251_Night_EXTRASUNNY.png
Mask2Former-Swin-L,1201777,Day-RAIN,0.9715000413151746,0.6,0.950774073600769,/home/ace/Downloads/Dataset/Day/1201777_Day_EXTRASUNNY.png,/home/ace/Downloads/Dataset/Day/1201777_Day_RAIN.png
Mask2Former-Swin-L,1297251,Night-EXTRASUNNY,0.9203365524826411,0.6,0.9550879001617432,/home/ace/Downloads/Dataset/Day/1297251_Day_EXTRASUNNY.png,/home/ace/Downloads/Dataset/Night/1297251_Night_EXTRASUNNY.png
DeepLabV3+-R101,1201777,Day-RAIN,0.9028755054395335,0.6,0.946466326713562,/home/ace/Downloads/Dataset/Day/1201777_Day_EXTRASUNNY.png,/home/ace/Downloads/Dataset/Day/1201777_Day_RAIN.png
DeepLabV3+-R101,1297251,Night-EXTRASUNNY,0.5285459684263932,0.6,0.9334216117858887,/home/ace/Downloads/Dataset/Day/1297251_Day_EXTRASUNNY.png,/home/ace/Downloads/Dataset/Night/1297251_Night_EXTRASUNNY.png
PIDNet-M,1201777,Day-RAIN,0.9300242676958247,0.6,0.9449412226676941,/home/ace/Downloads/Dataset/Day/1201777_Day_EXTRASUNNY.png,/home/ace/Downloads/Dataset/Day/1201777_Day_RAIN.png
PIDNet-M,1297251,Night-EXTRASUNNY,0.3536953483897855,0.6,0.9109278917312622,/home/ace/Downloads/Dataset/Day/1297251_Day_EXTRASUNNY.png,/home/ace/Downloads/Dataset/Night/1297251_Night_EXTRASUNNY.png
DDRNet-23,1201777,Day-RAIN,0.8671034039820167,0.6,0.8340154886245728,/home/ace/Downloads/Dataset/Day/1201777_Day_EXTRASUNNY.png,/home/ace/Downloads/Dataset/Day/1201777_Day_RAIN.png
DDRNet-23,1297251,Night-EXTRASUNNY,0.2770895497208077,0.6,0.8629716038703918,/home/ace/Downloads/Dataset/Day/1297251_Day_EXTRASUNNY.png,/home/ace/Downloads/Dataset/Night/1297251_Night_EXTRASUNNY.png
SegFormer-B0,1314425,Day-FOGGY,0.9643298720778145,0.6,0.9215613603591919,/home/ace/Downloads/Dataset/Day/1314425_Day_EXTRASUNNY.png,/home/ace/Downloads/Dataset/Day/1314425_Day_FOGGY.png
SegFormer-B0,13331910,Sunset-RAIN,0.8657140012873411,0.6,0.8885215520858765,/home/ace/Downloads/Dataset/Day/13331910_Day_EXTRASUNNY.png,/home/ace/Downloads/Dataset/Sunset/13331910_Sunset_RAIN.png
SegFormer-B2,1314425,Day-FOGGY,0.9205469209056493,0.6,0.9434001445770264,/home/ace/Downloads/Dataset/Day/1314425_Day_EXTRASUNNY.png,/home/ace/Downloads/Dataset/Day/1314425_Day_FOGGY.png
SegFormer-B2,13331910,Sunset-RAIN,0.9288550858709563,0.6,0.9169409871101379,/home/ace/Downloads/Dataset/Day/13331910_Day_EXTRASUNNY.png,/home/ace/Downloads/Dataset/Sunset/13331910_Sunset_RAIN.png
SegFormer-B5,1314425,Day-FOGGY,0.9417314620037561,0.6,0.964752197265625,/home/ace/Downloads/Dataset/Day/1314425_Day_EXTRASUNNY.png,/home/ace/Downloads/Dataset/Day/1314425_Day_FOGGY.png
SegFormer-B5,13331910,Sunset-RAIN,0.9077430421044549,0.6,0.9515970349311829,/home/ace/Downloads/Dataset/Day/13331910_Day_EXTRASUNNY.png,/home/ace/Downloads/Dataset/Sunset/13331910_Sunset_RAIN.png
Mask2Former-Swin-S,1314425,Day-FOGGY,0.9069776809461696,0.6,0.9274551868438721,/home/ace/Downloads/Dataset/Day/1314425_Day_EXTRASUNNY.png,/home/ace/Downloads/Dataset/Day/1314425_Day_FOGGY.png
Mask2Former-Swin-S,13331910,Sunset-RAIN,0.8661705810340622,0.6,0.9325469732284546,/home/ace/Downloads/Dataset/Day/13331910_Day_EXTRASUNNY.png,/home/ace/Downloads/Dataset/Sunset/13331910_Sunset_RAIN.png
Mask2Former-Swin-L,1314425,Day-FOGGY,0.9526544315310996,0.6,0.9501104354858398,/home/ace/Downloads/Dataset/Day/1314425_Day_EXTRASUNNY.png,/home/ace/Downloads/Dataset/Day/1314425_Day_FOGGY.png
Mask2Former-Swin-L,13331910,Sunset-RAIN,0.91463018997233,0.6,0.9635682702064514,/home/ace/Downloads/Dataset/Day/13331910_Day_EXTRASUNNY.png,/home/ace/Downloads/Dataset/Sunset/13331910_Sunset_RAIN.png
DeepLabV3+-R101,1314425,Day-FOGGY,0.9066894645756709,0.6,0.9253735542297363,/home/ace/Downloads/Dataset/Day/1314425_Day_EXTRASUNNY.png,/home/ace/Downloads/Dataset/Day/1314425_Day_FOGGY.png
DeepLabV3+-R101,13331910,Sunset-RAIN,0.5482501039506095,0.6,0.903753399848938,/home/ace/Downloads/Dataset/Day/13331910_Day_EXTRASUNNY.png,/home/ace/Downloads/Dataset/Sunset/13331910_Sunset_RAIN.png
PIDNet-M,1314425,Day-FOGGY,0.9138353159939924,0.6,0.9218107461929321,/home/ace/Downloads/Dataset/Day/1314425_Day_EXTRASUNNY.png,/home/ace/Downloads/Dataset/Day/1314425_Day_FOGGY.png
PIDNet-M,13331910,Sunset-RAIN,0.7926787354179359,0.6,0.9063372015953064,/home/ace/Downloads/Dataset/Day/13331910_Day_EXTRASUNNY.png,/home/ace/Downloads/Dataset/Sunset/13331910_Sunset_RAIN.png
DDRNet-23,1314425,Day-FOGGY,0.7970756039807426,0.6,0.8533556461334229,/home/ace/Downloads/Dataset/Day/1314425_Day_EXTRASUNNY.png,/home/ace/Downloads/Dataset/Day/1314425_Day_FOGGY.png
DDRNet-23,13331910,Sunset-RAIN,0.2627286140754212,0.6,0.8005439043045044,/home/ace/Downloads/Dataset/Day/13331910_Day_EXTRASUNNY.png,/home/ace/Downloads/Dataset/Sunset/13331910_Sunset_RAIN.png
SegFormer-B0,13551916,Day-FOGGY,0.886317807271912,0.6,0.8993577361106873,/home/ace/Downloads/Dataset/Day/13551916_Day_EXTRASUNNY.png,/home/ace/Downloads/Dataset/Day/13551916_Day_FOGGY.png
SegFormer-B0,140120,Sunset-RAIN,0.9676943115618771,0.6,0.9292072057723999,/home/ace/Downloads/Dataset/Day/140120_Day_EXTRASUNNY.png,/home/ace/Downloads/Dataset/Sunset/140120_Sunset_RAIN.png
SegFormer-B2,13551916,Day-FOGGY,0.9734034309348557,0.6,0.9500098824501038,/home/ace/Downloads/Dataset/Day/13551916_Day_EXTRASUNNY.png,/home/ace/Downloads/Dataset/Day/13551916_Day_FOGGY.png
SegFormer-B2,140120,Sunset-RAIN,0.957778268301111,0.6,0.9507625102996826,/home/ace/Downloads/Dataset/Day/140120_Day_EXTRASUNNY.png,/home/ace/Downloads/Dataset/Sunset/140120_Sunset_RAIN.png
SegFormer-B5,13551916,Day-FOGGY,0.9466807863759858,0.6,0.9732550978660583,/home/ace/Downloads/Dataset/Day/13551916_Day_EXTRASUNNY.png,/home/ace/Downloads/Dataset/Day/13551916_Day_FOGGY.png
SegFormer-B5,140120,Sunset-RAIN,0.974627684282988,0.6,0.981644868850708,/home/ace/Downloads/Dataset/Day/140120_Day_EXTRASUNNY.png,/home/ace/Downloads/Dataset/Sunset/140120_Sunset_RAIN.png
Mask2Former-Swin-S,13551916,Day-FOGGY,0.9459006510730649,0.6,0.9568948149681091,/home/ace/Downloads/Dataset/Day/13551916_Day_EXTRASUNNY.png,/home/ace/Downloads/Dataset/Day/13551916_Day_FOGGY.png
Mask2Former-Swin-S,140120,Sunset-RAIN,0.9554015461761318,0.6,0.957450270652771,/home/ace/Downloads/Dataset/Day/140120_Day_EXTRASUNNY.png,/home/ace/Downloads/Dataset/Sunset/140120_Sunset_RAIN.png
Mask2Former-Swin-L,13551916,Day-FOGGY,0.9578253742585229,0.6,0.9598879218101501,/home/ace/Downloads/Dataset/Day/13551916_Day_EXTRASUNNY.png,/home/ace/Downloads/Dataset/Day/13551916_Day_FOGGY.png
Mask2Former-Swin-L,140120,Sunset-RAIN,0.9588456267485915,0.6,0.9569052457809448,/home/ace/Downloads/Dataset/Day/140120_Day_EXTRASUNNY.png,/home/ace/Downloads/Dataset/Sunset/140120_Sunset_RAIN.png
DeepLabV3+-R101,13551916,Day-FOGGY,0.6730070666571829,0.6,0.8805285096168518,/home/ace/Downloads/Dataset/Day/13551916_Day_EXTRASUNNY.png,/home/ace/Downloads/Dataset/Day/13551916_Day_FOGGY.png
DeepLabV3+-R101,140120,Sunset-RAIN,0.8780528487557562,0.6,0.9321244955062866,/home/ace/Downloads/Dataset/Day/140120_Day_EXTRASUNNY.png,/home/ace/Downloads/Dataset/Sunset/140120_Sunset_RAIN.png
PIDNet-M,13551916,Day-FOGGY,0.918713979294586,0.6,0.9097857475280762,/home/ace/Downloads/Dataset/Day/13551916_Day_EXTRASUNNY.png,/home/ace/Downloads/Dataset/Day/13551916_Day_FOGGY.png
PIDNet-M,140120,Sunset-RAIN,0.8594924845863823,0.6,0.9156729578971863,/home/ace/Downloads/Dataset/Day/140120_Day_EXTRASUNNY.png,/home/ace/Downloads/Dataset/Sunset/140120_Sunset_RAIN.png
DDRNet-23,13551916,Day-FOGGY,0.7808113141148825,0.6,0.8133649826049805,/home/ace/Downloads/Dataset/Day/13551916_Day_EXTRASUNNY.png,/home/ace/Downloads/Dataset/Day/13551916_Day_FOGGY.png
DDRNet-23,140120,Sunset-RAIN,0.33549038011215965,0.6,0.8668986558914185,/home/ace/Downloads/Dataset/Day/140120_Day_EXTRASUNNY.png,/home/ace/Downloads/Dataset/Sunset/140120_Sunset_RAIN.png
SegFormer-B0,14450,Night-FOGGY,0.7419977000900465,0.6,0.9072458744049072,/home/ace/Downloads/Dataset/Day/14450_Day_EXTRASUNNY.png,/home/ace/Downloads/Dataset/Night/14450_Night_FOGGY.png
SegFormer-B0,1481258,Sunset-RAIN,0.932571131609718,0.6,0.9345329999923706,/home/ace/Downloads/Dataset/Day/1481258_Day_EXTRASUNNY.png,/home/ace/Downloads/Dataset/Sunset/1481258_Sunset_RAIN.png
SegFormer-B2,14450,Night-FOGGY,0.7084081269089713,0.6,0.9301137328147888,/home/ace/Downloads/Dataset/Day/14450_Day_EXTRASUNNY.png,/home/ace/Downloads/Dataset/Night/14450_Night_FOGGY.png
SegFormer-B2,1481258,Sunset-RAIN,0.9590615218633283,0.6,0.9481694102287292,/home/ace/Downloads/Dataset/Day/1481258_Day_EXTRASUNNY.png,/home/ace/Downloads/Dataset/Sunset/1481258_Sunset_RAIN.png
SegFormer-B5,14450,Night-FOGGY,0.7408057101040466,0.6,0.9812256693840027,/home/ace/Downloads/Dataset/Day/14450_Day_EXTRASUNNY.png,/home/ace/Downloads/Dataset/Night/14450_Night_FOGGY.png
SegFormer-B5,1481258,Sunset-RAIN,0.9434126477525318,0.6,0.9708515405654907,/home/ace/Downloads/Dataset/Day/1481258_Day_EXTRASUNNY.png,/home/ace/Downloads/Dataset/Sunset/1481258_Sunset_RAIN.png
Mask2Former-Swin-S,14450,Night-FOGGY,0.6784957183134092,0.6,0.9503400325775146,/home/ace/Downloads/Dataset/Day/14450_Day_EXTRASUNNY.png,/home/ace/Downloads/Dataset/Night/14450_Night_FOGGY.png
Mask2Former-Swin-S,1481258,Sunset-RAIN,0.9361560533331506,0.6,0.9617519974708557,/home/ace/Downloads/Dataset/Day/1481258_Day_EXTRASUNNY.png,/home/ace/Downloads/Dataset/Sunset/1481258_Sunset_RAIN.png
Mask2Former-Swin-L,14450,Night-FOGGY,0.7773100141993896,0.6,0.9459976553916931,/home/ace/Downloads/Dataset/Day/14450_Day_EXTRASUNNY.png,/home/ace/Downloads/Dataset/Night/14450_Night_FOGGY.png
Mask2Former-Swin-L,1481258,Sunset-RAIN,0.9339260273644864,0.6,0.9644473195075989,/home/ace/Downloads/Dataset/Day/1481258_Day_EXTRASUNNY.png,/home/ace/Downloads/Dataset/Sunset/1481258_Sunset_RAIN.png
DeepLabV3+-R101,14450,Night-FOGGY,0.6830031911488613,0.6,0.9200263619422913,/home/ace/Downloads/Dataset/Day/14450_Day_EXTRASUNNY.png,/home/ace/Downloads/Dataset/Night/14450_Night_FOGGY.png
DeepLabV3+-R101,1481258,Sunset-RAIN,0.8800609171858572,0.6,0.8365690112113953,/home/ace/Downloads/Dataset/Day/1481258_Day_EXTRASUNNY.png,/home/ace/Downloads/Dataset/Sunset/1481258_Sunset_RAIN.png
PIDNet-M,14450,Night-FOGGY,0.34877068881631274,0.6,0.9428661465644836,/home/ace/Downloads/Dataset/Day/14450_Day_EXTRASUNNY.png,/home/ace/Downloads/Dataset/Night/14450_Night_FOGGY.png
PIDNet-M,1481258,Sunset-RAIN,0.9215041397424605,0.6,0.8245346546173096,/home/ace/Downloads/Dataset/Day/1481258_Day_EXTRASUNNY.png,/home/ace/Downloads/Dataset/Sunset/1481258_Sunset_RAIN.png
DDRNet-23,14450,Night-FOGGY,0.5923999300127442,0.6,0.8854641914367676,/home/ace/Downloads/Dataset/Day/14450_Day_EXTRASUNNY.png,/home/ace/Downloads/Dataset/Night/14450_Night_FOGGY.png
DDRNet-23,1481258,Sunset-RAIN,0.4371232688508285,0.6,0.851743221282959,/home/ace/Downloads/Dataset/Day/1481258_Day_EXTRASUNNY.png,/home/ace/Downloads/Dataset/Sunset/1481258_Sunset_RAIN.png
SegFormer-B0,153373,Sunset-RAIN,0.9273808197510066,0.6,0.8974936604499817,/home/ace/Downloads/Dataset/Day/153373_Day_EXTRASUNNY.png,/home/ace/Downloads/Dataset/Sunset/153373_Sunset_RAIN.png
SegFormer-B0,1541895,Sunset-EXTRASUNNY,0.9038156355060826,0.6,0.9174079298973083,/home/ace/Downloads/Dataset/Day/1541895_Day_EXTRASUNNY.png,/home/ace/Downloads/Dataset/Sunset/1541895_Sunset_EXTRASUNNY.png
SegFormer-B2,153373,Sunset-RAIN,0.8819726705692931,0.6,0.9284545183181763,/home/ace/Downloads/Dataset/Day/153373_Day_EXTRASUNNY.png,/home/ace/Downloads/Dataset/Sunset/153373_Sunset_RAIN.png
SegFormer-B2,1541895,Sunset-EXTRASUNNY,0.9722854938764705,0.6,0.962852418422699,/home/ace/Downloads/Dataset/Day/1541895_Day_EXTRASUNNY.png,/home/ace/Downloads/Dataset/Sunset/1541895_Sunset_EXTRASUNNY.png
SegFormer-B5,153373,Sunset-RAIN,0.9286881073140798,0.6,0.9615575075149536,/home/ace/Downloads/Dataset/Day/153373_Day_EXTRASUNNY.png,/home/ace/Downloads/Dataset/Sunset/153373_Sunset_RAIN.png
SegFormer-B5,1541895,Sunset-EXTRASUNNY,0.981887935838521,0.6,0.9809333682060242,/home/ace/Downloads/Dataset/Day/1541895_Day_EXTRASUNNY.png,/home/ace/Downloads/Dataset/Sunset/1541895_Sunset_EXTRASUNNY.png
Mask2Former-Swin-S,153373,Sunset-RAIN,0.8884511371304202,0.6,0.938759982585907,/home/ace/Downloads/Dataset/Day/153373_Day_EXTRASUNNY.png,/home/ace/Downloads/Dataset/Sunset/153373_Sunset_RAIN.png
Mask2Former-Swin-S,1541895,Sunset-EXTRASUNNY,0.9812895020370069,0.6,0.9606878161430359,/home/ace/Downloads/Dataset/Day/1541895_Day_EXTRASUNNY.png,/home/ace/Downloads/Dataset/Sunset/1541895_Sunset_EXTRASUNNY.png
Mask2Former-Swin-L,153373,Sunset-RAIN,0.9141874382300527,0.6,0.9177634119987488,/home/ace/Downloads/Dataset/Day/153373_Day_EXTRASUNNY.png,/home/ace/Downloads/Dataset/Sunset/153373_Sunset_RAIN.png
Mask2Former-Swin-L,1541895,Sunset-EXTRASUNNY,0.9776514206916656,0.6,0.9649477601051331,/home/ace/Downloads/Dataset/Day/1541895_Day_EXTRASUNNY.png,/home/ace/Downloads/Dataset/Sunset/1541895_Sunset_EXTRASUNNY.png
DeepLabV3+-R101,153373,Sunset-RAIN,0.8243596622782816,0.6,0.9388973712921143,/home/ace/Downloads/Dataset/Day/153373_Day_EXTRASUNNY.png,/home/ace/Downloads/Dataset/Sunset/153373_Sunset_RAIN.png
DeepLabV3+-R101,1541895,Sunset-EXTRASUNNY,0.9133627479269453,0.6,0.9291418194770813,/home/ace/Downloads/Dataset/Day/1541895_Day_EXTRASUNNY.png,/home/ace/Downloads/Dataset/Sunset/1541895_Sunset_EXTRASUNNY.png
PIDNet-M,153373,Sunset-RAIN,0.8481144548645064,0.6,0.8489193320274353,/home/ace/Downloads/Dataset/Day/153373_Day_EXTRASUNNY.png,/home/ace/Downloads/Dataset/Sunset/153373_Sunset_RAIN.png
PIDNet-M,1541895,Sunset-EXTRASUNNY,0.6487452961600033,0.6,0.9513042569160461,/home/ace/Downloads/Dataset/Day/1541895_Day_EXTRASUNNY.png,/home/ace/Downloads/Dataset/Sunset/1541895_Sunset_EXTRASUNNY.png
DDRNet-23,153373,Sunset-RAIN,0.7471438746064368,0.6,0.8361674547195435,/home/ace/Downloads/Dataset/Day/153373_Day_EXTRASUNNY.png,/home/ace/Downloads/Dataset/Sunset/153373_Sunset_RAIN.png
DDRNet-23,1541895,Sunset-EXTRASUNNY,0.45359965187239276,0.6,0.7966393828392029,/home/ace/Downloads/Dataset/Day/1541895_Day_EXTRASUNNY.png,/home/ace/Downloads/Dataset/Sunset/1541895_Sunset_EXTRASUNNY.png
SegFormer-B0,1581031,Night-EXTRASUNNY,0.7449314759549256,0.6,0.9110663533210754,/home/ace/Downloads/Dataset/Day/1581031_Day_EXTRASUNNY.png,/home/ace/Downloads/Dataset/Night/1581031_Night_EXTRASUNNY.png
SegFormer-B0,159401,Sunset-RAIN,0.9105025731510072,0.6,0.9341006278991699,/home/ace/Downloads/Dataset/Day/159401_Day_EXTRASUNNY.png,/home/ace/Downloads/Dataset/Sunset/159401_Sunset_RAIN.png
SegFormer-B2,1581031,Night-EXTRASUNNY,0.9163039203172801,0.6,0.9512509703636169,/home/ace/Downloads/Dataset/Day/1581031_Day_EXTRASUNNY.png,/home/ace/Downloads/Dataset/Night/1581031_Night_EXTRASUNNY.png
SegFormer-B2,159401,Sunset-RAIN,0.9492355116642661,0.6,0.9547461867332458,/home/ace/Downloads/Dataset/Day/159401_Day_EXTRASUNNY.png,/home/ace/Downloads/Dataset/Sunset/159401_Sunset_RAIN.png
SegFormer-B5,1581031,Night-EXTRASUNNY,0.9256117007328023,0.6,0.984670877456665,/home/ace/Downloads/Dataset/Day/1581031_Day_EXTRASUNNY.png,/home/ace/Downloads/Dataset/Night/1581031_Night_EXTRASUNNY.png
SegFormer-B5,159401,Sunset-RAIN,0.9029234596062274,0.6,0.9768887758255005,/home/ace/Downloads/Dataset/Day/159401_Day_EXTRASUNNY.png,/home/ace/Downloads/Dataset/Sunset/159401_Sunset_RAIN.png
Mask2Former-Swin-S,1581031,Night-EXTRASUNNY,0.8158402294314138,0.6,0.8616629838943481,/home/ace/Downloads/Dataset/Day/1581031_Day_EXTRASUNNY.png,/home/ace/Downloads/Dataset/Night/1581031_Night_EXTRASUNNY.png
Mask2Former-Swin-S,159401,Sunset-RAIN,0.8948025223562086,0.6,0.9368371367454529,/home/ace/Downloads/Dataset/Day/159401_Day_EXTRASUNNY.png,/home/ace/Downloads/Dataset/Sunset/159401_Sunset_RAIN.png
Mask2Former-Swin-L,1581031,Night-EXTRASUNNY,0.9203507442281051,0.6,0.9684463143348694,/home/ace/Downloads/Dataset/Day/1581031_Day_EXTRASUNNY.png,/home/ace/Downloads/Dataset/Night/1581031_Night_EXTRASUNNY.png
Mask2Former-Swin-L,159401,Sunset-RAIN,0.8525433485254971,0.6,0.9505977034568787,/home/ace/Downloads/Dataset/Day/159401_Day_EXTRASUNNY.png,/home/ace/Downloads/Dataset/Sunset/159401_Sunset_RAIN.png
DeepLabV3+-R101,1581031,Night-EXTRASUNNY,0.8999960078246637,0.6,0.9770788550376892,/home/ace/Downloads/Dataset/Day/1581031_Day_EXTRASUNNY.png,/home/ace/Downloads/Dataset/Night/1581031_Night_EXTRASUNNY.png
DeepLabV3+-R101,159401,Sunset-RAIN,0.7681950082288392,0.6,0.9360311627388,/home/ace/Downloads/Dataset/Day/159401_Day_EXTRASUNNY.png,/home/ace/Downloads/Dataset/Sunset/159401_Sunset_RAIN.png
PIDNet-M,1581031,Night-EXTRASUNNY,0.8185449833627918,0.6,0.8734259605407715,/home/ace/Downloads/Dataset/Day/1581031_Day_EXTRASUNNY.png,/home/ace/Downloads/Dataset/Night/1581031_Night_EXTRASUNNY.png
PIDNet-M,159401,Sunset-RAIN,0.8476764415652696,0.6,0.8317844271659851,/home/ace/Downloads/Dataset/Day/159401_Day_EXTRASUNNY.png,/home/ace/Downloads/Dataset/Sunset/159401_Sunset_RAIN.png
DDRNet-23,1581031,Night-EXTRASUNNY,0.7429617978139588,0.6,0.9287182688713074,/home/ace/Downloads/Dataset/Day/1581031_Day_EXTRASUNNY.png,/home/ace/Downloads/Dataset/Night/1581031_Night_EXTRASUNNY.png
DDRNet-23,159401,Sunset-RAIN,0.5810664067938187,0.6,0.8089852333068848,/home/ace/Downloads/Dataset/Day/159401_Day_EXTRASUNNY.png,/home/ace/Downloads/Dataset/Sunset/159401_Sunset_RAIN.png
SegFormer-B0,182335,Night-EXTRASUNNY,0.7951289239725138,0.6,0.9431858658790588,/home/ace/Downloads/Dataset/Day/182335_Day_EXTRASUNNY.png,/home/ace/Downloads/Dataset/Night/182335_Night_EXTRASUNNY.png
SegFormer-B0,187713,Night-RAIN,0.8301346721525945,0.6,0.9385622143745422,/home/ace/Downloads/Dataset/Day/187713_Day_EXTRASUNNY.png,/home/ace/Downloads/Dataset/Night/187713_Night_RAIN.png
SegFormer-B2,182335,Night-EXTRASUNNY,0.7966430228612825,0.6,0.9585671424865723,/home/ace/Downloads/Dataset/Day/182335_Day_EXTRASUNNY.png,/home/ace/Downloads/Dataset/Night/182335_Night_EXTRASUNNY.png
SegFormer-B2,187713,Night-RAIN,0.7922768333371162,0.6,0.9682232737541199,/home/ace/Downloads/Dataset/Day/187713_Day_EXTRASUNNY.png,/home/ace/Downloads/Dataset/Night/187713_Night_RAIN.png
SegFormer-B5,182335,Night-EXTRASUNNY,0.8603337730915301,0.6,0.9752873182296753,/home/ace/Downloads/Dataset/Day/182335_Day_EXTRASUNNY.png,/home/ace/Downloads/Dataset/Night/182335_Night_EXTRASUNNY.png
SegFormer-B5,187713,Night-RAIN,0.709260131643767,0.6,0.9691259264945984,/home/ace/Downloads/Dataset/Day/187713_Day_EXTRASUNNY.png,/home/ace/Downloads/Dataset/Night/187713_Night_RAIN.png
Mask2Former-Swin-S,182335,Night-EXTRASUNNY,0.705001981892272,0.6,0.909231960773468,/home/ace/Downloads/Dataset/Day/182335_Day_EXTRASUNNY.png,/home/ace/Downloads/Dataset/Night/182335_Night_EXTRASUNNY.png
Mask2Former-Swin-S,187713,Night-RAIN,0.892360415099161,0.6,0.9674898386001587,/home/ace/Downloads/Dataset/Day/187713_Day_EXTRASUNNY.png,/home/ace/Downloads/Dataset/Night/187713_Night_RAIN.png
Mask2Former-Swin-L,182335,Night-EXTRASUNNY,0.9028922438776988,0.6,0.970583438873291,/home/ace/Downloads/Dataset/Day/182335_Day_EXTRASUNNY.png,/home/ace/Downloads/Dataset/Night/182335_Night_EXTRASUNNY.png
Mask2Former-Swin-L,187713,Night-RAIN,0.9323920626940572,0.6,0.9627419710159302,/home/ace/Downloads/Dataset/Day/187713_Day_EXTRASUNNY.png,/home/ace/Downloads/Dataset/Night/187713_Night_RAIN.png
DeepLabV3+-R101,182335,Night-EXTRASUNNY,0.7395253051097822,0.6,0.9577106833457947,/home/ace/Downloads/Dataset/Day/182335_Day_EXTRASUNNY.png,/home/ace/Downloads/Dataset/Night/182335_Night_EXTRASUNNY.png
DeepLabV3+-R101,187713,Night-RAIN,0.673217563012005,0.6,0.9264833331108093,/home/ace/Downloads/Dataset/Day/187713_Day_EXTRASUNNY.png,/home/ace/Downloads/Dataset/Night/187713_Night_RAIN.png
PIDNet-M,182335,Night-EXTRASUNNY,0.6371410114015006,0.6,0.8725480437278748,/home/ace/Downloads/Dataset/Day/182335_Day_EXTRASUNNY.png,/home/ace/Downloads/Dataset/Night/182335_Night_EXTRASUNNY.png
PIDNet-M,187713,Night-RAIN,0.5487823596907964,0.6,0.8733282089233398,/home/ace/Downloads/Dataset/Day/187713_Day_EXTRASUNNY.png,/home/ace/Downloads/Dataset/Night/187713_Night_RAIN.png
DDRNet-23,182335,Night-EXTRASUNNY,0.5394819130377538,0.6,0.8178601264953613,/home/ace/Downloads/Dataset/Day/182335_Day_EXTRASUNNY.png,/home/ace/Downloads/Dataset/Night/182335_Night_EXTRASUNNY.png
DDRNet-23,187713,Night-RAIN,0.5293272647255505,0.6,0.8651032447814941,/home/ace/Downloads/Dataset/Day/187713_Day_EXTRASUNNY.png,/home/ace/Downloads/Dataset/Night/187713_Night_RAIN.png
SegFormer-B0,19188,Night-RAIN,0.6201317803799453,0.6,0.9477766156196594,/home/ace/Downloads/Dataset/Day/19188_Day_EXTRASUNNY.png,/home/ace/Downloads/Dataset/Night/19188_Night_RAIN.png
SegFormer-B0,196581,Day-RAIN,0.9560075242270434,0.6,0.9197115302085876,/home/ace/Downloads/Dataset/Day/196581_Day_EXTRASUNNY.png,/home/ace/Downloads/Dataset/Day/196581_Day_RAIN.png
SegFormer-B2,19188,Night-RAIN,0.6249063402785693,0.6,0.9495280385017395,/home/ace/Downloads/Dataset/Day/19188_Day_EXTRASUNNY.png,/home/ace/Downloads/Dataset/Night/19188_Night_RAIN.png
SegFormer-B2,196581,Day-RAIN,0.9414072593101278,0.6,0.9568167924880981,/home/ace/Downloads/Dataset/Day/196581_Day_EXTRASUNNY.png,/home/ace/Downloads/Dataset/Day/196581_Day_RAIN.png
SegFormer-B5,19188,Night-RAIN,0.6704914141456454,0.6,0.9836528897285461,/home/ace/Downloads/Dataset/Day/19188_Day_EXTRASUNNY.png,/home/ace/Downloads/Dataset/Night/19188_Night_RAIN.png
SegFormer-B5,196581,Day-RAIN,0.9429638581684486,0.6,0.9687412977218628,/home/ace/Downloads/Dataset/Day/196581_Day_EXTRASUNNY.png,/home/ace/Downloads/Dataset/Day/196581_Day_RAIN.png
Mask2Former-Swin-S,19188,Night-RAIN,0.6211845323772772,0.6,0.9332188367843628,/home/ace/Downloads/Dataset/Day/19188_Day_EXTRASUNNY.png,/home/ace/Downloads/Dataset/Night/19188_Night_RAIN.png
Mask2Former-Swin-S,196581,Day-RAIN,0.9415999813901554,0.6,0.850218653678894,/home/ace/Downloads/Dataset/Day/196581_Day_EXTRASUNNY.png,/home/ace/Downloads/Dataset/Day/196581_Day_RAIN.png
Mask2Former-Swin-L,19188,Night-RAIN,0.718072474065653,0.6,0.9665146470069885,/home/ace/Downloads/Dataset/Day/19188_Day_EXTRASUNNY.png,/home/ace/Downloads/Dataset/Night/19188_Night_RAIN.png
Mask2Former-Swin-L,196581,Day-RAIN,0.9298434281276531,0.6,0.8347598910331726,/home/ace/Downloads/Dataset/Day/196581_Day_EXTRASUNNY.png,/home/ace/Downloads/Dataset/Day/196581_Day_RAIN.png
DeepLabV3+-R101,19188,Night-RAIN,0.8219143765553302,0.6,0.9605664014816284,/home/ace/Downloads/Dataset/Day/19188_Day_EXTRASUNNY.png,/home/ace/Downloads/Dataset/Night/19188_Night_RAIN.png
DeepLabV3+-R101,196581,Day-RAIN,0.8226467337434628,0.6,0.9150933623313904,/home/ace/Downloads/Dataset/Day/196581_Day_EXTRASUNNY.png,/home/ace/Downloads/Dataset/Day/196581_Day_RAIN.png
PIDNet-M,19188,Night-RAIN,0.5196372618422891,0.6,0.9359399676322937,/home/ace/Downloads/Dataset/Day/19188_Day_EXTRASUNNY.png,/home/ace/Downloads/Dataset/Night/19188_Night_RAIN.png
PIDNet-M,196581,Day-RAIN,0.8951120022496986,0.6,0.9162613749504089,/home/ace/Downloads/Dataset/Day/196581_Day_EXTRASUNNY.png,/home/ace/Downloads/Dataset/Day/196581_Day_RAIN.png
DDRNet-23,19188,Night-RAIN,0.5537608078206467,0.6,0.8054433465003967,/home/ace/Downloads/Dataset/Day/19188_Day_EXTRASUNNY.png,/home/ace/Downloads/Dataset/Night/19188_Night_RAIN.png
DDRNet-23,196581,Day-RAIN,0.7216963515550205,0.6,0.8693852424621582,/home/ace/Downloads/Dataset/Day/196581_Day_EXTRASUNNY.png,/home/ace/Downloads/Dataset/Day/196581_Day_RAIN.png
SegFormer-B0,2041817,Day-FOGGY,0.8405225577082781,0.6,0.826275646686554,/home/ace/Downloads/Dataset/Day/2041817_Day_EXTRASUNNY.png,/home/ace/Downloads/Dataset/Day/2041817_Day_FOGGY.png
SegFormer-B0,21692,Night-EXTRASUNNY,0.8677497186065976,0.6,0.951790988445282,/home/ace/Downloads/Dataset/Day/21692_Day_EXTRASUNNY.png,/home/ace/Downloads/Dataset/Night/21692_Night_EXTRASUNNY.png
SegFormer-B2,2041817,Day-FOGGY,0.9123175720783185,0.6,0.9060614109039307,/home/ace/Downloads/Dataset/Day/2041817_Day_EXTRASUNNY.png,/home/ace/Downloads/Dataset/Day/2041817_Day_FOGGY.png
SegFormer-B2,21692,Night-EXTRASUNNY,0.9455766410467289,0.6,0.9706202149391174,/home/ace/Downloads/Dataset/Day/21692_Day_EXTRASUNNY.png,/home/ace/Downloads/Dataset/Night/21692_Night_EXTRASUNNY.png
SegFormer-B5,2041817,Day-FOGGY,0.9142238544965873,0.6,0.9566338658332825,/home/ace/Downloads/Dataset/Day/2041817_Day_EXTRASUNNY.png,/home/ace/Downloads/Dataset/Day/2041817_Day_FOGGY.png
SegFormer-B5,21692,Night-EXTRASUNNY,0.8945148010677927,0.6,0.9794214963912964,/home/ace/Downloads/Dataset/Day/21692_Day_EXTRASUNNY.png,/home/ace/Downloads/Dataset/Night/21692_Night_EXTRASUNNY.png
Mask2Former-Swin-S,2041817,Day-FOGGY,0.8219417990139223,0.6,0.9269810914993286,/home/ace/Downloads/Dataset/Day/2041817_Day_EXTRASUNNY.png,/home/ace/Downloads/Dataset/Day/2041817_Day_FOGGY.png
Mask2Former-Swin-S,21692,Night-EXTRASUNNY,0.8926816777980258,0.6,0.971967875957489,/home/ace/Downloads/Dataset/Day/21692_Day_EXTRASUNNY.png,/home/ace/Downloads/Dataset/Night/21692_Night_EXTRASUNNY.png
Mask2Former-Swin-L,2041817,Day-FOGGY,0.8474941449255048,0.6,0.9406603574752808,/home/ace/Downloads/Dataset/Day/2041817_Day_EXTRASUNNY.png,/home/ace/Downloads/Dataset/Day/2041817_Day_FOGGY.png
Mask2Former-Swin-L,21692,Night-EXTRASUNNY,0.890635150453744,0.6,0.9649417400360107,/home/ace/Downloads/Dataset/Day/21692_Day_EXTRASUNNY.png,/home/ace/Downloads/Dataset/Night/21692_Night_EXTRASUNNY.png
DeepLabV3+-R101,2041817,Day-FOGGY,0.8016424295101684,0.6,0.9026106595993042,/home/ace/Downloads/Dataset/Day/2041817_Day_EXTRASUNNY.png,/home/ace/Downloads/Dataset/Day/2041817_Day_FOGGY.png
DeepLabV3+-R101,21692,Night-EXTRASUNNY,0.7594731436066323,0.6,0.9231853485107422,/home/ace/Downloads/Dataset/Day/21692_Day_EXTRASUNNY.png,/home/ace/Downloads/Dataset/Night/21692_Night_EXTRASUNNY.png
PIDNet-M,2041817,Day-FOGGY,0.8751246056760406,0.6,0.7903186082839966,/home/ace/Downloads/Dataset/Day/2041817_Day_EXTRASUNNY.png,/home/ace/Downloads/Dataset/Day/2041817_Day_FOGGY.png
PIDNet-M,21692,Night-EXTRASUNNY,0.57143059883745,0.6,0.9290791749954224,/home/ace/Downloads/Dataset/Day/21692_Day_EXTRASUNNY.png,/home/ace/Downloads/Dataset/Night/21692_Night_EXTRASUNNY.png
DDRNet-23,2041817,Day-FOGGY,0.8801908008766527,0.6,0.8437764644622803,/home/ace/Downloads/Dataset/Day/2041817_Day_EXTRASUNNY.png,/home/ace/Downloads/Dataset/Day/2041817_Day_FOGGY.png
DDRNet-23,21692,Night-EXTRASUNNY,0.3013077756184528,0.6,0.83141028881073,/home/ace/Downloads/Dataset/Day/21692_Day_EXTRASUNNY.png,/home/ace/Downloads/Dataset/Night/21692_Night_EXTRASUNNY.png
SegFormer-B0,2231013,Day-RAIN,0.9456158873054089,0.6,0.9184567332267761,/home/ace/Downloads/Dataset/Day/2231013_Day_EXTRASUNNY.png,/home/ace/Downloads/Dataset/Day/2231013_Day_RAIN.png
SegFormer-B0,223195,Day-RAIN,0.964796209934118,0.6,0.9277139902114868,/home/ace/Downloads/Dataset/Day/223195_Day_EXTRASUNNY.png,/home/ace/Downloads/Dataset/Day/223195_Day_RAIN.png
SegFormer-B2,2231013,Day-RAIN,0.9482726643905364,0.6,0.9419876933097839,/home/ace/Downloads/Dataset/Day/2231013_Day_EXTRASUNNY.png,/home/ace/Downloads/Dataset/Day/2231013_Day_RAIN.png
SegFormer-B2,223195,Day-RAIN,0.9766351321801379,0.6,0.9547192454338074,/home/ace/Downloads/Dataset/Day/223195_Day_EXTRASUNNY.png,/home/ace/Downloads/Dataset/Day/223195_Day_RAIN.png
SegFormer-B5,2231013,Day-RAIN,0.9361126281098234,0.6,0.9566953778266907,/home/ace/Downloads/Dataset/Day/2231013_Day_EXTRASUNNY.png,/home/ace/Downloads/Dataset/Day/2231013_Day_RAIN.png
SegFormer-B5,223195,Day-RAIN,0.9639989042924232,0.6,0.9747258424758911,/home/ace/Downloads/Dataset/Day/223195_Day_EXTRASUNNY.png,/home/ace/Downloads/Dataset/Day/223195_Day_RAIN.png
Mask2Former-Swin-S,2231013,Day-RAIN,0.9414041226774518,0.6,0.9674447774887085,/home/ace/Downloads/Dataset/Day/2231013_Day_EXTRASUNNY.png,/home/ace/Downloads/Dataset/Day/2231013_Day_RAIN.png
Mask2Former-Swin-S,223195,Day-RAIN,0.9551729651021196,0.6,0.9587204456329346,/home/ace/Downloads/Dataset/Day/223195_Day_EXTRASUNNY.png,/home/ace/Downloads/Dataset/Day/223195_Day_RAIN.png
Mask2Former-Swin-L,2231013,Day-RAIN,0.964027549370359,0.6,0.9594506025314331,/home/ace/Downloads/Dataset/Day/2231013_Day_EXTRASUNNY.png,/home/ace/Downloads/Dataset/Day/2231013_Day_RAIN.png
Mask2Former-Swin-L,223195,Day-RAIN,0.9767592028363294,0.6,0.9520623683929443,/home/ace/Downloads/Dataset/Day/223195_Day_EXTRASUNNY.png,/home/ace/Downloads/Dataset/Day/223195_Day_RAIN.png
DeepLabV3+-R101,2231013,Day-RAIN,0.9256024279318297,0.6,0.9317266941070557,/home/ace/Downloads/Dataset/Day/2231013_Day_EXTRASUNNY.png,/home/ace/Downloads/Dataset/Day/2231013_Day_RAIN.png
DeepLabV3+-R101,223195,Day-RAIN,0.9008659740476775,0.6,0.9599390029907227,/home/ace/Downloads/Dataset/Day/223195_Day_EXTRASUNNY.png,/home/ace/Downloads/Dataset/Day/223195_Day_RAIN.png
PIDNet-M,2231013,Day-RAIN,0.9409446662765375,0.6,0.8928155899047852,/home/ace/Downloads/Dataset/Day/2231013_Day_EXTRASUNNY.png,/home/ace/Downloads/Dataset/Day/2231013_Day_RAIN.png
PIDNet-M,223195,Day-RAIN,0.8963109537225282,0.6,0.9106746315956116,/home/ace/Downloads/Dataset/Day/223195_Day_EXTRASUNNY.png,/home/ace/Downloads/Dataset/Day/223195_Day_RAIN.png
DDRNet-23,2231013,Day-RAIN,0.9151864712197878,0.6,0.8305026888847351,/home/ace/Downloads/Dataset/Day/2231013_Day_EXTRASUNNY.png,/home/ace/Downloads/Dataset/Day/2231013_Day_RAIN.png
DDRNet-23,223195,Day-RAIN,0.8541114991718078,0.6,0.8587204813957214,/home/ace/Downloads/Dataset/Day/223195_Day_EXTRASUNNY.png,/home/ace/Downloads/Dataset/Day/223195_Day_RAIN.png
SegFormer-B0,231037,Day-FOGGY,0.983362552464223,0.6,0.9598631858825684,/home/ace/Downloads/Dataset/Day/231037_Day_EXTRASUNNY.png,/home/ace/Downloads/Dataset/Day/231037_Day_FOGGY.png
SegFormer-B0,2461888,Sunset-EXTRASUNNY,0.9103636468963331,0.6,0.9009531736373901,/home/ace/Downloads/Dataset/Day/2461888_Day_EXTRASUNNY.png,/home/ace/Downloads/Dataset/Sunset/2461888_Sunset_EXTRASUNNY.png
SegFormer-B2,231037,Day-FOGGY,0.948760379662296,0.6,0.9435341954231262,/home/ace/Downloads/Dataset/Day/231037_Day_EXTRASUNNY.png,/home/ace/Downloads/Dataset/Day/231037_Day_FOGGY.png
SegFormer-B2,2461888,Sunset-EXTRASUNNY,0.8471136294736866,0.6,0.944169282913208,/home/ace/Downloads/Dataset/Day/2461888_Day_EXTRASUNNY.png,/home/ace/Downloads/Dataset/Sunset/2461888_Sunset_EXTRASUNNY.png
SegFormer-B5,231037,Day-FOGGY,0.9690894258388539,0.6,0.9771711826324463,/home/ace/Downloads/Dataset/Day/231037_Day_EXTRASUNNY.png,/home/ace/Downloads/Dataset/Day/231037_Day_FOGGY.png
SegFormer-B5,2461888,Sunset-EXTRASUNNY,0.9498058107570442,0.6,0.9720953702926636,/home/ace/Downloads/Dataset/Day/2461888_Day_EXTRASUNNY.png,/home/ace/Downloads/Dataset/Sunset/2461888_Sunset_EXTRASUNNY.png
Mask2Former-Swin-S,231037,Day-FOGGY,0.9574842221614748,0.6,0.9244807958602905,/home/ace/Downloads/Dataset/Day/231037_Day_EXTRASUNNY.png,/home/ace/Downloads/Dataset/Day/231037_Day_FOGGY.png
Mask2Former-Swin-S,2461888,Sunset-EXTRASUNNY,0.9045540023875732,0.6,0.926398754119873,/home/ace/Downloads/Dataset/Day/2461888_Day_EXTRASUNNY.png,/home/ace/Downloads/Dataset/Sunset/2461888_Sunset_EXTRASUNNY.png
Mask2Former-Swin-L,231037,Day-FOGGY,0.97413973584133,0.6,0.9551982879638672,/home/ace/Downloads/Dataset/Day/231037_Day_EXTRASUNNY.png,/home/ace/Downloads/Dataset/Day/231037_Day_FOGGY.png
Mask2Former-Swin-L,2461888,Sunset-EXTRASUNNY,0.9253166474392609,0.6,0.9538715481758118,/home/ace/Downloads/Dataset/Day/2461888_Day_EXTRASUNNY.png,/home/ace/Downloads/Dataset/Sunset/2461888_Sunset_EXTRASUNNY.png
DeepLabV3+-R101,231037,Day-FOGGY,0.9784700022038907,0.6,0.9273288249969482,/home/ace/Downloads/Dataset/Day/231037_Day_EXTRASUNNY.png,/home/ace/Downloads/Dataset/Day/231037_Day_FOGGY.png
DeepLabV3+-R101,2461888,Sunset-EXTRASUNNY,0.903293415683696,0.6,0.9174475073814392,/home/ace/Downloads/Dataset/Day/2461888_Day_EXTRASUNNY.png,/home/ace/Downloads/Dataset/Sunset/2461888_Sunset_EXTRASUNNY.png
PIDNet-M,231037,Day-FOGGY,0.9733923561485912,0.6,0.9044989347457886,/home/ace/Downloads/Dataset/Day/231037_Day_EXTRASUNNY.png,/home/ace/Downloads/Dataset/Day/231037_Day_FOGGY.png
PIDNet-M,2461888,Sunset-EXTRASUNNY,0.6891523776901132,0.6,0.9126079082489014,/home/ace/Downloads/Dataset/Day/2461888_Day_EXTRASUNNY.png,/home/ace/Downloads/Dataset/Sunset/2461888_Sunset_EXTRASUNNY.png
DDRNet-23,231037,Day-FOGGY,0.9581936005799759,0.6,0.9154356718063354,/home/ace/Downloads/Dataset/Day/231037_Day_EXTRASUNNY.png,/home/ace/Downloads/Dataset/Day/231037_Day_FOGGY.png
DDRNet-23,2461888,Sunset-EXTRASUNNY,0.3654218062740149,0.6,0.7548010945320129,/home/ace/Downloads/Dataset/Day/2461888_Day_EXTRASUNNY.png,/home/ace/Downloads/Dataset/Sunset/2461888_Sunset_EXTRASUNNY.png
SegFormer-B0,2531844,Sunset-FOGGY,0.8176583621629278,0.6,0.903752863407135,/home/ace/Downloads/Dataset/Day/2531844_Day_EXTRASUNNY.png,/home/ace/Downloads/Dataset/Sunset/2531844_Sunset_FOGGY.png
SegFormer-B0,2711181,Day-FOGGY,0.9598143535034998,0.6,0.9553917050361633,/home/ace/Downloads/Dataset/Day/2711181_Day_EXTRASUNNY.png,/home/ace/Downloads/Dataset/Day/2711181_Day_FOGGY.png
SegFormer-B2,2531844,Sunset-FOGGY,0.9468005467652486,0.6,0.9276320934295654,/home/ace/Downloads/Dataset/Day/2531844_Day_EXTRASUNNY.png,/home/ace/Downloads/Dataset/Sunset/2531844_Sunset_FOGGY.png
SegFormer-B2,2711181,Day-FOGGY,0.9736849176678161,0.6,0.9609234929084778,/home/ace/Downloads/Dataset/Day/2711181_Day_EXTRASUNNY.png,/home/ace/Downloads/Dataset/Day/2711181_Day_FOGGY.png
SegFormer-B5,2531844,Sunset-FOGGY,0.9174150433492505,0.6,0.9690852165222168,/home/ace/Downloads/Dataset/Day/2531844_Day_EXTRASUNNY.png,/home/ace/Downloads/Dataset/Sunset/2531844_Sunset_FOGGY.png
SegFormer-B5,2711181,Day-FOGGY,0.9395118086534313,0.6,0.9819201231002808,/home/ace/Downloads/Dataset/Day/2711181_Day_EXTRASUNNY.png,/home/ace/Downloads/Dataset/Day/2711181_Day_FOGGY.png
Mask2Former-Swin-S,2531844,Sunset-FOGGY,0.943795669656416,0.6,0.9532749056816101,/home/ace/Downloads/Dataset/Day/2531844_Day_EXTRASUNNY.png,/home/ace/Downloads/Dataset/Sunset/2531844_Sunset_FOGGY.png
Mask2Former-Swin-S,2711181,Day-FOGGY,0.9056189895833436,0.6,0.5562646985054016,/home/ace/Downloads/Dataset/Day/2711181_Day_EXTRASUNNY.png,/home/ace/Downloads/Dataset/Day/2711181_Day_FOGGY.png
Mask2Former-Swin-L,2531844,Sunset-FOGGY,0.9483923080143847,0.6,0.9447357058525085,/home/ace/Downloads/Dataset/Day/2531844_Day_EXTRASUNNY.png,/home/ace/Downloads/Dataset/Sunset/2531844_Sunset_FOGGY.png
Mask2Former-Swin-L,2711181,Day-FOGGY,0.7599737298553458,0.6,0.8156108856201172,/home/ace/Downloads/Dataset/Day/2711181_Day_EXTRASUNNY.png,/home/ace/Downloads/Dataset/Day/2711181_Day_FOGGY.png
DeepLabV3+-R101,2531844,Sunset-FOGGY,0.7947020838845518,0.6,0.9364668726921082,/home/ace/Downloads/Dataset/Day/2531844_Day_EXTRASUNNY.png,/home/ace/Downloads/Dataset/Sunset/2531844_Sunset_FOGGY.png
DeepLabV3+-R101,2711181,Day-FOGGY,0.9256526150102296,0.6,0.8149955868721008,/home/ace/Downloads/Dataset/Day/2711181_Day_EXTRASUNNY.png,/home/ace/Downloads/Dataset/Day/2711181_Day_FOGGY.png
PIDNet-M,2531844,Sunset-FOGGY,0.6297919679078399,0.6,0.9225161671638489,/home/ace/Downloads/Dataset/Day/2531844_Day_EXTRASUNNY.png,/home/ace/Downloads/Dataset/Sunset/2531844_Sunset_FOGGY.png
PIDNet-M,2711181,Day-FOGGY,0.7159476218278248,0.6,0.6944500207901001,/home/ace/Downloads/Dataset/Day/2711181_Day_EXTRASUNNY.png,/home/ace/Downloads/Dataset/Day/2711181_Day_FOGGY.png
DDRNet-23,2531844,Sunset-FOGGY,0.13190539457344955,0.6,0.8985556364059448,/home/ace/Downloads/Dataset/Day/2531844_Day_EXTRASUNNY.png,/home/ace/Downloads/Dataset/Sunset/2531844_Sunset_FOGGY.png
DDRNet-23,2711181,Day-FOGGY,0.9737264112247781,0.6,0.9041011929512024,/home/ace/Downloads/Dataset/Day/2711181_Day_EXTRASUNNY.png,/home/ace/Downloads/Dataset/Day/2711181_Day_FOGGY.png
SegFormer-B0,288913,Night-FOGGY,0.8991447537975396,0.6,0.9230309724807739,/home/ace/Downloads/Dataset/Day/288913_Day_EXTRASUNNY.png,/home/ace/Downloads/Dataset/Night/288913_Night_FOGGY.png
SegFormer-B0,302966,Day-RAIN,0.9638309172368196,0.6,0.8616849780082703,/home/ace/Downloads/Dataset/Day/302966_Day_EXTRASUNNY.png,/home/ace/Downloads/Dataset/Day/302966_Day_RAIN.png
SegFormer-B2,288913,Night-FOGGY,0.903919252682966,0.6,0.9293472766876221,/home/ace/Downloads/Dataset/Day/288913_Day_EXTRASUNNY.png,/home/ace/Downloads/Dataset/Night/288913_Night_FOGGY.png
SegFormer-B2,302966,Day-RAIN,0.946997711181604,0.6,0.9154828786849976,/home/ace/Downloads/Dataset/Day/302966_Day_EXTRASUNNY.png,/home/ace/Downloads/Dataset/Day/302966_Day_RAIN.png
SegFormer-B5,288913,Night-FOGGY,0.9237646308540317,0.6,0.9751763343811035,/home/ace/Downloads/Dataset/Day/288913_Day_EXTRASUNNY.png,/home/ace/Downloads/Dataset/Night/288913_Night_FOGGY.png
SegFormer-B5,302966,Day-RAIN,0.9311704910659642,0.6,0.9649955630302429,/home/ace/Downloads/Dataset/Day/302966_Day_EXTRASUNNY.png,/home/ace/Downloads/Dataset/Day/302966_Day_RAIN.png
Mask2Former-Swin-S,288913,Night-FOGGY,0.8926902742444388,0.6,0.9581919312477112,/home/ace/Downloads/Dataset/Day/288913_Day_EXTRASUNNY.png,/home/ace/Downloads/Dataset/Night/288913_Night_FOGGY.png
Mask2Former-Swin-S,302966,Day-RAIN,0.9510801791822545,0.6,0.9463201761245728,/home/ace/Downloads/Dataset/Day/302966_Day_EXTRASUNNY.png,/home/ace/Downloads/Dataset/Day/302966_Day_RAIN.png
Mask2Former-Swin-L,288913,Night-FOGGY,0.9455578272239852,0.6,0.9665712118148804,/home/ace/Downloads/Dataset/Day/288913_Day_EXTRASUNNY.png,/home/ace/Downloads/Dataset/Night/288913_Night_FOGGY.png
Mask2Former-Swin-L,302966,Day-RAIN,0.9126242682513234,0.6,0.931449830532074,/home/ace/Downloads/Dataset/Day/302966_Day_EXTRASUNNY.png,/home/ace/Downloads/Dataset/Day/302966_Day_RAIN.png
DeepLabV3+-R101,288913,Night-FOGGY,0.46185690301511007,0.6,0.9077453017234802,/home/ace/Downloads/Dataset/Day/288913_Day_EXTRASUNNY.png,/home/ace/Downloads/Dataset/Night/288913_Night_FOGGY.png
DeepLabV3+-R101,302966,Day-RAIN,0.9275256578345933,0.6,0.9495230913162231,/home/ace/Downloads/Dataset/Day/302966_Day_EXTRASUNNY.png,/home/ace/Downloads/Dataset/Day/302966_Day_RAIN.png
PIDNet-M,288913,Night-FOGGY,0.7309105372532874,0.6,0.9033463001251221,/home/ace/Downloads/Dataset/Day/288913_Day_EXTRASUNNY.png,/home/ace/Downloads/Dataset/Night/288913_Night_FOGGY.png
PIDNet-M,302966,Day-RAIN,0.9216052202766614,0.6,0.8911014795303345,/home/ace/Downloads/Dataset/Day/302966_Day_EXTRASUNNY.png,/home/ace/Downloads/Dataset/Day/302966_Day_RAIN.png
DDRNet-23,288913,Night-FOGGY,0.4243849055971226,0.6,0.9176980257034302,/home/ace/Downloads/Dataset/Day/288913_Day_EXTRASUNNY.png,/home/ace/Downloads/Dataset/Night/288913_Night_FOGGY.png
DDRNet-23,302966,Day-RAIN,0.8643996810914348,0.6,0.8303510546684265,/home/ace/Downloads/Dataset/Day/302966_Day_EXTRASUNNY.png,/home/ace/Downloads/Dataset/Day/302966_Day_RAIN.png
SegFormer-B0,320493,Day-FOGGY,0.9462065726321351,0.6,0.8983320593833923,/home/ace/Downloads/Dataset/Day/320493_Day_EXTRASUNNY.png,/home/ace/Downloads/Dataset/Day/320493_Day_FOGGY.png
SegFormer-B0,365202,Sunset-EXTRASUNNY,0.9814638988514907,0.6,0.9541659951210022,/home/ace/Downloads/Dataset/Day/365202_Day_EXTRASUNNY.png,/home/ace/Downloads/Dataset/Sunset/365202_Sunset_EXTRASUNNY.png
SegFormer-B2,320493,Day-FOGGY,0.95076877225784,0.6,0.943816065788269,/home/ace/Downloads/Dataset/Day/320493_Day_EXTRASUNNY.png,/home/ace/Downloads/Dataset/Day/320493_Day_FOGGY.png
SegFormer-B2,365202,Sunset-EXTRASUNNY,0.967434348322337,0.6,0.9718266725540161,/home/ace/Downloads/Dataset/Day/365202_Day_EXTRASUNNY.png,/home/ace/Downloads/Dataset/Sunset/365202_Sunset_EXTRASUNNY.png
SegFormer-B5,320493,Day-FOGGY,0.9596960573054611,0.6,0.9703626036643982,/home/ace/Downloads/Dataset/Day/320493_Day_EXTRASUNNY.png,/home/ace/Downloads/Dataset/Day/320493_Day_FOGGY.png
SegFormer-B5,365202,Sunset-EXTRASUNNY,0.9730855613121836,0.6,0.9838402271270752,/home/ace/Downloads/Dataset/Day/365202_Day_EXTRASUNNY.png,/home/ace/Downloads/Dataset/Sunset/365202_Sunset_EXTRASUNNY.png
Mask2Former-Swin-S,320493,Day-FOGGY,0.9629349465629492,0.6,0.8533803820610046,/home/ace/Downloads/Dataset/Day/320493_Day_EXTRASUNNY.png,/home/ace/Downloads/Dataset/Day/320493_Day_FOGGY.png
Mask2Former-Swin-S,365202,Sunset-EXTRASUNNY,0.9858872071285122,0.6,0.9736023545265198,/home/ace/Downloads/Dataset/Day/365202_Day_EXTRASUNNY.png,/home/ace/Downloads/Dataset/Sunset/365202_Sunset_EXTRASUNNY.png
Mask2Former-Swin-L,320493,Day-FOGGY,0.9284543252223234,0.6,0.9302570819854736,/home/ace/Downloads/Dataset/Day/320493_Day_EXTRASUNNY.png,/home/ace/Downloads/Dataset/Day/320493_Day_FOGGY.png
Mask2Former-Swin-L,365202,Sunset-EXTRASUNNY,0.987411525088053,0.6,0.9764531254768372,/home/ace/Downloads/Dataset/Day/365202_Day_EXTRASUNNY.png,/home/ace/Downloads/Dataset/Sunset/365202_Sunset_EXTRASUNNY.png
DeepLabV3+-R101,320493,Day-FOGGY,0.9582342515597655,0.6,0.8890187740325928,/home/ace/Downloads/Dataset/Day/320493_Day_EXTRASUNNY.png,/home/ace/Downloads/Dataset/Day/320493_Day_FOGGY.png
DeepLabV3+-R101,365202,Sunset-EXTRASUNNY,0.9280305446823636,0.6,0.9645049571990967,/home/ace/Downloads/Dataset/Day/365202_Day_EXTRASUNNY.png,/home/ace/Downloads/Dataset/Sunset/365202_Sunset_EXTRASUNNY.png
PIDNet-M,320493,Day-FOGGY,0.9170198521892231,0.6,0.8337633013725281,/home/ace/Downloads/Dataset/Day/320493_Day_EXTRASUNNY.png,/home/ace/Downloads/Dataset/Day/320493_Day_FOGGY.png
PIDNet-M,365202,Sunset-EXTRASUNNY,0.8681262577087262,0.6,0.9383402466773987,/home/ace/Downloads/Dataset/Day/365202_Day_EXTRASUNNY.png,/home/ace/Downloads/Dataset/Sunset/365202_Sunset_EXTRASUNNY.png
DDRNet-23,320493,Day-FOGGY,0.7673768908915353,0.6,0.8534775972366333,/home/ace/Downloads/Dataset/Day/320493_Day_EXTRASUNNY.png,/home/ace/Downloads/Dataset/Day/320493_Day_FOGGY.png
DDRNet-23,365202,Sunset-EXTRASUNNY,0.634505999894275,0.6,0.831425130367279,/home/ace/Downloads/Dataset/Day/365202_Day_EXTRASUNNY.png,/home/ace/Downloads/Dataset/Sunset/365202_Sunset_EXTRASUNNY.png
SegFormer-B0,37573,Day-RAIN,0.9473977109799266,0.6,0.9437715411186218,/home/ace/Downloads/Dataset/Day/37573_Day_EXTRASUNNY.png,/home/ace/Downloads/Dataset/Day/37573_Day_RAIN.png
SegFormer-B0,3761910,Sunset-RAIN,0.9426161162411053,0.6,0.921779453754425,/home/ace/Downloads/Dataset/Day/3761910_Day_EXTRASUNNY.png,/home/ace/Downloads/Dataset/Sunset/3761910_Sunset_RAIN.png
SegFormer-B2,37573,Day-RAIN,0.9380649579449233,0.6,0.9723228216171265,/home/ace/Downloads/Dataset/Day/37573_Day_EXTRASUNNY.png,/home/ace/Downloads/Dataset/Day/37573_Day_RAIN.png
SegFormer-B2,3761910,Sunset-RAIN,0.971950340913938,0.6,0.9402422904968262,/home/ace/Downloads/Dataset/Day/3761910_Day_EXTRASUNNY.png,/home/ace/Downloads/Dataset/Sunset/3761910_Sunset_RAIN.png
SegFormer-B5,37573,Day-RAIN,0.9625695008800695,0.6,0.9822695255279541,/home/ace/Downloads/Dataset/Day/37573_Day_EXTRASUNNY.png,/home/ace/Downloads/Dataset/Day/37573_Day_RAIN.png
SegFormer-B5,3761910,Sunset-RAIN,0.9693576863883885,0.6,0.9748966693878174,/home/ace/Downloads/Dataset/Day/3761910_Day_EXTRASUNNY.png,/home/ace/Downloads/Dataset/Sunset/3761910_Sunset_RAIN.png
Mask2Former-Swin-S,37573,Day-RAIN,0.9627388658298631,0.6,0.9651927947998047,/home/ace/Downloads/Dataset/Day/37573_Day_EXTRASUNNY.png,/home/ace/Downloads/Dataset/Day/37573_Day_RAIN.png
Mask2Former-Swin-S,3761910,Sunset-RAIN,0.9235990667327387,0.6,0.9578903317451477,/home/ace/Downloads/Dataset/Day/3761910_Day_EXTRASUNNY.png,/home/ace/Downloads/Dataset/Sunset/3761910_Sunset_RAIN.png
Mask2Former-Swin-L,37573,Day-RAIN,0.9774121154170651,0.6,0.9767608046531677,/home/ace/Downloads/Dataset/Day/37573_Day_EXTRASUNNY.png,/home/ace/Downloads/Dataset/Day/37573_Day_RAIN.png
Mask2Former-Swin-L,3761910,Sunset-RAIN,0.9699236576895528,0.6,0.95186847448349,/home/ace/Downloads/Dataset/Day/3761910_Day_EXTRASUNNY.png,/home/ace/Downloads/Dataset/Sunset/3761910_Sunset_RAIN.png
DeepLabV3+-R101,37573,Day-RAIN,0.9698221761178437,0.6,0.9686567187309265,/home/ace/Downloads/Dataset/Day/37573_Day_EXTRASUNNY.png,/home/ace/Downloads/Dataset/Day/37573_Day_RAIN.png
DeepLabV3+-R101,3761910,Sunset-RAIN,0.8407008670231101,0.6,0.9610586762428284,/home/ace/Downloads/Dataset/Day/3761910_Day_EXTRASUNNY.png,/home/ace/Downloads/Dataset/Sunset/3761910_Sunset_RAIN.png
PIDNet-M,37573,Day-RAIN,0.8858298428583476,0.6,0.9380859136581421,/home/ace/Downloads/Dataset/Day/37573_Day_EXTRASUNNY.png,/home/ace/Downloads/Dataset/Day/37573_Day_RAIN.png
PIDNet-M,3761910,Sunset-RAIN,0.8918055064528463,0.6,0.9152889847755432,/home/ace/Downloads/Dataset/Day/3761910_Day_EXTRASUNNY.png,/home/ace/Downloads/Dataset/Sunset/3761910_Sunset_RAIN.png
DDRNet-23,37573,Day-RAIN,0.8751372274200236,0.6,0.8717624545097351,/home/ace/Downloads/Dataset/Day/37573_Day_EXTRASUNNY.png,/home/ace/Downloads/Dataset/Day/37573_Day_RAIN.png
DDRNet-23,3761910,Sunset-RAIN,0.2535749680552086,0.6,0.8775337934494019,/home/ace/Downloads/Dataset/Day/3761910_Day_EXTRASUNNY.png,/home/ace/Downloads/Dataset/Sunset/3761910_Sunset_RAIN.png
SegFormer-B0,400776,Sunset-FOGGY,0.8061802248453788,0.6,0.9268354773521423,/home/ace/Downloads/Dataset/Day/400776_Day_EXTRASUNNY.png,/home/ace/Downloads/Dataset/Sunset/400776_Sunset_FOGGY.png
SegFormer-B0,43427,Day-FOGGY,0.9519314246823061,0.6,0.946060299873352,/home/ace/Downloads/Dataset/Day/43427_Day_EXTRASUNNY.png,/home/ace/Downloads/Dataset/Day/43427_Day_FOGGY.png
SegFormer-B2,400776,Sunset-FOGGY,0.7795230964414218,0.6,0.9509482383728027,/home/ace/Downloads/Dataset/Day/400776_Day_EXTRASUNNY.png,/home/ace/Downloads/Dataset/Sunset/400776_Sunset_FOGGY.png
SegFormer-B2,43427,Day-FOGGY,0.9295104352399036,0.6,0.968425989151001,/home/ace/Downloads/Dataset/Day/43427_Day_EXTRASUNNY.png,/home/ace/Downloads/Dataset/Day/43427_Day_FOGGY.png
SegFormer-B5,400776,Sunset-FOGGY,0.8123544567210028,0.6,0.9757740497589111,/home/ace/Downloads/Dataset/Day/400776_Day_EXTRASUNNY.png,/home/ace/Downloads/Dataset/Sunset/400776_Sunset_FOGGY.png
SegFormer-B5,43427,Day-FOGGY,0.9562315898549074,0.6,0.9840303063392639,/home/ace/Downloads/Dataset/Day/43427_Day_EXTRASUNNY.png,/home/ace/Downloads/Dataset/Day/43427_Day_FOGGY.png
Mask2Former-Swin-S,400776,Sunset-FOGGY,0.8946097647639984,0.6,0.9508927464485168,/home/ace/Downloads/Dataset/Day/400776_Day_EXTRASUNNY.png,/home/ace/Downloads/Dataset/Sunset/400776_Sunset_FOGGY.png
Mask2Former-Swin-S,43427,Day-FOGGY,0.945623007121447,0.6,0.9655576348304749,/home/ace/Downloads/Dataset/Day/43427_Day_EXTRASUNNY.png,/home/ace/Downloads/Dataset/Day/43427_Day_FOGGY.png
Mask2Former-Swin-L,400776,Sunset-FOGGY,0.8879816053836341,0.6,0.9621920585632324,/home/ace/Downloads/Dataset/Day/400776_Day_EXTRASUNNY.png,/home/ace/Downloads/Dataset/Sunset/400776_Sunset_FOGGY.png
Mask2Former-Swin-L,43427,Day-FOGGY,0.9557927447061974,0.6,0.9624804854393005,/home/ace/Downloads/Dataset/Day/43427_Day_EXTRASUNNY.png,/home/ace/Downloads/Dataset/Day/43427_Day_FOGGY.png
DeepLabV3+-R101,400776,Sunset-FOGGY,0.7248478708091111,0.6,0.8892923593521118,/home/ace/Downloads/Dataset/Day/400776_Day_EXTRASUNNY.png,/home/ace/Downloads/Dataset/Sunset/400776_Sunset_FOGGY.png
DeepLabV3+-R101,43427,Day-FOGGY,0.9304248195853275,0.6,0.94749915599823,/home/ace/Downloads/Dataset/Day/43427_Day_EXTRASUNNY.png,/home/ace/Downloads/Dataset/Day/43427_Day_FOGGY.png
PIDNet-M,400776,Sunset-FOGGY,0.6174758267388434,0.6,0.8873261213302612,/home/ace/Downloads/Dataset/Day/400776_Day_EXTRASUNNY.png,/home/ace/Downloads/Dataset/Sunset/400776_Sunset_FOGGY.png
PIDNet-M,43427,Day-FOGGY,0.9653527305965672,0.6,0.942440927028656,/home/ace/Downloads/Dataset/Day/43427_Day_EXTRASUNNY.png,/home/ace/Downloads/Dataset/Day/43427_Day_FOGGY.png
DDRNet-23,400776,Sunset-FOGGY,0.5542714016382864,0.6,0.9109295606613159,/home/ace/Downloads/Dataset/Day/400776_Day_EXTRASUNNY.png,/home/ace/Downloads/Dataset/Sunset/400776_Sunset_FOGGY.png
DDRNet-23,43427,Day-FOGGY,0.8629329495400807,0.6,0.8772074580192566,/home/ace/Downloads/Dataset/Day/43427_Day_EXTRASUNNY.png,/home/ace/Downloads/Dataset/Day/43427_Day_FOGGY.png
SegFormer-B0,43428,Night-FOGGY,0.7731314277801415,0.6,0.928377628326416,/home/ace/Downloads/Dataset/Day/43428_Day_EXTRASUNNY.png,/home/ace/Downloads/Dataset/Night/43428_Night_FOGGY.png
SegFormer-B0,4361495,Day-FOGGY,0.9639734505293075,0.6,0.9015558362007141,/home/ace/Downloads/Dataset/Day/4361495_Day_EXTRASUNNY.png,/home/ace/Downloads/Dataset/Day/4361495_Day_FOGGY.png
SegFormer-B2,43428,Night-FOGGY,0.7922540336769185,0.6,0.9586495757102966,/home/ace/Downloads/Dataset/Day/43428_Day_EXTRASUNNY.png,/home/ace/Downloads/Dataset/Night/43428_Night_FOGGY.png
SegFormer-B2,4361495,Day-FOGGY,0.9803655761994927,0.6,0.9499538540840149,/home/ace/Downloads/Dataset/Day/4361495_Day_EXTRASUNNY.png,/home/ace/Downloads/Dataset/Day/4361495_Day_FOGGY.png
SegFormer-B5,43428,Night-FOGGY,0.7224656315319676,0.6,0.9816970229148865,/home/ace/Downloads/Dataset/Day/43428_Day_EXTRASUNNY.png,/home/ace/Downloads/Dataset/Night/43428_Night_FOGGY.png
SegFormer-B5,4361495,Day-FOGGY,0.9719667678940153,0.6,0.9722084999084473,/home/ace/Downloads/Dataset/Day/4361495_Day_EXTRASUNNY.png,/home/ace/Downloads/Dataset/Day/4361495_Day_FOGGY.png
Mask2Former-Swin-S,43428,Night-FOGGY,0.7482827409041474,0.6,0.9628073573112488,/home/ace/Downloads/Dataset/Day/43428_Day_EXTRASUNNY.png,/home/ace/Downloads/Dataset/Night/43428_Night_FOGGY.png
Mask2Former-Swin-S,4361495,Day-FOGGY,0.9647324136824382,0.6,0.9518014192581177,/home/ace/Downloads/Dataset/Day/4361495_Day_EXTRASUNNY.png,/home/ace/Downloads/Dataset/Day/4361495_Day_FOGGY.png
Mask2Former-Swin-L,43428,Night-FOGGY,0.7307916103498466,0.6,0.9621211886405945,/home/ace/Downloads/Dataset/Day/43428_Day_EXTRASUNNY.png,/home/ace/Downloads/Dataset/Night/43428_Night_FOGGY.png
Mask2Former-Swin-L,4361495,Day-FOGGY,0.9624608528100789,0.6,0.9383457899093628,/home/ace/Downloads/Dataset/Day/4361495_Day_EXTRASUNNY.png,/home/ace/Downloads/Dataset/Day/4361495_Day_FOGGY.png
DeepLabV3+-R101,43428,Night-FOGGY,0.7402058253823902,0.6,0.9623551964759827,/home/ace/Downloads/Dataset/Day/43428_Day_EXTRASUNNY.png,/home/ace/Downloads/Dataset/Night/43428_Night_FOGGY.png
DeepLabV3+-R101,4361495,Day-FOGGY,0.9645863262975651,0.6,0.9545148611068726,/home/ace/Downloads/Dataset/Day/4361495_Day_EXTRASUNNY.png,/home/ace/Downloads/Dataset/Day/4361495_Day_FOGGY.png
PIDNet-M,43428,Night-FOGGY,0.5305573166204658,0.6,0.88649982213974,/home/ace/Downloads/Dataset/Day/43428_Day_EXTRASUNNY.png,/home/ace/Downloads/Dataset/Night/43428_Night_FOGGY.png
PIDNet-M,4361495,Day-FOGGY,0.9504449503990208,0.6,0.9210410714149475,/home/ace/Downloads/Dataset/Day/4361495_Day_EXTRASUNNY.png,/home/ace/Downloads/Dataset/Day/4361495_Day_FOGGY.png
DDRNet-23,43428,Night-FOGGY,0.5933262614425463,0.6,0.9198076725006104,/home/ace/Downloads/Dataset/Day/43428_Day_EXTRASUNNY.png,/home/ace/Downloads/Dataset/Night/43428_Night_FOGGY.png
DDRNet-23,4361495,Day-FOGGY,0.8599946496704108,0.6,0.8687017560005188,/home/ace/Downloads/Dataset/Day/4361495_Day_EXTRASUNNY.png,/home/ace/Downloads/Dataset/Day/4361495_Day_FOGGY.png
SegFormer-B0,450967,Day-RAIN,0.9662836423179967,0.6,0.9609174728393555,/home/ace/Downloads/Dataset/Day/450967_Day_EXTRASUNNY.png,/home/ace/Downloads/Dataset/Day/450967_Day_RAIN.png
SegFormer-B0,4561149,Day-RAIN,0.9766646166639237,0.6,0.9513816833496094,/home/ace/Downloads/Dataset/Day/4561149_Day_EXTRASUNNY.png,/home/ace/Downloads/Dataset/Day/4561149_Day_RAIN.png
SegFormer-B2,450967,Day-RAIN,0.9646513239793708,0.6,0.9638544917106628,/home/ace/Downloads/Dataset/Day/450967_Day_EXTRASUNNY.png,/home/ace/Downloads/Dataset/Day/450967_Day_RAIN.png
SegFormer-B2,4561149,Day-RAIN,0.9877090276721975,0.6,0.9648208618164062,/home/ace/Downloads/Dataset/Day/4561149_Day_EXTRASUNNY.png,/home/ace/Downloads/Dataset/Day/4561149_Day_RAIN.png
SegFormer-B5,450967,Day-RAIN,0.9575409549414897,0.6,0.9865695834159851,/home/ace/Downloads/Dataset/Day/450967_Day_EXTRASUNNY.png,/home/ace/Downloads/Dataset/Day/450967_Day_RAIN.png
SegFormer-B5,4561149,Day-RAIN,0.9781064609595819,0.6,0.9905241131782532,/home/ace/Downloads/Dataset/Day/4561149_Day_EXTRASUNNY.png,/home/ace/Downloads/Dataset/Day/4561149_Day_RAIN.png
Mask2Former-Swin-S,450967,Day-RAIN,0.9664745446948994,0.6,0.9625381827354431,/home/ace/Downloads/Dataset/Day/450967_Day_EXTRASUNNY.png,/home/ace/Downloads/Dataset/Day/450967_Day_RAIN.png
Mask2Former-Swin-S,4561149,Day-RAIN,0.9802981964824543,0.6,0.9724431037902832,/home/ace/Downloads/Dataset/Day/4561149_Day_EXTRASUNNY.png,/home/ace/Downloads/Dataset/Day/4561149_Day_RAIN.png
Mask2Former-Swin-L,450967,Day-RAIN,0.9809724433144522,0.6,0.9767003655433655,/home/ace/Downloads/Dataset/Day/450967_Day_EXTRASUNNY.png,/home/ace/Downloads/Dataset/Day/450967_Day_RAIN.png
Mask2Former-Swin-L,4561149,Day-RAIN,0.9850409975696731,0.6,0.9675200581550598,/home/ace/Downloads/Dataset/Day/4561149_Day_EXTRASUNNY.png,/home/ace/Downloads/Dataset/Day/4561149_Day_RAIN.png
DeepLabV3+-R101,450967,Day-RAIN,0.8241857395848063,0.6,0.897483229637146,/home/ace/Downloads/Dataset/Day/450967_Day_EXTRASUNNY.png,/home/ace/Downloads/Dataset/Day/450967_Day_RAIN.png
DeepLabV3+-R101,4561149,Day-RAIN,0.6990651822792331,0.6,0.913634717464447,/home/ace/Downloads/Dataset/Day/4561149_Day_EXTRASUNNY.png,/home/ace/Downloads/Dataset/Day/4561149_Day_RAIN.png
PIDNet-M,450967,Day-RAIN,0.8333628432345116,0.6,0.9060344696044922,/home/ace/Downloads/Dataset/Day/450967_Day_EXTRASUNNY.png,/home/ace/Downloads/Dataset/Day/450967_Day_RAIN.png
PIDNet-M,4561149,Day-RAIN,0.8423806577535472,0.6,0.919028103351593,/home/ace/Downloads/Dataset/Day/4561149_Day_EXTRASUNNY.png,/home/ace/Downloads/Dataset/Day/4561149_Day_RAIN.png
DDRNet-23,450967,Day-RAIN,0.7053389420700673,0.6,0.8225403428077698,/home/ace/Downloads/Dataset/Day/450967_Day_EXTRASUNNY.png,/home/ace/Downloads/Dataset/Day/450967_Day_RAIN.png
DDRNet-23,4561149,Day-RAIN,0.47485144483356106,0.6,0.7501845955848694,/home/ace/Downloads/Dataset/Day/4561149_Day_EXTRASUNNY.png,/home/ace/Downloads/Dataset/Day/4561149_Day_RAIN.png
SegFormer-B0,460731,Night-EXTRASUNNY,0.8021004342780368,0.6,0.9453834295272827,/home/ace/Downloads/Dataset/Day/460731_Day_EXTRASUNNY.png,/home/ace/Downloads/Dataset/Night/460731_Night_EXTRASUNNY.png
SegFormer-B0,463639,Day-RAIN,0.9614213021218554,0.6,0.9151257872581482,/home/ace/Downloads/Dataset/Day/463639_Day_EXTRASUNNY.png,/home/ace/Downloads/Dataset/Day/463639_Day_RAIN.png
SegFormer-B2,460731,Night-EXTRASUNNY,0.7806028535305842,0.6,0.9512135982513428,/home/ace/Downloads/Dataset/Day/460731_Day_EXTRASUNNY.png,/home/ace/Downloads/Dataset/Night/460731_Night_EXTRASUNNY.png
SegFormer-B2,463639,Day-RAIN,0.8465840184064019,0.6,0.9250422716140747,/home/ace/Downloads/Dataset/Day/463639_Day_EXTRASUNNY.png,/home/ace/Downloads/Dataset/Day/463639_Day_RAIN.png
SegFormer-B5,460731,Night-EXTRASUNNY,0.8145304056767368,0.6,0.9713536500930786,/home/ace/Downloads/Dataset/Day/460731_Day_EXTRASUNNY.png,/home/ace/Downloads/Dataset/Night/460731_Night_EXTRASUNNY.png
SegFormer-B5,463639,Day-RAIN,0.8615288340915508,0.6,0.9437671303749084,/home/ace/Downloads/Dataset/Day/463639_Day_EXTRASUNNY.png,/home/ace/Downloads/Dataset/Day/463639_Day_RAIN.png
Mask2Former-Swin-S,460731,Night-EXTRASUNNY,0.6956513752936767,0.6,0.9571129083633423,/home/ace/Downloads/Dataset/Day/460731_Day_EXTRASUNNY.png,/home/ace/Downloads/Dataset/Night/460731_Night_EXTRASUNNY.png
Mask2Former-Swin-S,463639,Day-RAIN,0.9259060362552495,0.6,0.9555125832557678,/home/ace/Downloads/Dataset/Day/463639_Day_EXTRASUNNY.png,/home/ace/Downloads/Dataset/Day/463639_Day_RAIN.png
Mask2Former-Swin-L,460731,Night-EXTRASUNNY,0.8633400647699017,0.6,0.964424192905426,/home/ace/Downloads/Dataset/Day/460731_Day_EXTRASUNNY.png,/home/ace/Downloads/Dataset/Night/460731_Night_EXTRASUNNY.png
Mask2Former-Swin-L,463639,Day-RAIN,0.8141857323873158,0.6,0.9460641741752625,/home/ace/Downloads/Dataset/Day/463639_Day_EXTRASUNNY.png,/home/ace/Downloads/Dataset/Day/463639_Day_RAIN.png
DeepLabV3+-R101,460731,Night-EXTRASUNNY,0.5333761870872457,0.6,0.9333045482635498,/home/ace/Downloads/Dataset/Day/460731_Day_EXTRASUNNY.png,/home/ace/Downloads/Dataset/Night/460731_Night_EXTRASUNNY.png
DeepLabV3+-R101,463639,Day-RAIN,0.911779150538928,0.6,0.8859718441963196,/home/ace/Downloads/Dataset/Day/463639_Day_EXTRASUNNY.png,/home/ace/Downloads/Dataset/Day/463639_Day_RAIN.png
PIDNet-M,460731,Night-EXTRASUNNY,0.6702755614741153,0.6,0.9670299887657166,/home/ace/Downloads/Dataset/Day/460731_Day_EXTRASUNNY.png,/home/ace/Downloads/Dataset/Night/460731_Night_EXTRASUNNY.png
PIDNet-M,463639,Day-RAIN,0.9049238036214634,0.6,0.8811569809913635,/home/ace/Downloads/Dataset/Day/463639_Day_EXTRASUNNY.png,/home/ace/Downloads/Dataset/Day/463639_Day_RAIN.png
DDRNet-23,460731,Night-EXTRASUNNY,0.5519467160580416,0.6,0.8679062724113464,/home/ace/Downloads/Dataset/Day/460731_Day_EXTRASUNNY.png,/home/ace/Downloads/Dataset/Night/460731_Night_EXTRASUNNY.png
DDRNet-23,463639,Day-RAIN,0.883115403738195,0.6,0.8198977708816528,/home/ace/Downloads/Dataset/Day/463639_Day_EXTRASUNNY.png,/home/ace/Downloads/Dataset/Day/463639_Day_RAIN.png
SegFormer-B0,4641194,Day-FOGGY,0.9451889123984032,0.6,0.9394274950027466,/home/ace/Downloads/Dataset/Day/4641194_Day_EXTRASUNNY.png,/home/ace/Downloads/Dataset/Day/4641194_Day_FOGGY.png
SegFormer-B0,471118,Night-RAIN,0.6634129974907669,0.6,0.8482023477554321,/home/ace/Downloads/Dataset/Day/471118_Day_EXTRASUNNY.png,/home/ace/Downloads/Dataset/Night/471118_Night_RAIN.png
SegFormer-B2,4641194,Day-FOGGY,0.9146604546242676,0.6,0.9537320137023926,/home/ace/Downloads/Dataset/Day/4641194_Day_EXTRASUNNY.png,/home/ace/Downloads/Dataset/Day/4641194_Day_FOGGY.png
SegFormer-B2,471118,Night-RAIN,0.6397176203065227,0.6,0.9316179156303406,/home/ace/Downloads/Dataset/Day/471118_Day_EXTRASUNNY.png,/home/ace/Downloads/Dataset/Night/471118_Night_RAIN.png
SegFormer-B5,4641194,Day-FOGGY,0.9211983032814519,0.6,0.9826551675796509,/home/ace/Downloads/Dataset/Day/4641194_Day_EXTRASUNNY.png,/home/ace/Downloads/Dataset/Day/4641194_Day_FOGGY.png
SegFormer-B5,471118,Night-RAIN,0.6845636594965727,0.6,0.9694017171859741,/home/ace/Downloads/Dataset/Day/471118_Day_EXTRASUNNY.png,/home/ace/Downloads/Dataset/Night/471118_Night_RAIN.png
Mask2Former-Swin-S,4641194,Day-FOGGY,0.9394929903165198,0.6,0.9503076672554016,/home/ace/Downloads/Dataset/Day/4641194_Day_EXTRASUNNY.png,/home/ace/Downloads/Dataset/Day/4641194_Day_FOGGY.png
Mask2Former-Swin-S,471118,Night-RAIN,0.4150378881093555,0.6,0.9465816617012024,/home/ace/Downloads/Dataset/Day/471118_Day_EXTRASUNNY.png,/home/ace/Downloads/Dataset/Night/471118_Night_RAIN.png
Mask2Former-Swin-L,4641194,Day-FOGGY,0.9410356201241541,0.6,0.9645758271217346,/home/ace/Downloads/Dataset/Day/4641194_Day_EXTRASUNNY.png,/home/ace/Downloads/Dataset/Day/4641194_Day_FOGGY.png
Mask2Former-Swin-L,471118,Night-RAIN,0.7333016169129515,0.6,0.9677194356918335,/home/ace/Downloads/Dataset/Day/471118_Day_EXTRASUNNY.png,/home/ace/Downloads/Dataset/Night/471118_Night_RAIN.png
DeepLabV3+-R101,4641194,Day-FOGGY,0.859924797610261,0.6,0.9453301429748535,/home/ace/Downloads/Dataset/Day/4641194_Day_EXTRASUNNY.png,/home/ace/Downloads/Dataset/Day/4641194_Day_FOGGY.png
DeepLabV3+-R101,471118,Night-RAIN,0.7944235972599413,0.6,0.8775618076324463,/home/ace/Downloads/Dataset/Day/471118_Day_EXTRASUNNY.png,/home/ace/Downloads/Dataset/Night/471118_Night_RAIN.png
PIDNet-M,4641194,Day-FOGGY,0.9550042250272134,0.6,0.8978732824325562,/home/ace/Downloads/Dataset/Day/4641194_Day_EXTRASUNNY.png,/home/ace/Downloads/Dataset/Day/4641194_Day_FOGGY.png
PIDNet-M,471118,Night-RAIN,0.47069428627397597,0.6,0.6618766784667969,/home/ace/Downloads/Dataset/Day/471118_Day_EXTRASUNNY.png,/home/ace/Downloads/Dataset/Night/471118_Night_RAIN.png
DDRNet-23,4641194,Day-FOGGY,0.8669699507820421,0.6,0.8848428726196289,/home/ace/Downloads/Dataset/Day/4641194_Day_EXTRASUNNY.png,/home/ace/Downloads/Dataset/Day/4641194_Day_FOGGY.png
DDRNet-23,471118,Night-RAIN,0.8702058005023408,0.6,0.7454389333724976,/home/ace/Downloads/Dataset/Day/471118_Day_EXTRASUNNY.png,/home/ace/Downloads/Dataset/Night/471118_Night_RAIN.png
SegFormer-B0,4811864,Night-EXTRASUNNY,0.5571755470638071,0.6,0.9324986338615417,/home/ace/Downloads/Dataset/Day/4811864_Day_EXTRASUNNY.png,/home/ace/Downloads/Dataset/Night/4811864_Night_EXTRASUNNY.png
SegFormer-B0,481618,Day-FOGGY,0.9317896135507123,0.6,0.9344412684440613,/home/ace/Downloads/Dataset/Day/481618_Day_EXTRASUNNY.png,/home/ace/Downloads/Dataset/Day/481618_Day_FOGGY.png
SegFormer-B2,4811864,Night-EXTRASUNNY,0.7623901928680099,0.6,0.9573051929473877,/home/ace/Downloads/Dataset/Day/4811864_Day_EXTRASUNNY.png,/home/ace/Downloads/Dataset/Night/4811864_Night_EXTRASUNNY.png
SegFormer-B2,481618,Day-FOGGY,0.9393251429972743,0.6,0.9386875033378601,/home/ace/Downloads/Dataset/Day/481618_Day_EXTRASUNNY.png,/home/ace/Downloads/Dataset/Day/481618_Day_FOGGY.png
SegFormer-B5,4811864,Night-EXTRASUNNY,0.8033185383748446,0.6,0.9788418412208557,/home/ace/Downloads/Dataset/Day/4811864_Day_EXTRASUNNY.png,/home/ace/Downloads/Dataset/Night/4811864_Night_EXTRASUNNY.png
SegFormer-B5,481618,Day-FOGGY,0.9376412164102121,0.6,0.9682265520095825,/home/ace/Downloads/Dataset/Day/481618_Day_EXTRASUNNY.png,/home/ace/Downloads/Dataset/Day/481618_Day_FOGGY.png
Mask2Former-Swin-S,4811864,Night-EXTRASUNNY,0.8660964976756698,0.6,0.9006685614585876,/home/ace/Downloads/Dataset/Day/4811864_Day_EXTRASUNNY.png,/home/ace/Downloads/Dataset/Night/4811864_Night_EXTRASUNNY.png
Mask2Former-Swin-S,481618,Day-FOGGY,0.9513664099415857,0.6,0.945021390914917,/home/ace/Downloads/Dataset/Day/481618_Day_EXTRASUNNY.png,/home/ace/Downloads/Dataset/Day/481618_Day_FOGGY.png
Mask2Former-Swin-L,4811864,Night-EXTRASUNNY,0.8302615835969384,0.6,0.9385583996772766,/home/ace/Downloads/Dataset/Day/4811864_Day_EXTRASUNNY.png,/home/ace/Downloads/Dataset/Night/4811864_Night_EXTRASUNNY.png
Mask2Former-Swin-L,481618,Day-FOGGY,0.8608466863896439,0.6,0.9145835638046265,/home/ace/Downloads/Dataset/Day/481618_Day_EXTRASUNNY.png,/home/ace/Downloads/Dataset/Day/481618_Day_FOGGY.png
DeepLabV3+-R101,4811864,Night-EXTRASUNNY,0.7442998484825604,0.6,0.8731216192245483,/home/ace/Downloads/Dataset/Day/4811864_Day_EXTRASUNNY.png,/home/ace/Downloads/Dataset/Night/4811864_Night_EXTRASUNNY.png
DeepLabV3+-R101,481618,Day-FOGGY,0.9552145467032365,0.6,0.8767459392547607,/home/ace/Downloads/Dataset/Day/481618_Day_EXTRASUNNY.png,/home/ace/Downloads/Dataset/Day/481618_Day_FOGGY.png
PIDNet-M,4811864,Night-EXTRASUNNY,0.6748105329172596,0.6,0.7980589866638184,/home/ace/Downloads/Dataset/Day/4811864_Day_EXTRASUNNY.png,/home/ace/Downloads/Dataset/Night/4811864_Night_EXTRASUNNY.png
PIDNet-M,481618,Day-FOGGY,0.9297260929293756,0.6,0.8590242862701416,/home/ace/Downloads/Dataset/Day/481618_Day_EXTRASUNNY.png,/home/ace/Downloads/Dataset/Day/481618_Day_FOGGY.png
DDRNet-23,4811864,Night-EXTRASUNNY,0.5424011256833361,0.6,0.8050878643989563,/home/ace/Downloads/Dataset/Day/4811864_Day_EXTRASUNNY.png,/home/ace/Downloads/Dataset/Night/4811864_Night_EXTRASUNNY.png
DDRNet-23,481618,Day-FOGGY,0.8601045738733454,0.6,0.9018343687057495,/home/ace/Downloads/Dataset/Day/481618_Day_EXTRASUNNY.png,/home/ace/Downloads/Dataset/Day/481618_Day_FOGGY.png
SegFormer-B0,4911785,Day-RAIN,0.9614565714731902,0.6,0.8935704827308655,/home/ace/Downloads/Dataset/Day/4911785_Day_EXTRASUNNY.png,/home/ace/Downloads/Dataset/Day/4911785_Day_RAIN.png
SegFormer-B0,5370,Night-FOGGY,0.6353934002238923,0.6,0.9250878691673279,/home/ace/Downloads/Dataset/Day/5370_Day_EXTRASUNNY.png,/home/ace/Downloads/Dataset/Night/5370_Night_FOGGY.png
SegFormer-B2,4911785,Day-RAIN,0.9173852573018081,0.6,0.9381523728370667,/home/ace/Downloads/Dataset/Day/4911785_Day_EXTRASUNNY.png,/home/ace/Downloads/Dataset/Day/4911785_Day_RAIN.png
SegFormer-B2,5370,Night-FOGGY,0.6040494503564781,0.6,0.9385671615600586,/home/ace/Downloads/Dataset/Day/5370_Day_EXTRASUNNY.png,/home/ace/Downloads/Dataset/Night/5370_Night_FOGGY.png
SegFormer-B5,4911785,Day-RAIN,0.9638748890664707,0.6,0.9700565934181213,/home/ace/Downloads/Dataset/Day/4911785_Day_EXTRASUNNY.png,/home/ace/Downloads/Dataset/Day/4911785_Day_RAIN.png
SegFormer-B5,5370,Night-FOGGY,0.5168382797609007,0.6,0.9575178623199463,/home/ace/Downloads/Dataset/Day/5370_Day_EXTRASUNNY.png,/home/ace/Downloads/Dataset/Night/5370_Night_FOGGY.png
Mask2Former-Swin-S,4911785,Day-RAIN,0.942763757698295,0.6,0.885820209980011,/home/ace/Downloads/Dataset/Day/4911785_Day_EXTRASUNNY.png,/home/ace/Downloads/Dataset/Day/4911785_Day_RAIN.png
Mask2Former-Swin-S,5370,Night-FOGGY,0.6191958427071617,0.6,0.937743067741394,/home/ace/Downloads/Dataset/Day/5370_Day_EXTRASUNNY.png,/home/ace/Downloads/Dataset/Night/5370_Night_FOGGY.png
Mask2Former-Swin-L,4911785,Day-RAIN,0.9221902168986159,0.6,0.9393390417098999,/home/ace/Downloads/Dataset/Day/4911785_Day_EXTRASUNNY.png,/home/ace/Downloads/Dataset/Day/4911785_Day_RAIN.png
Mask2Former-Swin-L,5370,Night-FOGGY,0.8525857183095701,0.6,0.9635347723960876,/home/ace/Downloads/Dataset/Day/5370_Day_EXTRASUNNY.png,/home/ace/Downloads/Dataset/Night/5370_Night_FOGGY.png
DeepLabV3+-R101,4911785,Day-RAIN,0.8891037752611111,0.6,0.912157416343689,/home/ace/Downloads/Dataset/Day/4911785_Day_EXTRASUNNY.png,/home/ace/Downloads/Dataset/Day/4911785_Day_RAIN.png
DeepLabV3+-R101,5370,Night-FOGGY,0.6500375868372943,0.6,0.9391137957572937,/home/ace/Downloads/Dataset/Day/5370_Day_EXTRASUNNY.png,/home/ace/Downloads/Dataset/Night/5370_Night_FOGGY.png
PIDNet-M,4911785,Day-RAIN,0.7428889793798543,0.6,0.9160789847373962,/home/ace/Downloads/Dataset/Day/4911785_Day_EXTRASUNNY.png,/home/ace/Downloads/Dataset/Day/4911785_Day_RAIN.png
PIDNet-M,5370,Night-FOGGY,0.5171080835237315,0.6,0.8709339499473572,/home/ace/Downloads/Dataset/Day/5370_Day_EXTRASUNNY.png,/home/ace/Downloads/Dataset/Night/5370_Night_FOGGY.png
DDRNet-23,4911785,Day-RAIN,0.8448492276613042,0.6,0.892011821269989,/home/ace/Downloads/Dataset/Day/4911785_Day_EXTRASUNNY.png,/home/ace/Downloads/Dataset/Day/4911785_Day_RAIN.png
DDRNet-23,5370,Night-FOGGY,0.6486387661009047,0.6,0.8954812288284302,/home/ace/Downloads/Dataset/Day/5370_Day_EXTRASUNNY.png,/home/ace/Downloads/Dataset/Night/5370_Night_FOGGY.png
SegFormer-B0,550217,Day-FOGGY,0.9775026338880883,0.6,0.9360262155532837,/home/ace/Downloads/Dataset/Day/550217_Day_EXTRASUNNY.png,/home/ace/Downloads/Dataset/Day/550217_Day_FOGGY.png
SegFormer-B0,564213,Night-EXTRASUNNY,0.4997190360713793,0.6,0.951290488243103,/home/ace/Downloads/Dataset/Day/564213_Day_EXTRASUNNY.png,/home/ace/Downloads/Dataset/Night/564213_Night_EXTRASUNNY.png
SegFormer-B2,550217,Day-FOGGY,0.9662866437507689,0.6,0.969036877155304,/home/ace/Downloads/Dataset/Day/550217_Day_EXTRASUNNY.png,/home/ace/Downloads/Dataset/Day/550217_Day_FOGGY.png
SegFormer-B2,564213,Night-EXTRASUNNY,0.624565447944147,0.6,0.954206109046936,/home/ace/Downloads/Dataset/Day/564213_Day_EXTRASUNNY.png,/home/ace/Downloads/Dataset/Night/564213_Night_EXTRASUNNY.png
SegFormer-B5,550217,Day-FOGGY,0.9420217948761074,0.6,0.9799593091011047,/home/ace/Downloads/Dataset/Day/550217_Day_EXTRASUNNY.png,/home/ace/Downloads/Dataset/Day/550217_Day_FOGGY.png
SegFormer-B5,564213,Night-EXTRASUNNY,0.8057766010233884,0.6,0.9820849299430847,/home/ace/Downloads/Dataset/Day/564213_Day_EXTRASUNNY.png,/home/ace/Downloads/Dataset/Night/564213_Night_EXTRASUNNY.png
Mask2Former-Swin-S,550217,Day-FOGGY,0.8946604056736215,0.6,0.9419464468955994,/home/ace/Downloads/Dataset/Day/550217_Day_EXTRASUNNY.png,/home/ace/Downloads/Dataset/Day/550217_Day_FOGGY.png
Mask2Former-Swin-S,564213,Night-EXTRASUNNY,0.5635935688403165,0.6,0.9453274011611938,/home/ace/Downloads/Dataset/Day/564213_Day_EXTRASUNNY.png,/home/ace/Downloads/Dataset/Night/564213_Night_EXTRASUNNY.png
Mask2Former-Swin-L,550217,Day-FOGGY,0.9546364727541933,0.6,0.960280179977417,/home/ace/Downloads/Dataset/Day/550217_Day_EXTRASUNNY.png,/home/ace/Downloads/Dataset/Day/550217_Day_FOGGY.png
Mask2Former-Swin-L,564213,Night-EXTRASUNNY,0.9185852428072595,0.6,0.9657257199287415,/home/ace/Downloads/Dataset/Day/564213_Day_EXTRASUNNY.png,/home/ace/Downloads/Dataset/Night/564213_Night_EXTRASUNNY.png
DeepLabV3+-R101,550217,Day-FOGGY,0.8881309233538183,0.6,0.9603087306022644,/home/ace/Downloads/Dataset/Day/550217_Day_EXTRASUNNY.png,/home/ace/Downloads/Dataset/Day/550217_Day_FOGGY.png
DeepLabV3+-R101,564213,Night-EXTRASUNNY,0.7692256507860387,0.6,0.9164789319038391,/home/ace/Downloads/Dataset/Day/564213_Day_EXTRASUNNY.png,/home/ace/Downloads/Dataset/Night/564213_Night_EXTRASUNNY.png
PIDNet-M,550217,Day-FOGGY,0.886976490860388,0.6,0.8624409437179565,/home/ace/Downloads/Dataset/Day/550217_Day_EXTRASUNNY.png,/home/ace/Downloads/Dataset/Day/550217_Day_FOGGY.png
PIDNet-M,564213,Night-EXTRASUNNY,0.5569546945973017,0.6,0.9505499005317688,/home/ace/Downloads/Dataset/Day/564213_Day_EXTRASUNNY.png,/home/ace/Downloads/Dataset/Night/564213_Night_EXTRASUNNY.png
DDRNet-23,550217,Day-FOGGY,0.88345661252333,0.6,0.8539341688156128,/home/ace/Downloads/Dataset/Day/550217_Day_EXTRASUNNY.png,/home/ace/Downloads/Dataset/Day/550217_Day_FOGGY.png
DDRNet-23,564213,Night-EXTRASUNNY,0.6281290784937394,0.6,0.7328749299049377,/home/ace/Downloads/Dataset/Day/564213_Day_EXTRASUNNY.png,/home/ace/Downloads/Dataset/Night/564213_Night_EXTRASUNNY.png
SegFormer-B0,568243,Night-EXTRASUNNY,0.6667173394793048,0.6,0.9432463049888611,/home/ace/Downloads/Dataset/Day/568243_Day_EXTRASUNNY.png,/home/ace/Downloads/Dataset/Night/568243_Night_EXTRASUNNY.png
SegFormer-B0,5791659,Night-RAIN,0.7940125216583284,0.6,0.9128672480583191,/home/ace/Downloads/Dataset/Day/5791659_Day_EXTRASUNNY.png,/home/ace/Downloads/Dataset/Night/5791659_Night_RAIN.png
SegFormer-B2,568243,Night-EXTRASUNNY,0.7281648264853233,0.6,0.9591984152793884,/home/ace/Downloads/Dataset/Day/568243_Day_EXTRASUNNY.png,/home/ace/Downloads/Dataset/Night/568243_Night_EXTRASUNNY.png
SegFormer-B2,5791659,Night-RAIN,0.6374515668507929,0.6,0.9474464058876038,/home/ace/Downloads/Dataset/Day/5791659_Day_EXTRASUNNY.png,/home/ace/Downloads/Dataset/Night/5791659_Night_RAIN.png
SegFormer-B5,568243,Night-EXTRASUNNY,0.7358574990837363,0.6,0.97734534740448,/home/ace/Downloads/Dataset/Day/568243_Day_EXTRASUNNY.png,/home/ace/Downloads/Dataset/Night/568243_Night_EXTRASUNNY.png
SegFormer-B5,5791659,Night-RAIN,0.6735850643057041,0.6,0.9670288562774658,/home/ace/Downloads/Dataset/Day/5791659_Day_EXTRASUNNY.png,/home/ace/Downloads/Dataset/Night/5791659_Night_RAIN.png
Mask2Former-Swin-S,568243,Night-EXTRASUNNY,0.69790398910377,0.6,0.951126754283905,/home/ace/Downloads/Dataset/Day/568243_Day_EXTRASUNNY.png,/home/ace/Downloads/Dataset/Night/568243_Night_EXTRASUNNY.png
Mask2Former-Swin-S,5791659,Night-RAIN,0.8196614533847938,0.6,0.9396280646324158,/home/ace/Downloads/Dataset/Day/5791659_Day_EXTRASUNNY.png,/home/ace/Downloads/Dataset/Night/5791659_Night_RAIN.png
Mask2Former-Swin-L,568243,Night-EXTRASUNNY,0.8839327335413167,0.6,0.9581633806228638,/home/ace/Downloads/Dataset/Day/568243_Day_EXTRASUNNY.png,/home/ace/Downloads/Dataset/Night/568243_Night_EXTRASUNNY.png
Mask2Former-Swin-L,5791659,Night-RAIN,0.8950551207617347,0.6,0.9397411942481995,/home/ace/Downloads/Dataset/Day/5791659_Day_EXTRASUNNY.png,/home/ace/Downloads/Dataset/Night/5791659_Night_RAIN.png
DeepLabV3+-R101,568243,Night-EXTRASUNNY,0.7990795776954086,0.6,0.9478601217269897,/home/ace/Downloads/Dataset/Day/568243_Day_EXTRASUNNY.png,/home/ace/Downloads/Dataset/Night/568243_Night_EXTRASUNNY.png
DeepLabV3+-R101,5791659,Night-RAIN,0.7296588731775838,0.6,0.9132430553436279,/home/ace/Downloads/Dataset/Day/5791659_Day_EXTRASUNNY.png,/home/ace/Downloads/Dataset/Night/5791659_Night_RAIN.png
PIDNet-M,568243,Night-EXTRASUNNY,0.5612961058719643,0.6,0.8623195290565491,/home/ace/Downloads/Dataset/Day/568243_Day_EXTRASUNNY.png,/home/ace/Downloads/Dataset/Night/568243_Night_EXTRASUNNY.png
PIDNet-M,5791659,Night-RAIN,0.6136089973206007,0.6,0.8691742420196533,/home/ace/Downloads/Dataset/Day/5791659_Day_EXTRASUNNY.png,/home/ace/Downloads/Dataset/Night/5791659_Night_RAIN.png
DDRNet-23,568243,Night-EXTRASUNNY,0.7227291869425169,0.6,0.7801329493522644,/home/ace/Downloads/Dataset/Day/568243_Day_EXTRASUNNY.png,/home/ace/Downloads/Dataset/Night/568243_Night_EXTRASUNNY.png
DDRNet-23,5791659,Night-RAIN,0.5174509380196213,0.6,0.7906543016433716,/home/ace/Downloads/Dataset/Day/5791659_Day_EXTRASUNNY.png,/home/ace/Downloads/Dataset/Night/5791659_Night_RAIN.png
SegFormer-B0,5951694,Day-FOGGY,0.9504460540773868,0.6,0.9214717745780945,/home/ace/Downloads/Dataset/Day/5951694_Day_EXTRASUNNY.png,/home/ace/Downloads/Dataset/Day/5951694_Day_FOGGY.png
SegFormer-B0,596621,Day-FOGGY,0.9755860438033221,0.6,0.9538847208023071,/home/ace/Downloads/Dataset/Day/596621_Day_EXTRASUNNY.png,/home/ace/Downloads/Dataset/Day/596621_Day_FOGGY.png
SegFormer-B2,5951694,Day-FOGGY,0.9235553389860366,0.6,0.9200071096420288,/home/ace/Downloads/Dataset/Day/5951694_Day_EXTRASUNNY.png,/home/ace/Downloads/Dataset/Day/5951694_Day_FOGGY.png
SegFormer-B2,596621,Day-FOGGY,0.9793193332142885,0.6,0.978377103805542,/home/ace/Downloads/Dataset/Day/596621_Day_EXTRASUNNY.png,/home/ace/Downloads/Dataset/Day/596621_Day_FOGGY.png
SegFormer-B5,5951694,Day-FOGGY,0.9470923227871221,0.6,0.958053469657898,/home/ace/Downloads/Dataset/Day/5951694_Day_EXTRASUNNY.png,/home/ace/Downloads/Dataset/Day/5951694_Day_FOGGY.png
SegFormer-B5,596621,Day-FOGGY,0.968568238049423,0.6,0.9810163378715515,/home/ace/Downloads/Dataset/Day/596621_Day_EXTRASUNNY.png,/home/ace/Downloads/Dataset/Day/596621_Day_FOGGY.png
Mask2Former-Swin-S,5951694,Day-FOGGY,0.9449091730272576,0.6,0.9451482892036438,/home/ace/Downloads/Dataset/Day/5951694_Day_EXTRASUNNY.png,/home/ace/Downloads/Dataset/Day/5951694_Day_FOGGY.png
Mask2Former-Swin-S,596621,Day-FOGGY,0.9811538357168055,0.6,0.971787691116333,/home/ace/Downloads/Dataset/Day/596621_Day_EXTRASUNNY.png,/home/ace/Downloads/Dataset/Day/596621_Day_FOGGY.png
Mask2Former-Swin-L,5951694,Day-FOGGY,0.937620802143542,0.6,0.9522063136100769,/home/ace/Downloads/Dataset/Day/5951694_Day_EXTRASUNNY.png,/home/ace/Downloads/Dataset/Day/5951694_Day_FOGGY.png
Mask2Former-Swin-L,596621,Day-FOGGY,0.9833937196374466,0.6,0.9796950817108154,/home/ace/Downloads/Dataset/Day/596621_Day_EXTRASUNNY.png,/home/ace/Downloads/Dataset/Day/596621_Day_FOGGY.png
DeepLabV3+-R101,5951694,Day-FOGGY,0.7532313277717705,0.6,0.8825310468673706,/home/ace/Downloads/Dataset/Day/5951694_Day_EXTRASUNNY.png,/home/ace/Downloads/Dataset/Day/5951694_Day_FOGGY.png
DeepLabV3+-R101,596621,Day-FOGGY,0.843726727230141,0.6,0.9405741095542908,/home/ace/Downloads/Dataset/Day/596621_Day_EXTRASUNNY.png,/home/ace/Downloads/Dataset/Day/596621_Day_FOGGY.png
PIDNet-M,5951694,Day-FOGGY,0.9336260166343762,0.6,0.9071305394172668,/home/ace/Downloads/Dataset/Day/5951694_Day_EXTRASUNNY.png,/home/ace/Downloads/Dataset/Day/5951694_Day_FOGGY.png
PIDNet-M,596621,Day-FOGGY,0.9568499247273495,0.6,0.9678035378456116,/home/ace/Downloads/Dataset/Day/596621_Day_EXTRASUNNY.png,/home/ace/Downloads/Dataset/Day/596621_Day_FOGGY.png
DDRNet-23,5951694,Day-FOGGY,0.8309614891009091,0.6,0.8005130887031555,/home/ace/Downloads/Dataset/Day/5951694_Day_EXTRASUNNY.png,/home/ace/Downloads/Dataset/Day/5951694_Day_FOGGY.png
DDRNet-23,596621,Day-FOGGY,0.8007552718208136,0.6,0.841464638710022,/home/ace/Downloads/Dataset/Day/596621_Day_EXTRASUNNY.png,/home/ace/Downloads/Dataset/Day/596621_Day_FOGGY.png
SegFormer-B0,60144,Sunset-FOGGY,0.7838181919159924,0.6,0.9001862406730652,/home/ace/Downloads/Dataset/Day/60144_Day_EXTRASUNNY.png,/home/ace/Downloads/Dataset/Sunset/60144_Sunset_FOGGY.png
SegFormer-B0,602947,Sunset-EXTRASUNNY,0.775474781786179,0.6,0.9432446956634521,/home/ace/Downloads/Dataset/Day/602947_Day_EXTRASUNNY.png,/home/ace/Downloads/Dataset/Sunset/602947_Sunset_EXTRASUNNY.png
SegFormer-B2,60144,Sunset-FOGGY,0.888123562832261,0.6,0.9444527626037598,/home/ace/Downloads/Dataset/Day/60144_Day_EXTRASUNNY.png,/home/ace/Downloads/Dataset/Sunset/60144_Sunset_FOGGY.png
SegFormer-B2,602947,Sunset-EXTRASUNNY,0.8663360746965797,0.6,0.9536731839179993,/home/ace/Downloads/Dataset/Day/602947_Day_EXTRASUNNY.png,/home/ace/Downloads/Dataset/Sunset/602947_Sunset_EXTRASUNNY.png
SegFormer-B5,60144,Sunset-FOGGY,0.8475171707352527,0.6,0.9675508141517639,/home/ace/Downloads/Dataset/Day/60144_Day_EXTRASUNNY.png,/home/ace/Downloads/Dataset/Sunset/60144_Sunset_FOGGY.png
SegFormer-B5,602947,Sunset-EXTRASUNNY,0.8793905989262134,0.6,0.9692473411560059,/home/ace/Downloads/Dataset/Day/602947_Day_EXTRASUNNY.png,/home/ace/Downloads/Dataset/Sunset/602947_Sunset_EXTRASUNNY.png
Mask2Former-Swin-S,60144,Sunset-FOGGY,0.8644493920545873,0.6,0.956684410572052,/home/ace/Downloads/Dataset/Day/60144_Day_EXTRASUNNY.png,/home/ace/Downloads/Dataset/Sunset/60144_Sunset_FOGGY.png
Mask2Former-Swin-S,602947,Sunset-EXTRASUNNY,0.83872295515762,0.6,0.9276409149169922,/home/ace/Downloads/Dataset/Day/602947_Day_EXTRASUNNY.png,/home/ace/Downloads/Dataset/Sunset/602947_Sunset_EXTRASUNNY.png
Mask2Former-Swin-L,60144,Sunset-FOGGY,0.9186591986706585,0.6,0.9588094353675842,/home/ace/Downloads/Dataset/Day/60144_Day_EXTRASUNNY.png,/home/ace/Downloads/Dataset/Sunset/60144_Sunset_FOGGY.png
Mask2Former-Swin-L,602947,Sunset-EXTRASUNNY,0.955643833963825,0.6,0.9563261866569519,/home/ace/Downloads/Dataset/Day/602947_Day_EXTRASUNNY.png,/home/ace/Downloads/Dataset/Sunset/602947_Sunset_EXTRASUNNY.png
DeepLabV3+-R101,60144,Sunset-FOGGY,0.7454895355787925,0.6,0.9172409176826477,/home/ace/Downloads/Dataset/Day/60144_Day_EXTRASUNNY.png,/home/ace/Downloads/Dataset/Sunset/60144_Sunset_FOGGY.png
DeepLabV3+-R101,602947,Sunset-EXTRASUNNY,0.9183991052416274,0.6,0.8635429739952087,/home/ace/Downloads/Dataset/Day/602947_Day_EXTRASUNNY.png,/home/ace/Downloads/Dataset/Sunset/602947_Sunset_EXTRASUNNY.png
PIDNet-M,60144,Sunset-FOGGY,0.712133602035939,0.6,0.850554883480072,/home/ace/Downloads/Dataset/Day/60144_Day_EXTRASUNNY.png,/home/ace/Downloads/Dataset/Sunset/60144_Sunset_FOGGY.png
PIDNet-M,602947,Sunset-EXTRASUNNY,0.6172610926857698,0.6,0.9539813995361328,/home/ace/Downloads/Dataset/Day/602947_Day_EXTRASUNNY.png,/home/ace/Downloads/Dataset/Sunset/602947_Sunset_EXTRASUNNY.png
DDRNet-23,60144,Sunset-FOGGY,0.460209017886712,0.6,0.8277996778488159,/home/ace/Downloads/Dataset/Day/60144_Day_EXTRASUNNY.png,/home/ace/Downloads/Dataset/Sunset/60144_Sunset_FOGGY.png
DDRNet-23,602947,Sunset-EXTRASUNNY,0.42243982521124046,0.6,0.8814696073532104,/home/ace/Downloads/Dataset/Day/602947_Day_EXTRASUNNY.png,/home/ace/Downloads/Dataset/Sunset/602947_Sunset_EXTRASUNNY.png
SegFormer-B0,611370,Day-RAIN,0.9625306866721375,0.6,0.9526749849319458,/home/ace/Downloads/Dataset/Day/611370_Day_EXTRASUNNY.png,/home/ace/Downloads/Dataset/Day/611370_Day_RAIN.png
SegFormer-B0,6461059,Sunset-EXTRASUNNY,0.8220340971187104,0.6,0.9601444602012634,/home/ace/Downloads/Dataset/Day/6461059_Day_EXTRASUNNY.png,/home/ace/Downloads/Dataset/Sunset/6461059_Sunset_EXTRASUNNY.png
SegFormer-B2,611370,Day-RAIN,0.8288594542336171,0.6,0.9455971717834473,/home/ace/Downloads/Dataset/Day/611370_Day_EXTRASUNNY.png,/home/ace/Downloads/Dataset/Day/611370_Day_RAIN.png
SegFormer-B2,6461059,Sunset-EXTRASUNNY,0.9602026683297731,0.6,0.9654729962348938,/home/ace/Downloads/Dataset/Day/6461059_Day_EXTRASUNNY.png,/home/ace/Downloads/Dataset/Sunset/6461059_Sunset_EXTRASUNNY.png
SegFormer-B5,611370,Day-RAIN,0.8877900659102343,0.6,0.9565739631652832,/home/ace/Downloads/Dataset/Day/611370_Day_EXTRASUNNY.png,/home/ace/Downloads/Dataset/Day/611370_Day_RAIN.png
SegFormer-B5,6461059,Sunset-EXTRASUNNY,0.9305218600020452,0.6,0.9778189063072205,/home/ace/Downloads/Dataset/Day/6461059_Day_EXTRASUNNY.png,/home/ace/Downloads/Dataset/Sunset/6461059_Sunset_EXTRASUNNY.png
Mask2Former-Swin-S,611370,Day-RAIN,0.9624279917297265,0.6,0.9743879437446594,/home/ace/Downloads/Dataset/Day/611370_Day_EXTRASUNNY.png,/home/ace/Downloads/Dataset/Day/611370_Day_RAIN.png
Mask2Former-Swin-S,6461059,Sunset-EXTRASUNNY,0.8811948536779484,0.6,0.9595044255256653,/home/ace/Downloads/Dataset/Day/6461059_Day_EXTRASUNNY.png,/home/ace/Downloads/Dataset/Sunset/6461059_Sunset_EXTRASUNNY.png
Mask2Former-Swin-L,611370,Day-RAIN,0.9585960719652111,0.6,0.9802499413490295,/home/ace/Downloads/Dataset/Day/611370_Day_EXTRASUNNY.png,/home/ace/Downloads/Dataset/Day/611370_Day_RAIN.png
Mask2Former-Swin-L,6461059,Sunset-EXTRASUNNY,0.941897997235954,0.6,0.9632056951522827,/home/ace/Downloads/Dataset/Day/6461059_Day_EXTRASUNNY.png,/home/ace/Downloads/Dataset/Sunset/6461059_Sunset_EXTRASUNNY.png
DeepLabV3+-R101,611370,Day-RAIN,0.9026855633800609,0.6,0.8760372400283813,/home/ace/Downloads/Dataset/Day/611370_Day_EXTRASUNNY.png,/home/ace/Downloads/Dataset/Day/611370_Day_RAIN.png
DeepLabV3+-R101,6461059,Sunset-EXTRASUNNY,0.9118772588976977,0.6,0.8994269967079163,/home/ace/Downloads/Dataset/Day/6461059_Day_EXTRASUNNY.png,/home/ace/Downloads/Dataset/Sunset/6461059_Sunset_EXTRASUNNY.png
PIDNet-M,611370,Day-RAIN,0.8951908528429271,0.6,0.8580117225646973,/home/ace/Downloads/Dataset/Day/611370_Day_EXTRASUNNY.png,/home/ace/Downloads/Dataset/Day/611370_Day_RAIN.png
PIDNet-M,6461059,Sunset-EXTRASUNNY,0.6728968464125787,0.6,0.8952537775039673,/home/ace/Downloads/Dataset/Day/6461059_Day_EXTRASUNNY.png,/home/ace/Downloads/Dataset/Sunset/6461059_Sunset_EXTRASUNNY.png
DDRNet-23,611370,Day-RAIN,0.8683392181814923,0.6,0.8582594990730286,/home/ace/Downloads/Dataset/Day/611370_Day_EXTRASUNNY.png,/home/ace/Downloads/Dataset/Day/611370_Day_RAIN.png
DDRNet-23,6461059,Sunset-EXTRASUNNY,0.47732116210436815,0.6,0.9097499847412109,/home/ace/Downloads/Dataset/Day/6461059_Day_EXTRASUNNY.png,/home/ace/Downloads/Dataset/Sunset/6461059_Sunset_EXTRASUNNY.png
SegFormer-B0,6521874,Night-RAIN,0.34092615023430267,0.6,0.939791202545166,/home/ace/Downloads/Dataset/Day/6521874_Day_EXTRASUNNY.png,/home/ace/Downloads/Dataset/Night/6521874_Night_RAIN.png
SegFormer-B0,6761290,Sunset-RAIN,0.8981322625136995,0.6,0.9308883547782898,/home/ace/Downloads/Dataset/Day/6761290_Day_EXTRASUNNY.png,/home/ace/Downloads/Dataset/Sunset/6761290_Sunset_RAIN.png
SegFormer-B2,6521874,Night-RAIN,0.43330215359854224,0.6,0.9503109455108643,/home/ace/Downloads/Dataset/Day/6521874_Day_EXTRASUNNY.png,/home/ace/Downloads/Dataset/Night/6521874_Night_RAIN.png
SegFormer-B2,6761290,Sunset-RAIN,0.9251477863949678,0.6,0.9426552057266235,/home/ace/Downloads/Dataset/Day/6761290_Day_EXTRASUNNY.png,/home/ace/Downloads/Dataset/Sunset/6761290_Sunset_RAIN.png
SegFormer-B5,6521874,Night-RAIN,0.4276962600382582,0.6,0.9713141322135925,/home/ace/Downloads/Dataset/Day/6521874_Day_EXTRASUNNY.png,/home/ace/Downloads/Dataset/Night/6521874_Night_RAIN.png
SegFormer-B5,6761290,Sunset-RAIN,0.9096126012605321,0.6,0.974014937877655,/home/ace/Downloads/Dataset/Day/6761290_Day_EXTRASUNNY.png,/home/ace/Downloads/Dataset/Sunset/6761290_Sunset_RAIN.png
Mask2Former-Swin-S,6521874,Night-RAIN,0.42710070967319164,0.6,0.9557597637176514,/home/ace/Downloads/Dataset/Day/6521874_Day_EXTRASUNNY.png,/home/ace/Downloads/Dataset/Night/6521874_Night_RAIN.png
Mask2Former-Swin-S,6761290,Sunset-RAIN,0.9275969172478615,0.6,0.940471887588501,/home/ace/Downloads/Dataset/Day/6761290_Day_EXTRASUNNY.png,/home/ace/Downloads/Dataset/Sunset/6761290_Sunset_RAIN.png
Mask2Former-Swin-L,6521874,Night-RAIN,0.5355051015441384,0.6,0.9481111764907837,/home/ace/Downloads/Dataset/Day/6521874_Day_EXTRASUNNY.png,/home/ace/Downloads/Dataset/Night/6521874_Night_RAIN.png
Mask2Former-Swin-L,6761290,Sunset-RAIN,0.9566261222702208,0.6,0.9659130573272705,/home/ace/Downloads/Dataset/Day/6761290_Day_EXTRASUNNY.png,/home/ace/Downloads/Dataset/Sunset/6761290_Sunset_RAIN.png
DeepLabV3+-R101,6521874,Night-RAIN,0.5174986978095787,0.6,0.9018047451972961,/home/ace/Downloads/Dataset/Day/6521874_Day_EXTRASUNNY.png,/home/ace/Downloads/Dataset/Night/6521874_Night_RAIN.png
DeepLabV3+-R101,6761290,Sunset-RAIN,0.5768764118675954,0.6,0.9309768080711365,/home/ace/Downloads/Dataset/Day/6761290_Day_EXTRASUNNY.png,/home/ace/Downloads/Dataset/Sunset/6761290_Sunset_RAIN.png
PIDNet-M,6521874,Night-RAIN,0.30983478822777716,0.6,0.9088566899299622,/home/ace/Downloads/Dataset/Day/6521874_Day_EXTRASUNNY.png,/home/ace/Downloads/Dataset/Night/6521874_Night_RAIN.png
PIDNet-M,6761290,Sunset-RAIN,0.8542347051886573,0.6,0.8846835494041443,/home/ace/Downloads/Dataset/Day/6761290_Day_EXTRASUNNY.png,/home/ace/Downloads/Dataset/Sunset/6761290_Sunset_RAIN.png
DDRNet-23,6521874,Night-RAIN,0.1013611569996393,0.6,0.8483688235282898,/home/ace/Downloads/Dataset/Day/6521874_Day_EXTRASUNNY.png,/home/ace/Downloads/Dataset/Night/6521874_Night_RAIN.png
DDRNet-23,6761290,Sunset-RAIN,0.28200416695251884,0.6,0.8888962268829346,/home/ace/Downloads/Dataset/Day/6761290_Day_EXTRASUNNY.png,/home/ace/Downloads/Dataset/Sunset/6761290_Sunset_RAIN.png
SegFormer-B0,677878,Day-RAIN,0.9210590280792001,0.6,0.8860146999359131,/home/ace/Downloads/Dataset/Day/677878_Day_EXTRASUNNY.png,/home/ace/Downloads/Dataset/Day/677878_Day_RAIN.png
SegFormer-B0,6942171,Night-EXTRASUNNY,0.5617334143303212,0.6,0.9297022223472595,/home/ace/Downloads/Dataset/Day/6942171_Day_EXTRASUNNY.png,/home/ace/Downloads/Dataset/Night/6942171_Night_EXTRASUNNY.png
SegFormer-B2,677878,Day-RAIN,0.9104856989142993,0.6,0.93437260389328,/home/ace/Downloads/Dataset/Day/677878_Day_EXTRASUNNY.png,/home/ace/Downloads/Dataset/Day/677878_Day_RAIN.png
SegFormer-B2,6942171,Night-EXTRASUNNY,0.514476475429655,0.6,0.9225019216537476,/home/ace/Downloads/Dataset/Day/6942171_Day_EXTRASUNNY.png,/home/ace/Downloads/Dataset/Night/6942171_Night_EXTRASUNNY.png
SegFormer-B5,677878,Day-RAIN,0.8452309248083139,0.6,0.9659449458122253,/home/ace/Downloads/Dataset/Day/677878_Day_EXTRASUNNY.png,/home/ace/Downloads/Dataset/Day/677878_Day_RAIN.png
SegFormer-B5,6942171,Night-EXTRASUNNY,0.5579914085104896,0.6,0.9590599536895752,/home/ace/Downloads/Dataset/Day/6942171_Day_EXTRASUNNY.png,/home/ace/Downloads/Dataset/Night/6942171_Night_EXTRASUNNY.png
Mask2Former-Swin-S,677878,Day-RAIN,0.9042214228938505,0.6,0.8881633877754211,/home/ace/Downloads/Dataset/Day/677878_Day_EXTRASUNNY.png,/home/ace/Downloads/Dataset/Day/677878_Day_RAIN.png
Mask2Former-Swin-S,6942171,Night-EXTRASUNNY,0.8287671111838916,0.6,0.9326705932617188,/home/ace/Downloads/Dataset/Day/6942171_Day_EXTRASUNNY.png,/home/ace/Downloads/Dataset/Night/6942171_Night_EXTRASUNNY.png
Mask2Former-Swin-L,677878,Day-RAIN,0.9029603106206793,0.6,0.9383935928344727,/home/ace/Downloads/Dataset/Day/677878_Day_EXTRASUNNY.png,/home/ace/Downloads/Dataset/Day/677878_Day_RAIN.png
Mask2Former-Swin-L,6942171,Night-EXTRASUNNY,0.8446906127913417,0.6,0.9274227619171143,/home/ace/Downloads/Dataset/Day/6942171_Day_EXTRASUNNY.png,/home/ace/Downloads/Dataset/Night/6942171_Night_EXTRASUNNY.png
DeepLabV3+-R101,677878,Day-RAIN,0.898308831190889,0.6,0.9121695160865784,/home/ace/Downloads/Dataset/Day/677878_Day_EXTRASUNNY.png,/home/ace/Downloads/Dataset/Day/677878_Day_RAIN.png
DeepLabV3+-R101,6942171,Night-EXTRASUNNY,0.6351740627554059,0.6,0.902095377445221,/home/ace/Downloads/Dataset/Day/6942171_Day_EXTRASUNNY.png,/home/ace/Downloads/Dataset/Night/6942171_Night_EXTRASUNNY.png
PIDNet-M,677878,Day-RAIN,0.911071557602569,0.6,0.8698098659515381,/home/ace/Downloads/Dataset/Day/677878_Day_EXTRASUNNY.png,/home/ace/Downloads/Dataset/Day/677878_Day_RAIN.png
PIDNet-M,6942171,Night-EXTRASUNNY,0.3129530091334667,0.6,0.8077722191810608,/home/ace/Downloads/Dataset/Day/6942171_Day_EXTRASUNNY.png,/home/ace/Downloads/Dataset/Night/6942171_Night_EXTRASUNNY.png
DDRNet-23,677878,Day-RAIN,0.8816470213083821,0.6,0.8752235770225525,/home/ace/Downloads/Dataset/Day/677878_Day_EXTRASUNNY.png,/home/ace/Downloads/Dataset/Day/677878_Day_RAIN.png
DDRNet-23,6942171,Night-EXTRASUNNY,0.6519051215519919,0.6,0.8350774645805359,/home/ace/Downloads/Dataset/Day/6942171_Day_EXTRASUNNY.png,/home/ace/Downloads/Dataset/Night/6942171_Night_EXTRASUNNY.png
SegFormer-B0,706997,Day-FOGGY,0.9829297963124206,0.6,0.9628534913063049,/home/ace/Downloads/Dataset/Day/706997_Day_EXTRASUNNY.png,/home/ace/Downloads/Dataset/Day/706997_Day_FOGGY.png
SegFormer-B0,709297,Sunset-RAIN,0.9382076541192141,0.6,0.9304603934288025,/home/ace/Downloads/Dataset/Day/709297_Day_EXTRASUNNY.png,/home/ace/Downloads/Dataset/Sunset/709297_Sunset_RAIN.png
SegFormer-B2,706997,Day-FOGGY,0.980885158056685,0.6,0.9737924337387085,/home/ace/Downloads/Dataset/Day/706997_Day_EXTRASUNNY.png,/home/ace/Downloads/Dataset/Day/706997_Day_FOGGY.png
SegFormer-B2,709297,Sunset-RAIN,0.8852536472005605,0.6,0.9558064937591553,/home/ace/Downloads/Dataset/Day/709297_Day_EXTRASUNNY.png,/home/ace/Downloads/Dataset/Sunset/709297_Sunset_RAIN.png
SegFormer-B5,706997,Day-FOGGY,0.9807274374352932,0.6,0.9848939180374146,/home/ace/Downloads/Dataset/Day/706997_Day_EXTRASUNNY.png,/home/ace/Downloads/Dataset/Day/706997_Day_FOGGY.png
SegFormer-B5,709297,Sunset-RAIN,0.9394971634233085,0.6,0.9665635228157043,/home/ace/Downloads/Dataset/Day/709297_Day_EXTRASUNNY.png,/home/ace/Downloads/Dataset/Sunset/709297_Sunset_RAIN.png
Mask2Former-Swin-S,706997,Day-FOGGY,0.9768922632369189,0.6,0.969646155834198,/home/ace/Downloads/Dataset/Day/706997_Day_EXTRASUNNY.png,/home/ace/Downloads/Dataset/Day/706997_Day_FOGGY.png
Mask2Former-Swin-S,709297,Sunset-RAIN,0.867386474904979,0.6,0.9392495155334473,/home/ace/Downloads/Dataset/Day/709297_Day_EXTRASUNNY.png,/home/ace/Downloads/Dataset/Sunset/709297_Sunset_RAIN.png
Mask2Former-Swin-L,706997,Day-FOGGY,0.9851735686325944,0.6,0.9717986583709717,/home/ace/Downloads/Dataset/Day/706997_Day_EXTRASUNNY.png,/home/ace/Downloads/Dataset/Day/706997_Day_FOGGY.png
Mask2Former-Swin-L,709297,Sunset-RAIN,0.9721852542681573,0.6,0.962266206741333,/home/ace/Downloads/Dataset/Day/709297_Day_EXTRASUNNY.png,/home/ace/Downloads/Dataset/Sunset/709297_Sunset_RAIN.png
DeepLabV3+-R101,706997,Day-FOGGY,0.9436626683013108,0.6,0.9110322594642639,/home/ace/Downloads/Dataset/Day/706997_Day_EXTRASUNNY.png,/home/ace/Downloads/Dataset/Day/706997_Day_FOGGY.png
DeepLabV3+-R101,709297,Sunset-RAIN,0.8850310893959757,0.6,0.9148433804512024,/home/ace/Downloads/Dataset/Day/709297_Day_EXTRASUNNY.png,/home/ace/Downloads/Dataset/Sunset/709297_Sunset_RAIN.png
PIDNet-M,706997,Day-FOGGY,0.9857615567108897,0.6,0.9737693667411804,/home/ace/Downloads/Dataset/Day/706997_Day_EXTRASUNNY.png,/home/ace/Downloads/Dataset/Day/706997_Day_FOGGY.png
PIDNet-M,709297,Sunset-RAIN,0.8648480431199875,0.6,0.8773936629295349,/home/ace/Downloads/Dataset/Day/709297_Day_EXTRASUNNY.png,/home/ace/Downloads/Dataset/Sunset/709297_Sunset_RAIN.png
DDRNet-23,706997,Day-FOGGY,0.9715528414208202,0.6,0.9753856658935547,/home/ace/Downloads/Dataset/Day/706997_Day_EXTRASUNNY.png,/home/ace/Downloads/Dataset/Day/706997_Day_FOGGY.png
DDRNet-23,709297,Sunset-RAIN,0.702006694947682,0.6,0.7982836961746216,/home/ace/Downloads/Dataset/Day/709297_Day_EXTRASUNNY.png,/home/ace/Downloads/Dataset/Sunset/709297_Sunset_RAIN.png
SegFormer-B0,721627,Day-FOGGY,0.9840106091641146,0.6,0.9296351671218872,/home/ace/Downloads/Dataset/Day/721627_Day_EXTRASUNNY.png,/home/ace/Downloads/Dataset/Day/721627_Day_FOGGY.png
SegFormer-B0,730301,Sunset-FOGGY,0.9315476750420967,0.6,0.9344291687011719,/home/ace/Downloads/Dataset/Day/730301_Day_EXTRASUNNY.png,/home/ace/Downloads/Dataset/Sunset/730301_Sunset_FOGGY.png
SegFormer-B2,721627,Day-FOGGY,0.9753354880202443,0.6,0.9413657784461975,/home/ace/Downloads/Dataset/Day/721627_Day_EXTRASUNNY.png,/home/ace/Downloads/Dataset/Day/721627_Day_FOGGY.png
SegFormer-B2,730301,Sunset-FOGGY,0.9381387495571112,0.6,0.9784204959869385,/home/ace/Downloads/Dataset/Day/730301_Day_EXTRASUNNY.png,/home/ace/Downloads/Dataset/Sunset/730301_Sunset_FOGGY.png
SegFormer-B5,721627,Day-FOGGY,0.9805072449532298,0.6,0.9787852764129639,/home/ace/Downloads/Dataset/Day/721627_Day_EXTRASUNNY.png,/home/ace/Downloads/Dataset/Day/721627_Day_FOGGY.png
SegFormer-B5,730301,Sunset-FOGGY,0.9386509651453362,0.6,0.9880133867263794,/home/ace/Downloads/Dataset/Day/730301_Day_EXTRASUNNY.png,/home/ace/Downloads/Dataset/Sunset/730301_Sunset_FOGGY.png
Mask2Former-Swin-S,721627,Day-FOGGY,0.9763729457284878,0.6,0.9486358165740967,/home/ace/Downloads/Dataset/Day/721627_Day_EXTRASUNNY.png,/home/ace/Downloads/Dataset/Day/721627_Day_FOGGY.png
Mask2Former-Swin-S,730301,Sunset-FOGGY,0.9154173364701789,0.6,0.9600059986114502,/home/ace/Downloads/Dataset/Day/730301_Day_EXTRASUNNY.png,/home/ace/Downloads/Dataset/Sunset/730301_Sunset_FOGGY.png
Mask2Former-Swin-L,721627,Day-FOGGY,0.982090161848013,0.6,0.9388797879219055,/home/ace/Downloads/Dataset/Day/721627_Day_EXTRASUNNY.png,/home/ace/Downloads/Dataset/Day/721627_Day_FOGGY.png
Mask2Former-Swin-L,730301,Sunset-FOGGY,0.948944450242216,0.6,0.979174792766571,/home/ace/Downloads/Dataset/Day/730301_Day_EXTRASUNNY.png,/home/ace/Downloads/Dataset/Sunset/730301_Sunset_FOGGY.png
DeepLabV3+-R101,721627,Day-FOGGY,0.9635327128033843,0.6,0.9564800262451172,/home/ace/Downloads/Dataset/Day/721627_Day_EXTRASUNNY.png,/home/ace/Downloads/Dataset/Day/721627_Day_FOGGY.png
DeepLabV3+-R101,730301,Sunset-FOGGY,0.9021819610494948,0.6,0.9326958656311035,/home/ace/Downloads/Dataset/Day/730301_Day_EXTRASUNNY.png,/home/ace/Downloads/Dataset/Sunset/730301_Sunset_FOGGY.png
PIDNet-M,721627,Day-FOGGY,0.9754428985408005,0.6,0.9306730031967163,/home/ace/Downloads/Dataset/Day/721627_Day_EXTRASUNNY.png,/home/ace/Downloads/Dataset/Day/721627_Day_FOGGY.png
PIDNet-M,730301,Sunset-FOGGY,0.8734513788718494,0.6,0.9262806177139282,/home/ace/Downloads/Dataset/Day/730301_Day_EXTRASUNNY.png,/home/ace/Downloads/Dataset/Sunset/730301_Sunset_FOGGY.png
DDRNet-23,721627,Day-FOGGY,0.8803855855241693,0.6,0.9025952816009521,/home/ace/Downloads/Dataset/Day/721627_Day_EXTRASUNNY.png,/home/ace/Downloads/Dataset/Day/721627_Day_FOGGY.png
DDRNet-23,730301,Sunset-FOGGY,0.44846056933570067,0.6,0.7884166240692139,/home/ace/Downloads/Dataset/Day/730301_Day_EXTRASUNNY.png,/home/ace/Downloads/Dataset/Sunset/730301_Sunset_FOGGY.png
SegFormer-B0,7402052,Sunset-RAIN,0.940035118525022,0.6,0.9386330842971802,/home/ace/Downloads/Dataset/Day/7402052_Day_EXTRASUNNY.png,/home/ace/Downloads/Dataset/Sunset/7402052_Sunset_RAIN.png
SegFormer-B0,740535,Sunset-FOGGY,0.9194201687149816,0.6,0.9122909307479858,/home/ace/Downloads/Dataset/Day/740535_Day_EXTRASUNNY.png,/home/ace/Downloads/Dataset/Sunset/740535_Sunset_FOGGY.png
SegFormer-B2,7402052,Sunset-RAIN,0.9513325924515325,0.6,0.9664679765701294,/home/ace/Downloads/Dataset/Day/7402052_Day_EXTRASUNNY.png,/home/ace/Downloads/Dataset/Sunset/7402052_Sunset_RAIN.png
SegFormer-B2,740535,Sunset-FOGGY,0.8993114560345165,0.6,0.9417629837989807,/home/ace/Downloads/Dataset/Day/740535_Day_EXTRASUNNY.png,/home/ace/Downloads/Dataset/Sunset/740535_Sunset_FOGGY.png
SegFormer-B5,7402052,Sunset-RAIN,0.9364097871881102,0.6,0.9823156595230103,/home/ace/Downloads/Dataset/Day/7402052_Day_EXTRASUNNY.png,/home/ace/Downloads/Dataset/Sunset/7402052_Sunset_RAIN.png
SegFormer-B5,740535,Sunset-FOGGY,0.8822908937932166,0.6,0.9781469106674194,/home/ace/Downloads/Dataset/Day/740535_Day_EXTRASUNNY.png,/home/ace/Downloads/Dataset/Sunset/740535_Sunset_FOGGY.png
Mask2Former-Swin-S,7402052,Sunset-RAIN,0.9183379942667308,0.6,0.9408092498779297,/home/ace/Downloads/Dataset/Day/7402052_Day_EXTRASUNNY.png,/home/ace/Downloads/Dataset/Sunset/7402052_Sunset_RAIN.png
Mask2Former-Swin-S,740535,Sunset-FOGGY,0.8987466240588986,0.6,0.9503834247589111,/home/ace/Downloads/Dataset/Day/740535_Day_EXTRASUNNY.png,/home/ace/Downloads/Dataset/Sunset/740535_Sunset_FOGGY.png
Mask2Former-Swin-L,7402052,Sunset-RAIN,0.8794755116738484,0.6,0.9558449387550354,/home/ace/Downloads/Dataset/Day/7402052_Day_EXTRASUNNY.png,/home/ace/Downloads/Dataset/Sunset/7402052_Sunset_RAIN.png
Mask2Former-Swin-L,740535,Sunset-FOGGY,0.8476030870549731,0.6,0.9615135788917542,/home/ace/Downloads/Dataset/Day/740535_Day_EXTRASUNNY.png,/home/ace/Downloads/Dataset/Sunset/740535_Sunset_FOGGY.png
DeepLabV3+-R101,7402052,Sunset-RAIN,0.8460667730413531,0.6,0.9585627913475037,/home/ace/Downloads/Dataset/Day/7402052_Day_EXTRASUNNY.png,/home/ace/Downloads/Dataset/Sunset/7402052_Sunset_RAIN.png
DeepLabV3+-R101,740535,Sunset-FOGGY,0.8211663371100328,0.6,0.9363311529159546,/home/ace/Downloads/Dataset/Day/740535_Day_EXTRASUNNY.png,/home/ace/Downloads/Dataset/Sunset/740535_Sunset_FOGGY.png
PIDNet-M,7402052,Sunset-RAIN,0.7744359622632233,0.6,0.8715871572494507,/home/ace/Downloads/Dataset/Day/7402052_Day_EXTRASUNNY.png,/home/ace/Downloads/Dataset/Sunset/7402052_Sunset_RAIN.png
PIDNet-M,740535,Sunset-FOGGY,0.9151014561082198,0.6,0.9089165925979614,/home/ace/Downloads/Dataset/Day/740535_Day_EXTRASUNNY.png,/home/ace/Downloads/Dataset/Sunset/740535_Sunset_FOGGY.png
DDRNet-23,7402052,Sunset-RAIN,0.48596017330056,0.6,0.8944917917251587,/home/ace/Downloads/Dataset/Day/7402052_Day_EXTRASUNNY.png,/home/ace/Downloads/Dataset/Sunset/7402052_Sunset_RAIN.png
DDRNet-23,740535,Sunset-FOGGY,0.6993177574238423,0.6,0.7184627652168274,/home/ace/Downloads/Dataset/Day/740535_Day_EXTRASUNNY.png,/home/ace/Downloads/Dataset/Sunset/740535_Sunset_FOGGY.png
SegFormer-B0,754244,Night-RAIN,0.6856738704755956,0.6,0.914657711982727,/home/ace/Downloads/Dataset/Day/754244_Day_EXTRASUNNY.png,/home/ace/Downloads/Dataset/Night/754244_Night_RAIN.png
SegFormer-B0,7601172,Night-EXTRASUNNY,0.5466487501806098,0.6,0.9505823254585266,/home/ace/Downloads/Dataset/Day/7601172_Day_EXTRASUNNY.png,/home/ace/Downloads/Dataset/Night/7601172_Night_EXTRASUNNY.png
SegFormer-B2,754244,Night-RAIN,0.6762184484781799,0.6,0.9466728568077087,/home/ace/Downloads/Dataset/Day/754244_Day_EXTRASUNNY.png,/home/ace/Downloads/Dataset/Night/754244_Night_RAIN.png
SegFormer-B2,7601172,Night-EXTRASUNNY,0.8019453696000737,0.6,0.954260528087616,/home/ace/Downloads/Dataset/Day/7601172_Day_EXTRASUNNY.png,/home/ace/Downloads/Dataset/Night/7601172_Night_EXTRASUNNY.png
SegFormer-B5,754244,Night-RAIN,0.703119873257787,0.6,0.9761756658554077,/home/ace/Downloads/Dataset/Day/754244_Day_EXTRASUNNY.png,/home/ace/Downloads/Dataset/Night/754244_Night_RAIN.png
SegFormer-B5,7601172,Night-EXTRASUNNY,0.788596513486767,0.6,0.9742912650108337,/home/ace/Downloads/Dataset/Day/7601172_Day_EXTRASUNNY.png,/home/ace/Downloads/Dataset/Night/7601172_Night_EXTRASUNNY.png
Mask2Former-Swin-S,754244,Night-RAIN,0.6581485788249043,0.6,0.9439764618873596,/home/ace/Downloads/Dataset/Day/754244_Day_EXTRASUNNY.png,/home/ace/Downloads/Dataset/Night/754244_Night_RAIN.png
Mask2Former-Swin-S,7601172,Night-EXTRASUNNY,0.9051433313698236,0.6,0.9466569423675537,/home/ace/Downloads/Dataset/Day/7601172_Day_EXTRASUNNY.png,/home/ace/Downloads/Dataset/Night/7601172_Night_EXTRASUNNY.png
Mask2Former-Swin-L,754244,Night-RAIN,0.7126710084092208,0.6,0.9454829096794128,/home/ace/Downloads/Dataset/Day/754244_Day_EXTRASUNNY.png,/home/ace/Downloads/Dataset/Night/754244_Night_RAIN.png
Mask2Former-Swin-L,7601172,Night-EXTRASUNNY,0.9362504799637724,0.6,0.9572129249572754,/home/ace/Downloads/Dataset/Day/7601172_Day_EXTRASUNNY.png,/home/ace/Downloads/Dataset/Night/7601172_Night_EXTRASUNNY.png
DeepLabV3+-R101,754244,Night-RAIN,0.6870467280680959,0.6,0.9316151738166809,/home/ace/Downloads/Dataset/Day/754244_Day_EXTRASUNNY.png,/home/ace/Downloads/Dataset/Night/754244_Night_RAIN.png
DeepLabV3+-R101,7601172,Night-EXTRASUNNY,0.6267255353194562,0.6,0.949672520160675,/home/ace/Downloads/Dataset/Day/7601172_Day_EXTRASUNNY.png,/home/ace/Downloads/Dataset/Night/7601172_Night_EXTRASUNNY.png
PIDNet-M,754244,Night-RAIN,0.5749496283862602,0.6,0.9066228866577148,/home/ace/Downloads/Dataset/Day/754244_Day_EXTRASUNNY.png,/home/ace/Downloads/Dataset/Night/754244_Night_RAIN.png
PIDNet-M,7601172,Night-EXTRASUNNY,0.49962051043778744,0.6,0.9033699631690979,/home/ace/Downloads/Dataset/Day/7601172_Day_EXTRASUNNY.png,/home/ace/Downloads/Dataset/Night/7601172_Night_EXTRASUNNY.png
DDRNet-23,754244,Night-RAIN,0.5026156407951548,0.6,0.8202076554298401,/home/ace/Downloads/Dataset/Day/754244_Day_EXTRASUNNY.png,/home/ace/Downloads/Dataset/Night/754244_Night_RAIN.png
DDRNet-23,7601172,Night-EXTRASUNNY,0.3320263061555358,0.6,0.8403911590576172,/home/ace/Downloads/Dataset/Day/7601172_Day_EXTRASUNNY.png,/home/ace/Downloads/Dataset/Night/7601172_Night_EXTRASUNNY.png
SegFormer-B0,764275,Sunset-EXTRASUNNY,0.8549836964410984,0.6,0.8591192960739136,/home/ace/Downloads/Dataset/Day/764275_Day_EXTRASUNNY.png,/home/ace/Downloads/Dataset/Sunset/764275_Sunset_EXTRASUNNY.png
SegFormer-B0,80078,Sunset-RAIN,0.965661309310539,0.6,0.9445423483848572,/home/ace/Downloads/Dataset/Day/80078_Day_EXTRASUNNY.png,/home/ace/Downloads/Dataset/Sunset/80078_Sunset_RAIN.png
SegFormer-B2,764275,Sunset-EXTRASUNNY,0.880893596354207,0.6,0.9207856059074402,/home/ace/Downloads/Dataset/Day/764275_Day_EXTRASUNNY.png,/home/ace/Downloads/Dataset/Sunset/764275_Sunset_EXTRASUNNY.png
SegFormer-B2,80078,Sunset-RAIN,0.9545122792036764,0.6,0.9522112607955933,/home/ace/Downloads/Dataset/Day/80078_Day_EXTRASUNNY.png,/home/ace/Downloads/Dataset/Sunset/80078_Sunset_RAIN.png
SegFormer-B5,764275,Sunset-EXTRASUNNY,0.8673935532891084,0.6,0.939979076385498,/home/ace/Downloads/Dataset/Day/764275_Day_EXTRASUNNY.png,/home/ace/Downloads/Dataset/Sunset/764275_Sunset_EXTRASUNNY.png
SegFormer-B5,80078,Sunset-RAIN,0.9685703360475055,0.6,0.9769915342330933,/home/ace/Downloads/Dataset/Day/80078_Day_EXTRASUNNY.png,/home/ace/Downloads/Dataset/Sunset/80078_Sunset_RAIN.png
Mask2Former-Swin-S,764275,Sunset-EXTRASUNNY,0.8802624616994246,0.6,0.9189237356185913,/home/ace/Downloads/Dataset/Day/764275_Day_EXTRASUNNY.png,/home/ace/Downloads/Dataset/Sunset/764275_Sunset_EXTRASUNNY.png
Mask2Former-Swin-S,80078,Sunset-RAIN,0.9539943308800974,0.6,0.9528117775917053,/home/ace/Downloads/Dataset/Day/80078_Day_EXTRASUNNY.png,/home/ace/Downloads/Dataset/Sunset/80078_Sunset_RAIN.png
Mask2Former-Swin-L,764275,Sunset-EXTRASUNNY,0.8630140661827882,0.6,0.9214058518409729,/home/ace/Downloads/Dataset/Day/764275_Day_EXTRASUNNY.png,/home/ace/Downloads/Dataset/Sunset/764275_Sunset_EXTRASUNNY.png
Mask2Former-Swin-L,80078,Sunset-RAIN,0.9752019513218632,0.6,0.9635688066482544,/home/ace/Downloads/Dataset/Day/80078_Day_EXTRASUNNY.png,/home/ace/Downloads/Dataset/Sunset/80078_Sunset_RAIN.png
DeepLabV3+-R101,764275,Sunset-EXTRASUNNY,0.8817842361066739,0.6,0.9200082421302795,/home/ace/Downloads/Dataset/Day/764275_Day_EXTRASUNNY.png,/home/ace/Downloads/Dataset/Sunset/764275_Sunset_EXTRASUNNY.png
DeepLabV3+-R101,80078,Sunset-RAIN,0.8845557467358771,0.6,0.9499093294143677,/home/ace/Downloads/Dataset/Day/80078_Day_EXTRASUNNY.png,/home/ace/Downloads/Dataset/Sunset/80078_Sunset_RAIN.png
PIDNet-M,764275,Sunset-EXTRASUNNY,0.5934877977529074,0.6,0.8782545924186707,/home/ace/Downloads/Dataset/Day/764275_Day_EXTRASUNNY.png,/home/ace/Downloads/Dataset/Sunset/764275_Sunset_EXTRASUNNY.png
PIDNet-M,80078,Sunset-RAIN,0.9223206200450422,0.6,0.9106454849243164,/home/ace/Downloads/Dataset/Day/80078_Day_EXTRASUNNY.png,/home/ace/Downloads/Dataset/Sunset/80078_Sunset_RAIN.png
DDRNet-23,764275,Sunset-EXTRASUNNY,0.5117299444949215,0.6,0.6826661825180054,/home/ace/Downloads/Dataset/Day/764275_Day_EXTRASUNNY.png,/home/ace/Downloads/Dataset/Sunset/764275_Sunset_EXTRASUNNY.png
DDRNet-23,80078,Sunset-RAIN,0.5089676212186998,0.6,0.8136132955551147,/home/ace/Downloads/Dataset/Day/80078_Day_EXTRASUNNY.png,/home/ace/Downloads/Dataset/Sunset/80078_Sunset_RAIN.png
SegFormer-B0,802754,Day-FOGGY,0.9654644118881897,0.6,0.9434682726860046,/home/ace/Downloads/Dataset/Day/802754_Day_EXTRASUNNY.png,/home/ace/Downloads/Dataset/Day/802754_Day_FOGGY.png
SegFormer-B0,807294,Day-FOGGY,0.908293006570982,0.6,0.87939453125,/home/ace/Downloads/Dataset/Day/807294_Day_EXTRASUNNY.png,/home/ace/Downloads/Dataset/Day/807294_Day_FOGGY.png
SegFormer-B2,802754,Day-FOGGY,0.9499525699528791,0.6,0.9596654176712036,/home/ace/Downloads/Dataset/Day/802754_Day_EXTRASUNNY.png,/home/ace/Downloads/Dataset/Day/802754_Day_FOGGY.png
SegFormer-B2,807294,Day-FOGGY,0.9327974200279813,0.6,0.9499016404151917,/home/ace/Downloads/Dataset/Day/807294_Day_EXTRASUNNY.png,/home/ace/Downloads/Dataset/Day/807294_Day_FOGGY.png
SegFormer-B5,802754,Day-FOGGY,0.9625133790633645,0.6,0.9793626666069031,/home/ace/Downloads/Dataset/Day/802754_Day_EXTRASUNNY.png,/home/ace/Downloads/Dataset/Day/802754_Day_FOGGY.png
SegFormer-B5,807294,Day-FOGGY,0.9553010325386462,0.6,0.9739671349525452,/home/ace/Downloads/Dataset/Day/807294_Day_EXTRASUNNY.png,/home/ace/Downloads/Dataset/Day/807294_Day_FOGGY.png
Mask2Former-Swin-S,802754,Day-FOGGY,0.9491663819078971,0.6,0.9534045457839966,/home/ace/Downloads/Dataset/Day/802754_Day_EXTRASUNNY.png,/home/ace/Downloads/Dataset/Day/802754_Day_FOGGY.png
Mask2Former-Swin-S,807294,Day-FOGGY,0.9608674992427273,0.6,0.9503856301307678,/home/ace/Downloads/Dataset/Day/807294_Day_EXTRASUNNY.png,/home/ace/Downloads/Dataset/Day/807294_Day_FOGGY.png
Mask2Former-Swin-L,802754,Day-FOGGY,0.9497802019306875,0.6,0.957192063331604,/home/ace/Downloads/Dataset/Day/802754_Day_EXTRASUNNY.png,/home/ace/Downloads/Dataset/Day/802754_Day_FOGGY.png
Mask2Former-Swin-L,807294,Day-FOGGY,0.9739337688140967,0.6,0.947608470916748,/home/ace/Downloads/Dataset/Day/807294_Day_EXTRASUNNY.png,/home/ace/Downloads/Dataset/Day/807294_Day_FOGGY.png
DeepLabV3+-R101,802754,Day-FOGGY,0.9210497925263069,0.6,0.9471892714500427,/home/ace/Downloads/Dataset/Day/802754_Day_EXTRASUNNY.png,/home/ace/Downloads/Dataset/Day/802754_Day_FOGGY.png
DeepLabV3+-R101,807294,Day-FOGGY,0.9544242046133847,0.6,0.9263948798179626,/home/ace/Downloads/Dataset/Day/807294_Day_EXTRASUNNY.png,/home/ace/Downloads/Dataset/Day/807294_Day_FOGGY.png
PIDNet-M,802754,Day-FOGGY,0.9675211966448869,0.6,0.8463761806488037,/home/ace/Downloads/Dataset/Day/802754_Day_EXTRASUNNY.png,/home/ace/Downloads/Dataset/Day/802754_Day_FOGGY.png
PIDNet-M,807294,Day-FOGGY,0.9301840560566736,0.6,0.8405795693397522,/home/ace/Downloads/Dataset/Day/807294_Day_EXTRASUNNY.png,/home/ace/Downloads/Dataset/Day/807294_Day_FOGGY.png
DDRNet-23,802754,Day-FOGGY,0.8734215950046961,0.6,0.8815223574638367,/home/ace/Downloads/Dataset/Day/802754_Day_EXTRASUNNY.png,/home/ace/Downloads/Dataset/Day/802754_Day_FOGGY.png
DDRNet-23,807294,Day-FOGGY,0.8817449652568911,0.6,0.8082776665687561,/home/ace/Downloads/Dataset/Day/807294_Day_EXTRASUNNY.png,/home/ace/Downloads/Dataset/Day/807294_Day_FOGGY.png
SegFormer-B0,8211195,Sunset-EXTRASUNNY,0.95342648272401,0.6,0.9327013492584229,/home/ace/Downloads/Dataset/Day/8211195_Day_EXTRASUNNY.png,/home/ace/Downloads/Dataset/Sunset/8211195_Sunset_EXTRASUNNY.png
SegFormer-B0,840214,Day-RAIN,0.917712365872656,0.6,0.9451598525047302,/home/ace/Downloads/Dataset/Day/840214_Day_EXTRASUNNY.png,/home/ace/Downloads/Dataset/Day/840214_Day_RAIN.png
SegFormer-B2,8211195,Sunset-EXTRASUNNY,0.956002042953973,0.6,0.9519750475883484,/home/ace/Downloads/Dataset/Day/8211195_Day_EXTRASUNNY.png,/home/ace/Downloads/Dataset/Sunset/8211195_Sunset_EXTRASUNNY.png
SegFormer-B2,840214,Day-RAIN,0.9483583177108914,0.6,0.953018307685852,/home/ace/Downloads/Dataset/Day/840214_Day_EXTRASUNNY.png,/home/ace/Downloads/Dataset/Day/840214_Day_RAIN.png
SegFormer-B5,8211195,Sunset-EXTRASUNNY,0.9510134679529251,0.6,0.9777123332023621,/home/ace/Downloads/Dataset/Day/8211195_Day_EXTRASUNNY.png,/home/ace/Downloads/Dataset/Sunset/8211195_Sunset_EXTRASUNNY.png
SegFormer-B5,840214,Day-RAIN,0.932948567990427,0.6,0.9788440465927124,/home/ace/Downloads/Dataset/Day/840214_Day_EXTRASUNNY.png,/home/ace/Downloads/Dataset/Day/840214_Day_RAIN.png
Mask2Former-Swin-S,8211195,Sunset-EXTRASUNNY,0.9400483964001208,0.6,0.9515146613121033,/home/ace/Downloads/Dataset/Day/8211195_Day_EXTRASUNNY.png,/home/ace/Downloads/Dataset/Sunset/8211195_Sunset_EXTRASUNNY.png
Mask2Former-Swin-S,840214,Day-RAIN,0.927183138729971,0.6,0.9504059553146362,/home/ace/Downloads/Dataset/Day/840214_Day_EXTRASUNNY.png,/home/ace/Downloads/Dataset/Day/840214_Day_RAIN.png
Mask2Former-Swin-L,8211195,Sunset-EXTRASUNNY,0.943011389760811,0.6,0.9523123502731323,/home/ace/Downloads/Dataset/Day/8211195_Day_EXTRASUNNY.png,/home/ace/Downloads/Dataset/Sunset/8211195_Sunset_EXTRASUNNY.png
Mask2Former-Swin-L,840214,Day-RAIN,0.9571127575032349,0.6,0.9595538973808289,/home/ace/Downloads/Dataset/Day/840214_Day_EXTRASUNNY.png,/home/ace/Downloads/Dataset/Day/840214_Day_RAIN.png
DeepLabV3+-R101,8211195,Sunset-EXTRASUNNY,0.9486067597089549,0.6,0.9523552060127258,/home/ace/Downloads/Dataset/Day/8211195_Day_EXTRASUNNY.png,/home/ace/Downloads/Dataset/Sunset/8211195_Sunset_EXTRASUNNY.png
DeepLabV3+-R101,840214,Day-RAIN,0.9394531597095824,0.6,0.9583479762077332,/home/ace/Downloads/Dataset/Day/840214_Day_EXTRASUNNY.png,/home/ace/Downloads/Dataset/Day/840214_Day_RAIN.png
PIDNet-M,8211195,Sunset-EXTRASUNNY,0.7755895049550908,0.6,0.9468629360198975,/home/ace/Downloads/Dataset/Day/8211195_Day_EXTRASUNNY.png,/home/ace/Downloads/Dataset/Sunset/8211195_Sunset_EXTRASUNNY.png
PIDNet-M,840214,Day-RAIN,0.9100266465653973,0.6,0.9168679118156433,/home/ace/Downloads/Dataset/Day/840214_Day_EXTRASUNNY.png,/home/ace/Downloads/Dataset/Day/840214_Day_RAIN.png
DDRNet-23,8211195,Sunset-EXTRASUNNY,0.3383539000054759,0.6,0.9129936099052429,/home/ace/Downloads/Dataset/Day/8211195_Day_EXTRASUNNY.png,/home/ace/Downloads/Dataset/Sunset/8211195_Sunset_EXTRASUNNY.png
DDRNet-23,840214,Day-RAIN,0.7319118705679082,0.6,0.8143220543861389,/home/ace/Downloads/Dataset/Day/840214_Day_EXTRASUNNY.png,/home/ace/Downloads/Dataset/Day/840214_Day_RAIN.png
SegFormer-B0,849953,Day-FOGGY,0.8822731940631965,0.6,0.9324672818183899,/home/ace/Downloads/Dataset/Day/849953_Day_EXTRASUNNY.png,/home/ace/Downloads/Dataset/Day/849953_Day_FOGGY.png
SegFormer-B0,863810,Night-FOGGY,0.9038257164077668,0.6,0.9579139351844788,/home/ace/Downloads/Dataset/Day/863810_Day_EXTRASUNNY.png,/home/ace/Downloads/Dataset/Night/863810_Night_FOGGY.png
SegFormer-B2,849953,Day-FOGGY,0.9468178125387274,0.6,0.957560658454895,/home/ace/Downloads/Dataset/Day/849953_Day_EXTRASUNNY.png,/home/ace/Downloads/Dataset/Day/849953_Day_FOGGY.png
SegFormer-B2,863810,Night-FOGGY,0.9053660305629893,0.6,0.9665157198905945,/home/ace/Downloads/Dataset/Day/863810_Day_EXTRASUNNY.png,/home/ace/Downloads/Dataset/Night/863810_Night_FOGGY.png
SegFormer-B5,849953,Day-FOGGY,0.9380187359253346,0.6,0.9792649149894714,/home/ace/Downloads/Dataset/Day/849953_Day_EXTRASUNNY.png,/home/ace/Downloads/Dataset/Day/849953_Day_FOGGY.png
SegFormer-B5,863810,Night-FOGGY,0.9372366283233435,0.6,0.9735045433044434,/home/ace/Downloads/Dataset/Day/863810_Day_EXTRASUNNY.png,/home/ace/Downloads/Dataset/Night/863810_Night_FOGGY.png
Mask2Former-Swin-S,849953,Day-FOGGY,0.9431272380874934,0.6,0.9458383321762085,/home/ace/Downloads/Dataset/Day/849953_Day_EXTRASUNNY.png,/home/ace/Downloads/Dataset/Day/849953_Day_FOGGY.png
Mask2Former-Swin-S,863810,Night-FOGGY,0.9169143398772612,0.6,0.9575255513191223,/home/ace/Downloads/Dataset/Day/863810_Day_EXTRASUNNY.png,/home/ace/Downloads/Dataset/Night/863810_Night_FOGGY.png
Mask2Former-Swin-L,849953,Day-FOGGY,0.9481642552190369,0.6,0.9527677893638611,/home/ace/Downloads/Dataset/Day/849953_Day_EXTRASUNNY.png,/home/ace/Downloads/Dataset/Day/849953_Day_FOGGY.png
Mask2Former-Swin-L,863810,Night-FOGGY,0.9304879004015225,0.6,0.9679123163223267,/home/ace/Downloads/Dataset/Day/863810_Day_EXTRASUNNY.png,/home/ace/Downloads/Dataset/Night/863810_Night_FOGGY.png
DeepLabV3+-R101,849953,Day-FOGGY,0.9159322657661358,0.6,0.9494373798370361,/home/ace/Downloads/Dataset/Day/849953_Day_EXTRASUNNY.png,/home/ace/Downloads/Dataset/Day/849953_Day_FOGGY.png
DeepLabV3+-R101,863810,Night-FOGGY,0.5191520473403425,0.6,0.8656488060951233,/home/ace/Downloads/Dataset/Day/863810_Day_EXTRASUNNY.png,/home/ace/Downloads/Dataset/Night/863810_Night_FOGGY.png
PIDNet-M,849953,Day-FOGGY,0.9254145156688008,0.6,0.7335638999938965,/home/ace/Downloads/Dataset/Day/849953_Day_EXTRASUNNY.png,/home/ace/Downloads/Dataset/Day/849953_Day_FOGGY.png
PIDNet-M,863810,Night-FOGGY,0.6027884640210684,0.6,0.9575293660163879,/home/ace/Downloads/Dataset/Day/863810_Day_EXTRASUNNY.png,/home/ace/Downloads/Dataset/Night/863810_Night_FOGGY.png
DDRNet-23,849953,Day-FOGGY,0.7843339811683896,0.6,0.9322788715362549,/home/ace/Downloads/Dataset/Day/849953_Day_EXTRASUNNY.png,/home/ace/Downloads/Dataset/Day/849953_Day_FOGGY.png
DDRNet-23,863810,Night-FOGGY,0.5120673428987867,0.6,0.7787396907806396,/home/ace/Downloads/Dataset/Day/863810_Day_EXTRASUNNY.png,/home/ace/Downloads/Dataset/Night/863810_Night_FOGGY.png
SegFormer-B0,871354,Night-RAIN,0.6463107081615439,0.6,0.9079782366752625,/home/ace/Downloads/Dataset/Day/871354_Day_EXTRASUNNY.png,/home/ace/Downloads/Dataset/Night/871354_Night_RAIN.png
SegFormer-B0,878,Night-FOGGY,0.7080435807525709,0.6,0.8949434161186218,/home/ace/Downloads/Dataset/Day/878_Day_EXTRASUNNY.png,/home/ace/Downloads/Dataset/Night/878_Night_FOGGY.png
SegFormer-B2,871354,Night-RAIN,0.5514117932962271,0.6,0.935929000377655,/home/ace/Downloads/Dataset/Day/871354_Day_EXTRASUNNY.png,/home/ace/Downloads/Dataset/Night/871354_Night_RAIN.png
SegFormer-B2,878,Night-FOGGY,0.7558647399938958,0.6,0.9396253228187561,/home/ace/Downloads/Dataset/Day/878_Day_EXTRASUNNY.png,/home/ace/Downloads/Dataset/Night/878_Night_FOGGY.png
SegFormer-B5,871354,Night-RAIN,0.5606552056931341,0.6,0.9717212319374084,/home/ace/Downloads/Dataset/Day/871354_Day_EXTRASUNNY.png,/home/ace/Downloads/Dataset/Night/871354_Night_RAIN.png
SegFormer-B5,878,Night-FOGGY,0.7745657895935226,0.6,0.9651422500610352,/home/ace/Downloads/Dataset/Day/878_Day_EXTRASUNNY.png,/home/ace/Downloads/Dataset/Night/878_Night_FOGGY.png
Mask2Former-Swin-S,871354,Night-RAIN,0.5118144800300344,0.6,0.9511866569519043,/home/ace/Downloads/Dataset/Day/871354_Day_EXTRASUNNY.png,/home/ace/Downloads/Dataset/Night/871354_Night_RAIN.png
Mask2Former-Swin-S,878,Night-FOGGY,0.8243034959061021,0.6,0.9132128357887268,/home/ace/Downloads/Dataset/Day/878_Day_EXTRASUNNY.png,/home/ace/Downloads/Dataset/Night/878_Night_FOGGY.png
Mask2Former-Swin-L,871354,Night-RAIN,0.7930222108175703,0.6,0.9463212490081787,/home/ace/Downloads/Dataset/Day/871354_Day_EXTRASUNNY.png,/home/ace/Downloads/Dataset/Night/871354_Night_RAIN.png
Mask2Former-Swin-L,878,Night-FOGGY,0.7640433666531563,0.6,0.9393434524536133,/home/ace/Downloads/Dataset/Day/878_Day_EXTRASUNNY.png,/home/ace/Downloads/Dataset/Night/878_Night_FOGGY.png
DeepLabV3+-R101,871354,Night-RAIN,0.7740759200053856,0.6,0.9303449988365173,/home/ace/Downloads/Dataset/Day/871354_Day_EXTRASUNNY.png,/home/ace/Downloads/Dataset/Night/871354_Night_RAIN.png
DeepLabV3+-R101,878,Night-FOGGY,0.6277841110060259,0.6,0.9334968328475952,/home/ace/Downloads/Dataset/Day/878_Day_EXTRASUNNY.png,/home/ace/Downloads/Dataset/Night/878_Night_FOGGY.png
PIDNet-M,871354,Night-RAIN,0.4709776590086313,0.6,0.9389138221740723,/home/ace/Downloads/Dataset/Day/871354_Day_EXTRASUNNY.png,/home/ace/Downloads/Dataset/Night/871354_Night_RAIN.png
PIDNet-M,878,Night-FOGGY,0.28030709288626293,0.6,0.8062679767608643,/home/ace/Downloads/Dataset/Day/878_Day_EXTRASUNNY.png,/home/ace/Downloads/Dataset/Night/878_Night_FOGGY.png
DDRNet-23,871354,Night-RAIN,0.3128158635334623,0.6,0.814440131187439,/home/ace/Downloads/Dataset/Day/871354_Day_EXTRASUNNY.png,/home/ace/Downloads/Dataset/Night/871354_Night_RAIN.png
DDRNet-23,878,Night-FOGGY,0.3241737436100624,0.6,0.8763245344161987,/home/ace/Downloads/Dataset/Day/878_Day_EXTRASUNNY.png,/home/ace/Downloads/Dataset/Night/878_Night_FOGGY.png
SegFormer-B0,8791456,Day-FOGGY,0.8498440181689948,0.6,0.912939190864563,/home/ace/Downloads/Dataset/Day/8791456_Day_EXTRASUNNY.png,/home/ace/Downloads/Dataset/Day/8791456_Day_FOGGY.png
SegFormer-B0,960645,Night-EXTRASUNNY,0.7476454977065776,0.6,0.9152021408081055,/home/ace/Downloads/Dataset/Day/960645_Day_EXTRASUNNY.png,/home/ace/Downloads/Dataset/Night/960645_Night_EXTRASUNNY.png
SegFormer-B2,8791456,Day-FOGGY,0.9113455625249541,0.6,0.9535671472549438,/home/ace/Downloads/Dataset/Day/8791456_Day_EXTRASUNNY.png,/home/ace/Downloads/Dataset/Day/8791456_Day_FOGGY.png
SegFormer-B2,960645,Night-EXTRASUNNY,0.7961813633994427,0.6,0.9433606266975403,/home/ace/Downloads/Dataset/Day/960645_Day_EXTRASUNNY.png,/home/ace/Downloads/Dataset/Night/960645_Night_EXTRASUNNY.png
SegFormer-B5,8791456,Day-FOGGY,0.9198111692370635,0.6,0.9748923182487488,/home/ace/Downloads/Dataset/Day/8791456_Day_EXTRASUNNY.png,/home/ace/Downloads/Dataset/Day/8791456_Day_FOGGY.png
SegFormer-B5,960645,Night-EXTRASUNNY,0.7439775537476128,0.6,0.9657174944877625,/home/ace/Downloads/Dataset/Day/960645_Day_EXTRASUNNY.png,/home/ace/Downloads/Dataset/Night/960645_Night_EXTRASUNNY.png
Mask2Former-Swin-S,8791456,Day-FOGGY,0.9322330597320166,0.6,0.9361943602561951,/home/ace/Downloads/Dataset/Day/8791456_Day_EXTRASUNNY.png,/home/ace/Downloads/Dataset/Day/8791456_Day_FOGGY.png
Mask2Former-Swin-S,960645,Night-EXTRASUNNY,0.8154098296592652,0.6,0.927869975566864,/home/ace/Downloads/Dataset/Day/960645_Day_EXTRASUNNY.png,/home/ace/Downloads/Dataset/Night/960645_Night_EXTRASUNNY.png
Mask2Former-Swin-L,8791456,Day-FOGGY,0.9489399678604225,0.6,0.9572574496269226,/home/ace/Downloads/Dataset/Day/8791456_Day_EXTRASUNNY.png,/home/ace/Downloads/Dataset/Day/8791456_Day_FOGGY.png
Mask2Former-Swin-L,960645,Night-EXTRASUNNY,0.9072564221165197,0.6,0.954956591129303,/home/ace/Downloads/Dataset/Day/960645_Day_EXTRASUNNY.png,/home/ace/Downloads/Dataset/Night/960645_Night_EXTRASUNNY.png
DeepLabV3+-R101,8791456,Day-FOGGY,0.8647569500389677,0.6,0.920638382434845,/home/ace/Downloads/Dataset/Day/8791456_Day_EXTRASUNNY.png,/home/ace/Downloads/Dataset/Day/8791456_Day_FOGGY.png
DeepLabV3+-R101,960645,Night-EXTRASUNNY,0.6338589437110309,0.6,0.9502993822097778,/home/ace/Downloads/Dataset/Day/960645_Day_EXTRASUNNY.png,/home/ace/Downloads/Dataset/Night/960645_Night_EXTRASUNNY.png
PIDNet-M,8791456,Day-FOGGY,0.8667917233515361,0.6,0.8633962869644165,/home/ace/Downloads/Dataset/Day/8791456_Day_EXTRASUNNY.png,/home/ace/Downloads/Dataset/Day/8791456_Day_FOGGY.png
PIDNet-M,960645,Night-EXTRASUNNY,0.5388718174906425,0.6,0.9018085598945618,/home/ace/Downloads/Dataset/Day/960645_Day_EXTRASUNNY.png,/home/ace/Downloads/Dataset/Night/960645_Night_EXTRASUNNY.png
DDRNet-23,8791456,Day-FOGGY,0.7585767273515606,0.6,0.7653241157531738,/home/ace/Downloads/Dataset/Day/8791456_Day_EXTRASUNNY.png,/home/ace/Downloads/Dataset/Day/8791456_Day_FOGGY.png
DDRNet-23,960645,Night-EXTRASUNNY,0.5638485635142778,0.6,0.7576420307159424,/home/ace/Downloads/Dataset/Day/960645_Day_EXTRASUNNY.png,/home/ace/Downloads/Dataset/Night/960645_Night_EXTRASUNNY.png
SegFormer-B0,973598,Day-FOGGY,0.929289813696037,0.6,0.8834583759307861,/home/ace/Downloads/Dataset/Day/973598_Day_EXTRASUNNY.png,/home/ace/Downloads/Dataset/Day/973598_Day_FOGGY.png
SegFormer-B0,988137,Sunset-EXTRASUNNY,0.8937575093503273,0.6,0.8829595446586609,/home/ace/Downloads/Dataset/Day/988137_Day_EXTRASUNNY.png,/home/ace/Downloads/Dataset/Sunset/988137_Sunset_EXTRASUNNY.png
SegFormer-B2,973598,Day-FOGGY,0.9349863567704526,0.6,0.9020107388496399,/home/ace/Downloads/Dataset/Day/973598_Day_EXTRASUNNY.png,/home/ace/Downloads/Dataset/Day/973598_Day_FOGGY.png
SegFormer-B2,988137,Sunset-EXTRASUNNY,0.9347935781029075,0.6,0.9352614879608154,/home/ace/Downloads/Dataset/Day/988137_Day_EXTRASUNNY.png,/home/ace/Downloads/Dataset/Sunset/988137_Sunset_EXTRASUNNY.png
SegFormer-B5,973598,Day-FOGGY,0.9288821893450657,0.6,0.9640039205551147,/home/ace/Downloads/Dataset/Day/973598_Day_EXTRASUNNY.png,/home/ace/Downloads/Dataset/Day/973598_Day_FOGGY.png
SegFormer-B5,988137,Sunset-EXTRASUNNY,0.926753999531007,0.6,0.9652543663978577,/home/ace/Downloads/Dataset/Day/988137_Day_EXTRASUNNY.png,/home/ace/Downloads/Dataset/Sunset/988137_Sunset_EXTRASUNNY.png
Mask2Former-Swin-S,973598,Day-FOGGY,0.9205853834845679,0.6,0.9484990239143372,/home/ace/Downloads/Dataset/Day/973598_Day_EXTRASUNNY.png,/home/ace/Downloads/Dataset/Day/973598_Day_FOGGY.png
Mask2Former-Swin-S,988137,Sunset-EXTRASUNNY,0.9268587667094518,0.6,0.9562036991119385,/home/ace/Downloads/Dataset/Day/988137_Day_EXTRASUNNY.png,/home/ace/Downloads/Dataset/Sunset/988137_Sunset_EXTRASUNNY.png
Mask2Former-Swin-L,973598,Day-FOGGY,0.9220966913524395,0.6,0.9423651099205017,/home/ace/Downloads/Dataset/Day/973598_Day_EXTRASUNNY.png,/home/ace/Downloads/Dataset/Day/973598_Day_FOGGY.png
Mask2Former-Swin-L,988137,Sunset-EXTRASUNNY,0.9694002677711182,0.6,0.965947687625885,/home/ace/Downloads/Dataset/Day/988137_Day_EXTRASUNNY.png,/home/ace/Downloads/Dataset/Sunset/988137_Sunset_EXTRASUNNY.png
DeepLabV3+-R101,973598,Day-FOGGY,0.8395033652835395,0.6,0.927681028842926,/home/ace/Downloads/Dataset/Day/973598_Day_EXTRASUNNY.png,/home/ace/Downloads/Dataset/Day/973598_Day_FOGGY.png
DeepLabV3+-R101,988137,Sunset-EXTRASUNNY,0.8407818634281328,0.6,0.8989649415016174,/home/ace/Downloads/Dataset/Day/988137_Day_EXTRASUNNY.png,/home/ace/Downloads/Dataset/Sunset/988137_Sunset_EXTRASUNNY.png
PIDNet-M,973598,Day-FOGGY,0.9315624643091146,0.6,0.9139599800109863,/home/ace/Downloads/Dataset/Day/973598_Day_EXTRASUNNY.png,/home/ace/Downloads/Dataset/Day/973598_Day_FOGGY.png
PIDNet-M,988137,Sunset-EXTRASUNNY,0.7472451938942334,0.6,0.9439506530761719,/home/ace/Downloads/Dataset/Day/988137_Day_EXTRASUNNY.png,/home/ace/Downloads/Dataset/Sunset/988137_Sunset_EXTRASUNNY.png
DDRNet-23,973598,Day-FOGGY,0.6696314774349733,0.6,0.7457235455513,/home/ace/Downloads/Dataset/Day/973598_Day_EXTRASUNNY.png,/home/ace/Downloads/Dataset/Day/973598_Day_FOGGY.png
DDRNet-23,988137,Sunset-EXTRASUNNY,0.6750325905530038,0.6,0.7214943170547485,/home/ace/Downloads/Dataset/Day/988137_Day_EXTRASUNNY.png,/home/ace/Downloads/Dataset/Sunset/988137_Sunset_EXTRASUNNY.png
SegFormer-B0,9958,Night-FOGGY,0.6800262672783919,0.6,0.932826042175293,/home/ace/Downloads/Dataset/Day/9958_Day_EXTRASUNNY.png,/home/ace/Downloads/Dataset/Night/9958_Night_FOGGY.png
SegFormer-B2,9958,Night-FOGGY,0.6602221780490606,0.6,0.9424629211425781,/home/ace/Downloads/Dataset/Day/9958_Day_EXTRASUNNY.png,/home/ace/Downloads/Dataset/Night/9958_Night_FOGGY.png
SegFormer-B5,9958,Night-FOGGY,0.7681681454242917,0.6,0.9720239043235779,/home/ace/Downloads/Dataset/Day/9958_Day_EXTRASUNNY.png,/home/ace/Downloads/Dataset/Night/9958_Night_FOGGY.png
Mask2Former-Swin-S,9958,Night-FOGGY,0.5866108747822923,0.6,0.9482133388519287,/home/ace/Downloads/Dataset/Day/9958_Day_EXTRASUNNY.png,/home/ace/Downloads/Dataset/Night/9958_Night_FOGGY.png
Mask2Former-Swin-L,9958,Night-FOGGY,0.8617952456622326,0.6,0.9562916159629822,/home/ace/Downloads/Dataset/Day/9958_Day_EXTRASUNNY.png,/home/ace/Downloads/Dataset/Night/9958_Night_FOGGY.png
DeepLabV3+-R101,9958,Night-FOGGY,0.574762881924146,0.6,0.9209867119789124,/home/ace/Downloads/Dataset/Day/9958_Day_EXTRASUNNY.png,/home/ace/Downloads/Dataset/Night/9958_Night_FOGGY.png
PIDNet-M,9958,Night-FOGGY,0.4876992352311283,0.6,0.9255532026290894,/home/ace/Downloads/Dataset/Day/9958_Day_EXTRASUNNY.png,/home/ace/Downloads/Dataset/Night/9958_Night_FOGGY.png
DDRNet-23,9958,Night-FOGGY,0.4927887862955621,0.6,0.8946467041969299,/home/ace/Downloads/Dataset/Day/9958_Day_EXTRASUNNY.png,/home/ace/Downloads/Dataset/Night/9958_Night_FOGGY.png
